Passenger_ID,Flight_ID,Price_USD,Travel_Purpose,Seat_Class,Bags_Checked,Check_in_Method,Seat_Selected,Booking_Days_In_Advance,No_Show
P1,F68,148.42,Emergency,Business,2,Online,Window,91,1
P2,F1687,228.57,Family,Business,1,Airport Kiosk,Middle,45,0
P3,F1745,232.45,Business,Economy,0,Airport Kiosk,Middle,63,0
P4,F1514,526.43,Leisure,Business,0,Online,Window,57,0
P5,F1753,324.14,Family,Economy,2,Desk,Middle,58,0
P6,F1928,402.53,Emergency,Business,0,Online,Window,68,0
P7,F532,356.89,Emergency,Economy,0,Mobile App,Window,37,0
P8,F857,414.0,Emergency,Business,1,Airport Kiosk,Middle,49,0
P9,F16,201.48,Emergency,Economy,0,Online,Window,57,0
P10,F473,444.95,Emergency,Economy,1,Airport Kiosk,Aisle,116,0
P11,F960,218.26,Business,Business,1,Mobile App,Middle,87,0
P12,F170,338.0,Business,Premium Economy,1,Online,Middle,9,0
P13,F1171,388.83,Emergency,Economy,0,Desk,Window,115,0
P14,F1788,276.14,Business,Economy,0,Desk,Window,13,0
P15,F377,359.22,Business,Business,0,Desk,Window,87,0
P16,F484,361.83,Business,Business,1,Mobile App,Middle,84,0
P17,F1631,222.65,Emergency,Premium Economy,0,Online,Middle,76,0
P18,F170,439.21,Family,Premium Economy,0,Mobile App,Window,8,0
P19,F478,215.42,Emergency,Economy,0,Airport Kiosk,Aisle,88,0
P20,F362,496.54,Leisure,Economy,0,Mobile App,Aisle,24,0
P21,F1143,388.72,Emergency,Premium Economy,0,Mobile App,Middle,59,0
P22,F39,271.2,Family,Economy,1,Airport Kiosk,Window,52,1
P23,F1663,248.89,Business,Economy,1,Mobile App,Window,10,0
P24,F290,192.0,Leisure,Economy,2,Online,Window,66,0
P25,F888,243.87,Leisure,Economy,0,Online,Middle,92,0
P26,F1447,406.52,Leisure,Economy,1,Online,Aisle,94,0
P27,F47,333.59,Leisure,Premium Economy,0,Online,Window,70,0
P28,F556,197.8,Business,Economy,3,Airport Kiosk,Window,24,0
P29,F427,219.61,Emergency,Economy,1,Desk,Aisle,64,0
P30,F939,420.26,Family,Economy,1,Mobile App,Middle,114,0
P31,F922,349.5,Leisure,Economy,1,Desk,Middle,45,0
P32,F127,325.89,Business,Economy,1,Online,Window,63,0
P33,F602,416.78,Leisure,Economy,1,Airport Kiosk,Window,109,0
P34,F186,270.02,Family,Premium Economy,1,Online,Middle,7,0
P35,F699,403.37,Family,Economy,0,Desk,Middle,96,0
P36,F215,430.53,Family,Economy,1,Airport Kiosk,Middle,90,0
P37,F1221,284.82,Emergency,Economy,0,Airport Kiosk,Middle,43,0
P38,F117,292.8,Leisure,Economy,1,Mobile App,Middle,34,0
P39,F807,497.05,Leisure,Economy,0,Mobile App,Window,63,0
P40,F657,325.8,Emergency,Economy,2,Mobile App,Aisle,79,0
P41,F1353,239.45,Family,Economy,1,Desk,Middle,92,0
P42,F1179,370.34,Business,Economy,2,Desk,Middle,107,0
P43,F1036,398.66,Leisure,Economy,1,Mobile App,Window,70,0
P44,F229,466.83,Emergency,Business,1,Mobile App,Middle,88,0
P45,F1553,320.68,Leisure,Economy,1,Mobile App,Window,68,0
P46,F1759,352.61,Leisure,Economy,1,Mobile App,Middle,12,0
P47,F726,315.38,Business,Premium Economy,1,Online,Middle,48,0
P48,F121,449.12,Family,Economy,0,Airport Kiosk,Middle,115,0
P49,F1441,219.72,Family,Premium Economy,2,Airport Kiosk,Middle,26,0
P50,F1698,122.7,Emergency,Economy,0,Mobile App,Middle,112,0
P51,F362,375.59,Business,Economy,2,Online,Window,6,0
P52,F1577,229.09,Leisure,Premium Economy,0,Online,Window,109,0
P53,F670,467.72,Family,Premium Economy,4,Airport Kiosk,Window,64,0
P54,F1540,552.38,Business,Business,2,Desk,Aisle,6,0
P55,F1222,477.94,Emergency,Economy,1,Airport Kiosk,Window,18,0
P56,F1537,229.74,Family,Economy,1,Online,Aisle,102,0
P57,F1982,234.94,Leisure,Economy,1,Online,Window,42,0
P58,F1995,429.73,Leisure,Economy,3,Online,Middle,97,0
P59,F571,199.88,Family,Economy,1,Online,Window,41,0
P60,F1972,361.13,Emergency,Premium Economy,1,Online,Window,83,0
P61,F959,359.21,Leisure,Premium Economy,0,Online,Middle,6,0
P62,F237,422.63,Family,Economy,1,Mobile App,Aisle,92,0
P63,F1,250.22,Emergency,Premium Economy,0,Desk,Aisle,81,1
P64,F444,456.75,Business,Premium Economy,2,Mobile App,Middle,95,0
P65,F1874,353.16,Business,Premium Economy,0,Mobile App,Window,6,0
P66,F109,366.41,Business,Economy,1,Desk,Window,79,0
P67,F530,376.59,Business,Economy,1,Online,Middle,21,0
P68,F1668,234.32,Business,Premium Economy,3,Online,Window,99,0
P69,F751,295.42,Leisure,Premium Economy,3,Desk,Window,13,0
P70,F1731,179.04,Family,Economy,0,Desk,Aisle,58,0
P71,F1956,358.52,Emergency,Economy,3,Online,Middle,51,0
P72,F899,324.11,Leisure,Economy,0,Mobile App,Middle,63,0
P73,F1648,382.08,Leisure,Economy,1,Mobile App,Window,66,0
P74,F771,353.37,Family,Economy,0,Online,Window,116,0
P75,F826,442.67,Business,Premium Economy,0,Mobile App,Window,80,0
P76,F1892,273.51,Business,Premium Economy,0,Online,Middle,51,0
P77,F1831,262.13,Family,Premium Economy,1,Desk,Aisle,63,0
P78,F1272,438.25,Emergency,Economy,1,Mobile App,Aisle,32,0
P79,F1993,339.86,Leisure,Economy,1,Mobile App,Window,19,0
P80,F1742,440.78,Business,Economy,4,Online,Middle,9,0
P81,F1367,273.8,Emergency,Business,0,Online,Middle,21,0
P82,F740,538.42,Leisure,Premium Economy,0,Desk,Middle,64,0
P83,F36,316.76,Family,Economy,0,Desk,Middle,14,0
P84,F1141,285.22,Emergency,Premium Economy,1,Desk,Aisle,23,0
P85,F582,353.57,Leisure,Economy,1,Desk,Window,119,0
P86,F660,451.07,Family,Economy,2,Airport Kiosk,Middle,69,0
P87,F832,294.39,Emergency,Economy,2,Online,Window,47,0
P88,F1776,270.98,Business,Economy,2,Airport Kiosk,Window,27,1
P89,F495,409.72,Family,Economy,1,Airport Kiosk,Aisle,22,0
P90,F405,334.44,Business,Economy,1,Online,Aisle,115,0
P91,F60,286.77,Emergency,Economy,2,Mobile App,Aisle,99,0
P92,F1659,457.72,Business,Economy,1,Mobile App,Aisle,29,0
P93,F589,327.74,Leisure,Premium Economy,0,Mobile App,Window,20,0
P94,F116,347.0,Business,Economy,2,Online,Window,28,0
P95,F159,258.18,Leisure,Economy,0,Online,Middle,101,0
P96,F1291,412.23,Emergency,Business,0,Desk,Middle,108,0
P97,F1829,400.97,Emergency,Economy,1,Mobile App,Middle,21,0
P98,F561,274.51,Family,Economy,0,Online,Aisle,90,0
P99,F1104,364.28,Leisure,Business,1,Mobile App,Aisle,111,0
P100,F619,265.69,Emergency,Economy,1,Mobile App,Middle,85,0
P101,F146,492.83,Business,Economy,0,Airport Kiosk,Aisle,38,0
P102,F1655,435.41,Emergency,First,3,Online,Window,101,0
P103,F542,204.43,Leisure,Economy,1,Mobile App,Middle,12,0
P104,F121,261.46,Leisure,Economy,1,Mobile App,Window,36,0
P105,F1320,235.2,Emergency,First,4,Airport Kiosk,Window,57,0
P106,F866,350.71,Leisure,Economy,1,Desk,Window,89,0
P107,F292,195.0,Emergency,Economy,4,Airport Kiosk,Aisle,4,0
P108,F1328,220.59,Family,Economy,2,Airport Kiosk,Middle,116,0
P109,F910,305.67,Leisure,Economy,1,Mobile App,Window,104,0
P110,F15,260.88,Emergency,Economy,1,Desk,Middle,50,0
P111,F249,311.31,Family,Economy,1,Mobile App,Aisle,60,1
P112,F967,342.85,Business,Premium Economy,3,Airport Kiosk,Middle,21,0
P113,F894,506.77,Family,Business,5,Airport Kiosk,Aisle,79,0
P114,F1596,329.48,Emergency,Economy,2,Desk,Middle,8,0
P115,F1029,249.95,Business,Premium Economy,0,Online,Aisle,55,0
P116,F590,455.03,Business,Business,0,Airport Kiosk,Middle,66,0
P117,F1014,300.33,Emergency,Economy,1,Desk,Aisle,58,1
P118,F472,363.47,Leisure,Economy,2,Airport Kiosk,Window,24,1
P119,F1697,151.12,Leisure,Economy,1,Desk,Window,17,0
P120,F1043,344.5,Family,Economy,1,Mobile App,Aisle,27,0
P121,F1965,384.83,Emergency,Economy,0,Mobile App,Aisle,67,0
P122,F1475,128.22,Leisure,Premium Economy,3,Mobile App,Window,101,0
P123,F1349,260.06,Family,Premium Economy,1,Desk,Aisle,9,0
P124,F539,546.65,Family,Economy,1,Online,Aisle,43,0
P125,F1332,333.91,Leisure,Economy,1,Online,Aisle,98,0
P126,F940,177.53,Family,Economy,2,Mobile App,Window,99,0
P127,F913,402.89,Leisure,Economy,3,Online,Middle,117,0
P128,F1539,428.48,Emergency,Business,3,Mobile App,Middle,7,0
P129,F1437,316.42,Emergency,Economy,0,Online,Aisle,39,0
P130,F345,473.92,Emergency,Business,3,Online,Aisle,86,0
P131,F349,532.86,Business,Economy,1,Mobile App,Window,104,0
P132,F747,382.4,Family,Economy,1,Desk,Window,2,0
P133,F1572,294.25,Leisure,Premium Economy,2,Mobile App,Aisle,78,0
P134,F33,374.44,Family,Economy,2,Airport Kiosk,Aisle,7,0
P135,F1202,245.25,Family,Economy,2,Online,Aisle,104,0
P136,F1104,330.76,Leisure,Premium Economy,0,Mobile App,Middle,23,0
P137,F1672,476.48,Leisure,Economy,2,Desk,Window,100,0
P138,F36,339.92,Leisure,Economy,0,Desk,Window,119,0
P139,F101,285.5,Emergency,Business,1,Airport Kiosk,Window,118,0
P140,F1632,298.4,Business,Business,1,Desk,Window,22,0
P141,F367,168.01,Leisure,Premium Economy,1,Online,Middle,53,1
P142,F467,418.9,Leisure,Premium Economy,3,Mobile App,Window,107,0
P143,F1873,176.04,Leisure,Economy,3,Mobile App,Aisle,45,0
P144,F1775,339.62,Leisure,Economy,1,Online,Aisle,58,0
P145,F1924,388.28,Family,Economy,0,Online,Aisle,78,0
P146,F1557,303.95,Emergency,Premium Economy,1,Airport Kiosk,Aisle,72,0
P147,F1675,203.9,Family,Economy,3,Mobile App,Middle,70,0
P148,F1414,272.76,Emergency,Business,1,Airport Kiosk,Aisle,27,0
P149,F56,275.29,Business,Business,1,Online,Middle,90,0
P150,F437,296.31,Family,Economy,1,Mobile App,Middle,63,0
P151,F782,441.05,Family,Economy,3,Mobile App,Aisle,103,0
P152,F1880,575.18,Business,Economy,1,Mobile App,Middle,60,0
P153,F1236,286.41,Emergency,Economy,1,Desk,Middle,68,0
P154,F1015,317.33,Business,Premium Economy,1,Desk,Aisle,56,0
P155,F1695,449.3,Leisure,Economy,2,Airport Kiosk,Aisle,104,0
P156,F1166,291.85,Leisure,Economy,1,Mobile App,Window,70,0
P157,F1027,361.79,Leisure,Business,2,Airport Kiosk,Aisle,112,0
P158,F43,377.84,Emergency,Premium Economy,1,Online,Aisle,54,0
P159,F1017,491.89,Family,Economy,0,Airport Kiosk,Aisle,35,0
P160,F1990,535.81,Emergency,Premium Economy,2,Online,Aisle,34,0
P161,F1336,342.95,Emergency,Economy,1,Desk,Middle,89,0
P162,F1555,476.42,Family,Economy,3,Mobile App,Window,80,0
P163,F807,542.25,Business,Economy,0,Mobile App,Middle,42,0
P164,F1492,414.87,Leisure,Premium Economy,0,Desk,Middle,25,0
P165,F711,376.6,Business,Premium Economy,2,Airport Kiosk,Aisle,77,0
P166,F506,172.37,Leisure,Economy,2,Airport Kiosk,Middle,100,0
P167,F295,204.79,Emergency,Premium Economy,1,Airport Kiosk,Middle,31,0
P168,F1817,456.89,Business,Economy,2,Airport Kiosk,Middle,41,0
P169,F689,318.63,Leisure,Economy,1,Mobile App,Window,2,0
P170,F107,426.62,Leisure,Economy,1,Airport Kiosk,Aisle,17,0
P171,F1311,281.07,Emergency,Economy,0,Airport Kiosk,Aisle,100,0
P172,F596,148.59,Family,Economy,2,Desk,Middle,41,0
P173,F633,423.02,Emergency,Premium Economy,2,Desk,Middle,93,0
P174,F1834,316.21,Leisure,Business,1,Mobile App,Aisle,72,0
P175,F741,594.87,Leisure,Economy,0,Mobile App,Window,119,0
P176,F366,332.03,Family,Premium Economy,1,Airport Kiosk,Aisle,68,0
P177,F521,100.44,Emergency,Economy,2,Online,Aisle,1,0
P178,F282,227.81,Business,Premium Economy,1,Mobile App,Aisle,19,0
P179,F154,316.0,Leisure,Economy,3,Mobile App,Aisle,72,0
P180,F1047,428.84,Emergency,Premium Economy,4,Mobile App,Window,85,0
P181,F90,467.42,Emergency,Business,1,Mobile App,Middle,93,0
P182,F662,645.14,Leisure,Premium Economy,0,Airport Kiosk,Window,15,0
P183,F943,391.74,Family,Premium Economy,0,Airport Kiosk,Middle,102,0
P184,F1311,380.6,Emergency,Economy,1,Online,Aisle,83,0
P185,F586,491.71,Business,Economy,1,Airport Kiosk,Aisle,48,0
P186,F1882,293.74,Family,Premium Economy,2,Desk,Aisle,68,0
P187,F1408,168.45,Business,Business,0,Airport Kiosk,Window,69,0
P188,F416,492.99,Emergency,Business,0,Online,Middle,100,0
P189,F1073,155.67,Emergency,Business,1,Online,Window,106,0
P190,F1958,486.76,Leisure,Business,0,Desk,Middle,103,0
P191,F1774,466.06,Family,Economy,1,Desk,Middle,104,0
P192,F420,573.85,Emergency,Business,1,Mobile App,Window,50,0
P193,F744,330.79,Emergency,Economy,0,Online,Aisle,34,0
P194,F284,183.48,Business,Economy,1,Mobile App,Window,80,0
P195,F175,276.86,Leisure,Economy,0,Online,Window,28,0
P196,F1856,361.11,Leisure,Business,1,Airport Kiosk,Aisle,35,0
P197,F228,350.91,Leisure,Economy,0,Desk,Middle,97,0
P198,F1550,350.88,Leisure,Business,2,Mobile App,Window,99,0
P199,F931,541.6,Emergency,Business,1,Airport Kiosk,Middle,32,1
P200,F1658,347.27,Leisure,Economy,0,Mobile App,Aisle,115,0
P201,F551,368.93,Business,Business,1,Desk,Window,63,0
P202,F1278,392.44,Family,Business,2,Airport Kiosk,Middle,97,0
P203,F1650,306.74,Family,Economy,4,Desk,Aisle,71,0
P204,F1884,329.57,Leisure,First,2,Desk,Window,25,0
P205,F620,340.63,Family,Economy,1,Mobile App,Middle,35,0
P206,F1480,343.76,Emergency,Premium Economy,0,Airport Kiosk,Middle,32,0
P207,F729,240.82,Family,Premium Economy,0,Airport Kiosk,Window,58,0
P208,F1765,501.18,Family,Business,1,Online,Window,106,0
P209,F1043,317.6,Emergency,Business,1,Desk,Middle,20,0
P210,F89,277.69,Business,Premium Economy,1,Mobile App,Middle,64,0
P211,F1140,271.56,Family,Economy,0,Online,Window,88,0
P212,F434,335.52,Emergency,First,0,Airport Kiosk,Middle,82,0
P213,F1773,321.58,Family,Economy,1,Airport Kiosk,Middle,30,0
P214,F1443,415.92,Family,Economy,0,Desk,Window,23,0
P215,F1522,321.52,Business,Economy,2,Airport Kiosk,Aisle,82,0
P216,F923,368.32,Business,Economy,1,Desk,Aisle,95,0
P217,F1088,222.63,Business,Economy,1,Airport Kiosk,Window,5,0
P218,F1848,491.86,Emergency,Business,2,Desk,Aisle,93,0
P219,F501,354.81,Family,Economy,4,Airport Kiosk,Middle,13,0
P220,F1823,447.99,Family,First,1,Desk,Window,19,0
P221,F1175,410.42,Emergency,Economy,1,Online,Aisle,81,0
P222,F96,361.7,Business,Economy,2,Airport Kiosk,Aisle,6,0
P223,F136,216.76,Family,Economy,0,Mobile App,Middle,61,0
P224,F1947,399.35,Family,Economy,0,Desk,Middle,65,0
P225,F1186,364.89,Family,Premium Economy,1,Desk,Window,79,0
P226,F1294,395.99,Leisure,Economy,0,Online,Window,105,0
P227,F545,247.51,Leisure,Economy,0,Online,Window,75,0
P228,F1962,481.61,Leisure,Economy,1,Airport Kiosk,Window,34,0
P229,F1795,430.65,Family,Premium Economy,0,Online,Window,31,0
P230,F1872,478.22,Business,Premium Economy,0,Desk,Aisle,94,0
P231,F564,372.58,Family,Business,1,Airport Kiosk,Middle,94,0
P232,F1238,426.15,Emergency,First,0,Airport Kiosk,Middle,41,0
P233,F594,509.27,Business,Economy,0,Online,Aisle,42,0
P234,F255,319.31,Emergency,Economy,3,Online,Window,102,0
P235,F1260,530.7,Leisure,Premium Economy,4,Mobile App,Middle,12,0
P236,F664,183.33,Business,Economy,0,Desk,Window,24,0
P237,F455,245.2,Business,Economy,2,Airport Kiosk,Aisle,109,0
P238,F1783,226.61,Leisure,Economy,1,Airport Kiosk,Window,106,0
P239,F1032,466.01,Family,Economy,2,Mobile App,Aisle,117,0
P240,F1573,397.05,Leisure,Economy,1,Desk,Middle,32,0
P241,F1455,131.19,Leisure,Economy,0,Desk,Middle,69,0
P242,F1310,370.97,Leisure,Economy,0,Desk,Aisle,30,0
P243,F1236,129.25,Business,Economy,1,Mobile App,Window,56,0
P244,F1437,480.35,Business,Economy,0,Mobile App,Aisle,71,0
P245,F545,529.43,Emergency,Economy,3,Airport Kiosk,Middle,28,0
P246,F1159,202.34,Emergency,Economy,1,Online,Middle,43,0
P247,F1529,239.62,Business,Premium Economy,1,Mobile App,Aisle,48,0
P248,F1585,346.45,Business,Economy,0,Desk,Window,4,0
P249,F686,556.49,Family,Economy,2,Desk,Window,96,0
P250,F1473,381.31,Leisure,Premium Economy,0,Airport Kiosk,Window,100,0
P251,F1505,466.09,Leisure,Business,0,Desk,Middle,19,0
P252,F1280,306.51,Emergency,Economy,1,Online,Aisle,59,0
P253,F590,415.68,Business,Economy,0,Airport Kiosk,Middle,109,1
P254,F1594,231.24,Emergency,Premium Economy,0,Airport Kiosk,Middle,73,0
P255,F1817,294.32,Business,Economy,2,Online,Middle,88,0
P256,F1328,204.67,Family,Business,0,Airport Kiosk,Window,61,1
P257,F1576,442.68,Business,Economy,0,Mobile App,Middle,24,0
P258,F1523,308.44,Emergency,Economy,1,Airport Kiosk,Window,99,0
P259,F1741,342.63,Family,Economy,0,Mobile App,Middle,100,0
P260,F1272,303.37,Business,Premium Economy,1,Desk,Window,2,0
P261,F1310,433.22,Business,Business,2,Mobile App,Window,82,1
P262,F934,177.51,Business,Economy,1,Desk,Aisle,24,0
P263,F532,407.11,Business,Economy,2,Mobile App,Aisle,10,0
P264,F1331,329.35,Family,Economy,0,Desk,Aisle,23,0
P265,F147,346.56,Family,Economy,1,Desk,Window,83,0
P266,F864,313.41,Emergency,Economy,0,Desk,Aisle,3,0
P267,F1835,497.17,Leisure,Economy,1,Mobile App,Window,36,0
P268,F580,430.89,Leisure,Economy,1,Desk,Window,6,0
P269,F1823,509.08,Business,Economy,0,Online,Window,7,0
P270,F325,307.42,Family,Premium Economy,0,Airport Kiosk,Aisle,75,0
P271,F1701,293.08,Leisure,Economy,1,Mobile App,Aisle,108,0
P272,F1329,579.91,Emergency,Economy,0,Airport Kiosk,Window,43,0
P273,F1263,527.53,Business,Economy,1,Online,Window,115,0
P274,F1980,294.64,Family,Premium Economy,1,Airport Kiosk,Aisle,61,0
P275,F1334,216.0,Emergency,First,0,Online,Window,19,0
P276,F669,344.52,Emergency,Premium Economy,0,Online,Aisle,2,0
P277,F1407,362.04,Leisure,Business,0,Desk,Window,79,0
P278,F58,448.93,Family,Economy,0,Mobile App,Middle,8,0
P279,F938,322.53,Family,Economy,1,Desk,Window,75,0
P280,F899,595.33,Family,Economy,0,Mobile App,Window,46,0
P281,F697,403.06,Emergency,Economy,1,Desk,Window,66,0
P282,F945,366.78,Family,Business,2,Mobile App,Middle,48,0
P283,F1201,304.33,Business,Economy,1,Airport Kiosk,Middle,117,0
P284,F1956,439.19,Business,Premium Economy,1,Mobile App,Aisle,76,0
P285,F1033,404.69,Emergency,Business,0,Mobile App,Middle,87,0
P286,F1063,311.14,Leisure,Premium Economy,3,Airport Kiosk,Aisle,99,0
P287,F1532,337.34,Emergency,Business,1,Online,Middle,106,0
P288,F982,407.83,Leisure,First,1,Online,Window,28,0
P289,F1403,380.63,Leisure,Premium Economy,1,Mobile App,Window,6,0
P290,F704,272.47,Family,Economy,1,Online,Middle,48,0
P291,F303,229.64,Business,Economy,2,Mobile App,Window,49,0
P292,F1191,271.94,Emergency,Economy,1,Online,Window,114,0
P293,F185,400.08,Business,Economy,2,Mobile App,Middle,73,0
P294,F1569,416.95,Family,Economy,2,Desk,Aisle,26,0
P295,F1813,392.71,Family,Business,0,Desk,Middle,56,0
P296,F888,341.13,Family,Economy,0,Online,Middle,37,0
P297,F371,550.74,Family,Economy,2,Desk,Aisle,117,0
P298,F1622,285.89,Leisure,Economy,2,Mobile App,Aisle,58,1
P299,F1995,420.03,Emergency,Economy,0,Desk,Window,43,0
P300,F950,274.98,Leisure,Premium Economy,2,Mobile App,Aisle,52,1
P301,F409,220.14,Business,Economy,2,Mobile App,Aisle,89,0
P302,F1871,366.03,Business,Business,2,Mobile App,Aisle,82,0
P303,F1495,408.12,Family,Economy,0,Desk,Aisle,37,0
P304,F1437,163.66,Emergency,First,1,Airport Kiosk,Middle,53,0
P305,F1238,298.91,Emergency,Economy,2,Online,Window,67,0
P306,F1801,413.69,Emergency,Economy,2,Mobile App,Aisle,94,0
P307,F1004,189.04,Leisure,Business,0,Airport Kiosk,Aisle,62,0
P308,F290,386.37,Business,Economy,3,Desk,Aisle,81,0
P309,F132,431.26,Business,Economy,0,Mobile App,Aisle,63,0
P310,F401,422.83,Family,Economy,0,Desk,Middle,59,0
P311,F1638,371.82,Leisure,Business,1,Desk,Aisle,92,0
P312,F889,305.94,Business,Business,1,Desk,Middle,49,0
P313,F818,403.6,Leisure,Premium Economy,0,Online,Middle,32,0
P314,F549,522.67,Leisure,Economy,1,Online,Window,109,0
P315,F1453,567.9,Family,Business,0,Online,Middle,41,0
P316,F1112,533.32,Leisure,Economy,0,Airport Kiosk,Window,72,0
P317,F86,302.44,Family,Economy,1,Online,Window,4,0
P318,F1721,426.86,Family,Economy,0,Desk,Aisle,112,0
P319,F91,302.9,Leisure,Premium Economy,0,Airport Kiosk,Middle,19,0
P320,F280,372.33,Family,Economy,0,Airport Kiosk,Window,108,0
P321,F1347,419.23,Family,Business,3,Airport Kiosk,Aisle,86,0
P322,F285,304.43,Family,Economy,1,Mobile App,Window,49,0
P323,F1184,393.92,Leisure,Economy,2,Online,Middle,81,0
P324,F1997,325.7,Business,Premium Economy,0,Mobile App,Middle,104,0
P325,F551,541.42,Leisure,Economy,1,Desk,Window,119,0
P326,F173,588.47,Family,Economy,0,Online,Middle,77,0
P327,F1780,309.76,Emergency,Economy,1,Airport Kiosk,Window,119,0
P328,F676,353.18,Emergency,Economy,0,Online,Window,0,0
P329,F209,303.93,Business,Economy,0,Mobile App,Window,96,0
P330,F1351,344.44,Leisure,Business,2,Airport Kiosk,Middle,30,0
P331,F854,248.5,Emergency,Premium Economy,0,Mobile App,Middle,109,0
P332,F605,233.47,Family,Premium Economy,3,Airport Kiosk,Middle,53,0
P333,F1781,262.24,Business,Business,0,Desk,Window,20,0
P334,F625,268.55,Leisure,Economy,1,Airport Kiosk,Window,22,0
P335,F1759,285.36,Leisure,Economy,0,Airport Kiosk,Window,103,0
P336,F351,341.33,Emergency,Premium Economy,1,Mobile App,Middle,43,0
P337,F820,411.42,Family,Business,2,Mobile App,Aisle,82,0
P338,F1413,409.25,Family,Economy,0,Mobile App,Window,39,0
P339,F620,363.93,Family,Economy,2,Desk,Middle,14,0
P340,F1153,256.83,Business,Economy,2,Mobile App,Aisle,20,0
P341,F1128,295.51,Emergency,Economy,2,Online,Middle,24,0
P342,F1152,448.78,Emergency,Premium Economy,2,Desk,Window,69,0
P343,F677,446.82,Emergency,Economy,0,Desk,Window,44,0
P344,F410,273.54,Business,Premium Economy,1,Online,Aisle,39,0
P345,F1694,485.7,Business,Economy,1,Airport Kiosk,Aisle,30,0
P346,F1419,543.03,Emergency,Premium Economy,1,Online,Middle,72,0
P347,F762,402.46,Leisure,Economy,2,Online,Window,81,0
P348,F33,270.07,Leisure,Economy,3,Desk,Aisle,103,0
P349,F831,477.33,Leisure,Economy,3,Online,Window,64,0
P350,F931,269.68,Leisure,Economy,1,Airport Kiosk,Window,48,0
P351,F1561,481.95,Family,Economy,0,Online,Window,5,0
P352,F72,330.45,Leisure,Economy,2,Mobile App,Aisle,47,0
P353,F16,239.24,Family,Economy,0,Desk,Middle,98,1
P354,F538,397.99,Leisure,First,0,Online,Aisle,60,0
P355,F670,487.29,Family,Business,1,Mobile App,Middle,27,0
P356,F1951,295.83,Emergency,Business,0,Airport Kiosk,Aisle,66,0
P357,F1884,349.33,Family,Premium Economy,0,Airport Kiosk,Window,106,0
P358,F1845,246.57,Business,Economy,2,Mobile App,Middle,61,0
P359,F179,273.99,Leisure,Economy,0,Desk,Aisle,49,0
P360,F882,426.36,Family,Premium Economy,3,Desk,Window,65,0
P361,F1892,373.31,Business,Premium Economy,1,Airport Kiosk,Aisle,92,0
P362,F224,266.73,Emergency,Business,2,Desk,Middle,102,0
P363,F892,295.51,Family,Economy,3,Desk,Aisle,7,0
P364,F1184,372.85,Leisure,Premium Economy,1,Mobile App,Aisle,36,0
P365,F1609,339.91,Leisure,Premium Economy,1,Mobile App,Window,16,0
P366,F1458,380.21,Business,Economy,1,Airport Kiosk,Aisle,98,0
P367,F1114,425.43,Family,Economy,0,Online,Window,65,1
P368,F1549,308.54,Emergency,Economy,0,Mobile App,Aisle,46,0
P369,F1618,395.81,Business,Economy,2,Airport Kiosk,Middle,21,0
P370,F288,346.11,Emergency,Economy,2,Airport Kiosk,Middle,31,0
P371,F850,443.05,Leisure,Business,0,Airport Kiosk,Window,0,0
P372,F896,358.21,Family,Business,1,Online,Aisle,68,0
P373,F1621,276.67,Business,Economy,0,Desk,Aisle,113,0
P374,F397,310.42,Family,Premium Economy,2,Airport Kiosk,Middle,25,0
P375,F13,341.7,Family,Economy,2,Airport Kiosk,Aisle,15,0
P376,F97,401.19,Emergency,Economy,1,Mobile App,Window,110,0
P377,F1250,340.7,Leisure,Business,4,Online,Aisle,71,0
P378,F929,284.06,Emergency,Economy,3,Desk,Middle,25,0
P379,F772,310.77,Emergency,Premium Economy,2,Desk,Middle,117,0
P380,F245,293.63,Leisure,Economy,1,Mobile App,Middle,19,0
P381,F1726,437.31,Leisure,Premium Economy,1,Airport Kiosk,Middle,0,0
P382,F981,335.42,Business,Premium Economy,1,Mobile App,Middle,98,0
P383,F1964,383.47,Leisure,Business,0,Mobile App,Window,102,0
P384,F1135,490.28,Leisure,Economy,1,Mobile App,Aisle,85,0
P385,F453,316.76,Business,First,2,Mobile App,Aisle,14,0
P386,F345,593.93,Emergency,Business,2,Desk,Middle,29,0
P387,F230,451.64,Business,Economy,1,Online,Middle,98,0
P388,F1078,302.31,Business,Business,1,Online,Aisle,85,0
P389,F1892,340.2,Emergency,Economy,1,Desk,Middle,95,0
P390,F975,373.56,Business,Business,2,Online,Window,50,0
P391,F159,231.38,Emergency,Economy,0,Online,Aisle,28,0
P392,F1106,488.78,Business,First,2,Online,Aisle,71,0
P393,F1531,395.35,Emergency,First,0,Desk,Middle,75,0
P394,F21,264.48,Emergency,Economy,0,Online,Window,43,1
P395,F1464,405.88,Family,Premium Economy,2,Airport Kiosk,Window,108,0
P396,F735,537.88,Family,Business,2,Airport Kiosk,Window,62,0
P397,F875,315.78,Business,Economy,0,Airport Kiosk,Window,1,0
P398,F1031,310.36,Emergency,Economy,2,Airport Kiosk,Window,81,0
P399,F848,356.22,Leisure,Economy,0,Airport Kiosk,Aisle,22,0
P400,F1032,348.53,Family,Business,0,Mobile App,Middle,1,0
P401,F1335,255.96,Family,First,0,Online,Aisle,48,0
P402,F1806,228.55,Emergency,Economy,0,Online,Middle,49,0
P403,F862,515.73,Emergency,Economy,2,Online,Window,16,0
P404,F1702,233.9,Emergency,Economy,2,Mobile App,Aisle,72,0
P405,F69,285.51,Leisure,Business,2,Desk,Window,27,0
P406,F1668,401.35,Emergency,First,1,Online,Window,98,0
P407,F1513,345.15,Leisure,Business,1,Desk,Aisle,114,0
P408,F1907,404.73,Emergency,Economy,2,Airport Kiosk,Window,110,0
P409,F1986,184.34,Leisure,Premium Economy,1,Desk,Window,48,0
P410,F1006,342.07,Business,Economy,2,Online,Window,10,0
P411,F893,372.16,Family,Economy,2,Airport Kiosk,Aisle,81,0
P412,F581,304.04,Leisure,Economy,3,Online,Aisle,80,0
P413,F337,464.17,Family,Economy,1,Online,Middle,65,0
P414,F1131,324.57,Family,Economy,3,Online,Middle,5,0
P415,F1263,389.9,Leisure,Business,2,Online,Middle,117,0
P416,F388,474.33,Business,Economy,0,Airport Kiosk,Middle,14,0
P417,F829,423.54,Business,Economy,3,Desk,Aisle,61,0
P418,F1151,281.51,Business,Premium Economy,1,Online,Window,20,0
P419,F287,333.12,Business,Economy,3,Airport Kiosk,Aisle,73,0
P420,F1702,373.05,Emergency,Economy,1,Airport Kiosk,Middle,79,0
P421,F1545,141.77,Family,Economy,1,Airport Kiosk,Aisle,91,1
P422,F35,402.34,Family,Economy,2,Airport Kiosk,Aisle,99,0
P423,F1889,228.7,Family,Economy,0,Desk,Aisle,102,0
P424,F466,398.97,Emergency,Economy,0,Airport Kiosk,Window,76,0
P425,F1279,368.18,Business,Premium Economy,0,Online,Aisle,20,0
P426,F250,452.34,Emergency,Economy,1,Mobile App,Window,115,0
P427,F1376,433.7,Leisure,Premium Economy,0,Airport Kiosk,Window,10,0
P428,F1346,274.78,Family,Economy,2,Online,Middle,1,0
P429,F732,456.16,Leisure,Economy,1,Online,Window,8,0
P430,F1177,213.48,Business,Economy,1,Mobile App,Aisle,8,0
P431,F69,127.8,Family,Economy,4,Online,Middle,78,0
P432,F1120,488.57,Family,Economy,2,Online,Aisle,89,0
P433,F729,524.15,Business,Economy,0,Desk,Aisle,2,0
P434,F944,453.74,Emergency,Economy,1,Airport Kiosk,Middle,114,0
P435,F157,263.15,Family,Premium Economy,1,Online,Aisle,117,0
P436,F338,186.34,Leisure,Economy,0,Online,Window,118,0
P437,F1378,484.73,Business,Economy,2,Online,Middle,11,0
P438,F1916,247.41,Emergency,Premium Economy,2,Airport Kiosk,Middle,93,0
P439,F711,196.04,Emergency,Premium Economy,0,Mobile App,Window,4,0
P440,F1523,312.18,Family,Economy,2,Mobile App,Window,60,0
P441,F589,381.53,Leisure,Economy,4,Desk,Window,17,0
P442,F1722,270.76,Business,Premium Economy,1,Desk,Window,18,0
P443,F774,376.1,Business,Economy,0,Online,Aisle,80,0
P444,F1335,304.83,Leisure,Business,4,Desk,Middle,39,0
P445,F1606,376.88,Business,Business,1,Desk,Aisle,118,0
P446,F251,523.35,Family,Economy,0,Online,Aisle,42,0
P447,F1628,221.27,Emergency,Premium Economy,1,Online,Aisle,33,0
P448,F1221,392.38,Business,Premium Economy,0,Desk,Aisle,71,0
P449,F746,235.96,Emergency,Economy,1,Desk,Aisle,53,0
P450,F408,473.54,Emergency,Economy,1,Online,Aisle,11,0
P451,F1545,297.54,Business,Economy,1,Mobile App,Aisle,74,0
P452,F653,287.44,Family,Economy,1,Desk,Window,10,0
P453,F664,415.16,Family,Economy,2,Airport Kiosk,Aisle,87,1
P454,F523,341.15,Family,Economy,1,Mobile App,Middle,56,0
P455,F1178,277.83,Emergency,Business,1,Desk,Middle,50,0
P456,F435,387.15,Business,Economy,1,Airport Kiosk,Window,36,0
P457,F1340,106.73,Leisure,Economy,0,Mobile App,Window,75,0
P458,F1688,497.17,Emergency,Economy,0,Airport Kiosk,Middle,40,0
P459,F1958,384.51,Family,Economy,1,Desk,Middle,59,0
P460,F532,415.97,Emergency,Economy,1,Airport Kiosk,Middle,28,0
P461,F1166,383.84,Business,Economy,2,Online,Aisle,6,0
P462,F256,380.8,Emergency,Economy,1,Mobile App,Middle,106,0
P463,F1612,281.53,Emergency,Economy,0,Mobile App,Aisle,37,0
P464,F1616,501.83,Emergency,Economy,0,Mobile App,Aisle,33,0
P465,F1240,422.7,Family,First,0,Desk,Window,63,0
P466,F1262,252.02,Family,Business,1,Airport Kiosk,Window,56,0
P467,F488,76.32,Business,Premium Economy,1,Online,Aisle,67,0
P468,F905,250.15,Emergency,Premium Economy,1,Mobile App,Aisle,91,0
P469,F1230,309.07,Business,Economy,1,Airport Kiosk,Middle,114,0
P470,F6,296.82,Business,Premium Economy,1,Mobile App,Middle,5,0
P471,F190,321.08,Business,Economy,3,Desk,Window,62,0
P472,F1229,523.24,Leisure,Economy,0,Airport Kiosk,Middle,46,0
P473,F1786,422.76,Leisure,Economy,2,Airport Kiosk,Window,76,0
P474,F1448,399.18,Family,First,1,Mobile App,Aisle,4,0
P475,F958,367.75,Leisure,Business,1,Desk,Window,118,0
P476,F1883,191.33,Business,Economy,2,Mobile App,Middle,15,0
P477,F354,359.16,Leisure,Premium Economy,2,Desk,Aisle,20,0
P478,F9,132.56,Business,Premium Economy,2,Desk,Aisle,67,0
P479,F1506,354.4,Leisure,First,0,Mobile App,Middle,91,0
P480,F519,353.94,Emergency,Economy,0,Airport Kiosk,Window,102,0
P481,F400,423.56,Emergency,Premium Economy,4,Online,Aisle,12,0
P482,F457,376.0,Family,Premium Economy,2,Desk,Aisle,50,0
P483,F1069,435.09,Emergency,Premium Economy,1,Airport Kiosk,Aisle,44,0
P484,F180,381.48,Emergency,Economy,1,Desk,Middle,72,0
P485,F102,364.98,Family,Premium Economy,0,Desk,Window,51,0
P486,F840,295.01,Leisure,Premium Economy,0,Mobile App,Aisle,70,0
P487,F70,461.36,Emergency,Economy,0,Airport Kiosk,Middle,37,1
P488,F1617,273.21,Leisure,Economy,0,Airport Kiosk,Middle,22,0
P489,F1877,408.87,Leisure,Economy,0,Airport Kiosk,Middle,43,0
P490,F685,395.41,Family,Business,0,Mobile App,Window,105,0
P491,F1146,308.08,Emergency,Business,2,Mobile App,Aisle,88,0
P492,F1242,174.8,Emergency,Premium Economy,3,Online,Window,40,0
P493,F1811,213.22,Emergency,Economy,0,Mobile App,Middle,77,0
P494,F1287,395.64,Family,Economy,3,Desk,Aisle,25,0
P495,F123,390.15,Leisure,Economy,0,Mobile App,Aisle,92,0
P496,F456,378.91,Family,Premium Economy,1,Desk,Window,97,0
P497,F936,440.06,Family,Economy,2,Online,Window,4,0
P498,F1617,322.67,Family,Economy,2,Mobile App,Middle,9,0
P499,F681,440.25,Family,Business,3,Airport Kiosk,Window,105,0
P500,F214,394.99,Emergency,Economy,0,Mobile App,Middle,35,0
P501,F1415,279.24,Business,Business,1,Desk,Aisle,99,0
P502,F296,292.24,Business,Economy,0,Online,Middle,97,0
P503,F772,382.23,Emergency,Economy,1,Airport Kiosk,Middle,84,0
P504,F600,529.49,Family,Premium Economy,0,Airport Kiosk,Middle,3,0
P505,F330,435.26,Family,Premium Economy,0,Online,Window,11,0
P506,F1053,319.25,Business,Economy,0,Desk,Aisle,106,0
P507,F723,193.97,Emergency,First,1,Airport Kiosk,Aisle,41,0
P508,F143,303.41,Family,Economy,1,Mobile App,Window,42,0
P509,F1567,239.54,Emergency,Economy,0,Online,Aisle,62,1
P510,F1265,497.01,Business,First,0,Online,Window,37,0
P511,F928,315.2,Family,Business,2,Airport Kiosk,Window,31,0
P512,F481,192.47,Family,Economy,1,Mobile App,Aisle,44,0
P513,F1491,332.59,Business,Economy,0,Desk,Window,63,0
P514,F1044,98.92,Family,Economy,1,Mobile App,Middle,74,0
P515,F1527,438.23,Family,Business,0,Mobile App,Middle,32,0
P516,F1226,290.28,Business,Premium Economy,1,Mobile App,Middle,39,0
P517,F1507,504.34,Family,Economy,4,Desk,Aisle,1,1
P518,F1442,435.07,Business,Economy,2,Desk,Window,46,0
P519,F284,391.04,Leisure,Economy,3,Mobile App,Aisle,16,0
P520,F1716,514.51,Business,Economy,0,Desk,Window,38,0
P521,F539,295.3,Business,Premium Economy,0,Desk,Window,36,0
P522,F1381,400.77,Business,Economy,0,Airport Kiosk,Middle,102,0
P523,F450,506.11,Emergency,Premium Economy,1,Airport Kiosk,Aisle,71,0
P524,F1441,470.01,Emergency,Premium Economy,0,Airport Kiosk,Middle,13,0
P525,F350,370.29,Family,Economy,2,Desk,Aisle,79,0
P526,F1573,239.82,Business,Economy,0,Desk,Middle,16,0
P527,F771,363.66,Business,Premium Economy,0,Online,Aisle,91,0
P528,F1028,526.64,Business,Premium Economy,1,Mobile App,Window,39,1
P529,F1153,288.24,Business,Economy,2,Online,Aisle,75,0
P530,F1876,192.45,Business,Premium Economy,1,Desk,Middle,114,0
P531,F622,485.65,Emergency,Premium Economy,1,Online,Middle,38,0
P532,F318,395.33,Emergency,Economy,0,Mobile App,Middle,107,0
P533,F1518,372.93,Business,Premium Economy,0,Online,Aisle,26,0
P534,F1099,337.48,Leisure,Economy,0,Mobile App,Middle,43,0
P535,F853,320.06,Leisure,Economy,1,Mobile App,Window,98,0
P536,F1621,329.16,Emergency,Premium Economy,1,Desk,Window,34,0
P537,F852,163.56,Leisure,Economy,0,Airport Kiosk,Aisle,43,0
P538,F795,342.1,Leisure,Business,2,Airport Kiosk,Aisle,53,0
P539,F538,601.03,Leisure,Economy,2,Mobile App,Window,5,0
P540,F1948,177.31,Family,Premium Economy,0,Mobile App,Aisle,101,0
P541,F1216,389.31,Leisure,Economy,1,Desk,Middle,67,0
P542,F656,126.59,Family,Economy,2,Desk,Window,17,0
P543,F1212,181.43,Business,Economy,1,Desk,Aisle,76,0
P544,F759,375.25,Leisure,Economy,0,Online,Aisle,70,0
P545,F834,395.13,Leisure,Premium Economy,1,Online,Window,50,0
P546,F95,341.44,Leisure,Economy,0,Online,Window,68,0
P547,F1156,378.32,Business,Premium Economy,1,Desk,Aisle,62,0
P548,F1183,264.92,Family,Economy,0,Desk,Middle,59,0
P549,F1219,394.03,Family,Economy,1,Mobile App,Window,106,0
P550,F1618,302.92,Family,Economy,2,Airport Kiosk,Aisle,0,0
P551,F89,230.58,Emergency,First,0,Online,Window,40,0
P552,F1314,114.81,Family,Economy,0,Desk,Middle,118,0
P553,F1965,270.91,Leisure,Economy,3,Online,Window,44,0
P554,F68,303.86,Family,Premium Economy,1,Desk,Middle,10,0
P555,F353,377.86,Leisure,Economy,2,Mobile App,Middle,17,0
P556,F1688,210.89,Business,Economy,0,Online,Middle,82,0
P557,F1424,385.63,Family,Economy,2,Online,Middle,51,0
P558,F461,335.55,Emergency,Economy,2,Desk,Window,65,0
P559,F161,144.84,Family,Business,1,Online,Window,93,0
P560,F1366,289.3,Emergency,Economy,2,Online,Aisle,47,0
P561,F1707,428.54,Family,Economy,1,Mobile App,Window,94,0
P562,F847,78.44,Family,Premium Economy,2,Airport Kiosk,Window,108,0
P563,F1683,425.09,Leisure,Economy,4,Desk,Middle,5,0
P564,F1272,415.78,Family,Premium Economy,1,Airport Kiosk,Aisle,79,0
P565,F1098,378.59,Business,First,0,Mobile App,Middle,28,0
P566,F1791,289.55,Emergency,Economy,0,Online,Aisle,46,0
P567,F632,471.43,Business,Economy,1,Desk,Aisle,118,0
P568,F331,315.87,Leisure,Economy,1,Desk,Middle,9,1
P569,F857,260.71,Business,Economy,0,Airport Kiosk,Aisle,117,0
P570,F1952,275.22,Business,Economy,2,Desk,Aisle,113,0
P571,F797,162.47,Emergency,Economy,0,Desk,Aisle,56,0
P572,F442,321.76,Family,Premium Economy,1,Desk,Aisle,110,0
P573,F844,345.78,Emergency,Premium Economy,0,Airport Kiosk,Middle,8,0
P574,F1412,171.99,Emergency,Economy,0,Airport Kiosk,Middle,82,0
P575,F523,228.11,Business,Economy,0,Desk,Window,80,0
P576,F1317,394.87,Business,Premium Economy,1,Online,Aisle,15,0
P577,F283,367.41,Business,Economy,1,Mobile App,Window,0,0
P578,F1062,265.24,Family,Premium Economy,2,Mobile App,Aisle,13,0
P579,F586,332.3,Emergency,Economy,1,Mobile App,Middle,61,1
P580,F1556,428.66,Leisure,Premium Economy,0,Online,Window,63,0
P581,F1786,410.84,Family,Economy,2,Airport Kiosk,Window,96,1
P582,F915,256.01,Emergency,Economy,0,Desk,Window,68,0
P583,F943,420.79,Business,Premium Economy,1,Airport Kiosk,Aisle,36,0
P584,F755,281.98,Family,Economy,1,Online,Middle,85,0
P585,F653,67.67,Family,Economy,0,Desk,Window,27,0
P586,F1777,414.9,Business,Business,1,Airport Kiosk,Aisle,54,0
P587,F1967,313.74,Emergency,Economy,0,Desk,Aisle,68,0
P588,F668,315.24,Business,Economy,0,Airport Kiosk,Aisle,117,0
P589,F29,302.72,Emergency,Economy,0,Online,Window,21,0
P590,F1560,356.85,Leisure,Premium Economy,1,Mobile App,Middle,114,0
P591,F408,282.19,Family,Economy,0,Airport Kiosk,Aisle,76,0
P592,F382,386.17,Business,Premium Economy,1,Online,Window,61,0
P593,F1299,356.7,Family,Economy,1,Mobile App,Middle,31,0
P594,F1929,273.63,Family,Premium Economy,1,Mobile App,Aisle,112,0
P595,F286,267.14,Family,Economy,0,Desk,Aisle,102,0
P596,F23,400.75,Leisure,First,0,Desk,Window,119,0
P597,F1941,332.5,Family,Economy,1,Desk,Window,71,0
P598,F94,484.3,Leisure,First,2,Mobile App,Window,55,0
P599,F1845,263.48,Emergency,Business,0,Airport Kiosk,Window,53,0
P600,F770,624.65,Leisure,Economy,1,Online,Window,43,0
P601,F570,412.87,Emergency,Business,0,Airport Kiosk,Aisle,49,0
P602,F413,290.39,Emergency,Economy,1,Online,Window,35,0
P603,F1809,396.83,Leisure,Economy,0,Mobile App,Window,41,0
P604,F1039,362.2,Leisure,Economy,1,Airport Kiosk,Middle,69,0
P605,F487,298.43,Emergency,Premium Economy,6,Desk,Window,116,0
P606,F1830,354.22,Business,Premium Economy,1,Mobile App,Aisle,116,0
P607,F1840,369.23,Family,First,0,Airport Kiosk,Aisle,55,0
P608,F1764,454.42,Leisure,Premium Economy,1,Desk,Window,10,0
P609,F44,458.68,Family,Economy,1,Online,Window,107,0
P610,F64,232.67,Business,Economy,0,Airport Kiosk,Middle,32,0
P611,F199,494.78,Leisure,Business,0,Online,Middle,92,0
P612,F946,318.39,Family,Premium Economy,3,Online,Window,11,0
P613,F192,365.0,Emergency,Business,0,Online,Aisle,119,0
P614,F1574,207.47,Family,Economy,1,Desk,Aisle,46,0
P615,F113,306.47,Family,Economy,0,Airport Kiosk,Aisle,57,0
P616,F1377,361.01,Business,Economy,2,Desk,Window,95,0
P617,F1239,394.62,Leisure,Premium Economy,1,Mobile App,Middle,24,0
P618,F1653,389.78,Business,Economy,1,Airport Kiosk,Aisle,8,1
P619,F716,233.38,Emergency,Economy,0,Online,Middle,14,0
P620,F1492,259.3,Leisure,Premium Economy,2,Mobile App,Window,88,0
P621,F55,353.83,Family,Business,0,Online,Aisle,24,0
P622,F942,309.47,Family,Premium Economy,0,Mobile App,Middle,81,0
P623,F975,463.33,Leisure,Premium Economy,0,Airport Kiosk,Window,70,0
P624,F1113,222.46,Family,Economy,2,Online,Middle,90,0
P625,F872,442.04,Emergency,Business,1,Desk,Window,104,0
P626,F1541,429.53,Leisure,Economy,1,Online,Aisle,71,0
P627,F277,341.03,Business,Economy,0,Desk,Aisle,64,0
P628,F1526,215.0,Emergency,Economy,2,Desk,Aisle,95,1
P629,F744,287.09,Family,Economy,1,Mobile App,Middle,41,0
P630,F770,184.3,Family,Economy,0,Online,Aisle,107,0
P631,F817,364.24,Family,Economy,0,Mobile App,Aisle,92,0
P632,F952,324.96,Family,Business,1,Mobile App,Window,82,0
P633,F1175,272.26,Leisure,Economy,1,Mobile App,Window,57,0
P634,F741,369.04,Leisure,Economy,0,Desk,Middle,87,0
P635,F1897,284.91,Family,Economy,0,Mobile App,Middle,77,0
P636,F1479,364.32,Family,Economy,0,Desk,Middle,52,0
P637,F400,414.54,Emergency,Business,0,Airport Kiosk,Aisle,72,0
P638,F1619,177.8,Business,Economy,2,Airport Kiosk,Aisle,72,0
P639,F276,270.76,Business,Economy,2,Airport Kiosk,Middle,111,0
P640,F1980,223.78,Leisure,Economy,0,Mobile App,Middle,115,0
P641,F550,420.25,Family,Economy,1,Online,Middle,28,0
P642,F342,416.75,Business,Premium Economy,1,Mobile App,Aisle,92,0
P643,F344,170.51,Business,Premium Economy,3,Desk,Window,0,0
P644,F165,345.52,Business,Premium Economy,2,Online,Middle,73,0
P645,F1875,167.0,Emergency,Premium Economy,0,Online,Aisle,5,0
P646,F101,379.98,Leisure,Economy,2,Desk,Aisle,53,0
P647,F684,500.13,Leisure,Business,0,Desk,Middle,22,0
P648,F1765,490.07,Family,Premium Economy,1,Online,Window,109,0
P649,F670,389.31,Emergency,Economy,1,Airport Kiosk,Window,64,0
P650,F27,256.58,Leisure,Economy,2,Airport Kiosk,Middle,110,1
P651,F933,394.74,Family,Economy,1,Online,Middle,89,0
P652,F192,391.63,Business,Economy,0,Airport Kiosk,Window,67,0
P653,F1601,389.2,Leisure,Premium Economy,1,Mobile App,Aisle,43,0
P654,F1121,461.86,Emergency,Economy,4,Desk,Window,24,0
P655,F528,401.01,Leisure,Economy,2,Online,Middle,9,0
P656,F868,293.89,Family,Economy,0,Mobile App,Middle,8,1
P657,F1209,291.3,Leisure,Economy,2,Mobile App,Middle,1,0
P658,F498,323.06,Leisure,Business,1,Mobile App,Middle,60,0
P659,F1872,520.13,Leisure,Economy,1,Airport Kiosk,Window,86,0
P660,F1744,309.02,Leisure,Business,0,Desk,Aisle,84,0
P661,F429,429.18,Leisure,Premium Economy,1,Airport Kiosk,Aisle,62,0
P662,F503,359.11,Business,Business,1,Online,Window,37,0
P663,F1156,307.41,Family,Economy,2,Airport Kiosk,Aisle,81,0
P664,F25,317.19,Emergency,Economy,1,Online,Middle,34,0
P665,F1781,370.61,Family,Business,1,Airport Kiosk,Window,24,0
P666,F685,183.46,Business,Economy,1,Mobile App,Aisle,59,0
P667,F901,247.69,Business,Premium Economy,0,Desk,Aisle,54,0
P668,F1553,398.14,Emergency,Economy,0,Airport Kiosk,Aisle,33,0
P669,F96,287.43,Emergency,Premium Economy,0,Online,Aisle,15,0
P670,F54,213.32,Business,Business,2,Desk,Aisle,109,0
P671,F282,401.93,Emergency,Economy,1,Airport Kiosk,Middle,35,0
P672,F1726,380.13,Leisure,Business,0,Mobile App,Middle,40,0
P673,F279,295.74,Family,Economy,2,Online,Window,104,0
P674,F1753,194.49,Family,Business,1,Desk,Window,84,0
P675,F623,410.18,Business,Economy,1,Mobile App,Window,98,0
P676,F904,124.76,Leisure,Premium Economy,1,Airport Kiosk,Aisle,90,0
P677,F1141,316.62,Family,Economy,0,Online,Window,7,0
P678,F1609,82.17,Leisure,Premium Economy,1,Online,Window,11,0
P679,F747,215.7,Business,Business,0,Desk,Window,111,0
P680,F1441,304.74,Emergency,Premium Economy,2,Desk,Aisle,9,0
P681,F453,389.52,Leisure,Economy,1,Mobile App,Middle,77,0
P682,F1576,397.83,Family,Economy,0,Online,Middle,42,0
P683,F1204,79.04,Business,Premium Economy,2,Mobile App,Aisle,83,0
P684,F1322,309.92,Emergency,Premium Economy,0,Desk,Aisle,20,0
P685,F453,354.19,Leisure,Business,1,Mobile App,Aisle,7,0
P686,F1167,299.71,Emergency,Economy,0,Airport Kiosk,Aisle,71,0
P687,F1961,417.43,Family,Premium Economy,2,Airport Kiosk,Aisle,16,0
P688,F432,435.33,Emergency,Economy,0,Desk,Middle,68,0
P689,F603,271.33,Emergency,Premium Economy,1,Online,Window,23,0
P690,F1506,452.65,Family,Economy,2,Airport Kiosk,Middle,21,0
P691,F1716,279.77,Leisure,Economy,1,Desk,Aisle,45,0
P692,F1279,222.95,Family,Business,0,Airport Kiosk,Middle,27,0
P693,F494,306.01,Business,Economy,1,Mobile App,Aisle,52,0
P694,F1234,336.38,Emergency,Economy,0,Airport Kiosk,Window,0,0
P695,F1602,316.78,Family,Business,1,Mobile App,Middle,57,0
P696,F1048,278.92,Emergency,Business,0,Desk,Window,36,0
P697,F723,411.06,Business,Economy,2,Online,Middle,21,0
P698,F265,352.33,Family,Economy,1,Online,Aisle,32,0
P699,F1965,338.62,Leisure,Economy,1,Online,Aisle,75,0
P700,F1823,408.89,Family,First,1,Mobile App,Aisle,108,0
P701,F1170,334.2,Emergency,Premium Economy,2,Desk,Aisle,70,0
P702,F324,264.94,Emergency,Premium Economy,0,Online,Aisle,78,0
P703,F1546,318.88,Leisure,Economy,0,Desk,Aisle,96,0
P704,F1809,473.12,Emergency,Economy,0,Mobile App,Middle,85,0
P705,F833,411.85,Family,Business,1,Airport Kiosk,Middle,105,0
P706,F803,598.19,Leisure,Premium Economy,0,Desk,Aisle,70,0
P707,F1758,286.45,Family,Economy,2,Airport Kiosk,Window,32,0
P708,F1289,242.78,Family,Economy,0,Online,Aisle,41,0
P709,F468,689.87,Leisure,Economy,0,Airport Kiosk,Window,46,0
P710,F615,409.97,Family,Premium Economy,1,Desk,Aisle,71,0
P711,F1118,241.15,Leisure,Business,0,Mobile App,Window,43,0
P712,F126,280.96,Family,Economy,0,Online,Aisle,7,0
P713,F1249,188.12,Emergency,Economy,1,Desk,Aisle,94,0
P714,F814,156.15,Family,Economy,1,Airport Kiosk,Middle,27,0
P715,F1441,409.31,Emergency,Premium Economy,1,Desk,Aisle,73,0
P716,F465,552.53,Emergency,Economy,2,Mobile App,Window,44,0
P717,F1850,139.81,Business,Economy,2,Mobile App,Aisle,31,0
P718,F1020,209.12,Emergency,Economy,2,Online,Middle,47,0
P719,F1582,64.87,Emergency,Economy,2,Mobile App,Aisle,111,0
P720,F418,165.66,Emergency,Economy,1,Desk,Aisle,71,0
P721,F936,458.68,Business,Economy,1,Online,Middle,46,0
P722,F822,354.07,Leisure,Economy,0,Airport Kiosk,Window,16,0
P723,F1933,320.96,Family,Premium Economy,1,Mobile App,Window,42,0
P724,F1805,202.48,Leisure,Economy,0,Airport Kiosk,Aisle,17,0
P725,F52,277.6,Family,Economy,2,Desk,Aisle,59,0
P726,F148,385.63,Business,Economy,1,Airport Kiosk,Window,26,0
P727,F1196,416.28,Emergency,Economy,1,Online,Aisle,103,0
P728,F1584,325.1,Leisure,Economy,2,Online,Aisle,28,0
P729,F1913,247.07,Emergency,Economy,0,Airport Kiosk,Window,31,0
P730,F420,354.48,Family,Economy,1,Airport Kiosk,Aisle,48,0
P731,F840,396.93,Emergency,First,0,Online,Aisle,16,0
P732,F166,97.13,Emergency,Premium Economy,2,Airport Kiosk,Window,87,0
P733,F723,406.13,Emergency,Economy,2,Desk,Middle,40,0
P734,F1440,447.12,Leisure,Premium Economy,2,Online,Middle,109,0
P735,F1032,300.94,Emergency,Economy,0,Mobile App,Middle,114,0
P736,F331,230.98,Business,Economy,1,Online,Aisle,20,0
P737,F412,374.39,Emergency,Economy,0,Mobile App,Window,85,0
P738,F1029,371.58,Leisure,Economy,2,Online,Middle,116,0
P739,F829,369.36,Family,Business,5,Desk,Window,59,0
P740,F1491,323.61,Leisure,Economy,1,Online,Aisle,26,0
P741,F203,413.22,Emergency,Economy,0,Desk,Aisle,20,0
P742,F1251,482.46,Leisure,Economy,2,Online,Window,17,0
P743,F1023,205.07,Family,Economy,0,Airport Kiosk,Aisle,37,0
P744,F352,320.6,Business,Economy,1,Airport Kiosk,Middle,30,0
P745,F357,407.0,Business,Economy,1,Online,Middle,116,0
P746,F1390,267.18,Family,Economy,0,Airport Kiosk,Aisle,18,0
P747,F255,223.16,Emergency,Economy,1,Desk,Aisle,28,0
P748,F797,290.44,Family,First,0,Desk,Aisle,83,0
P749,F1371,361.38,Business,Economy,1,Desk,Window,8,0
P750,F1940,349.54,Emergency,Economy,1,Mobile App,Window,51,0
P751,F869,422.9,Family,Economy,1,Mobile App,Window,0,0
P752,F1791,524.88,Family,Economy,1,Desk,Window,67,0
P753,F1227,409.5,Emergency,Premium Economy,0,Online,Aisle,61,0
P754,F1139,256.0,Family,Premium Economy,0,Online,Aisle,52,0
P755,F1242,509.9,Business,Business,0,Mobile App,Window,92,0
P756,F1027,448.56,Emergency,Economy,1,Desk,Middle,47,0
P757,F1037,180.97,Leisure,Business,0,Mobile App,Aisle,17,0
P758,F1072,260.99,Family,Economy,2,Desk,Aisle,0,0
P759,F1616,434.31,Leisure,Economy,0,Airport Kiosk,Middle,96,0
P760,F1896,272.19,Emergency,Economy,0,Airport Kiosk,Middle,109,0
P761,F1665,494.79,Emergency,Business,2,Desk,Window,89,1
P762,F1121,191.51,Family,Economy,1,Mobile App,Window,34,0
P763,F1953,462.79,Business,First,1,Desk,Window,64,0
P764,F1756,357.94,Leisure,Economy,0,Mobile App,Window,72,0
P765,F1852,412.41,Leisure,Economy,3,Online,Window,100,0
P766,F911,341.37,Leisure,Premium Economy,1,Airport Kiosk,Middle,6,0
P767,F591,438.37,Emergency,Business,4,Airport Kiosk,Window,8,0
P768,F365,301.38,Leisure,Premium Economy,0,Airport Kiosk,Aisle,78,0
P769,F1651,307.48,Leisure,Premium Economy,0,Mobile App,Aisle,57,0
P770,F1836,529.69,Emergency,Economy,0,Airport Kiosk,Middle,11,0
P771,F1952,353.69,Family,First,1,Mobile App,Middle,16,0
P772,F762,82.48,Leisure,Business,2,Online,Aisle,118,0
P773,F145,427.8,Leisure,Economy,2,Mobile App,Window,107,0
P774,F1639,511.94,Leisure,First,1,Mobile App,Middle,76,1
P775,F144,363.14,Leisure,Economy,2,Mobile App,Window,69,0
P776,F84,228.49,Emergency,Economy,1,Desk,Middle,49,0
P777,F873,457.15,Family,Economy,1,Airport Kiosk,Middle,92,0
P778,F1577,338.01,Emergency,Economy,1,Mobile App,Aisle,17,0
P779,F176,326.79,Emergency,Economy,1,Desk,Window,16,0
P780,F15,344.67,Leisure,Premium Economy,1,Online,Window,97,0
P781,F168,203.89,Leisure,Economy,2,Desk,Window,70,0
P782,F1270,425.54,Business,Economy,3,Mobile App,Aisle,36,0
P783,F744,280.33,Business,Premium Economy,0,Desk,Window,79,0
P784,F1121,416.51,Leisure,Economy,2,Mobile App,Window,62,0
P785,F1686,535.92,Family,Business,1,Online,Middle,3,0
P786,F248,497.91,Business,Premium Economy,0,Desk,Middle,83,0
P787,F703,157.32,Leisure,Economy,2,Desk,Window,99,0
P788,F1347,345.39,Family,Economy,2,Online,Middle,116,0
P789,F19,376.62,Emergency,Economy,2,Airport Kiosk,Aisle,6,0
P790,F113,488.74,Family,Economy,0,Online,Window,13,0
P791,F1426,337.2,Leisure,Premium Economy,1,Airport Kiosk,Aisle,63,0
P792,F1690,235.16,Family,Business,2,Airport Kiosk,Aisle,118,0
P793,F858,407.23,Leisure,Economy,0,Desk,Middle,47,0
P794,F1572,202.04,Business,Economy,0,Desk,Window,68,0
P795,F1664,360.05,Family,Business,1,Airport Kiosk,Window,45,0
P796,F1852,367.74,Emergency,Business,0,Airport Kiosk,Window,58,0
P797,F1911,440.35,Business,Economy,2,Desk,Window,91,0
P798,F623,400.16,Leisure,Economy,0,Airport Kiosk,Aisle,72,0
P799,F1025,238.42,Emergency,Economy,0,Online,Window,116,0
P800,F1033,444.37,Business,Premium Economy,1,Desk,Middle,20,0
P801,F1076,271.19,Leisure,Economy,0,Desk,Aisle,76,0
P802,F586,363.34,Business,Economy,1,Desk,Window,88,0
P803,F1721,458.8,Leisure,Economy,1,Desk,Aisle,14,0
P804,F743,357.79,Family,Premium Economy,1,Mobile App,Aisle,34,0
P805,F1134,286.21,Leisure,Premium Economy,0,Online,Aisle,40,0
P806,F1673,215.24,Family,Economy,1,Mobile App,Window,51,0
P807,F1310,271.58,Emergency,Premium Economy,2,Desk,Middle,63,0
P808,F1133,290.71,Business,Economy,0,Desk,Aisle,40,0
P809,F1294,287.28,Emergency,Business,0,Airport Kiosk,Middle,6,0
P810,F1388,362.0,Family,Economy,0,Mobile App,Middle,44,0
P811,F698,389.59,Leisure,Economy,0,Mobile App,Aisle,64,0
P812,F433,262.03,Business,Economy,0,Mobile App,Aisle,62,0
P813,F1838,355.55,Leisure,Economy,0,Online,Middle,78,0
P814,F574,185.83,Leisure,Economy,1,Desk,Window,67,0
P815,F407,274.56,Leisure,Economy,0,Mobile App,Middle,75,0
P816,F252,392.83,Family,Economy,0,Desk,Aisle,91,0
P817,F481,391.78,Business,Business,1,Mobile App,Aisle,7,0
P818,F144,326.88,Emergency,First,5,Airport Kiosk,Aisle,70,0
P819,F320,231.19,Business,Economy,0,Airport Kiosk,Window,97,0
P820,F1680,405.24,Emergency,Economy,0,Online,Aisle,46,0
P821,F1976,390.51,Family,Premium Economy,0,Mobile App,Aisle,27,0
P822,F437,245.52,Business,Economy,1,Mobile App,Window,17,0
P823,F960,399.5,Business,Economy,1,Desk,Middle,78,0
P824,F1258,424.37,Business,Premium Economy,2,Desk,Aisle,110,0
P825,F1535,261.35,Leisure,Business,0,Mobile App,Window,84,0
P826,F1315,139.97,Family,Economy,1,Mobile App,Window,64,0
P827,F785,477.54,Leisure,Economy,1,Online,Window,49,0
P828,F1050,287.6,Family,Economy,0,Mobile App,Aisle,108,0
P829,F88,567.12,Business,Business,1,Airport Kiosk,Window,79,0
P830,F1265,416.07,Family,Economy,0,Desk,Middle,115,0
P831,F249,334.79,Family,Premium Economy,1,Airport Kiosk,Aisle,65,0
P832,F1253,382.81,Business,Economy,2,Mobile App,Window,5,0
P833,F1365,265.62,Business,Premium Economy,2,Mobile App,Aisle,110,0
P834,F188,384.75,Business,Economy,0,Online,Middle,102,0
P835,F1487,341.64,Leisure,Economy,0,Mobile App,Window,52,0
P836,F1109,496.91,Family,Premium Economy,0,Airport Kiosk,Window,8,0
P837,F1574,349.06,Business,Economy,0,Airport Kiosk,Aisle,76,1
P838,F616,530.99,Business,Economy,2,Airport Kiosk,Aisle,113,0
P839,F1460,519.93,Business,Economy,0,Mobile App,Aisle,75,0
P840,F138,540.68,Emergency,Economy,2,Mobile App,Aisle,59,0
P841,F1177,374.66,Leisure,Economy,0,Desk,Middle,11,0
P842,F1560,367.99,Business,Premium Economy,0,Online,Window,43,0
P843,F713,412.07,Emergency,First,0,Airport Kiosk,Aisle,18,0
P844,F859,439.66,Business,Business,1,Mobile App,Aisle,31,0
P845,F73,424.9,Emergency,Economy,0,Mobile App,Middle,79,0
P846,F1417,364.76,Emergency,Premium Economy,0,Airport Kiosk,Aisle,25,0
P847,F1011,392.66,Emergency,Economy,0,Airport Kiosk,Aisle,48,0
P848,F1968,351.79,Leisure,Economy,0,Airport Kiosk,Middle,3,0
P849,F340,165.88,Emergency,Economy,2,Online,Window,37,0
P850,F1425,427.19,Family,Economy,4,Mobile App,Middle,46,0
P851,F109,167.03,Family,Economy,2,Mobile App,Middle,40,0
P852,F165,274.24,Leisure,Economy,1,Airport Kiosk,Middle,108,1
P853,F1472,138.41,Emergency,Business,0,Desk,Window,110,0
P854,F547,296.39,Family,Economy,3,Desk,Aisle,40,0
P855,F577,454.02,Family,Economy,1,Airport Kiosk,Aisle,119,0
P856,F1420,351.9,Emergency,Economy,1,Online,Window,5,0
P857,F1853,557.84,Leisure,Economy,1,Airport Kiosk,Middle,113,0
P858,F1999,345.52,Leisure,Economy,0,Desk,Window,15,1
P859,F888,336.12,Leisure,Economy,1,Desk,Window,16,0
P860,F1159,383.8,Family,Premium Economy,0,Online,Middle,74,0
P861,F932,282.6,Emergency,Economy,1,Desk,Aisle,32,0
P862,F154,111.19,Leisure,Economy,2,Mobile App,Middle,69,0
P863,F1837,294.08,Emergency,Economy,1,Mobile App,Aisle,12,0
P864,F796,304.39,Business,Economy,0,Airport Kiosk,Window,16,0
P865,F688,469.69,Emergency,First,0,Airport Kiosk,Aisle,80,0
P866,F279,425.31,Emergency,Economy,0,Airport Kiosk,Middle,16,0
P867,F392,270.67,Business,Economy,1,Desk,Aisle,50,0
P868,F1525,336.9,Business,Economy,0,Airport Kiosk,Window,115,0
P869,F403,210.95,Business,Economy,3,Mobile App,Aisle,77,0
P870,F1563,325.59,Business,Premium Economy,1,Mobile App,Middle,108,0
P871,F228,433.13,Business,First,0,Mobile App,Window,48,0
P872,F1627,275.78,Business,Premium Economy,0,Desk,Aisle,58,0
P873,F1577,400.72,Emergency,Economy,0,Online,Middle,13,0
P874,F144,301.62,Business,Economy,1,Desk,Window,47,0
P875,F303,510.97,Family,Economy,0,Desk,Middle,10,0
P876,F239,435.46,Emergency,Business,0,Mobile App,Aisle,53,0
P877,F747,431.93,Emergency,Business,0,Mobile App,Middle,55,0
P878,F934,177.6,Family,Business,1,Online,Aisle,17,0
P879,F782,447.25,Family,Economy,1,Desk,Middle,51,0
P880,F177,348.02,Leisure,Economy,1,Desk,Aisle,100,0
P881,F855,272.67,Emergency,Business,1,Online,Window,14,0
P882,F1095,321.09,Leisure,Premium Economy,0,Online,Window,25,0
P883,F406,371.2,Leisure,Business,1,Mobile App,Window,56,0
P884,F1226,260.53,Emergency,Economy,1,Online,Middle,58,0
P885,F840,557.77,Leisure,Premium Economy,0,Mobile App,Aisle,65,0
P886,F55,277.07,Leisure,Economy,1,Desk,Window,21,0
P887,F1874,407.07,Leisure,Economy,0,Mobile App,Middle,11,0
P888,F1485,233.56,Emergency,Economy,1,Online,Window,63,0
P889,F1508,417.04,Leisure,Economy,1,Airport Kiosk,Window,69,0
P890,F965,291.35,Family,Business,2,Online,Window,22,0
P891,F1307,468.42,Business,Economy,2,Airport Kiosk,Aisle,61,0
P892,F914,277.79,Emergency,First,1,Desk,Middle,35,0
P893,F1699,302.81,Leisure,Premium Economy,1,Mobile App,Middle,109,0
P894,F1881,396.57,Family,Premium Economy,0,Airport Kiosk,Aisle,87,0
P895,F1481,376.91,Emergency,Business,0,Desk,Window,62,0
P896,F904,294.29,Emergency,Premium Economy,0,Online,Aisle,65,0
P897,F1949,244.44,Family,Economy,1,Airport Kiosk,Aisle,43,0
P898,F159,397.99,Family,Business,1,Desk,Window,83,0
P899,F1684,418.35,Business,Economy,1,Online,Window,2,0
P900,F130,375.9,Leisure,Premium Economy,1,Desk,Middle,26,0
P901,F1377,234.98,Business,Business,0,Airport Kiosk,Window,108,0
P902,F1956,410.73,Family,Premium Economy,1,Mobile App,Middle,58,1
P903,F801,308.48,Business,Premium Economy,2,Airport Kiosk,Middle,45,0
P904,F1501,144.54,Emergency,Economy,1,Airport Kiosk,Window,105,0
P905,F1233,342.62,Leisure,Economy,1,Desk,Window,13,1
P906,F82,358.13,Leisure,Economy,1,Airport Kiosk,Aisle,26,0
P907,F1649,373.68,Family,Economy,2,Online,Middle,114,0
P908,F492,375.75,Emergency,Economy,1,Online,Middle,112,0
P909,F737,452.19,Business,Economy,1,Airport Kiosk,Middle,94,0
P910,F589,262.67,Family,Economy,0,Mobile App,Middle,80,0
P911,F197,316.22,Family,Premium Economy,2,Desk,Aisle,45,0
P912,F1036,123.3,Business,First,1,Airport Kiosk,Middle,31,0
P913,F845,446.34,Emergency,First,2,Mobile App,Window,30,0
P914,F1479,275.26,Family,Premium Economy,0,Desk,Aisle,37,0
P915,F728,299.27,Leisure,Business,1,Airport Kiosk,Middle,102,0
P916,F664,607.32,Family,Economy,2,Desk,Middle,51,0
P917,F1041,312.79,Emergency,Business,1,Desk,Window,43,0
P918,F393,487.86,Emergency,Economy,1,Mobile App,Middle,89,0
P919,F202,373.2,Leisure,Premium Economy,1,Mobile App,Window,110,0
P920,F683,354.61,Business,Premium Economy,2,Desk,Window,18,0
P921,F696,359.12,Leisure,Economy,3,Mobile App,Middle,13,0
P922,F165,243.62,Leisure,Economy,2,Airport Kiosk,Middle,110,0
P923,F1033,515.17,Business,Economy,0,Desk,Window,60,0
P924,F779,306.35,Business,Economy,0,Airport Kiosk,Aisle,17,0
P925,F1133,393.62,Business,Economy,1,Mobile App,Middle,70,0
P926,F98,365.8,Leisure,Economy,0,Mobile App,Aisle,16,0
P927,F321,312.91,Leisure,Economy,1,Online,Aisle,42,0
P928,F365,379.76,Leisure,Economy,1,Desk,Window,48,0
P929,F1235,476.94,Business,Economy,0,Mobile App,Aisle,28,1
P930,F1179,389.24,Family,Economy,2,Mobile App,Middle,75,0
P931,F467,377.31,Leisure,First,0,Online,Window,4,0
P932,F1261,502.83,Emergency,Economy,0,Desk,Middle,74,1
P933,F1078,469.74,Leisure,Economy,0,Online,Window,64,0
P934,F349,291.67,Family,Business,1,Desk,Window,38,1
P935,F889,338.02,Business,Economy,0,Mobile App,Middle,64,0
P936,F133,488.26,Family,Economy,2,Mobile App,Window,32,0
P937,F1538,458.92,Business,Economy,3,Desk,Middle,43,0
P938,F697,555.76,Leisure,Economy,0,Desk,Middle,59,0
P939,F119,388.95,Emergency,Economy,0,Mobile App,Middle,74,0
P940,F1945,338.9,Family,Economy,2,Online,Middle,66,0
P941,F1862,421.85,Family,Economy,2,Airport Kiosk,Window,16,1
P942,F1839,297.32,Leisure,Premium Economy,2,Mobile App,Window,63,0
P943,F616,158.61,Business,Economy,0,Online,Aisle,109,0
P944,F889,319.54,Business,Economy,1,Mobile App,Window,71,0
P945,F1832,390.44,Business,Premium Economy,4,Mobile App,Aisle,47,0
P946,F67,313.14,Emergency,Economy,0,Online,Middle,105,0
P947,F1270,455.31,Business,Economy,2,Desk,Window,33,0
P948,F430,371.43,Business,Premium Economy,1,Online,Window,96,0
P949,F1355,318.63,Leisure,Business,0,Mobile App,Aisle,73,0
P950,F422,280.39,Leisure,Economy,2,Desk,Aisle,51,0
P951,F1312,296.5,Family,Business,2,Online,Middle,85,0
P952,F28,330.84,Emergency,Premium Economy,1,Mobile App,Aisle,50,0
P953,F1619,352.17,Business,Business,0,Online,Aisle,15,0
P954,F1503,271.74,Emergency,Economy,1,Mobile App,Middle,28,0
P955,F1453,251.5,Family,First,0,Airport Kiosk,Middle,64,0
P956,F1715,351.82,Emergency,Business,1,Mobile App,Window,92,0
P957,F412,229.67,Emergency,Premium Economy,0,Desk,Window,72,0
P958,F308,453.6,Family,Premium Economy,2,Online,Aisle,44,0
P959,F1293,381.75,Business,First,2,Online,Aisle,95,0
P960,F504,483.6,Emergency,Economy,3,Mobile App,Aisle,57,1
P961,F450,232.26,Family,Economy,1,Desk,Middle,118,0
P962,F410,495.68,Emergency,Business,0,Online,Window,65,0
P963,F366,398.56,Emergency,First,0,Mobile App,Middle,50,0
P964,F60,360.85,Emergency,Economy,3,Online,Middle,53,1
P965,F613,431.44,Business,First,0,Airport Kiosk,Middle,16,0
P966,F1063,218.75,Family,Premium Economy,0,Airport Kiosk,Aisle,42,0
P967,F1414,362.75,Leisure,Economy,3,Mobile App,Window,97,0
P968,F1359,322.62,Family,Business,2,Online,Aisle,80,0
P969,F1747,529.26,Family,Economy,3,Mobile App,Window,7,0
P970,F1510,317.34,Business,Business,0,Airport Kiosk,Aisle,68,0
P971,F566,189.5,Business,Economy,0,Desk,Aisle,95,1
P972,F114,542.81,Emergency,Economy,2,Online,Middle,118,0
P973,F681,363.81,Family,First,1,Online,Window,103,0
P974,F566,422.84,Business,Economy,2,Desk,Middle,8,0
P975,F1083,455.71,Leisure,Economy,2,Online,Middle,109,1
P976,F284,318.15,Business,Business,0,Online,Aisle,25,0
P977,F1452,191.55,Family,Business,0,Mobile App,Aisle,70,0
P978,F621,222.45,Business,Premium Economy,1,Desk,Middle,82,0
P979,F145,464.94,Business,Economy,0,Online,Window,2,0
P980,F36,305.49,Leisure,First,1,Online,Window,89,0
P981,F1631,266.13,Emergency,Economy,0,Airport Kiosk,Window,74,0
P982,F1639,337.58,Emergency,Economy,0,Airport Kiosk,Window,57,0
P983,F392,301.23,Family,Economy,0,Airport Kiosk,Middle,20,0
P984,F989,367.95,Business,Premium Economy,1,Mobile App,Aisle,66,0
P985,F285,174.0,Family,Premium Economy,0,Desk,Middle,57,0
P986,F818,365.31,Leisure,Economy,3,Desk,Middle,39,0
P987,F1939,519.31,Leisure,Business,1,Mobile App,Middle,95,0
P988,F1371,343.79,Business,Economy,0,Airport Kiosk,Middle,1,0
P989,F819,332.75,Family,Economy,2,Desk,Aisle,25,0
P990,F1466,419.36,Family,Economy,1,Desk,Aisle,104,0
P991,F685,351.6,Emergency,Economy,2,Desk,Window,77,0
P992,F1648,345.06,Family,Economy,0,Airport Kiosk,Middle,13,0
P993,F1245,384.22,Family,Business,3,Desk,Window,77,0
P994,F1751,379.31,Emergency,First,1,Mobile App,Aisle,60,0
P995,F1090,329.28,Family,Economy,1,Online,Aisle,108,0
P996,F627,92.76,Emergency,Economy,0,Online,Aisle,22,1
P997,F1977,365.28,Emergency,Business,2,Online,Aisle,45,0
P998,F1025,346.85,Leisure,Economy,0,Online,Aisle,89,0
P999,F1039,484.7,Business,Economy,0,Desk,Window,85,0
P1000,F744,194.28,Emergency,First,0,Airport Kiosk,Window,70,1
P1001,F633,479.42,Business,Premium Economy,1,Desk,Middle,80,0
P1002,F1582,581.93,Business,Business,0,Online,Window,39,0
P1003,F623,387.43,Leisure,Economy,0,Mobile App,Aisle,118,0
P1004,F502,294.09,Emergency,Economy,0,Mobile App,Aisle,47,0
P1005,F1658,450.09,Leisure,Premium Economy,1,Airport Kiosk,Middle,56,0
P1006,F98,326.53,Family,Economy,0,Online,Aisle,97,0
P1007,F1561,219.69,Emergency,Economy,1,Airport Kiosk,Window,42,0
P1008,F2000,449.29,Business,Economy,1,Online,Window,60,0
P1009,F958,370.25,Leisure,Premium Economy,1,Online,Middle,80,0
P1010,F106,351.2,Emergency,Economy,2,Desk,Middle,10,0
P1011,F121,324.05,Emergency,Economy,1,Mobile App,Middle,48,1
P1012,F640,350.83,Leisure,Premium Economy,1,Online,Window,63,0
P1013,F1969,436.02,Family,Premium Economy,1,Desk,Window,94,0
P1014,F473,150.03,Leisure,Economy,2,Airport Kiosk,Middle,113,0
P1015,F872,164.61,Emergency,First,3,Online,Middle,82,1
P1016,F1200,311.5,Family,First,3,Desk,Aisle,109,0
P1017,F1526,392.62,Business,Economy,1,Mobile App,Middle,32,0
P1018,F1090,381.81,Business,Economy,2,Desk,Window,68,0
P1019,F805,340.95,Leisure,Premium Economy,1,Online,Aisle,104,0
P1020,F1797,172.73,Leisure,Economy,1,Airport Kiosk,Window,30,0
P1021,F995,331.55,Business,Economy,2,Mobile App,Window,93,0
P1022,F1359,334.49,Leisure,Economy,0,Airport Kiosk,Window,31,0
P1023,F976,429.51,Emergency,Premium Economy,0,Online,Aisle,42,0
P1024,F675,427.96,Family,Business,1,Online,Window,100,0
P1025,F1143,312.68,Emergency,First,2,Desk,Window,34,0
P1026,F2000,445.66,Business,Business,2,Online,Window,20,0
P1027,F512,454.21,Leisure,Economy,0,Desk,Window,109,0
P1028,F1493,480.35,Family,Premium Economy,1,Mobile App,Aisle,65,0
P1029,F1108,583.53,Family,Economy,2,Online,Aisle,51,0
P1030,F1862,337.08,Emergency,Premium Economy,0,Desk,Middle,72,0
P1031,F569,391.29,Emergency,Economy,0,Online,Window,9,1
P1032,F933,281.94,Family,Premium Economy,4,Online,Window,14,0
P1033,F817,463.13,Emergency,First,1,Mobile App,Window,29,0
P1034,F199,303.19,Business,Economy,1,Airport Kiosk,Aisle,21,0
P1035,F1670,416.65,Family,Economy,2,Online,Window,31,0
P1036,F168,312.88,Business,Economy,0,Online,Middle,111,0
P1037,F1930,306.42,Business,Economy,1,Desk,Window,115,0
P1038,F1062,397.03,Business,Premium Economy,3,Desk,Window,9,0
P1039,F637,391.42,Business,Economy,1,Mobile App,Window,29,0
P1040,F935,275.32,Family,Economy,0,Airport Kiosk,Middle,62,0
P1041,F1409,342.74,Leisure,Economy,0,Mobile App,Aisle,39,0
P1042,F120,407.4,Emergency,Economy,1,Mobile App,Aisle,95,0
P1043,F1572,379.24,Emergency,Economy,1,Desk,Window,37,0
P1044,F1542,305.01,Business,Economy,2,Online,Middle,2,0
P1045,F1615,444.49,Emergency,Business,2,Mobile App,Middle,31,1
P1046,F284,284.9,Leisure,Economy,0,Desk,Window,16,0
P1047,F1060,439.68,Emergency,Economy,0,Airport Kiosk,Middle,88,1
P1048,F1428,289.54,Emergency,Premium Economy,3,Mobile App,Window,32,0
P1049,F185,383.35,Family,Economy,1,Online,Middle,92,0
P1050,F1561,543.46,Business,Premium Economy,1,Mobile App,Middle,29,0
P1051,F1918,216.2,Family,Economy,0,Mobile App,Middle,103,1
P1052,F299,288.82,Business,Premium Economy,1,Airport Kiosk,Middle,50,0
P1053,F645,367.12,Leisure,Economy,0,Online,Aisle,61,0
P1054,F865,351.76,Emergency,Economy,0,Online,Aisle,3,0
P1055,F834,406.1,Family,Economy,3,Desk,Aisle,11,0
P1056,F242,197.82,Leisure,Premium Economy,0,Airport Kiosk,Aisle,71,0
P1057,F1372,346.24,Leisure,Premium Economy,2,Airport Kiosk,Middle,50,0
P1058,F12,290.83,Leisure,First,2,Online,Window,0,0
P1059,F1455,325.96,Leisure,Economy,3,Airport Kiosk,Aisle,70,0
P1060,F919,342.42,Business,Economy,1,Mobile App,Aisle,3,0
P1061,F1309,401.1,Leisure,Economy,2,Mobile App,Aisle,42,0
P1062,F1275,258.89,Leisure,Economy,2,Mobile App,Window,39,0
P1063,F388,345.16,Business,Economy,1,Online,Window,93,0
P1064,F733,301.56,Business,Economy,5,Desk,Aisle,112,0
P1065,F1125,278.39,Business,Premium Economy,0,Online,Aisle,13,0
P1066,F1308,367.02,Business,Business,0,Online,Aisle,35,1
P1067,F271,378.81,Leisure,Economy,1,Mobile App,Window,113,0
P1068,F1909,353.13,Leisure,Economy,3,Online,Middle,60,0
P1069,F20,310.63,Emergency,First,1,Airport Kiosk,Aisle,58,0
P1070,F1140,403.41,Family,Economy,1,Mobile App,Aisle,73,0
P1071,F1349,243.07,Emergency,Economy,2,Airport Kiosk,Window,4,0
P1072,F886,343.76,Emergency,Economy,2,Mobile App,Aisle,92,0
P1073,F1775,373.53,Leisure,Economy,0,Mobile App,Aisle,99,0
P1074,F1959,562.25,Business,Economy,1,Online,Middle,55,0
P1075,F175,321.04,Leisure,Economy,0,Desk,Aisle,13,0
P1076,F5,308.34,Family,Premium Economy,0,Online,Middle,53,0
P1077,F607,359.89,Emergency,Economy,0,Mobile App,Middle,45,0
P1078,F704,243.12,Leisure,Premium Economy,1,Online,Middle,90,0
P1079,F1574,466.67,Business,Economy,1,Airport Kiosk,Aisle,43,0
P1080,F864,487.25,Leisure,Premium Economy,2,Online,Window,93,0
P1081,F385,389.87,Leisure,Economy,0,Mobile App,Aisle,30,0
P1082,F851,332.21,Emergency,Business,0,Desk,Window,118,0
P1083,F1817,334.1,Leisure,First,1,Desk,Aisle,70,0
P1084,F615,534.76,Business,Premium Economy,2,Mobile App,Middle,52,0
P1085,F1574,385.9,Emergency,Economy,0,Mobile App,Middle,33,0
P1086,F956,248.08,Family,Economy,2,Mobile App,Window,116,0
P1087,F1842,663.44,Family,Business,0,Desk,Middle,36,0
P1088,F1298,419.15,Family,Economy,0,Mobile App,Aisle,66,0
P1089,F1216,323.06,Family,Premium Economy,1,Desk,Window,93,0
P1090,F560,349.78,Emergency,Economy,1,Desk,Middle,7,1
P1091,F569,384.31,Family,Economy,1,Desk,Window,47,0
P1092,F121,433.92,Emergency,Economy,1,Desk,Window,104,0
P1093,F610,267.32,Emergency,Economy,1,Airport Kiosk,Aisle,17,0
P1094,F391,410.71,Leisure,Economy,0,Desk,Middle,68,0
P1095,F890,284.28,Emergency,Economy,2,Desk,Aisle,48,0
P1096,F1619,272.8,Business,Economy,4,Airport Kiosk,Middle,116,0
P1097,F900,323.0,Leisure,Economy,3,Mobile App,Aisle,91,0
P1098,F1276,392.55,Leisure,Business,0,Mobile App,Window,76,0
P1099,F1039,262.45,Business,Premium Economy,0,Desk,Aisle,78,0
P1100,F1122,248.01,Emergency,Economy,2,Desk,Middle,108,0
P1101,F589,425.09,Leisure,Premium Economy,0,Airport Kiosk,Middle,43,0
P1102,F1099,467.13,Emergency,Premium Economy,1,Airport Kiosk,Middle,17,0
P1103,F1588,369.1,Business,Economy,2,Mobile App,Aisle,80,0
P1104,F1552,403.28,Business,Economy,1,Desk,Aisle,30,0
P1105,F832,130.83,Business,Business,0,Mobile App,Aisle,103,0
P1106,F1010,274.6,Leisure,Premium Economy,3,Online,Window,77,0
P1107,F1145,393.07,Emergency,Economy,4,Online,Aisle,50,0
P1108,F724,437.76,Family,Economy,0,Airport Kiosk,Middle,6,0
P1109,F1953,420.09,Family,Business,0,Airport Kiosk,Window,74,0
P1110,F836,323.55,Business,Economy,2,Desk,Middle,74,0
P1111,F1542,432.21,Leisure,Economy,0,Online,Middle,78,0
P1112,F645,383.96,Business,Economy,1,Airport Kiosk,Aisle,30,0
P1113,F1222,407.41,Business,Business,0,Online,Window,83,0
P1114,F1852,271.66,Business,Premium Economy,1,Airport Kiosk,Window,60,0
P1115,F1728,217.02,Leisure,Premium Economy,2,Mobile App,Aisle,14,0
P1116,F1595,464.9,Leisure,Premium Economy,0,Online,Window,47,0
P1117,F1737,331.91,Business,Premium Economy,2,Desk,Middle,1,0
P1118,F1569,387.59,Leisure,First,1,Mobile App,Aisle,50,0
P1119,F1594,259.91,Leisure,Economy,2,Mobile App,Window,46,1
P1120,F500,277.88,Emergency,Premium Economy,2,Desk,Aisle,39,0
P1121,F1649,416.63,Business,Economy,0,Desk,Aisle,0,0
P1122,F1090,246.31,Family,Economy,3,Desk,Aisle,66,0
P1123,F920,265.91,Business,Premium Economy,2,Desk,Window,111,0
P1124,F526,132.64,Family,Economy,1,Online,Middle,56,0
P1125,F1557,382.08,Business,Economy,1,Mobile App,Aisle,74,0
P1126,F1519,230.82,Leisure,Economy,3,Airport Kiosk,Aisle,28,0
P1127,F1358,494.76,Leisure,Premium Economy,1,Desk,Middle,75,0
P1128,F631,314.98,Business,Premium Economy,2,Online,Middle,2,0
P1129,F959,150.83,Business,Premium Economy,0,Desk,Aisle,30,0
P1130,F1466,346.91,Business,Economy,1,Desk,Window,49,0
P1131,F1552,333.71,Family,Business,1,Online,Middle,101,0
P1132,F1309,383.02,Business,Premium Economy,1,Online,Window,113,0
P1133,F1130,377.61,Leisure,Premium Economy,0,Desk,Window,111,0
P1134,F276,406.27,Business,Premium Economy,1,Airport Kiosk,Aisle,22,0
P1135,F497,457.76,Business,Business,2,Desk,Middle,71,0
P1136,F1868,298.88,Business,Economy,1,Mobile App,Middle,84,0
P1137,F1365,480.42,Business,Economy,1,Online,Window,79,0
P1138,F940,222.97,Family,Economy,0,Airport Kiosk,Aisle,4,0
P1139,F244,421.04,Emergency,Premium Economy,0,Mobile App,Middle,70,0
P1140,F541,280.88,Family,Economy,0,Mobile App,Window,38,0
P1141,F249,329.79,Business,Business,0,Mobile App,Window,52,0
P1142,F83,265.05,Business,Economy,0,Desk,Middle,90,0
P1143,F1959,359.02,Family,Economy,0,Mobile App,Window,36,0
P1144,F1150,325.11,Business,Economy,1,Airport Kiosk,Window,83,0
P1145,F1199,387.23,Emergency,Economy,0,Online,Window,13,0
P1146,F875,348.79,Business,Economy,0,Airport Kiosk,Middle,1,0
P1147,F1575,371.79,Family,Economy,0,Desk,Window,37,0
P1148,F208,345.65,Business,Economy,0,Mobile App,Window,109,0
P1149,F336,316.18,Emergency,Economy,1,Airport Kiosk,Window,50,0
P1150,F166,233.42,Emergency,Premium Economy,0,Airport Kiosk,Window,77,0
P1151,F1306,469.88,Leisure,Premium Economy,0,Mobile App,Aisle,103,0
P1152,F1970,357.17,Emergency,Business,0,Airport Kiosk,Middle,5,0
P1153,F407,412.13,Business,Economy,1,Online,Aisle,106,0
P1154,F1477,278.14,Family,Economy,2,Desk,Middle,14,0
P1155,F794,354.44,Business,Premium Economy,1,Airport Kiosk,Window,79,0
P1156,F731,259.65,Business,Business,1,Online,Aisle,47,0
P1157,F1006,287.2,Leisure,Economy,1,Online,Aisle,109,0
P1158,F775,301.84,Family,Economy,0,Airport Kiosk,Aisle,63,0
P1159,F211,457.56,Family,Economy,1,Online,Middle,91,0
P1160,F1648,352.75,Leisure,Premium Economy,1,Online,Middle,46,0
P1161,F328,336.76,Family,Economy,2,Online,Middle,73,0
P1162,F290,303.35,Emergency,Economy,1,Mobile App,Aisle,84,0
P1163,F128,353.38,Leisure,Economy,2,Airport Kiosk,Window,72,0
P1164,F1371,323.69,Emergency,Business,0,Desk,Window,42,0
P1165,F1833,306.95,Emergency,Economy,1,Mobile App,Window,13,0
P1166,F673,265.68,Family,Economy,3,Online,Window,82,0
P1167,F1863,368.99,Business,Economy,3,Online,Middle,87,0
P1168,F1433,230.95,Leisure,Premium Economy,1,Desk,Aisle,17,0
P1169,F1871,279.48,Leisure,Economy,2,Desk,Aisle,31,0
P1170,F655,314.7,Family,Economy,3,Mobile App,Window,57,1
P1171,F801,226.84,Leisure,Economy,1,Airport Kiosk,Window,52,0
P1172,F1741,381.24,Emergency,Economy,1,Online,Aisle,32,0
P1173,F1127,262.47,Family,Economy,3,Airport Kiosk,Aisle,49,0
P1174,F1936,224.61,Family,Economy,3,Mobile App,Aisle,49,0
P1175,F1384,196.42,Business,First,0,Desk,Aisle,17,0
P1176,F633,262.3,Family,First,0,Mobile App,Window,100,0
P1177,F755,448.53,Family,Premium Economy,0,Mobile App,Aisle,101,0
P1178,F1894,270.71,Family,Premium Economy,1,Mobile App,Middle,2,0
P1179,F950,330.55,Business,Premium Economy,0,Airport Kiosk,Middle,109,0
P1180,F1048,467.51,Leisure,Economy,1,Mobile App,Window,58,0
P1181,F171,301.97,Leisure,Business,0,Airport Kiosk,Aisle,24,0
P1182,F1043,243.35,Leisure,Economy,0,Airport Kiosk,Aisle,76,0
P1183,F1540,425.23,Business,Premium Economy,2,Airport Kiosk,Window,66,0
P1184,F1350,227.94,Emergency,Economy,0,Online,Aisle,45,0
P1185,F1777,421.47,Business,Economy,0,Desk,Middle,81,0
P1186,F1702,363.9,Emergency,Premium Economy,0,Desk,Window,94,0
P1187,F1170,428.61,Business,Business,2,Mobile App,Aisle,57,0
P1188,F774,217.54,Leisure,Economy,0,Airport Kiosk,Window,66,0
P1189,F597,308.81,Family,Premium Economy,0,Desk,Window,80,0
P1190,F647,360.25,Leisure,Economy,1,Desk,Aisle,73,0
P1191,F415,146.08,Family,Premium Economy,0,Mobile App,Aisle,109,0
P1192,F1814,425.78,Family,Economy,2,Desk,Aisle,27,0
P1193,F1665,357.44,Leisure,Economy,0,Mobile App,Aisle,92,0
P1194,F1791,364.99,Leisure,Economy,0,Desk,Window,34,0
P1195,F1890,401.72,Business,Economy,0,Airport Kiosk,Window,51,0
P1196,F864,498.95,Business,Economy,3,Online,Aisle,112,0
P1197,F1170,302.57,Leisure,Economy,0,Online,Aisle,54,0
P1198,F676,443.74,Emergency,Economy,1,Desk,Window,72,0
P1199,F1054,396.6,Business,Economy,1,Desk,Aisle,4,0
P1200,F1249,385.19,Family,Premium Economy,1,Mobile App,Middle,33,0
P1201,F954,296.96,Leisure,Economy,0,Desk,Window,84,0
P1202,F1364,163.07,Emergency,Business,0,Desk,Middle,48,0
P1203,F828,232.11,Business,Premium Economy,0,Online,Middle,40,0
P1204,F1229,376.61,Leisure,Premium Economy,1,Airport Kiosk,Window,48,0
P1205,F1717,360.52,Business,Economy,0,Desk,Window,38,0
P1206,F1444,373.72,Family,Economy,2,Online,Middle,78,0
P1207,F1844,427.66,Business,Economy,1,Airport Kiosk,Window,27,0
P1208,F1665,376.79,Emergency,Economy,0,Airport Kiosk,Window,40,0
P1209,F1876,419.13,Family,Business,2,Airport Kiosk,Aisle,90,0
P1210,F871,422.7,Emergency,Economy,2,Online,Aisle,69,0
P1211,F1043,327.65,Emergency,Premium Economy,2,Airport Kiosk,Window,53,0
P1212,F1856,288.45,Business,Economy,2,Desk,Middle,83,0
P1213,F636,332.16,Business,Economy,1,Desk,Aisle,34,0
P1214,F1282,387.33,Family,Premium Economy,1,Desk,Aisle,81,0
P1215,F936,374.51,Business,Economy,0,Online,Window,32,0
P1216,F578,419.44,Business,Premium Economy,2,Airport Kiosk,Aisle,37,0
P1217,F48,220.66,Family,Business,2,Airport Kiosk,Middle,61,0
P1218,F441,440.04,Emergency,Premium Economy,0,Desk,Middle,118,0
P1219,F1214,463.42,Business,Economy,2,Mobile App,Middle,66,0
P1220,F840,373.57,Emergency,Economy,1,Airport Kiosk,Aisle,97,0
P1221,F1949,300.44,Emergency,Business,1,Mobile App,Aisle,36,0
P1222,F315,357.08,Emergency,Economy,2,Airport Kiosk,Window,116,0
P1223,F502,295.0,Business,Economy,0,Online,Window,110,1
P1224,F1666,370.75,Leisure,Economy,1,Mobile App,Aisle,108,0
P1225,F1726,319.53,Family,Business,1,Airport Kiosk,Middle,24,0
P1226,F1771,346.46,Leisure,Economy,0,Online,Window,68,0
P1227,F1595,449.85,Emergency,Business,1,Mobile App,Middle,102,0
P1228,F1313,347.69,Business,Premium Economy,3,Airport Kiosk,Aisle,102,0
P1229,F1853,200.01,Leisure,Economy,0,Desk,Window,2,0
P1230,F1495,399.62,Business,Economy,0,Airport Kiosk,Window,111,0
P1231,F1694,443.94,Business,Business,0,Online,Aisle,105,1
P1232,F1706,450.47,Leisure,Premium Economy,0,Desk,Aisle,57,0
P1233,F1119,430.86,Leisure,Premium Economy,2,Airport Kiosk,Middle,99,0
P1234,F1017,298.41,Business,First,1,Desk,Aisle,54,0
P1235,F1120,173.66,Family,Premium Economy,1,Mobile App,Middle,59,0
P1236,F1347,377.93,Family,Economy,0,Desk,Middle,61,0
P1237,F1537,331.55,Family,Business,1,Airport Kiosk,Window,57,0
P1238,F1617,226.02,Emergency,Business,3,Online,Aisle,104,0
P1239,F187,429.53,Emergency,Business,1,Airport Kiosk,Middle,113,0
P1240,F1585,351.28,Leisure,Economy,0,Desk,Window,58,0
P1241,F1041,364.17,Business,Premium Economy,0,Airport Kiosk,Window,12,0
P1242,F346,164.61,Family,Economy,1,Airport Kiosk,Window,26,0
P1243,F931,384.59,Family,Economy,0,Mobile App,Middle,101,0
P1244,F1337,301.47,Emergency,Economy,0,Airport Kiosk,Middle,62,0
P1245,F247,534.5,Family,Economy,0,Desk,Window,97,0
P1246,F1590,347.06,Emergency,Economy,2,Mobile App,Middle,93,0
P1247,F1754,323.78,Business,Economy,0,Mobile App,Aisle,86,0
P1248,F1595,272.78,Business,Economy,1,Desk,Window,6,0
P1249,F664,266.28,Family,Premium Economy,0,Mobile App,Middle,32,0
P1250,F114,334.27,Emergency,Economy,1,Desk,Middle,16,0
P1251,F43,448.99,Business,Economy,1,Mobile App,Aisle,115,0
P1252,F113,346.18,Family,Economy,1,Mobile App,Middle,51,0
P1253,F91,325.46,Business,Economy,0,Desk,Window,3,0
P1254,F781,311.72,Family,Economy,0,Online,Middle,119,0
P1255,F1518,373.2,Leisure,First,0,Mobile App,Aisle,84,0
P1256,F1448,419.76,Emergency,Business,2,Online,Window,116,0
P1257,F1253,414.26,Business,Economy,0,Airport Kiosk,Middle,12,0
P1258,F1481,245.25,Family,Economy,2,Desk,Window,116,0
P1259,F1580,379.9,Family,Premium Economy,2,Desk,Window,17,0
P1260,F429,420.97,Emergency,Economy,1,Mobile App,Aisle,13,0
P1261,F1909,277.82,Emergency,Premium Economy,1,Airport Kiosk,Aisle,99,0
P1262,F395,495.58,Family,Economy,2,Mobile App,Aisle,2,0
P1263,F797,362.46,Emergency,Business,1,Desk,Aisle,14,0
P1264,F164,344.75,Emergency,Economy,1,Airport Kiosk,Window,41,0
P1265,F860,367.57,Emergency,Economy,0,Desk,Window,11,0
P1266,F1324,330.61,Family,Economy,3,Airport Kiosk,Aisle,63,0
P1267,F833,376.62,Business,Business,2,Mobile App,Middle,44,0
P1268,F102,277.89,Family,First,2,Mobile App,Middle,10,0
P1269,F1414,363.78,Family,Economy,1,Desk,Middle,15,0
P1270,F1749,160.92,Family,Business,2,Desk,Window,60,0
P1271,F675,260.27,Emergency,Economy,0,Mobile App,Middle,42,0
P1272,F1946,182.33,Emergency,Economy,1,Desk,Aisle,24,0
P1273,F1701,136.38,Family,Economy,1,Online,Middle,86,0
P1274,F1813,214.93,Leisure,Economy,1,Airport Kiosk,Aisle,50,0
P1275,F143,476.92,Family,Economy,0,Desk,Aisle,24,0
P1276,F1898,230.41,Emergency,Economy,4,Mobile App,Aisle,42,0
P1277,F1714,89.71,Emergency,Economy,1,Desk,Window,54,1
P1278,F1449,415.22,Emergency,Premium Economy,0,Mobile App,Aisle,73,0
P1279,F1679,551.15,Emergency,Premium Economy,0,Airport Kiosk,Aisle,107,0
P1280,F1464,260.41,Business,First,0,Desk,Middle,118,0
P1281,F1478,472.24,Leisure,Economy,1,Desk,Middle,88,0
P1282,F1809,407.44,Business,First,1,Airport Kiosk,Middle,44,0
P1283,F1327,356.22,Leisure,Economy,1,Desk,Middle,60,0
P1284,F1123,421.84,Emergency,Economy,1,Mobile App,Window,63,0
P1285,F66,467.61,Business,Premium Economy,3,Online,Window,83,1
P1286,F1966,502.83,Leisure,Business,0,Desk,Window,112,0
P1287,F645,478.26,Leisure,Economy,1,Airport Kiosk,Window,12,0
P1288,F1291,456.8,Emergency,Economy,1,Desk,Window,56,0
P1289,F176,461.13,Leisure,Economy,2,Airport Kiosk,Window,56,0
P1290,F1039,405.53,Business,Business,0,Online,Window,105,0
P1291,F1977,348.43,Family,Business,2,Desk,Middle,2,0
P1292,F609,300.58,Business,Economy,1,Desk,Middle,70,0
P1293,F911,227.76,Emergency,Economy,0,Desk,Window,34,0
P1294,F1215,441.9,Business,Economy,0,Desk,Middle,91,0
P1295,F235,433.82,Business,Business,1,Airport Kiosk,Aisle,73,0
P1296,F735,281.37,Family,Economy,0,Desk,Aisle,60,0
P1297,F1348,358.22,Family,Premium Economy,0,Mobile App,Aisle,30,0
P1298,F994,400.89,Emergency,Economy,2,Airport Kiosk,Window,80,0
P1299,F281,421.47,Business,Economy,1,Online,Middle,88,0
P1300,F134,438.69,Family,Economy,2,Airport Kiosk,Window,89,0
P1301,F1618,118.65,Family,Economy,1,Airport Kiosk,Middle,117,0
P1302,F495,254.47,Business,Business,1,Airport Kiosk,Aisle,68,0
P1303,F799,255.67,Emergency,Economy,0,Desk,Aisle,119,0
P1304,F653,505.07,Emergency,Business,0,Airport Kiosk,Middle,51,1
P1305,F1246,296.76,Emergency,Premium Economy,0,Online,Middle,57,0
P1306,F1464,389.01,Business,Economy,2,Airport Kiosk,Aisle,56,0
P1307,F1266,255.15,Business,Economy,3,Airport Kiosk,Aisle,79,0
P1308,F1002,481.17,Business,Economy,1,Mobile App,Middle,12,0
P1309,F1916,395.02,Leisure,Premium Economy,3,Mobile App,Window,113,0
P1310,F1476,300.09,Leisure,Business,2,Mobile App,Middle,20,0
P1311,F677,163.27,Emergency,Economy,0,Desk,Aisle,31,0
P1312,F1138,369.26,Family,Premium Economy,0,Mobile App,Window,50,0
P1313,F1377,432.16,Business,Economy,1,Desk,Middle,31,0
P1314,F22,362.32,Business,Economy,2,Mobile App,Middle,82,0
P1315,F625,314.26,Business,Economy,0,Desk,Aisle,26,0
P1316,F1145,422.38,Emergency,Economy,2,Mobile App,Middle,57,0
P1317,F1738,561.44,Family,Economy,1,Airport Kiosk,Middle,39,0
P1318,F803,369.87,Emergency,Premium Economy,0,Mobile App,Aisle,69,0
P1319,F463,371.24,Emergency,Business,2,Mobile App,Middle,94,0
P1320,F1354,285.82,Business,Economy,1,Airport Kiosk,Window,71,1
P1321,F446,505.06,Family,Premium Economy,1,Airport Kiosk,Middle,25,0
P1322,F1832,409.89,Business,Economy,0,Airport Kiosk,Middle,14,0
P1323,F1253,275.52,Family,Economy,1,Airport Kiosk,Aisle,59,1
P1324,F142,128.83,Family,Economy,0,Desk,Aisle,71,0
P1325,F1301,456.08,Business,Economy,0,Online,Window,115,0
P1326,F1875,234.57,Emergency,Economy,0,Online,Aisle,61,1
P1327,F1804,401.44,Emergency,Business,0,Desk,Window,59,0
P1328,F1808,384.11,Leisure,Economy,2,Desk,Aisle,117,0
P1329,F1584,526.83,Emergency,Economy,2,Desk,Window,30,0
P1330,F1759,272.04,Emergency,Premium Economy,2,Airport Kiosk,Aisle,1,0
P1331,F1049,376.95,Business,Economy,3,Airport Kiosk,Aisle,92,0
P1332,F720,261.19,Leisure,Premium Economy,0,Online,Aisle,85,0
P1333,F850,364.16,Emergency,Economy,3,Airport Kiosk,Window,10,0
P1334,F1363,368.62,Business,Premium Economy,1,Desk,Aisle,48,0
P1335,F882,524.27,Emergency,Economy,0,Mobile App,Window,72,0
P1336,F901,410.02,Emergency,Premium Economy,0,Desk,Middle,15,0
P1337,F868,353.7,Family,Economy,2,Airport Kiosk,Middle,11,0
P1338,F1473,217.31,Business,Economy,1,Mobile App,Middle,65,1
P1339,F1528,462.19,Family,Premium Economy,1,Online,Middle,52,0
P1340,F437,336.64,Business,Economy,1,Airport Kiosk,Window,85,0
P1341,F1678,461.53,Emergency,Premium Economy,1,Online,Window,106,0
P1342,F1026,350.42,Leisure,Economy,1,Desk,Window,33,0
P1343,F951,324.5,Family,Economy,1,Mobile App,Middle,31,0
P1344,F579,380.79,Business,Economy,0,Desk,Window,28,0
P1345,F433,309.2,Business,Premium Economy,1,Mobile App,Window,118,0
P1346,F1883,257.88,Leisure,Economy,0,Mobile App,Middle,119,0
P1347,F402,336.05,Emergency,Economy,1,Desk,Window,38,0
P1348,F1794,209.18,Leisure,Economy,0,Mobile App,Window,30,1
P1349,F1526,320.2,Leisure,Economy,1,Airport Kiosk,Middle,56,0
P1350,F937,266.33,Family,Premium Economy,1,Airport Kiosk,Middle,79,0
P1351,F1881,342.99,Family,Premium Economy,0,Mobile App,Middle,95,0
P1352,F667,423.26,Family,Economy,1,Airport Kiosk,Aisle,2,0
P1353,F1798,305.7,Family,Economy,2,Online,Middle,40,0
P1354,F94,310.57,Family,Economy,1,Online,Aisle,61,0
P1355,F1159,359.15,Business,Business,0,Desk,Aisle,12,0
P1356,F1326,477.14,Leisure,Economy,2,Desk,Window,85,0
P1357,F411,219.92,Leisure,Economy,1,Desk,Window,103,0
P1358,F548,373.72,Business,Economy,1,Desk,Middle,116,0
P1359,F1292,385.46,Business,Economy,1,Airport Kiosk,Aisle,26,0
P1360,F962,427.87,Business,Economy,1,Desk,Window,3,0
P1361,F146,327.02,Business,Economy,1,Desk,Aisle,91,0
P1362,F199,484.51,Leisure,Economy,1,Desk,Middle,42,0
P1363,F1103,132.05,Business,Economy,1,Online,Window,61,0
P1364,F689,368.68,Business,Business,1,Online,Middle,36,0
P1365,F193,283.95,Business,Business,1,Online,Window,92,0
P1366,F919,405.22,Emergency,Economy,0,Desk,Window,37,0
P1367,F339,378.41,Business,Premium Economy,0,Desk,Window,46,0
P1368,F1342,236.22,Emergency,Premium Economy,1,Mobile App,Middle,78,0
P1369,F1009,298.32,Emergency,Economy,1,Desk,Aisle,32,0
P1370,F1476,278.14,Leisure,Premium Economy,1,Mobile App,Aisle,0,0
P1371,F1772,335.11,Emergency,Economy,0,Desk,Middle,69,1
P1372,F1813,438.09,Emergency,Business,0,Mobile App,Aisle,15,0
P1373,F13,145.52,Family,Economy,1,Mobile App,Middle,16,0
P1374,F1826,492.8,Business,Business,1,Online,Window,81,0
P1375,F1350,232.54,Business,Economy,2,Desk,Middle,39,0
P1376,F1086,290.02,Emergency,First,3,Desk,Aisle,106,0
P1377,F151,362.52,Business,Business,1,Mobile App,Window,93,0
P1378,F475,612.01,Emergency,Economy,1,Desk,Window,117,0
P1379,F1490,195.79,Leisure,Economy,0,Desk,Aisle,53,0
P1380,F260,302.61,Family,Premium Economy,3,Airport Kiosk,Middle,68,0
P1381,F1850,464.48,Leisure,Economy,1,Online,Window,25,0
P1382,F1965,437.71,Business,Economy,0,Airport Kiosk,Middle,68,0
P1383,F136,508.83,Business,Economy,1,Mobile App,Aisle,45,0
P1384,F606,318.54,Leisure,Economy,0,Mobile App,Middle,4,0
P1385,F1315,375.98,Leisure,Economy,0,Mobile App,Middle,103,0
P1386,F1358,285.76,Emergency,Economy,1,Online,Aisle,109,0
P1387,F573,367.94,Family,Economy,2,Mobile App,Window,54,0
P1388,F727,331.05,Leisure,Economy,3,Online,Aisle,99,0
P1389,F221,405.98,Leisure,Premium Economy,1,Desk,Aisle,99,0
P1390,F419,380.9,Business,Economy,0,Online,Middle,112,0
P1391,F1463,671.86,Business,Economy,1,Airport Kiosk,Window,51,0
P1392,F1014,454.22,Business,Economy,0,Desk,Window,36,0
P1393,F414,467.4,Family,Business,0,Desk,Window,44,0
P1394,F1393,362.62,Emergency,First,2,Desk,Middle,9,0
P1395,F1111,441.06,Leisure,Economy,2,Desk,Window,66,0
P1396,F1140,276.49,Leisure,First,0,Online,Aisle,113,0
P1397,F1103,245.38,Emergency,Economy,2,Airport Kiosk,Window,70,0
P1398,F1314,471.27,Family,Premium Economy,0,Airport Kiosk,Middle,35,0
P1399,F326,507.62,Family,Premium Economy,0,Mobile App,Middle,23,0
P1400,F1706,381.28,Leisure,Business,1,Airport Kiosk,Aisle,13,0
P1401,F1954,276.17,Family,Premium Economy,1,Mobile App,Middle,75,0
P1402,F968,425.16,Leisure,Economy,0,Airport Kiosk,Aisle,90,0
P1403,F424,600.18,Emergency,Premium Economy,0,Online,Window,33,0
P1404,F1144,319.63,Emergency,Economy,1,Desk,Window,0,0
P1405,F412,333.53,Emergency,Economy,0,Mobile App,Aisle,49,0
P1406,F1870,397.28,Family,Business,2,Desk,Middle,3,0
P1407,F249,219.81,Emergency,Economy,0,Mobile App,Aisle,95,0
P1408,F1453,238.18,Family,Economy,0,Airport Kiosk,Window,23,0
P1409,F1927,388.31,Emergency,Premium Economy,0,Desk,Aisle,98,0
P1410,F323,295.22,Business,Economy,0,Desk,Middle,53,0
P1411,F1504,414.92,Leisure,Economy,1,Mobile App,Middle,6,0
P1412,F297,355.54,Business,First,0,Desk,Aisle,82,0
P1413,F811,444.49,Leisure,Economy,0,Online,Middle,93,0
P1414,F1038,364.1,Emergency,Economy,1,Online,Aisle,89,0
P1415,F1180,468.26,Emergency,Economy,0,Online,Window,25,0
P1416,F992,422.3,Business,Economy,0,Airport Kiosk,Aisle,51,0
P1417,F1321,300.82,Family,Economy,0,Online,Aisle,75,0
P1418,F863,196.46,Business,Economy,0,Airport Kiosk,Window,56,0
P1419,F1478,559.14,Family,First,0,Airport Kiosk,Window,84,0
P1420,F1558,467.69,Leisure,Economy,1,Desk,Window,93,0
P1421,F860,217.37,Business,Economy,2,Airport Kiosk,Window,68,0
P1422,F1916,330.25,Leisure,Economy,0,Mobile App,Window,20,0
P1423,F1161,224.71,Family,Business,2,Online,Window,55,0
P1424,F862,283.58,Emergency,Economy,1,Online,Aisle,80,0
P1425,F1264,446.97,Family,Economy,0,Airport Kiosk,Middle,49,1
P1426,F1643,346.22,Family,Business,2,Airport Kiosk,Window,108,0
P1427,F1625,246.76,Emergency,Business,0,Desk,Aisle,21,0
P1428,F220,231.09,Business,Economy,2,Desk,Middle,80,0
P1429,F1892,146.88,Family,Economy,1,Online,Middle,91,1
P1430,F1098,222.83,Emergency,Premium Economy,1,Mobile App,Window,48,0
P1431,F869,391.08,Business,Economy,0,Desk,Window,18,0
P1432,F87,345.78,Emergency,Economy,1,Mobile App,Aisle,77,0
P1433,F437,403.03,Emergency,Premium Economy,0,Desk,Middle,36,0
P1434,F1261,318.32,Leisure,Premium Economy,1,Online,Window,22,0
P1435,F736,373.24,Emergency,First,3,Airport Kiosk,Aisle,2,0
P1436,F1947,295.43,Emergency,Business,1,Airport Kiosk,Aisle,95,0
P1437,F1849,622.83,Family,Economy,1,Online,Aisle,78,0
P1438,F72,492.2,Family,Premium Economy,0,Mobile App,Middle,40,0
P1439,F1469,245.56,Leisure,Economy,2,Airport Kiosk,Window,31,0
P1440,F1616,352.18,Family,Economy,1,Desk,Window,35,0
P1441,F525,314.22,Business,Premium Economy,2,Airport Kiosk,Window,31,0
P1442,F680,242.12,Family,Economy,0,Mobile App,Window,109,0
P1443,F221,242.93,Emergency,Economy,0,Online,Aisle,91,0
P1444,F849,393.73,Business,Business,0,Airport Kiosk,Middle,17,0
P1445,F1644,611.31,Leisure,Premium Economy,1,Airport Kiosk,Window,108,0
P1446,F1849,448.17,Emergency,Premium Economy,0,Mobile App,Window,83,0
P1447,F1654,343.32,Emergency,Economy,1,Airport Kiosk,Middle,66,0
P1448,F41,334.91,Leisure,Economy,1,Mobile App,Middle,21,0
P1449,F1260,250.68,Emergency,First,1,Airport Kiosk,Aisle,98,1
P1450,F49,502.24,Emergency,Premium Economy,2,Mobile App,Middle,66,0
P1451,F848,222.93,Emergency,Economy,2,Airport Kiosk,Window,12,0
P1452,F1421,284.6,Family,Economy,2,Mobile App,Aisle,79,0
P1453,F1392,250.59,Business,Economy,0,Airport Kiosk,Window,95,0
P1454,F930,339.79,Emergency,Economy,4,Desk,Window,65,0
P1455,F1131,261.6,Family,Economy,1,Airport Kiosk,Aisle,19,0
P1456,F1862,529.2,Leisure,Economy,3,Desk,Aisle,92,0
P1457,F1601,295.01,Emergency,Economy,2,Mobile App,Aisle,42,0
P1458,F555,394.8,Emergency,Economy,1,Online,Window,60,0
P1459,F794,279.29,Leisure,Business,0,Online,Middle,23,0
P1460,F1249,416.13,Business,Premium Economy,0,Desk,Aisle,12,0
P1461,F1633,172.16,Business,Premium Economy,2,Online,Middle,8,0
P1462,F705,69.25,Business,Economy,2,Airport Kiosk,Middle,60,0
P1463,F443,264.83,Family,Economy,0,Online,Aisle,102,0
P1464,F1661,289.03,Leisure,Economy,2,Mobile App,Aisle,95,0
P1465,F764,389.94,Family,Economy,2,Mobile App,Aisle,76,0
P1466,F736,268.44,Family,Economy,0,Online,Middle,64,0
P1467,F1780,346.54,Emergency,Economy,0,Airport Kiosk,Window,65,0
P1468,F152,344.62,Business,Business,0,Mobile App,Aisle,4,0
P1469,F251,217.11,Leisure,Economy,0,Airport Kiosk,Middle,46,0
P1470,F1422,396.28,Business,Business,0,Airport Kiosk,Window,97,0
P1471,F1723,419.06,Emergency,Premium Economy,0,Airport Kiosk,Aisle,90,0
P1472,F1526,267.28,Business,Economy,0,Online,Aisle,12,0
P1473,F746,526.07,Emergency,Business,1,Mobile App,Aisle,7,0
P1474,F1198,196.39,Leisure,Economy,1,Airport Kiosk,Window,55,0
P1475,F1568,363.21,Family,Business,0,Desk,Middle,16,0
P1476,F1276,436.01,Business,Economy,2,Desk,Aisle,22,0
P1477,F376,316.83,Family,Business,3,Airport Kiosk,Middle,42,0
P1478,F1375,434.18,Family,Economy,0,Mobile App,Aisle,2,0
P1479,F955,296.29,Family,First,4,Airport Kiosk,Middle,70,0
P1480,F30,427.95,Emergency,Economy,1,Online,Middle,81,0
P1481,F1803,274.94,Family,Economy,0,Mobile App,Window,33,0
P1482,F1563,486.25,Business,Economy,1,Online,Aisle,88,0
P1483,F1547,341.32,Emergency,Economy,0,Airport Kiosk,Middle,116,1
P1484,F1864,370.09,Family,Economy,2,Airport Kiosk,Aisle,71,0
P1485,F1428,243.6,Leisure,Business,1,Airport Kiosk,Aisle,61,0
P1486,F1100,543.67,Leisure,Economy,1,Online,Window,70,0
P1487,F1325,352.66,Leisure,Premium Economy,0,Airport Kiosk,Middle,12,0
P1488,F431,262.15,Leisure,Premium Economy,1,Desk,Middle,119,1
P1489,F1963,374.87,Emergency,Premium Economy,1,Airport Kiosk,Aisle,88,0
P1490,F632,168.61,Family,Economy,0,Online,Middle,79,0
P1491,F1498,258.47,Emergency,Business,2,Online,Window,37,0
P1492,F870,435.47,Leisure,Economy,0,Airport Kiosk,Window,34,0
P1493,F1769,202.78,Leisure,Premium Economy,2,Desk,Window,53,0
P1494,F1559,349.9,Emergency,Economy,1,Airport Kiosk,Aisle,4,0
P1495,F400,436.48,Family,Premium Economy,1,Online,Middle,47,0
P1496,F439,293.7,Emergency,Premium Economy,1,Desk,Aisle,74,0
P1497,F1708,308.32,Emergency,First,0,Airport Kiosk,Aisle,48,1
P1498,F1259,348.82,Leisure,Economy,2,Mobile App,Window,82,0
P1499,F677,264.6,Leisure,Economy,0,Mobile App,Middle,32,0
P1500,F612,401.06,Business,Economy,3,Mobile App,Window,27,0
P1501,F867,371.19,Business,Business,0,Mobile App,Aisle,110,0
P1502,F1084,401.2,Emergency,Economy,2,Online,Aisle,0,0
P1503,F415,378.79,Business,Economy,3,Desk,Middle,99,0
P1504,F807,388.93,Emergency,Economy,2,Airport Kiosk,Window,46,0
P1505,F969,321.01,Emergency,Economy,0,Airport Kiosk,Window,3,0
P1506,F1145,500.13,Business,Economy,2,Desk,Middle,107,0
P1507,F1234,352.44,Family,Economy,1,Online,Aisle,70,0
P1508,F322,263.92,Family,Economy,2,Mobile App,Window,99,0
P1509,F391,233.48,Emergency,First,2,Online,Middle,35,0
P1510,F1248,320.88,Emergency,Economy,0,Desk,Aisle,72,0
P1511,F777,334.05,Family,Economy,0,Online,Window,55,0
P1512,F1407,333.85,Leisure,Economy,1,Desk,Aisle,10,0
P1513,F363,270.19,Leisure,Premium Economy,1,Airport Kiosk,Aisle,12,0
P1514,F1876,416.54,Business,Premium Economy,1,Airport Kiosk,Aisle,89,0
P1515,F455,307.37,Leisure,Economy,1,Desk,Window,91,0
P1516,F102,347.51,Emergency,First,2,Desk,Aisle,39,0
P1517,F1139,429.21,Business,Premium Economy,2,Mobile App,Window,49,0
P1518,F1398,382.48,Emergency,Premium Economy,1,Desk,Window,48,0
P1519,F402,429.25,Family,Economy,0,Desk,Middle,63,0
P1520,F1544,288.79,Family,Economy,0,Online,Aisle,86,0
P1521,F225,360.57,Family,Economy,1,Mobile App,Window,31,0
P1522,F65,152.75,Emergency,Economy,1,Mobile App,Window,33,0
P1523,F1640,309.43,Leisure,First,2,Mobile App,Window,117,0
P1524,F1284,272.87,Business,Business,1,Desk,Aisle,80,0
P1525,F1795,404.95,Emergency,Premium Economy,0,Online,Window,38,0
P1526,F2,287.57,Leisure,Business,0,Airport Kiosk,Window,79,0
P1527,F1921,321.79,Business,Economy,1,Desk,Middle,11,0
P1528,F1126,300.39,Emergency,Economy,2,Online,Window,66,0
P1529,F1169,256.91,Emergency,Economy,1,Mobile App,Window,42,0
P1530,F256,514.16,Leisure,Premium Economy,1,Airport Kiosk,Aisle,95,0
P1531,F1547,313.01,Family,Business,1,Online,Window,111,0
P1532,F1693,324.5,Business,Economy,0,Desk,Aisle,76,0
P1533,F1746,166.97,Business,Economy,1,Desk,Middle,23,0
P1534,F1819,222.5,Family,Premium Economy,1,Desk,Aisle,42,0
P1535,F1801,426.21,Business,Economy,2,Desk,Window,28,0
P1536,F742,255.53,Business,Economy,2,Airport Kiosk,Aisle,27,0
P1537,F1833,259.23,Emergency,Economy,0,Airport Kiosk,Window,29,0
P1538,F1556,474.38,Emergency,Business,0,Desk,Middle,43,0
P1539,F1550,443.29,Business,Economy,0,Online,Aisle,26,0
P1540,F1765,205.87,Leisure,Economy,1,Desk,Window,103,0
P1541,F437,570.55,Leisure,Economy,2,Desk,Middle,87,0
P1542,F1326,220.43,Family,Premium Economy,1,Online,Aisle,32,0
P1543,F1946,540.46,Leisure,Premium Economy,0,Airport Kiosk,Window,49,0
P1544,F1823,296.57,Family,Economy,0,Desk,Aisle,7,0
P1545,F767,490.81,Leisure,Premium Economy,1,Online,Aisle,13,0
P1546,F1703,345.38,Leisure,Premium Economy,2,Desk,Aisle,72,0
P1547,F1426,263.43,Leisure,Economy,0,Online,Aisle,79,0
P1548,F405,506.4,Leisure,Premium Economy,1,Mobile App,Middle,100,0
P1549,F1465,499.45,Family,Economy,3,Airport Kiosk,Aisle,100,1
P1550,F1835,352.12,Emergency,Economy,0,Online,Window,21,0
P1551,F882,217.53,Business,Economy,0,Mobile App,Middle,54,0
P1552,F671,286.05,Business,Business,1,Online,Window,54,0
P1553,F376,199.33,Leisure,Economy,1,Desk,Window,86,0
P1554,F76,242.78,Family,Business,0,Airport Kiosk,Window,109,0
P1555,F1678,451.14,Business,Premium Economy,0,Online,Middle,65,0
P1556,F486,371.38,Emergency,First,2,Online,Window,14,0
P1557,F590,373.78,Business,Economy,1,Airport Kiosk,Middle,54,0
P1558,F534,309.57,Family,Premium Economy,2,Desk,Middle,5,0
P1559,F1,314.52,Leisure,Business,1,Mobile App,Window,2,0
P1560,F147,441.23,Business,Economy,0,Airport Kiosk,Window,26,0
P1561,F1323,416.18,Family,Business,3,Desk,Window,62,0
P1562,F846,431.77,Business,Premium Economy,1,Online,Middle,37,0
P1563,F792,174.05,Family,Economy,0,Desk,Aisle,96,0
P1564,F1052,312.48,Emergency,Premium Economy,0,Desk,Middle,116,0
P1565,F1601,257.67,Business,Economy,1,Desk,Window,40,0
P1566,F1774,336.57,Family,Economy,2,Airport Kiosk,Window,23,0
P1567,F562,495.29,Emergency,Premium Economy,1,Online,Middle,2,0
P1568,F61,359.49,Emergency,Business,1,Desk,Middle,65,0
P1569,F510,165.57,Leisure,Economy,2,Desk,Window,115,0
P1570,F630,240.37,Leisure,Business,0,Online,Middle,113,1
P1571,F470,408.19,Leisure,Economy,0,Desk,Middle,119,0
P1572,F1291,466.02,Family,Economy,2,Online,Window,110,0
P1573,F195,249.2,Leisure,Premium Economy,1,Online,Window,101,0
P1574,F719,417.4,Family,First,2,Mobile App,Window,109,0
P1575,F1133,301.04,Family,First,2,Online,Window,115,0
P1576,F1729,210.42,Emergency,Economy,2,Desk,Middle,59,0
P1577,F323,383.52,Emergency,Premium Economy,2,Mobile App,Aisle,84,1
P1578,F460,274.87,Family,Premium Economy,1,Online,Window,100,0
P1579,F1128,340.6,Emergency,Economy,0,Desk,Middle,15,0
P1580,F1491,336.8,Family,Economy,0,Mobile App,Middle,96,0
P1581,F239,324.22,Leisure,Economy,2,Online,Window,40,0
P1582,F810,383.44,Business,Business,2,Desk,Aisle,102,0
P1583,F65,418.21,Leisure,Economy,0,Desk,Aisle,43,0
P1584,F769,290.03,Business,Business,0,Mobile App,Middle,114,0
P1585,F270,313.35,Emergency,Economy,3,Mobile App,Window,6,0
P1586,F184,432.08,Family,Business,0,Online,Middle,87,0
P1587,F230,97.28,Business,Economy,1,Airport Kiosk,Aisle,35,0
P1588,F500,415.74,Emergency,Premium Economy,3,Desk,Window,67,0
P1589,F1873,427.81,Leisure,Economy,0,Mobile App,Window,95,0
P1590,F822,470.8,Emergency,Economy,1,Mobile App,Window,90,0
P1591,F1022,314.0,Emergency,Economy,2,Airport Kiosk,Middle,67,0
P1592,F1446,379.74,Family,Business,2,Mobile App,Window,32,0
P1593,F965,352.13,Family,Economy,0,Airport Kiosk,Middle,12,0
P1594,F558,258.98,Business,Economy,1,Online,Aisle,105,0
P1595,F150,221.57,Business,Business,0,Mobile App,Middle,53,0
P1596,F590,415.66,Family,Business,1,Mobile App,Window,13,0
P1597,F1389,162.54,Emergency,Business,2,Desk,Aisle,97,0
P1598,F939,347.58,Emergency,Premium Economy,2,Airport Kiosk,Middle,35,0
P1599,F565,233.59,Emergency,Economy,3,Online,Window,103,0
P1600,F1473,421.33,Family,Economy,2,Online,Aisle,24,0
P1601,F328,406.33,Business,Economy,1,Desk,Aisle,21,0
P1602,F935,425.85,Emergency,Economy,2,Online,Middle,82,0
P1603,F1362,320.55,Business,Economy,2,Mobile App,Aisle,26,0
P1604,F1248,395.49,Business,Premium Economy,1,Airport Kiosk,Middle,83,0
P1605,F133,457.96,Business,Economy,1,Airport Kiosk,Middle,77,0
P1606,F628,254.6,Family,Economy,2,Airport Kiosk,Aisle,117,0
P1607,F1737,332.79,Leisure,First,0,Online,Aisle,27,0
P1608,F1065,363.31,Family,Economy,0,Mobile App,Aisle,39,0
P1609,F627,315.62,Emergency,Economy,0,Airport Kiosk,Window,86,0
P1610,F1279,412.43,Family,Business,2,Online,Middle,23,0
P1611,F547,299.91,Family,Economy,3,Desk,Window,53,0
P1612,F1756,391.73,Family,Premium Economy,2,Online,Aisle,108,0
P1613,F1416,244.5,Emergency,Economy,0,Online,Aisle,112,0
P1614,F1100,330.06,Family,Premium Economy,0,Airport Kiosk,Window,115,0
P1615,F1652,404.52,Leisure,Economy,1,Airport Kiosk,Aisle,87,0
P1616,F162,211.36,Business,First,2,Desk,Middle,7,0
P1617,F1653,457.19,Emergency,Premium Economy,1,Airport Kiosk,Middle,29,0
P1618,F1201,135.74,Emergency,Business,2,Desk,Window,77,0
P1619,F1496,400.16,Leisure,Economy,2,Airport Kiosk,Window,12,0
P1620,F1937,341.16,Leisure,Economy,0,Mobile App,Middle,64,0
P1621,F1790,479.31,Emergency,Premium Economy,1,Desk,Aisle,8,0
P1622,F101,177.16,Leisure,Economy,1,Mobile App,Middle,55,0
P1623,F766,284.28,Family,Premium Economy,1,Online,Window,75,0
P1624,F635,344.38,Leisure,Economy,0,Airport Kiosk,Aisle,53,0
P1625,F812,250.96,Business,Economy,1,Mobile App,Middle,103,0
P1626,F897,484.24,Emergency,Economy,1,Desk,Middle,53,0
P1627,F1358,435.51,Business,Economy,1,Online,Aisle,53,0
P1628,F289,487.39,Business,Economy,2,Airport Kiosk,Window,67,0
P1629,F1485,258.84,Family,Premium Economy,0,Mobile App,Middle,113,0
P1630,F443,320.7,Leisure,Economy,0,Online,Middle,40,0
P1631,F752,421.03,Family,Economy,1,Online,Window,79,0
P1632,F661,401.77,Family,Economy,1,Airport Kiosk,Aisle,17,0
P1633,F1182,466.26,Business,Economy,1,Mobile App,Window,44,0
P1634,F1048,422.51,Family,Premium Economy,1,Online,Aisle,86,0
P1635,F608,297.93,Leisure,Economy,2,Online,Window,64,0
P1636,F1346,396.81,Leisure,Economy,1,Online,Window,90,0
P1637,F621,373.56,Business,First,0,Airport Kiosk,Window,117,0
P1638,F1753,513.66,Leisure,Premium Economy,1,Desk,Middle,63,0
P1639,F1424,340.96,Emergency,Business,1,Airport Kiosk,Window,117,0
P1640,F1414,385.8,Emergency,Economy,5,Airport Kiosk,Middle,19,0
P1641,F939,178.03,Emergency,Business,1,Mobile App,Aisle,67,0
P1642,F1388,237.73,Family,Economy,1,Online,Aisle,8,0
P1643,F522,289.39,Emergency,Economy,2,Airport Kiosk,Middle,81,0
P1644,F1821,415.54,Leisure,First,1,Mobile App,Middle,40,0
P1645,F1044,285.61,Leisure,Economy,1,Mobile App,Aisle,68,0
P1646,F1332,268.5,Emergency,Premium Economy,0,Online,Middle,11,0
P1647,F92,331.58,Leisure,Premium Economy,0,Desk,Middle,58,0
P1648,F671,392.81,Business,Economy,1,Desk,Aisle,70,0
P1649,F300,469.55,Business,Business,2,Online,Window,78,0
P1650,F1767,373.71,Emergency,Premium Economy,0,Online,Aisle,116,0
P1651,F1594,516.25,Business,Economy,3,Desk,Middle,92,0
P1652,F1863,436.69,Leisure,Economy,2,Desk,Window,118,0
P1653,F1186,382.39,Business,Economy,2,Mobile App,Aisle,17,0
P1654,F1040,324.55,Business,Economy,1,Desk,Middle,29,0
P1655,F1879,353.7,Leisure,Business,1,Desk,Aisle,81,0
P1656,F1655,403.78,Family,Economy,0,Mobile App,Window,84,0
P1657,F147,439.35,Family,Economy,0,Online,Window,117,0
P1658,F704,489.04,Family,Premium Economy,1,Online,Aisle,112,0
P1659,F1574,341.51,Emergency,Economy,1,Online,Aisle,93,0
P1660,F1054,267.24,Business,Economy,3,Desk,Aisle,79,0
P1661,F1562,439.15,Business,Economy,1,Online,Middle,11,0
P1662,F1534,387.65,Family,Business,2,Airport Kiosk,Aisle,56,0
P1663,F952,237.84,Emergency,Business,1,Mobile App,Window,109,0
P1664,F97,254.14,Emergency,Premium Economy,2,Desk,Window,37,0
P1665,F1618,426.46,Business,Economy,0,Airport Kiosk,Window,103,0
P1666,F196,382.44,Family,Business,1,Online,Middle,6,0
P1667,F1494,300.99,Business,Economy,3,Mobile App,Window,104,0
P1668,F1667,442.33,Business,Economy,1,Mobile App,Aisle,59,0
P1669,F272,411.06,Family,Economy,3,Airport Kiosk,Middle,18,0
P1670,F1981,305.85,Leisure,Economy,0,Online,Middle,10,0
P1671,F1196,474.78,Emergency,First,0,Airport Kiosk,Window,59,0
P1672,F363,471.81,Family,Economy,2,Desk,Aisle,32,0
P1673,F450,318.47,Business,Economy,3,Online,Aisle,27,0
P1674,F738,459.32,Family,Economy,0,Airport Kiosk,Aisle,17,0
P1675,F1497,270.66,Family,Economy,1,Desk,Aisle,46,0
P1676,F1496,472.55,Family,Economy,2,Airport Kiosk,Middle,100,0
P1677,F1749,396.2,Business,Economy,2,Online,Middle,91,0
P1678,F1316,275.39,Business,Economy,2,Mobile App,Aisle,101,0
P1679,F1373,328.51,Business,Premium Economy,1,Airport Kiosk,Middle,103,0
P1680,F1347,365.63,Leisure,Economy,1,Desk,Middle,42,1
P1681,F29,284.13,Emergency,Business,0,Mobile App,Aisle,4,0
P1682,F762,277.91,Leisure,Economy,1,Online,Window,31,1
P1683,F18,127.22,Family,Economy,0,Online,Window,12,0
P1684,F1778,258.58,Family,Premium Economy,4,Online,Window,117,0
P1685,F536,285.54,Business,Economy,1,Desk,Window,101,0
P1686,F1660,403.94,Family,Business,1,Desk,Aisle,6,0
P1687,F1300,338.79,Emergency,Premium Economy,2,Desk,Aisle,79,0
P1688,F48,339.48,Emergency,Economy,1,Online,Middle,22,0
P1689,F245,400.64,Family,Economy,2,Online,Aisle,12,0
P1690,F297,526.03,Business,Premium Economy,2,Online,Window,70,0
P1691,F1114,377.67,Family,Economy,2,Airport Kiosk,Window,24,0
P1692,F614,298.79,Family,Economy,1,Mobile App,Aisle,17,0
P1693,F1625,487.78,Emergency,Business,1,Desk,Aisle,4,0
P1694,F1784,266.47,Business,Economy,0,Airport Kiosk,Middle,97,0
P1695,F1051,448.55,Family,Economy,0,Online,Aisle,52,0
P1696,F524,535.36,Business,Business,1,Airport Kiosk,Aisle,18,0
P1697,F1885,376.69,Emergency,First,2,Mobile App,Aisle,59,0
P1698,F204,296.49,Family,Premium Economy,1,Mobile App,Window,85,0
P1699,F409,200.05,Business,Economy,2,Online,Window,48,0
P1700,F1598,384.09,Leisure,Economy,0,Online,Middle,31,0
P1701,F1097,436.76,Business,Economy,1,Online,Middle,49,0
P1702,F359,565.01,Leisure,Economy,0,Mobile App,Middle,99,0
P1703,F1343,349.76,Emergency,First,2,Airport Kiosk,Aisle,72,0
P1704,F225,509.75,Emergency,Economy,2,Airport Kiosk,Aisle,114,1
P1705,F744,365.53,Family,Economy,0,Desk,Window,57,1
P1706,F1632,530.47,Business,Premium Economy,1,Mobile App,Window,87,0
P1707,F1181,152.51,Leisure,Premium Economy,1,Mobile App,Middle,30,0
P1708,F960,268.51,Emergency,First,0,Desk,Middle,46,1
P1709,F1702,189.69,Leisure,Economy,2,Desk,Middle,81,0
P1710,F1899,365.33,Business,Economy,2,Airport Kiosk,Window,93,0
P1711,F1783,351.16,Business,Economy,0,Airport Kiosk,Middle,104,0
P1712,F1327,161.82,Leisure,Economy,0,Online,Aisle,62,0
P1713,F1,364.58,Family,Economy,0,Mobile App,Window,19,0
P1714,F1473,416.98,Emergency,Economy,0,Mobile App,Aisle,34,0
P1715,F795,396.36,Emergency,Economy,1,Airport Kiosk,Window,98,0
P1716,F347,425.1,Leisure,Business,1,Online,Middle,13,0
P1717,F1953,465.38,Business,Premium Economy,1,Mobile App,Aisle,53,0
P1718,F730,291.54,Business,Premium Economy,0,Desk,Window,109,0
P1719,F1449,222.12,Emergency,Economy,0,Online,Aisle,99,0
P1720,F1794,352.86,Family,Economy,2,Desk,Middle,60,1
P1721,F172,288.24,Leisure,Business,1,Desk,Middle,13,0
P1722,F391,450.32,Business,Economy,1,Airport Kiosk,Middle,78,1
P1723,F1891,405.34,Leisure,Premium Economy,2,Airport Kiosk,Middle,62,0
P1724,F654,412.16,Business,Economy,0,Airport Kiosk,Window,16,0
P1725,F522,377.86,Leisure,Business,1,Airport Kiosk,Aisle,89,0
P1726,F732,469.57,Business,Economy,2,Airport Kiosk,Aisle,95,0
P1727,F209,297.11,Leisure,Economy,3,Mobile App,Middle,61,0
P1728,F1877,283.43,Leisure,Economy,0,Desk,Middle,29,0
P1729,F1241,423.01,Leisure,Premium Economy,1,Desk,Window,44,0
P1730,F1884,359.82,Leisure,Economy,1,Mobile App,Aisle,68,0
P1731,F440,198.5,Emergency,Premium Economy,2,Airport Kiosk,Aisle,59,0
P1732,F1972,366.63,Emergency,Economy,1,Online,Window,102,0
P1733,F617,326.31,Leisure,Economy,1,Desk,Middle,57,0
P1734,F1371,347.36,Family,Business,2,Online,Middle,2,0
P1735,F1895,343.8,Emergency,Economy,0,Online,Aisle,31,1
P1736,F1495,411.01,Family,Economy,0,Online,Window,4,0
P1737,F660,342.93,Family,Business,0,Online,Aisle,50,0
P1738,F1111,389.37,Emergency,Economy,2,Desk,Aisle,111,0
P1739,F1790,373.02,Family,Economy,0,Online,Window,33,0
P1740,F586,491.62,Business,Economy,0,Mobile App,Window,47,0
P1741,F977,377.86,Family,Economy,0,Mobile App,Aisle,44,0
P1742,F536,373.32,Family,Economy,0,Desk,Middle,59,0
P1743,F1474,251.09,Leisure,Premium Economy,2,Desk,Aisle,11,0
P1744,F1441,309.27,Business,Economy,0,Airport Kiosk,Aisle,37,0
P1745,F1982,312.88,Leisure,Premium Economy,0,Mobile App,Aisle,60,0
P1746,F1404,294.72,Business,Economy,4,Airport Kiosk,Aisle,47,0
P1747,F1238,234.03,Business,Economy,1,Airport Kiosk,Middle,80,0
P1748,F460,448.55,Family,Economy,1,Online,Aisle,34,0
P1749,F904,236.7,Leisure,Business,1,Mobile App,Window,86,0
P1750,F413,152.39,Business,Economy,2,Airport Kiosk,Middle,33,0
P1751,F1267,498.67,Business,Economy,0,Mobile App,Window,49,0
P1752,F550,444.85,Business,Business,0,Online,Middle,78,0
P1753,F501,410.66,Business,Premium Economy,0,Mobile App,Window,20,0
P1754,F231,313.82,Family,Premium Economy,2,Mobile App,Middle,77,0
P1755,F1781,260.92,Business,Economy,0,Desk,Window,14,0
P1756,F1895,428.58,Emergency,Economy,1,Airport Kiosk,Window,47,0
P1757,F689,287.18,Business,Business,1,Online,Middle,6,0
P1758,F122,374.62,Emergency,Economy,1,Airport Kiosk,Aisle,11,0
P1759,F1960,215.24,Business,Economy,1,Online,Middle,30,1
P1760,F1223,477.31,Business,Economy,1,Desk,Window,116,0
P1761,F1018,327.45,Family,Economy,0,Online,Window,94,0
P1762,F978,131.3,Leisure,Business,1,Airport Kiosk,Aisle,52,0
P1763,F73,525.27,Emergency,Premium Economy,1,Desk,Middle,10,0
P1764,F1337,516.37,Family,First,0,Desk,Middle,113,0
P1765,F885,218.13,Business,Premium Economy,1,Desk,Window,9,0
P1766,F13,307.25,Business,Premium Economy,0,Airport Kiosk,Middle,62,0
P1767,F709,322.89,Leisure,Economy,1,Airport Kiosk,Window,96,0
P1768,F1043,356.24,Business,First,1,Desk,Window,34,0
P1769,F876,136.27,Leisure,Premium Economy,1,Desk,Aisle,59,0
P1770,F336,193.79,Family,Premium Economy,2,Online,Middle,97,0
P1771,F1109,304.6,Family,Business,1,Mobile App,Middle,61,0
P1772,F1579,467.86,Leisure,Economy,1,Desk,Window,102,0
P1773,F373,451.53,Family,Economy,2,Desk,Aisle,113,0
P1774,F954,551.52,Business,Economy,2,Online,Middle,57,0
P1775,F1952,295.22,Emergency,Economy,3,Airport Kiosk,Window,98,0
P1776,F1588,299.8,Business,Economy,1,Mobile App,Middle,36,0
P1777,F719,277.85,Leisure,Economy,1,Mobile App,Middle,2,0
P1778,F81,240.21,Family,Economy,0,Mobile App,Window,109,0
P1779,F388,120.34,Business,Economy,0,Airport Kiosk,Aisle,17,0
P1780,F237,254.67,Family,First,1,Online,Aisle,81,0
P1781,F1976,340.39,Leisure,Economy,1,Airport Kiosk,Aisle,56,0
P1782,F1431,347.15,Leisure,Economy,1,Airport Kiosk,Window,7,0
P1783,F254,369.91,Family,Premium Economy,0,Online,Aisle,64,0
P1784,F1341,369.77,Emergency,Economy,3,Mobile App,Window,25,0
P1785,F977,437.6,Family,Economy,0,Online,Aisle,74,0
P1786,F656,253.63,Leisure,Economy,1,Airport Kiosk,Window,83,0
P1787,F1025,340.43,Business,Economy,0,Airport Kiosk,Middle,5,0
P1788,F228,261.67,Leisure,Premium Economy,4,Airport Kiosk,Window,46,1
P1789,F288,528.45,Business,Premium Economy,1,Desk,Middle,49,0
P1790,F1904,337.15,Emergency,Economy,1,Online,Window,60,0
P1791,F1176,405.6,Emergency,Economy,1,Airport Kiosk,Aisle,30,0
P1792,F771,322.15,Leisure,Economy,1,Airport Kiosk,Window,65,0
P1793,F1638,448.32,Family,Business,0,Online,Middle,107,0
P1794,F1613,303.53,Family,Economy,1,Mobile App,Middle,24,0
P1795,F490,360.59,Emergency,Premium Economy,1,Airport Kiosk,Middle,22,0
P1796,F1395,371.09,Leisure,Economy,1,Desk,Window,0,0
P1797,F77,252.51,Leisure,Economy,1,Desk,Aisle,9,0
P1798,F97,384.46,Family,Business,0,Online,Middle,35,0
P1799,F1520,366.76,Emergency,Economy,1,Desk,Window,57,0
P1800,F1365,369.61,Leisure,Economy,0,Airport Kiosk,Aisle,32,0
P1801,F654,304.48,Emergency,Economy,0,Online,Middle,35,0
P1802,F112,488.55,Leisure,Premium Economy,2,Mobile App,Window,101,0
P1803,F1192,367.83,Emergency,First,2,Mobile App,Aisle,60,0
P1804,F1334,374.99,Leisure,Economy,1,Desk,Aisle,43,0
P1805,F888,325.01,Leisure,Economy,1,Airport Kiosk,Window,94,0
P1806,F1680,223.08,Emergency,Economy,0,Airport Kiosk,Middle,119,0
P1807,F1552,351.6,Family,Premium Economy,2,Desk,Aisle,44,0
P1808,F300,306.56,Family,Business,2,Online,Window,26,0
P1809,F643,396.02,Emergency,Economy,2,Desk,Middle,26,0
P1810,F277,142.51,Leisure,Economy,2,Desk,Aisle,69,0
P1811,F747,476.97,Emergency,Economy,0,Online,Window,86,0
P1812,F1292,281.74,Leisure,Economy,2,Airport Kiosk,Aisle,81,0
P1813,F1247,374.0,Family,Economy,3,Airport Kiosk,Aisle,99,0
P1814,F1386,320.6,Leisure,Economy,1,Desk,Aisle,110,0
P1815,F1393,241.0,Family,Premium Economy,0,Airport Kiosk,Aisle,47,0
P1816,F229,409.03,Leisure,Economy,1,Airport Kiosk,Window,54,0
P1817,F1618,360.12,Leisure,Economy,1,Desk,Middle,101,0
P1818,F105,564.63,Leisure,Business,0,Airport Kiosk,Aisle,95,0
P1819,F1482,319.68,Family,Economy,0,Mobile App,Aisle,95,0
P1820,F105,222.66,Business,Economy,0,Mobile App,Middle,48,0
P1821,F1793,405.26,Emergency,Business,2,Mobile App,Window,62,0
P1822,F299,421.58,Business,Economy,1,Desk,Middle,79,0
P1823,F891,313.71,Leisure,Premium Economy,1,Airport Kiosk,Middle,40,0
P1824,F1856,418.17,Emergency,Business,0,Online,Window,98,0
P1825,F806,337.34,Business,Business,3,Online,Middle,9,0
P1826,F1868,360.5,Business,Economy,1,Airport Kiosk,Middle,110,0
P1827,F1602,425.94,Emergency,Economy,0,Desk,Aisle,61,1
P1828,F802,426.6,Emergency,Economy,3,Desk,Window,116,0
P1829,F1022,380.63,Family,Economy,3,Mobile App,Middle,116,0
P1830,F1622,216.02,Leisure,Economy,0,Mobile App,Middle,78,0
P1831,F233,449.83,Family,Economy,1,Airport Kiosk,Window,28,0
P1832,F535,285.51,Emergency,Premium Economy,0,Airport Kiosk,Window,114,0
P1833,F476,495.07,Emergency,Business,1,Airport Kiosk,Window,79,0
P1834,F1867,239.49,Family,First,2,Online,Aisle,13,0
P1835,F778,388.46,Family,Economy,0,Desk,Aisle,63,0
P1836,F456,215.07,Business,Premium Economy,0,Online,Middle,105,0
P1837,F1317,384.74,Family,Economy,1,Airport Kiosk,Window,97,0
P1838,F1991,249.3,Leisure,Economy,1,Mobile App,Aisle,84,0
P1839,F1057,325.97,Leisure,Economy,2,Desk,Window,24,1
P1840,F1829,387.68,Emergency,Economy,1,Desk,Aisle,10,0
P1841,F1699,279.85,Emergency,Premium Economy,2,Airport Kiosk,Middle,5,0
P1842,F1821,274.88,Emergency,Business,2,Airport Kiosk,Middle,67,0
P1843,F1079,317.06,Family,Business,1,Airport Kiosk,Middle,11,0
P1844,F442,345.75,Emergency,Economy,2,Desk,Middle,83,0
P1845,F583,245.6,Emergency,Premium Economy,2,Airport Kiosk,Middle,98,0
P1846,F205,360.96,Leisure,Economy,1,Online,Middle,52,0
P1847,F1275,486.47,Leisure,Economy,3,Mobile App,Middle,14,0
P1848,F1904,226.96,Business,Premium Economy,1,Mobile App,Middle,77,0
P1849,F1848,300.16,Family,Economy,3,Online,Middle,31,0
P1850,F1415,242.33,Business,Economy,2,Desk,Window,22,0
P1851,F1941,296.23,Emergency,Premium Economy,0,Online,Middle,27,0
P1852,F113,338.73,Emergency,Economy,1,Desk,Aisle,40,0
P1853,F717,320.65,Family,Premium Economy,0,Airport Kiosk,Middle,70,0
P1854,F1759,440.27,Leisure,Premium Economy,2,Desk,Middle,114,0
P1855,F1257,355.12,Leisure,Economy,1,Online,Window,64,0
P1856,F1684,292.18,Family,Business,1,Desk,Middle,96,0
P1857,F374,334.29,Business,Economy,0,Desk,Aisle,49,0
P1858,F744,335.16,Emergency,Business,1,Mobile App,Window,79,0
P1859,F666,293.24,Business,Economy,1,Desk,Middle,89,0
P1860,F247,357.34,Emergency,Economy,0,Mobile App,Aisle,116,0
P1861,F1363,509.34,Family,Premium Economy,0,Desk,Middle,99,1
P1862,F648,481.98,Business,Economy,1,Mobile App,Middle,55,0
P1863,F1462,466.41,Leisure,Economy,2,Online,Middle,21,0
P1864,F1869,236.5,Business,Economy,0,Desk,Window,90,0
P1865,F31,286.99,Business,Premium Economy,0,Airport Kiosk,Window,50,1
P1866,F1241,406.97,Emergency,Premium Economy,1,Airport Kiosk,Aisle,94,0
P1867,F548,313.04,Business,Economy,1,Desk,Aisle,110,0
P1868,F131,172.04,Family,Economy,3,Mobile App,Aisle,20,0
P1869,F1440,353.19,Business,Economy,2,Mobile App,Window,29,0
P1870,F1474,447.67,Family,Premium Economy,2,Desk,Window,25,0
P1871,F1714,556.4,Emergency,Economy,1,Mobile App,Window,116,0
P1872,F1438,308.8,Emergency,Economy,0,Mobile App,Window,106,0
P1873,F1631,341.59,Leisure,Economy,0,Airport Kiosk,Window,99,0
P1874,F925,199.88,Business,Business,0,Desk,Middle,21,0
P1875,F1250,248.42,Business,Economy,1,Mobile App,Window,43,0
P1876,F260,235.99,Emergency,Business,0,Desk,Window,34,0
P1877,F1953,178.16,Emergency,First,0,Mobile App,Middle,57,0
P1878,F1304,367.92,Business,First,0,Online,Window,94,0
P1879,F521,408.35,Business,Economy,1,Desk,Aisle,83,0
P1880,F1381,153.48,Emergency,Economy,0,Desk,Window,72,0
P1881,F486,381.8,Family,Economy,4,Desk,Window,71,0
P1882,F1289,286.03,Emergency,Economy,0,Online,Window,69,0
P1883,F540,260.13,Family,Premium Economy,2,Airport Kiosk,Middle,7,0
P1884,F515,389.79,Business,Premium Economy,2,Airport Kiosk,Middle,16,0
P1885,F1041,228.6,Business,Premium Economy,2,Online,Middle,30,0
P1886,F1019,457.5,Leisure,Economy,1,Mobile App,Middle,79,0
P1887,F1918,478.1,Family,Economy,1,Mobile App,Middle,100,0
P1888,F670,346.46,Family,Premium Economy,0,Desk,Aisle,115,0
P1889,F1993,329.12,Leisure,Economy,1,Airport Kiosk,Window,91,0
P1890,F1029,376.96,Family,Economy,1,Mobile App,Window,109,0
P1891,F1503,399.82,Leisure,Economy,0,Desk,Middle,91,0
P1892,F1880,421.58,Family,Premium Economy,0,Airport Kiosk,Middle,2,0
P1893,F833,537.23,Family,Premium Economy,1,Airport Kiosk,Window,32,0
P1894,F563,432.87,Emergency,Economy,0,Mobile App,Middle,63,0
P1895,F162,301.96,Family,Economy,2,Mobile App,Middle,34,0
P1896,F1327,534.27,Leisure,Business,3,Online,Aisle,86,0
P1897,F852,476.97,Family,Economy,2,Mobile App,Window,81,0
P1898,F264,358.41,Business,Economy,0,Desk,Aisle,83,0
P1899,F421,349.96,Emergency,Economy,3,Online,Window,0,0
P1900,F1108,361.75,Business,Economy,1,Desk,Aisle,35,0
P1901,F1866,262.94,Business,Economy,3,Airport Kiosk,Middle,45,0
P1902,F1127,364.7,Business,Economy,0,Online,Window,20,0
P1903,F434,475.1,Emergency,Premium Economy,0,Mobile App,Middle,118,0
P1904,F1000,342.28,Leisure,Economy,0,Online,Middle,113,0
P1905,F79,308.83,Family,Economy,3,Desk,Aisle,28,0
P1906,F1838,338.33,Emergency,Premium Economy,2,Mobile App,Window,84,1
P1907,F1219,269.8,Business,Business,0,Airport Kiosk,Aisle,95,0
P1908,F1004,341.62,Emergency,Economy,1,Mobile App,Window,82,0
P1909,F1020,602.44,Emergency,Economy,0,Airport Kiosk,Aisle,98,0
P1910,F1090,463.93,Leisure,Business,1,Desk,Aisle,7,0
P1911,F1625,186.29,Leisure,Business,0,Mobile App,Middle,9,0
P1912,F1346,501.86,Family,Economy,0,Airport Kiosk,Middle,85,0
P1913,F1440,268.48,Emergency,Economy,1,Mobile App,Aisle,34,0
P1914,F917,462.25,Leisure,Economy,0,Airport Kiosk,Aisle,17,0
P1915,F1222,90.99,Business,Economy,0,Airport Kiosk,Window,8,0
P1916,F732,390.21,Family,First,2,Mobile App,Window,6,0
P1917,F996,88.75,Leisure,Economy,0,Airport Kiosk,Window,92,0
P1918,F1673,401.05,Emergency,Business,0,Mobile App,Aisle,32,0
P1919,F792,348.65,Business,Business,0,Airport Kiosk,Aisle,116,0
P1920,F1669,529.75,Emergency,Business,0,Airport Kiosk,Aisle,29,0
P1921,F759,424.19,Business,Business,3,Airport Kiosk,Middle,29,0
P1922,F693,419.14,Family,Business,1,Desk,Aisle,6,0
P1923,F1217,325.92,Family,Economy,0,Airport Kiosk,Aisle,26,1
P1924,F277,320.71,Emergency,Economy,1,Airport Kiosk,Middle,107,0
P1925,F1446,222.59,Business,Economy,1,Mobile App,Middle,107,0
P1926,F1379,217.76,Business,Business,0,Desk,Aisle,19,0
P1927,F495,502.43,Family,Economy,3,Airport Kiosk,Aisle,88,0
P1928,F1571,386.11,Business,Business,1,Desk,Middle,39,0
P1929,F249,456.83,Family,Economy,0,Mobile App,Middle,91,0
P1930,F809,432.6,Leisure,Economy,3,Mobile App,Middle,102,0
P1931,F1555,416.4,Leisure,Economy,1,Mobile App,Aisle,25,0
P1932,F448,344.46,Family,Economy,2,Desk,Window,113,0
P1933,F980,409.29,Family,Economy,2,Mobile App,Aisle,109,0
P1934,F947,195.9,Emergency,Economy,2,Online,Aisle,64,0
P1935,F1871,415.27,Family,Economy,0,Online,Aisle,113,0
P1936,F651,367.15,Business,Premium Economy,0,Airport Kiosk,Window,1,0
P1937,F1548,348.07,Family,First,0,Online,Middle,48,0
P1938,F596,315.96,Leisure,Economy,1,Online,Window,46,0
P1939,F244,196.86,Emergency,Economy,3,Online,Middle,45,0
P1940,F752,292.36,Emergency,Economy,1,Mobile App,Window,74,0
P1941,F1410,433.95,Family,Economy,2,Desk,Aisle,52,0
P1942,F576,110.63,Leisure,Economy,0,Mobile App,Window,28,0
P1943,F1045,154.52,Business,Economy,1,Airport Kiosk,Aisle,81,0
P1944,F457,399.69,Family,Economy,1,Mobile App,Middle,92,0
P1945,F1243,245.58,Emergency,Business,0,Airport Kiosk,Window,95,0
P1946,F824,283.29,Business,Business,1,Online,Aisle,101,0
P1947,F1139,346.69,Leisure,Economy,1,Desk,Aisle,32,0
P1948,F452,405.36,Family,Economy,0,Online,Middle,19,0
P1949,F1904,430.74,Emergency,Economy,1,Online,Middle,99,0
P1950,F1583,468.86,Emergency,Economy,1,Online,Middle,32,0
P1951,F721,235.3,Business,Economy,1,Airport Kiosk,Middle,14,0
P1952,F319,369.31,Leisure,Premium Economy,0,Mobile App,Middle,108,0
P1953,F936,352.56,Family,Economy,0,Online,Aisle,79,0
P1954,F1023,164.14,Family,Economy,0,Desk,Window,73,0
P1955,F1667,353.17,Business,Premium Economy,0,Airport Kiosk,Aisle,69,0
P1956,F1940,301.58,Business,Premium Economy,1,Airport Kiosk,Window,43,0
P1957,F854,404.99,Business,Economy,0,Mobile App,Window,29,0
P1958,F1541,190.31,Leisure,Economy,2,Mobile App,Window,54,0
P1959,F513,481.25,Emergency,Economy,1,Online,Middle,42,1
P1960,F1278,479.88,Leisure,Economy,1,Desk,Middle,5,0
P1961,F1471,390.8,Emergency,Economy,0,Online,Aisle,105,0
P1962,F1146,385.97,Leisure,Premium Economy,2,Mobile App,Aisle,77,0
P1963,F1524,368.38,Emergency,Economy,1,Mobile App,Window,77,0
P1964,F438,269.7,Business,Business,0,Online,Middle,49,0
P1965,F288,477.29,Emergency,Economy,2,Desk,Aisle,24,0
P1966,F22,350.73,Business,Economy,2,Mobile App,Window,86,0
P1967,F1201,208.37,Leisure,Business,1,Mobile App,Window,14,0
P1968,F358,319.04,Business,Economy,2,Desk,Window,90,0
P1969,F1853,452.82,Business,Economy,1,Online,Window,32,0
P1970,F287,472.54,Family,Premium Economy,0,Desk,Window,62,0
P1971,F1368,262.77,Emergency,Economy,0,Online,Middle,119,0
P1972,F171,402.8,Leisure,Economy,2,Desk,Middle,64,0
P1973,F874,497.32,Leisure,Economy,0,Mobile App,Window,67,0
P1974,F124,388.23,Family,Premium Economy,1,Online,Middle,5,0
P1975,F225,324.92,Emergency,Business,1,Online,Aisle,63,0
P1976,F907,340.44,Business,Economy,1,Online,Window,19,0
P1977,F1049,365.85,Leisure,Economy,3,Airport Kiosk,Window,61,0
P1978,F1768,395.95,Business,Economy,1,Desk,Aisle,1,0
P1979,F745,182.62,Business,Business,0,Desk,Window,41,0
P1980,F752,431.94,Emergency,Economy,1,Airport Kiosk,Middle,90,0
P1981,F1671,402.35,Family,Premium Economy,2,Airport Kiosk,Aisle,119,0
P1982,F1980,343.9,Emergency,Economy,0,Airport Kiosk,Middle,85,0
P1983,F1310,433.64,Leisure,Premium Economy,1,Mobile App,Middle,107,0
P1984,F1692,497.4,Leisure,Business,1,Airport Kiosk,Window,97,0
P1985,F360,438.08,Business,Premium Economy,0,Online,Window,107,1
P1986,F1230,482.67,Emergency,Economy,2,Mobile App,Middle,33,0
P1987,F1986,439.92,Business,Business,2,Desk,Aisle,111,0
P1988,F1409,513.6,Leisure,First,2,Online,Middle,30,0
P1989,F31,359.05,Family,Business,1,Online,Aisle,61,0
P1990,F1520,393.98,Business,Economy,1,Online,Aisle,95,0
P1991,F682,241.54,Family,Economy,1,Mobile App,Window,88,0
P1992,F1271,353.23,Emergency,Premium Economy,1,Mobile App,Window,113,0
P1993,F577,422.59,Emergency,Economy,2,Mobile App,Window,98,0
P1994,F594,308.95,Leisure,Economy,1,Desk,Middle,20,0
P1995,F1669,338.33,Family,Economy,0,Desk,Aisle,71,0
P1996,F1701,175.89,Family,Economy,1,Online,Middle,31,0
P1997,F32,249.04,Business,Business,2,Airport Kiosk,Window,16,0
P1998,F575,314.84,Family,Economy,2,Airport Kiosk,Middle,80,0
P1999,F387,456.74,Family,Premium Economy,1,Airport Kiosk,Aisle,92,0
P2000,F1340,467.32,Leisure,First,4,Online,Middle,28,0
P2001,F1000,210.69,Emergency,Economy,0,Mobile App,Window,71,0
P2002,F718,434.63,Emergency,Premium Economy,1,Desk,Middle,38,0
P2003,F17,544.03,Emergency,First,0,Airport Kiosk,Aisle,52,0
P2004,F301,433.63,Family,Economy,3,Airport Kiosk,Middle,60,0
P2005,F78,340.19,Leisure,Economy,3,Online,Middle,67,0
P2006,F345,420.71,Leisure,Economy,1,Desk,Middle,87,0
P2007,F574,50.66,Emergency,Economy,2,Desk,Middle,4,0
P2008,F1717,455.73,Family,Economy,0,Online,Aisle,65,0
P2009,F1204,286.05,Leisure,Premium Economy,0,Mobile App,Window,82,0
P2010,F1871,285.68,Family,Premium Economy,0,Airport Kiosk,Middle,115,0
P2011,F1099,246.23,Business,Business,0,Airport Kiosk,Middle,60,0
P2012,F645,388.06,Leisure,Business,0,Airport Kiosk,Middle,47,0
P2013,F1640,256.14,Leisure,Economy,4,Online,Middle,46,0
P2014,F1717,304.33,Business,Premium Economy,0,Online,Middle,9,0
P2015,F1985,475.69,Emergency,Economy,0,Online,Aisle,76,0
P2016,F1687,442.15,Leisure,Premium Economy,0,Mobile App,Middle,108,1
P2017,F552,651.88,Business,First,3,Mobile App,Aisle,48,0
P2018,F1869,452.42,Business,First,1,Airport Kiosk,Window,111,0
P2019,F1558,-40.62,Business,Economy,1,Airport Kiosk,Aisle,7,0
P2020,F1468,402.9,Family,Economy,0,Desk,Middle,91,0
P2021,F924,396.49,Leisure,Premium Economy,1,Desk,Middle,100,0
P2022,F692,364.25,Emergency,First,2,Online,Middle,105,0
P2023,F1712,234.24,Family,Economy,1,Airport Kiosk,Middle,90,0
P2024,F1519,368.44,Business,Economy,1,Online,Middle,57,0
P2025,F994,324.21,Emergency,Economy,1,Desk,Middle,61,0
P2026,F1184,157.85,Business,Economy,0,Online,Aisle,18,0
P2027,F1356,432.88,Emergency,Economy,0,Online,Aisle,72,0
P2028,F1606,182.21,Emergency,Economy,1,Mobile App,Middle,85,0
P2029,F1864,369.12,Leisure,Economy,1,Desk,Aisle,90,0
P2030,F1589,500.59,Family,Premium Economy,1,Online,Window,43,0
P2031,F532,299.05,Emergency,Premium Economy,0,Airport Kiosk,Window,17,0
P2032,F1011,429.54,Family,Economy,1,Online,Window,100,0
P2033,F1067,458.45,Family,Economy,0,Mobile App,Middle,13,0
P2034,F888,275.29,Emergency,Economy,0,Airport Kiosk,Middle,113,0
P2035,F713,589.8,Family,Economy,2,Desk,Aisle,106,0
P2036,F59,371.1,Business,Economy,1,Desk,Window,39,1
P2037,F186,297.8,Family,Business,1,Airport Kiosk,Aisle,17,0
P2038,F1865,286.85,Family,Economy,0,Airport Kiosk,Aisle,37,0
P2039,F22,384.99,Emergency,Business,1,Mobile App,Middle,78,0
P2040,F538,133.12,Business,Premium Economy,1,Mobile App,Middle,36,0
P2041,F1131,397.36,Business,Premium Economy,1,Online,Window,31,0
P2042,F1499,374.9,Business,Economy,0,Desk,Aisle,7,0
P2043,F1867,495.97,Business,Economy,0,Desk,Middle,55,0
P2044,F1285,321.02,Family,Premium Economy,0,Online,Window,63,0
P2045,F368,195.4,Emergency,Economy,2,Mobile App,Aisle,97,0
P2046,F220,388.93,Family,Economy,0,Online,Middle,32,0
P2047,F1503,406.13,Family,Economy,2,Airport Kiosk,Window,89,0
P2048,F1925,478.87,Emergency,Economy,3,Mobile App,Middle,114,0
P2049,F1859,433.65,Business,Economy,0,Mobile App,Window,81,0
P2050,F607,271.69,Family,Premium Economy,2,Online,Window,76,0
P2051,F1533,155.33,Leisure,Economy,1,Desk,Window,48,0
P2052,F1170,286.24,Leisure,Premium Economy,1,Online,Aisle,18,0
P2053,F607,417.98,Business,Economy,2,Online,Window,36,0
P2054,F599,347.51,Leisure,Economy,0,Mobile App,Aisle,111,0
P2055,F1096,196.03,Emergency,Economy,1,Mobile App,Middle,95,0
P2056,F635,278.02,Leisure,Premium Economy,1,Online,Middle,83,0
P2057,F1037,408.92,Emergency,First,0,Desk,Window,17,0
P2058,F1025,381.11,Emergency,Economy,4,Airport Kiosk,Aisle,20,0
P2059,F1914,341.62,Leisure,Premium Economy,2,Online,Middle,85,0
P2060,F603,391.55,Family,Business,0,Online,Aisle,55,0
P2061,F1590,434.16,Leisure,Premium Economy,0,Desk,Middle,7,0
P2062,F1259,295.59,Business,Premium Economy,0,Online,Window,70,0
P2063,F900,437.82,Leisure,Economy,2,Mobile App,Aisle,75,0
P2064,F1717,386.72,Leisure,Economy,1,Desk,Window,6,1
P2065,F1803,347.89,Emergency,Economy,1,Airport Kiosk,Window,32,0
P2066,F1488,402.9,Family,Business,2,Mobile App,Aisle,21,0
P2067,F1246,297.47,Leisure,Economy,2,Desk,Window,53,0
P2068,F1930,471.73,Family,Economy,3,Mobile App,Aisle,59,0
P2069,F907,518.67,Emergency,Premium Economy,0,Online,Aisle,54,0
P2070,F73,356.41,Emergency,Business,0,Airport Kiosk,Window,15,0
P2071,F701,216.19,Leisure,Premium Economy,1,Desk,Aisle,2,0
P2072,F1360,452.19,Business,Premium Economy,2,Online,Window,29,0
P2073,F1000,196.94,Leisure,Economy,0,Online,Middle,64,0
P2074,F1754,335.62,Family,Economy,2,Airport Kiosk,Middle,58,0
P2075,F1242,502.28,Leisure,Economy,2,Mobile App,Middle,59,0
P2076,F1819,329.74,Family,Premium Economy,0,Airport Kiosk,Aisle,8,0
P2077,F719,472.3,Family,Premium Economy,1,Online,Window,51,1
P2078,F1790,458.65,Business,Economy,3,Desk,Middle,42,0
P2079,F767,438.27,Leisure,Economy,1,Online,Window,73,0
P2080,F1265,359.03,Business,Premium Economy,0,Desk,Aisle,6,0
P2081,F1333,259.26,Emergency,First,1,Desk,Window,76,0
P2082,F720,283.14,Leisure,Premium Economy,0,Desk,Window,119,0
P2083,F720,257.36,Leisure,Economy,0,Online,Middle,21,0
P2084,F1103,343.91,Leisure,Business,0,Desk,Middle,35,0
P2085,F1535,217.16,Leisure,Economy,1,Airport Kiosk,Aisle,55,0
P2086,F1660,318.95,Family,Economy,0,Desk,Aisle,80,0
P2087,F1396,285.79,Family,Business,0,Online,Window,9,0
P2088,F1386,465.84,Business,Premium Economy,2,Online,Middle,37,0
P2089,F1570,194.25,Business,Economy,0,Airport Kiosk,Window,91,0
P2090,F251,258.34,Leisure,Business,0,Desk,Window,31,0
P2091,F675,215.58,Family,Economy,1,Mobile App,Window,0,0
P2092,F132,528.69,Business,Economy,0,Desk,Window,19,0
P2093,F1197,405.67,Emergency,Premium Economy,2,Online,Aisle,47,0
P2094,F402,404.86,Emergency,Economy,0,Airport Kiosk,Aisle,35,0
P2095,F1094,109.89,Family,Economy,0,Online,Aisle,90,0
P2096,F1413,275.14,Family,Economy,1,Online,Aisle,48,0
P2097,F1808,383.36,Business,Premium Economy,1,Airport Kiosk,Aisle,42,0
P2098,F517,228.45,Leisure,Economy,0,Desk,Aisle,70,0
P2099,F191,221.7,Leisure,Economy,3,Mobile App,Aisle,9,1
P2100,F511,333.22,Business,First,0,Airport Kiosk,Middle,9,0
P2101,F1499,211.38,Leisure,Economy,0,Airport Kiosk,Middle,82,0
P2102,F1699,306.5,Leisure,Economy,3,Desk,Window,15,0
P2103,F369,428.63,Leisure,Economy,2,Airport Kiosk,Middle,84,1
P2104,F1350,242.2,Emergency,Economy,1,Airport Kiosk,Middle,6,0
P2105,F823,128.67,Leisure,Economy,0,Desk,Middle,107,0
P2106,F1833,373.35,Leisure,Economy,2,Online,Aisle,29,0
P2107,F1340,478.45,Emergency,Economy,1,Airport Kiosk,Aisle,111,0
P2108,F1986,457.41,Emergency,Premium Economy,0,Online,Middle,95,0
P2109,F1862,272.42,Family,Premium Economy,0,Mobile App,Middle,97,0
P2110,F1147,266.28,Business,Economy,2,Airport Kiosk,Window,35,1
P2111,F26,271.53,Business,Economy,0,Online,Middle,104,0
P2112,F607,366.0,Leisure,Economy,1,Airport Kiosk,Window,29,0
P2113,F620,221.38,Business,Economy,0,Mobile App,Middle,64,0
P2114,F1654,274.86,Business,Economy,1,Airport Kiosk,Window,24,0
P2115,F1335,251.89,Business,Premium Economy,1,Airport Kiosk,Aisle,103,0
P2116,F1700,404.69,Leisure,Economy,0,Mobile App,Aisle,20,0
P2117,F1003,386.26,Business,Business,0,Mobile App,Window,91,0
P2118,F1775,433.43,Emergency,Business,2,Mobile App,Window,86,0
P2119,F477,370.48,Leisure,Economy,2,Desk,Middle,19,0
P2120,F223,269.5,Family,Premium Economy,2,Airport Kiosk,Middle,65,0
P2121,F1568,406.71,Family,Business,0,Desk,Aisle,4,0
P2122,F1831,335.42,Emergency,Economy,1,Desk,Aisle,65,0
P2123,F950,357.49,Business,Economy,0,Mobile App,Window,35,0
P2124,F1183,445.93,Business,Economy,4,Mobile App,Aisle,116,0
P2125,F966,242.25,Emergency,Premium Economy,0,Desk,Aisle,34,0
P2126,F1552,207.03,Leisure,Economy,1,Online,Window,99,0
P2127,F1810,425.92,Family,Business,0,Online,Aisle,114,0
P2128,F1450,368.05,Family,Economy,0,Airport Kiosk,Aisle,29,1
P2129,F1005,313.31,Leisure,Economy,1,Desk,Middle,90,0
P2130,F1477,191.53,Family,Economy,0,Online,Middle,2,0
P2131,F383,384.59,Business,Economy,1,Online,Aisle,111,0
P2132,F648,152.07,Leisure,Economy,1,Online,Aisle,53,0
P2133,F1687,481.68,Leisure,First,2,Online,Middle,34,0
P2134,F1209,385.2,Family,Economy,0,Mobile App,Window,87,0
P2135,F1721,359.27,Family,Economy,1,Mobile App,Aisle,92,0
P2136,F1210,88.78,Emergency,Premium Economy,2,Airport Kiosk,Aisle,113,0
P2137,F475,442.13,Emergency,Economy,0,Airport Kiosk,Window,99,0
P2138,F1167,331.49,Emergency,Economy,1,Mobile App,Window,26,0
P2139,F105,466.05,Emergency,Economy,2,Online,Middle,117,0
P2140,F558,477.12,Family,Business,0,Desk,Aisle,56,0
P2141,F25,309.54,Leisure,Economy,2,Mobile App,Window,2,0
P2142,F1495,350.71,Leisure,Premium Economy,1,Airport Kiosk,Aisle,98,0
P2143,F97,401.72,Business,Premium Economy,0,Airport Kiosk,Middle,72,0
P2144,F1674,292.78,Business,Premium Economy,0,Mobile App,Middle,2,0
P2145,F840,486.54,Leisure,Economy,0,Mobile App,Aisle,7,0
P2146,F899,309.64,Emergency,First,2,Online,Middle,85,0
P2147,F1878,243.55,Emergency,Business,0,Desk,Window,30,0
P2148,F1755,415.27,Family,Economy,1,Airport Kiosk,Window,22,0
P2149,F164,305.53,Leisure,Economy,3,Airport Kiosk,Window,8,0
P2150,F1172,431.3,Family,Economy,1,Desk,Window,58,0
P2151,F345,328.76,Emergency,First,1,Online,Aisle,29,0
P2152,F596,345.54,Family,Economy,1,Online,Window,1,0
P2153,F157,221.53,Emergency,Economy,0,Desk,Middle,86,0
P2154,F553,411.0,Leisure,Economy,0,Airport Kiosk,Window,56,1
P2155,F859,279.93,Emergency,First,0,Mobile App,Aisle,50,0
P2156,F783,158.71,Emergency,Economy,1,Desk,Aisle,26,0
P2157,F1073,318.25,Leisure,Economy,1,Mobile App,Aisle,76,0
P2158,F937,251.91,Family,Economy,2,Airport Kiosk,Middle,66,0
P2159,F1386,367.36,Leisure,Economy,2,Mobile App,Aisle,82,0
P2160,F671,221.63,Family,Business,1,Online,Window,34,1
P2161,F1293,311.85,Emergency,Economy,4,Airport Kiosk,Aisle,12,0
P2162,F1838,189.7,Leisure,Economy,0,Mobile App,Window,84,0
P2163,F292,209.84,Family,Premium Economy,2,Desk,Middle,41,0
P2164,F634,363.94,Leisure,Premium Economy,0,Online,Middle,28,0
P2165,F1035,491.3,Emergency,Premium Economy,0,Mobile App,Aisle,58,0
P2166,F725,521.59,Emergency,Economy,0,Online,Window,75,0
P2167,F656,500.04,Family,Economy,0,Desk,Window,5,0
P2168,F1824,197.6,Family,Premium Economy,1,Online,Window,61,1
P2169,F1310,299.47,Emergency,Economy,1,Mobile App,Middle,78,0
P2170,F193,375.55,Leisure,Economy,3,Mobile App,Middle,69,0
P2171,F1663,538.53,Family,Economy,1,Online,Aisle,41,0
P2172,F1471,498.77,Leisure,Premium Economy,1,Mobile App,Middle,119,0
P2173,F1172,395.73,Leisure,Premium Economy,3,Mobile App,Middle,119,0
P2174,F33,473.33,Leisure,Premium Economy,1,Airport Kiosk,Aisle,52,0
P2175,F1684,465.42,Family,Premium Economy,1,Mobile App,Middle,99,0
P2176,F299,359.0,Business,Business,1,Mobile App,Window,58,0
P2177,F1938,256.51,Family,Economy,1,Desk,Window,19,0
P2178,F359,521.43,Business,First,0,Airport Kiosk,Middle,91,0
P2179,F508,324.22,Business,Economy,3,Airport Kiosk,Window,59,0
P2180,F904,307.81,Leisure,Economy,0,Online,Aisle,104,0
P2181,F6,355.93,Emergency,Economy,3,Airport Kiosk,Window,1,0
P2182,F639,501.05,Leisure,First,0,Desk,Middle,37,0
P2183,F796,292.11,Family,Economy,0,Desk,Aisle,34,1
P2184,F427,374.99,Business,Economy,0,Desk,Middle,24,0
P2185,F1513,482.72,Leisure,Business,1,Desk,Aisle,71,0
P2186,F1317,347.31,Family,Business,0,Desk,Middle,22,0
P2187,F1836,196.12,Leisure,Economy,0,Desk,Middle,36,0
P2188,F408,239.6,Emergency,Premium Economy,1,Mobile App,Middle,31,0
P2189,F1357,514.68,Family,Economy,1,Desk,Middle,108,0
P2190,F543,176.81,Business,Economy,2,Desk,Middle,51,0
P2191,F1318,299.29,Business,Business,0,Mobile App,Aisle,95,0
P2192,F475,235.72,Business,Economy,0,Airport Kiosk,Aisle,2,0
P2193,F50,315.34,Family,Economy,1,Desk,Window,18,0
P2194,F1081,449.8,Emergency,Economy,2,Desk,Window,11,1
P2195,F97,479.93,Business,Economy,0,Desk,Window,15,0
P2196,F1596,375.72,Business,Economy,0,Online,Middle,43,0
P2197,F51,254.36,Business,Business,2,Desk,Aisle,13,0
P2198,F1508,461.28,Emergency,Premium Economy,0,Airport Kiosk,Window,75,0
P2199,F1815,373.56,Leisure,Economy,0,Airport Kiosk,Aisle,99,0
P2200,F1707,369.36,Business,Premium Economy,0,Airport Kiosk,Middle,40,0
P2201,F1264,264.57,Emergency,Economy,2,Desk,Middle,79,0
P2202,F1730,378.18,Leisure,Economy,0,Desk,Window,24,0
P2203,F719,459.23,Leisure,Economy,1,Airport Kiosk,Aisle,41,0
P2204,F1748,315.04,Family,First,2,Online,Window,6,0
P2205,F120,518.03,Emergency,Premium Economy,2,Desk,Aisle,57,0
P2206,F12,462.05,Leisure,First,0,Airport Kiosk,Window,86,0
P2207,F1212,454.97,Family,Premium Economy,1,Mobile App,Window,64,0
P2208,F662,337.78,Emergency,Business,0,Mobile App,Window,85,0
P2209,F1968,352.12,Business,Economy,1,Mobile App,Middle,92,0
P2210,F1502,394.57,Emergency,Economy,1,Airport Kiosk,Aisle,119,0
P2211,F1255,316.5,Family,Business,0,Online,Window,88,0
P2212,F870,347.86,Emergency,Economy,0,Online,Middle,97,0
P2213,F1492,485.58,Leisure,Economy,1,Online,Middle,52,1
P2214,F621,391.74,Emergency,Business,0,Online,Aisle,108,0
P2215,F1018,350.4,Family,Economy,1,Desk,Window,118,0
P2216,F1528,394.3,Business,Premium Economy,0,Online,Middle,34,1
P2217,F1603,329.37,Leisure,Business,1,Mobile App,Middle,61,1
P2218,F532,299.2,Leisure,Premium Economy,1,Mobile App,Window,111,0
P2219,F208,373.49,Leisure,Premium Economy,0,Online,Window,8,0
P2220,F899,345.31,Emergency,Economy,1,Airport Kiosk,Middle,53,0
P2221,F1329,499.17,Emergency,Economy,0,Airport Kiosk,Aisle,15,1
P2222,F1090,198.54,Family,Economy,2,Desk,Middle,56,0
P2223,F1270,486.07,Leisure,Economy,0,Mobile App,Middle,78,0
P2224,F587,520.04,Family,Economy,0,Airport Kiosk,Middle,111,0
P2225,F1389,329.02,Business,Economy,2,Mobile App,Middle,108,0
P2226,F593,310.81,Business,Economy,0,Desk,Aisle,30,0
P2227,F203,281.63,Business,Economy,2,Mobile App,Aisle,33,0
P2228,F1084,493.26,Family,Economy,0,Airport Kiosk,Aisle,41,0
P2229,F425,292.45,Business,Premium Economy,2,Desk,Aisle,118,0
P2230,F622,206.87,Leisure,Economy,1,Airport Kiosk,Middle,73,0
P2231,F495,233.21,Emergency,Economy,0,Mobile App,Window,46,0
P2232,F1719,379.56,Leisure,Economy,0,Online,Middle,41,0
P2233,F1764,197.74,Business,Economy,0,Airport Kiosk,Window,36,0
P2234,F1509,316.13,Leisure,Economy,0,Online,Middle,79,1
P2235,F419,327.64,Business,Economy,0,Airport Kiosk,Aisle,51,0
P2236,F96,402.68,Emergency,Economy,0,Online,Middle,8,0
P2237,F34,519.43,Emergency,Economy,0,Desk,Window,48,0
P2238,F128,455.59,Emergency,Economy,0,Airport Kiosk,Middle,23,0
P2239,F1404,417.57,Family,Premium Economy,0,Desk,Aisle,110,0
P2240,F665,262.68,Leisure,Premium Economy,3,Desk,Aisle,96,0
P2241,F424,293.3,Leisure,First,0,Desk,Window,45,0
P2242,F1453,293.75,Family,Economy,1,Mobile App,Window,36,0
P2243,F1954,451.97,Leisure,Economy,1,Online,Aisle,50,0
P2244,F197,513.51,Leisure,Economy,1,Online,Aisle,68,0
P2245,F133,272.97,Emergency,Economy,0,Mobile App,Aisle,36,0
P2246,F1710,298.14,Emergency,Economy,0,Online,Window,0,0
P2247,F891,431.45,Business,Premium Economy,1,Desk,Aisle,114,0
P2248,F744,356.52,Emergency,Economy,0,Online,Aisle,114,0
P2249,F517,397.64,Business,First,1,Desk,Window,38,0
P2250,F1898,453.72,Family,Economy,1,Mobile App,Aisle,32,1
P2251,F1421,324.79,Business,Economy,0,Desk,Aisle,28,0
P2252,F1059,270.21,Business,Economy,2,Desk,Window,29,0
P2253,F390,422.04,Leisure,Economy,1,Online,Window,64,0
P2254,F1757,508.35,Family,Economy,4,Airport Kiosk,Middle,43,0
P2255,F1583,366.56,Leisure,Economy,1,Online,Middle,9,0
P2256,F562,417.67,Family,Business,0,Online,Aisle,40,0
P2257,F1043,396.23,Business,Economy,0,Desk,Window,31,0
P2258,F1528,208.15,Emergency,Economy,0,Airport Kiosk,Middle,63,0
P2259,F1408,320.35,Business,Premium Economy,2,Mobile App,Window,108,0
P2260,F1595,362.42,Emergency,Economy,0,Desk,Window,107,0
P2261,F1426,211.2,Family,Premium Economy,0,Mobile App,Aisle,13,0
P2262,F567,474.8,Business,Economy,0,Online,Middle,110,0
P2263,F586,465.8,Leisure,Economy,0,Mobile App,Middle,99,0
P2264,F1160,420.53,Business,Economy,1,Desk,Middle,103,0
P2265,F142,433.46,Business,Business,3,Online,Window,6,0
P2266,F938,323.82,Leisure,Premium Economy,1,Online,Window,73,1
P2267,F762,285.65,Emergency,Economy,1,Airport Kiosk,Aisle,67,1
P2268,F410,183.23,Family,Economy,1,Mobile App,Middle,17,0
P2269,F1040,276.79,Business,Business,0,Mobile App,Aisle,47,0
P2270,F1703,256.09,Business,Business,3,Desk,Aisle,14,0
P2271,F1510,257.52,Leisure,First,1,Online,Aisle,67,0
P2272,F1851,437.76,Leisure,Economy,1,Online,Window,40,0
P2273,F1447,208.01,Emergency,Premium Economy,0,Mobile App,Aisle,29,0
P2274,F1317,194.08,Leisure,Premium Economy,1,Mobile App,Window,58,0
P2275,F66,430.61,Business,Economy,1,Airport Kiosk,Aisle,68,0
P2276,F568,419.88,Emergency,Economy,0,Online,Middle,80,0
P2277,F474,420.31,Family,Premium Economy,2,Airport Kiosk,Aisle,100,0
P2278,F1317,281.92,Emergency,Economy,0,Mobile App,Middle,76,0
P2279,F210,452.13,Business,Economy,0,Airport Kiosk,Window,63,0
P2280,F1291,263.77,Emergency,Business,2,Online,Window,20,0
P2281,F1266,453.04,Emergency,Economy,0,Desk,Aisle,102,0
P2282,F1715,149.42,Family,Business,0,Online,Middle,106,0
P2283,F249,251.95,Business,Economy,0,Desk,Middle,104,0
P2284,F1641,326.16,Emergency,Premium Economy,1,Online,Aisle,58,0
P2285,F981,313.45,Emergency,Economy,1,Mobile App,Middle,87,0
P2286,F414,177.39,Family,Economy,0,Desk,Middle,25,0
P2287,F1623,278.5,Leisure,Economy,1,Mobile App,Window,16,0
P2288,F498,374.67,Business,Economy,0,Mobile App,Middle,17,0
P2289,F1859,259.77,Family,Economy,2,Mobile App,Aisle,34,0
P2290,F158,373.02,Business,Premium Economy,0,Desk,Middle,75,0
P2291,F378,125.93,Business,Economy,0,Mobile App,Aisle,49,0
P2292,F1328,413.68,Leisure,Economy,2,Online,Window,89,0
P2293,F1372,369.25,Family,First,0,Online,Middle,13,0
P2294,F1523,317.83,Emergency,Economy,1,Mobile App,Aisle,92,0
P2295,F375,315.82,Business,Premium Economy,1,Desk,Window,112,0
P2296,F771,308.15,Business,Economy,1,Mobile App,Window,17,0
P2297,F1477,458.18,Business,Economy,0,Mobile App,Middle,16,0
P2298,F1894,282.69,Emergency,Economy,0,Desk,Window,50,0
P2299,F1670,410.87,Family,Economy,0,Airport Kiosk,Window,25,0
P2300,F27,403.42,Business,Economy,1,Online,Middle,20,1
P2301,F1855,520.26,Business,Business,0,Airport Kiosk,Middle,40,0
P2302,F1245,393.99,Family,Premium Economy,1,Desk,Aisle,119,0
P2303,F529,489.96,Business,Business,0,Mobile App,Window,116,0
P2304,F99,405.41,Emergency,Premium Economy,1,Online,Window,32,0
P2305,F1121,405.95,Business,Economy,1,Desk,Aisle,95,0
P2306,F1920,443.38,Emergency,Business,0,Mobile App,Middle,117,0
P2307,F1651,372.06,Emergency,Economy,0,Mobile App,Middle,62,0
P2308,F1189,252.74,Business,Economy,0,Desk,Aisle,108,1
P2309,F1973,68.69,Business,Economy,1,Online,Middle,6,0
P2310,F1915,361.95,Business,Economy,5,Desk,Window,98,0
P2311,F1986,308.79,Leisure,Economy,0,Desk,Aisle,108,0
P2312,F1537,203.89,Business,Economy,1,Online,Aisle,109,0
P2313,F43,413.38,Family,Economy,0,Desk,Middle,99,0
P2314,F1611,296.58,Leisure,Economy,0,Online,Aisle,21,0
P2315,F244,392.27,Emergency,Economy,2,Online,Window,1,0
P2316,F842,243.22,Leisure,Business,0,Mobile App,Window,113,0
P2317,F474,508.93,Business,Economy,1,Airport Kiosk,Window,96,0
P2318,F266,607.11,Family,Economy,2,Airport Kiosk,Aisle,115,0
P2319,F639,498.65,Business,Economy,0,Online,Aisle,86,0
P2320,F325,186.31,Leisure,Economy,0,Airport Kiosk,Middle,46,0
P2321,F134,428.86,Family,Business,1,Online,Window,24,0
P2322,F1166,258.32,Emergency,Economy,0,Mobile App,Window,91,0
P2323,F1464,269.17,Emergency,Business,0,Online,Middle,29,0
P2324,F1677,258.86,Leisure,Economy,1,Desk,Aisle,86,0
P2325,F648,485.98,Leisure,Economy,0,Mobile App,Middle,66,1
P2326,F1546,586.9,Emergency,Premium Economy,1,Airport Kiosk,Window,43,0
P2327,F520,446.79,Emergency,Economy,1,Airport Kiosk,Window,58,0
P2328,F1310,295.18,Business,Economy,0,Desk,Middle,18,0
P2329,F894,250.25,Business,Premium Economy,2,Desk,Aisle,112,0
P2330,F130,453.48,Business,Economy,0,Desk,Middle,60,1
P2331,F1394,323.43,Leisure,Premium Economy,0,Airport Kiosk,Middle,16,0
P2332,F267,384.14,Leisure,Business,3,Desk,Middle,50,0
P2333,F1927,30.64,Business,Economy,3,Online,Middle,39,0
P2334,F1996,177.02,Family,Premium Economy,3,Desk,Window,76,0
P2335,F1776,418.8,Business,Premium Economy,1,Desk,Aisle,48,0
P2336,F1917,308.95,Business,Business,0,Desk,Window,108,1
P2337,F1448,355.12,Business,Economy,0,Online,Window,9,0
P2338,F280,412.43,Business,Business,0,Online,Middle,27,0
P2339,F1821,294.67,Emergency,Economy,2,Airport Kiosk,Window,36,0
P2340,F1273,358.52,Family,Business,1,Mobile App,Window,111,0
P2341,F863,397.14,Leisure,Economy,3,Online,Middle,1,0
P2342,F1599,253.77,Leisure,Business,0,Airport Kiosk,Middle,76,0
P2343,F1218,276.6,Family,Economy,1,Desk,Aisle,14,0
P2344,F19,354.74,Family,Economy,1,Online,Aisle,5,1
P2345,F1240,356.6,Business,Business,1,Online,Middle,98,0
P2346,F1430,216.61,Emergency,Economy,2,Mobile App,Window,7,0
P2347,F789,396.52,Business,Premium Economy,1,Online,Middle,111,0
P2348,F1379,444.69,Business,Economy,1,Online,Middle,116,0
P2349,F328,196.32,Business,Economy,2,Online,Window,45,0
P2350,F61,324.53,Family,Economy,1,Airport Kiosk,Window,117,1
P2351,F276,583.76,Leisure,First,1,Mobile App,Middle,95,0
P2352,F1401,284.91,Emergency,Economy,1,Mobile App,Aisle,91,0
P2353,F87,351.53,Emergency,Economy,0,Mobile App,Middle,24,0
P2354,F39,315.78,Family,Economy,3,Online,Window,103,0
P2355,F265,238.94,Emergency,Economy,0,Desk,Middle,108,0
P2356,F6,276.55,Family,Economy,2,Desk,Middle,36,0
P2357,F1251,350.35,Leisure,Economy,1,Desk,Aisle,105,0
P2358,F1575,135.66,Emergency,Economy,1,Online,Aisle,88,0
P2359,F1113,313.57,Business,Economy,0,Airport Kiosk,Aisle,102,0
P2360,F551,355.89,Leisure,Economy,1,Online,Window,110,0
P2361,F1453,275.59,Family,Premium Economy,0,Desk,Middle,56,0
P2362,F1882,381.46,Emergency,Economy,1,Online,Middle,105,0
P2363,F1918,380.66,Leisure,Economy,1,Desk,Window,107,0
P2364,F1200,504.3,Leisure,Business,1,Desk,Aisle,82,0
P2365,F1648,282.97,Leisure,Premium Economy,1,Mobile App,Aisle,0,0
P2366,F1659,206.73,Leisure,Economy,0,Mobile App,Window,71,0
P2367,F1676,371.67,Emergency,Business,0,Desk,Aisle,39,0
P2368,F778,201.68,Emergency,Premium Economy,0,Mobile App,Middle,86,0
P2369,F834,79.8,Emergency,Business,1,Mobile App,Window,50,0
P2370,F1695,273.85,Business,Business,0,Mobile App,Aisle,50,0
P2371,F483,343.36,Family,Economy,3,Airport Kiosk,Aisle,115,0
P2372,F883,213.38,Family,Premium Economy,2,Online,Middle,30,0
P2373,F1655,328.53,Business,Economy,1,Desk,Aisle,31,0
P2374,F53,244.25,Leisure,Business,0,Online,Aisle,107,0
P2375,F824,242.48,Emergency,Economy,2,Desk,Window,5,0
P2376,F564,517.38,Business,Economy,0,Mobile App,Aisle,11,1
P2377,F204,188.09,Business,Economy,1,Desk,Middle,30,0
P2378,F1102,344.26,Family,First,2,Airport Kiosk,Middle,15,0
P2379,F7,455.48,Leisure,Premium Economy,1,Airport Kiosk,Middle,40,0
P2380,F572,468.09,Leisure,Economy,2,Online,Middle,105,0
P2381,F57,122.13,Leisure,Economy,1,Desk,Window,40,0
P2382,F465,234.91,Emergency,Economy,1,Desk,Window,94,0
P2383,F1247,275.29,Family,Business,2,Online,Middle,63,0
P2384,F1168,562.25,Leisure,Economy,2,Mobile App,Aisle,22,0
P2385,F119,454.25,Family,Economy,2,Airport Kiosk,Window,110,0
P2386,F1134,264.28,Business,Economy,1,Airport Kiosk,Aisle,50,0
P2387,F1950,353.7,Business,Business,0,Mobile App,Aisle,85,0
P2388,F1041,247.84,Leisure,Economy,0,Mobile App,Window,61,0
P2389,F357,227.88,Leisure,Business,1,Airport Kiosk,Aisle,3,0
P2390,F886,389.67,Business,Economy,2,Desk,Window,71,0
P2391,F1502,392.2,Emergency,Economy,2,Airport Kiosk,Aisle,97,0
P2392,F128,623.05,Family,Economy,1,Desk,Window,95,0
P2393,F820,440.77,Emergency,Economy,0,Mobile App,Middle,66,0
P2394,F715,350.22,Family,Economy,0,Desk,Window,87,1
P2395,F1287,381.3,Business,Economy,1,Desk,Aisle,3,0
P2396,F1677,295.44,Family,Business,0,Online,Middle,6,0
P2397,F645,188.78,Emergency,Economy,0,Online,Window,62,0
P2398,F1991,233.13,Leisure,Premium Economy,2,Online,Window,91,0
P2399,F1767,478.1,Emergency,Business,3,Online,Window,30,0
P2400,F1730,345.2,Emergency,Economy,1,Mobile App,Middle,39,0
P2401,F532,374.67,Family,Economy,3,Desk,Middle,75,0
P2402,F1945,369.54,Business,Economy,1,Desk,Middle,31,0
P2403,F664,695.48,Emergency,Economy,3,Desk,Aisle,94,0
P2404,F1579,338.08,Leisure,Premium Economy,2,Online,Aisle,35,0
P2405,F1849,152.03,Business,Economy,4,Mobile App,Window,74,0
P2406,F1131,393.79,Family,Premium Economy,0,Desk,Window,40,1
P2407,F598,465.92,Emergency,Premium Economy,1,Mobile App,Middle,50,0
P2408,F1147,342.04,Business,First,0,Mobile App,Aisle,13,0
P2409,F1038,277.21,Emergency,Economy,1,Desk,Aisle,10,0
P2410,F186,413.04,Family,Business,0,Mobile App,Middle,70,0
P2411,F959,363.75,Family,Premium Economy,2,Online,Aisle,52,0
P2412,F119,344.18,Emergency,Economy,0,Airport Kiosk,Aisle,64,0
P2413,F1209,355.48,Business,Economy,2,Online,Window,85,0
P2414,F1759,333.08,Leisure,Business,2,Online,Window,76,0
P2415,F1269,430.14,Business,Business,1,Mobile App,Aisle,113,0
P2416,F1611,395.73,Leisure,Economy,1,Online,Window,71,0
P2417,F875,400.07,Leisure,Economy,5,Airport Kiosk,Aisle,70,0
P2418,F953,334.61,Business,Economy,0,Desk,Window,9,0
P2419,F788,332.48,Family,Economy,0,Mobile App,Aisle,71,0
P2420,F1947,246.68,Emergency,Economy,2,Airport Kiosk,Window,92,0
P2421,F163,465.82,Family,Economy,0,Online,Aisle,116,0
P2422,F918,412.67,Leisure,Premium Economy,1,Online,Middle,22,0
P2423,F708,485.75,Business,Economy,1,Mobile App,Window,95,0
P2424,F897,356.53,Leisure,Economy,0,Desk,Aisle,34,0
P2425,F1776,426.07,Leisure,Economy,3,Airport Kiosk,Middle,12,0
P2426,F1634,174.62,Leisure,Premium Economy,0,Mobile App,Middle,59,0
P2427,F288,250.75,Leisure,Economy,1,Mobile App,Window,7,0
P2428,F11,233.53,Leisure,Economy,1,Mobile App,Aisle,78,0
P2429,F205,467.44,Family,Economy,0,Mobile App,Aisle,12,1
P2430,F98,226.11,Family,Economy,0,Airport Kiosk,Window,87,0
P2431,F1378,257.13,Family,Business,1,Desk,Aisle,35,0
P2432,F23,473.51,Leisure,First,2,Airport Kiosk,Aisle,18,0
P2433,F1440,244.44,Family,Economy,1,Mobile App,Aisle,75,0
P2434,F217,367.77,Family,Economy,0,Mobile App,Aisle,78,0
P2435,F1127,461.22,Business,Economy,2,Mobile App,Aisle,54,0
P2436,F7,345.86,Leisure,Business,1,Online,Aisle,101,0
P2437,F1386,533.95,Emergency,Economy,1,Mobile App,Aisle,30,0
P2438,F446,253.35,Emergency,Economy,0,Online,Window,34,0
P2439,F790,305.17,Family,Premium Economy,3,Airport Kiosk,Window,1,0
P2440,F503,268.48,Leisure,Business,2,Mobile App,Aisle,37,0
P2441,F1093,308.6,Business,Business,2,Online,Window,108,0
P2442,F957,307.21,Emergency,Premium Economy,2,Online,Aisle,26,0
P2443,F1871,450.03,Family,Economy,1,Online,Aisle,87,0
P2444,F57,435.21,Emergency,Economy,0,Mobile App,Aisle,15,0
P2445,F158,310.3,Leisure,Economy,0,Desk,Window,79,0
P2446,F1130,346.25,Family,Premium Economy,1,Desk,Aisle,0,0
P2447,F886,351.76,Business,Economy,1,Mobile App,Middle,101,0
P2448,F1109,323.93,Family,Premium Economy,2,Desk,Window,69,0
P2449,F854,224.22,Emergency,Economy,0,Desk,Aisle,93,0
P2450,F936,521.64,Family,Economy,2,Online,Aisle,109,0
P2451,F1844,530.07,Leisure,Business,1,Desk,Window,24,0
P2452,F464,325.71,Leisure,Premium Economy,0,Airport Kiosk,Middle,63,0
P2453,F170,264.87,Business,Economy,1,Desk,Middle,117,0
P2454,F1652,231.73,Leisure,First,2,Mobile App,Window,101,0
P2455,F771,539.25,Family,Economy,0,Mobile App,Window,76,0
P2456,F1717,309.36,Business,Premium Economy,0,Mobile App,Aisle,41,0
P2457,F1496,436.87,Leisure,Economy,2,Online,Aisle,22,0
P2458,F1800,305.64,Business,Economy,1,Desk,Window,58,0
P2459,F1517,178.51,Business,Economy,1,Airport Kiosk,Middle,54,0
P2460,F779,430.12,Business,Premium Economy,2,Mobile App,Aisle,36,0
P2461,F1129,385.72,Leisure,Economy,0,Desk,Window,29,0
P2462,F141,385.99,Emergency,Business,4,Airport Kiosk,Window,90,0
P2463,F1220,253.28,Business,Economy,2,Airport Kiosk,Aisle,83,0
P2464,F811,369.98,Family,Premium Economy,1,Online,Window,66,0
P2465,F1532,288.98,Business,Economy,1,Airport Kiosk,Aisle,116,0
P2466,F1806,563.6,Family,Premium Economy,5,Online,Aisle,39,0
P2467,F1233,425.4,Leisure,Premium Economy,3,Mobile App,Aisle,50,0
P2468,F1630,353.77,Leisure,Premium Economy,0,Airport Kiosk,Middle,84,0
P2469,F970,350.36,Leisure,Economy,0,Desk,Window,2,1
P2470,F907,254.16,Emergency,Premium Economy,3,Online,Middle,75,0
P2471,F973,224.16,Family,Premium Economy,0,Online,Middle,33,0
P2472,F1876,500.07,Family,Economy,2,Airport Kiosk,Aisle,97,0
P2473,F1758,168.77,Emergency,Premium Economy,0,Online,Aisle,115,0
P2474,F680,507.37,Family,Premium Economy,2,Airport Kiosk,Window,95,0
P2475,F478,416.99,Business,Economy,0,Airport Kiosk,Window,10,1
P2476,F241,236.57,Family,Business,0,Online,Aisle,75,0
P2477,F1274,464.77,Family,Economy,2,Airport Kiosk,Aisle,0,0
P2478,F335,437.03,Emergency,Economy,3,Desk,Window,33,0
P2479,F1067,332.51,Emergency,Business,1,Airport Kiosk,Middle,35,0
P2480,F1188,298.61,Emergency,Economy,0,Desk,Middle,14,0
P2481,F1875,295.0,Family,Economy,0,Mobile App,Aisle,87,0
P2482,F1409,447.69,Emergency,Economy,1,Airport Kiosk,Middle,43,1
P2483,F840,390.64,Business,First,3,Online,Window,84,0
P2484,F92,154.6,Family,Economy,0,Mobile App,Window,112,0
P2485,F719,249.23,Family,Business,1,Airport Kiosk,Window,71,0
P2486,F1890,316.66,Business,Business,1,Desk,Middle,90,0
P2487,F1166,384.61,Business,Economy,3,Mobile App,Window,48,0
P2488,F1183,402.92,Business,Business,0,Desk,Window,89,0
P2489,F589,389.93,Leisure,Premium Economy,2,Airport Kiosk,Aisle,94,0
P2490,F1341,281.14,Family,Economy,0,Online,Window,47,0
P2491,F1179,258.63,Emergency,Economy,0,Airport Kiosk,Middle,46,0
P2492,F354,455.58,Family,Economy,3,Desk,Aisle,54,0
P2493,F1559,472.75,Leisure,Economy,2,Mobile App,Aisle,70,0
P2494,F805,356.79,Leisure,Premium Economy,0,Airport Kiosk,Window,111,1
P2495,F1339,298.44,Family,Economy,0,Online,Aisle,11,0
P2496,F722,301.07,Business,Economy,2,Airport Kiosk,Window,67,0
P2497,F73,279.59,Family,Premium Economy,1,Online,Aisle,25,0
P2498,F156,399.02,Business,Premium Economy,0,Airport Kiosk,Middle,87,0
P2499,F887,417.44,Leisure,Economy,2,Airport Kiosk,Middle,13,1
P2500,F349,392.23,Family,Economy,0,Desk,Aisle,25,0
P2501,F17,384.67,Family,Economy,1,Online,Aisle,87,0
P2502,F1688,229.57,Family,Economy,0,Mobile App,Aisle,33,0
P2503,F811,325.68,Business,Economy,1,Airport Kiosk,Middle,116,0
P2504,F761,361.88,Business,Premium Economy,1,Desk,Window,95,0
P2505,F724,244.98,Family,Economy,0,Airport Kiosk,Aisle,36,0
P2506,F1688,240.08,Leisure,Premium Economy,1,Online,Window,64,0
P2507,F232,313.2,Leisure,Economy,0,Mobile App,Window,52,0
P2508,F497,381.92,Leisure,Premium Economy,3,Airport Kiosk,Window,74,0
P2509,F1359,245.85,Leisure,Business,1,Desk,Window,56,0
P2510,F1882,323.04,Leisure,Economy,3,Mobile App,Window,5,0
P2511,F393,294.71,Family,Premium Economy,1,Mobile App,Aisle,77,0
P2512,F856,433.9,Family,Premium Economy,2,Desk,Aisle,29,0
P2513,F518,376.92,Business,Business,3,Online,Middle,43,0
P2514,F1226,352.2,Emergency,Economy,1,Mobile App,Aisle,45,1
P2515,F105,271.27,Business,Economy,2,Mobile App,Aisle,4,0
P2516,F883,377.36,Family,Economy,2,Desk,Aisle,12,0
P2517,F451,376.72,Emergency,Economy,0,Desk,Window,44,0
P2518,F1445,398.82,Family,Premium Economy,0,Airport Kiosk,Middle,105,0
P2519,F1595,422.86,Leisure,Economy,2,Online,Aisle,44,0
P2520,F153,489.92,Business,Premium Economy,1,Mobile App,Aisle,92,0
P2521,F1281,448.23,Emergency,Business,0,Mobile App,Window,113,0
P2522,F597,582.95,Leisure,Economy,0,Mobile App,Middle,82,0
P2523,F1085,405.08,Family,Economy,1,Airport Kiosk,Middle,27,0
P2524,F1204,504.2,Leisure,Economy,2,Online,Window,12,0
P2525,F1838,348.25,Emergency,Economy,1,Online,Window,105,0
P2526,F1017,300.29,Family,Economy,1,Mobile App,Aisle,109,0
P2527,F44,527.92,Business,Economy,1,Mobile App,Middle,115,1
P2528,F940,243.08,Business,Economy,0,Airport Kiosk,Middle,117,0
P2529,F1650,527.44,Family,Business,0,Desk,Middle,85,0
P2530,F1122,409.42,Emergency,Economy,1,Airport Kiosk,Middle,81,0
P2531,F868,374.71,Emergency,Business,2,Desk,Middle,1,0
P2532,F1239,328.12,Emergency,Business,3,Desk,Middle,35,0
P2533,F451,206.65,Family,Economy,0,Mobile App,Window,114,0
P2534,F1533,205.07,Business,First,1,Mobile App,Aisle,9,0
P2535,F124,252.66,Emergency,Economy,0,Airport Kiosk,Window,112,0
P2536,F1213,473.13,Family,Premium Economy,0,Airport Kiosk,Middle,3,1
P2537,F1183,266.56,Business,Economy,3,Mobile App,Window,54,0
P2538,F642,471.63,Family,Economy,1,Mobile App,Middle,5,0
P2539,F133,309.74,Leisure,Economy,1,Desk,Aisle,63,0
P2540,F1858,488.29,Business,Economy,0,Mobile App,Window,6,0
P2541,F600,368.52,Leisure,Economy,1,Desk,Aisle,17,0
P2542,F412,339.41,Emergency,Economy,0,Online,Middle,82,1
P2543,F1033,243.54,Leisure,Premium Economy,1,Online,Middle,89,0
P2544,F997,403.78,Leisure,Economy,0,Desk,Window,33,0
P2545,F1327,332.76,Leisure,Economy,2,Mobile App,Window,48,0
P2546,F136,376.23,Emergency,Economy,1,Mobile App,Aisle,102,0
P2547,F1761,296.24,Family,Economy,1,Desk,Aisle,73,0
P2548,F244,337.07,Emergency,Economy,3,Desk,Aisle,37,0
P2549,F1131,368.51,Business,Economy,0,Online,Middle,95,0
P2550,F425,323.03,Business,Economy,4,Airport Kiosk,Window,47,0
P2551,F1029,259.42,Leisure,Premium Economy,0,Mobile App,Window,47,0
P2552,F928,329.91,Family,Economy,0,Desk,Window,17,0
P2553,F1061,404.81,Business,Business,2,Online,Middle,65,0
P2554,F1838,304.35,Leisure,Premium Economy,1,Mobile App,Middle,8,0
P2555,F1558,289.52,Family,Economy,1,Online,Middle,27,0
P2556,F773,408.57,Family,Economy,1,Airport Kiosk,Aisle,111,0
P2557,F1995,553.9,Leisure,Economy,5,Desk,Middle,70,0
P2558,F1946,499.32,Business,First,0,Mobile App,Window,16,0
P2559,F1910,418.47,Business,Economy,1,Airport Kiosk,Window,43,0
P2560,F946,400.0,Family,Premium Economy,2,Airport Kiosk,Aisle,71,0
P2561,F1330,496.36,Emergency,Business,2,Online,Middle,57,0
P2562,F1931,312.41,Emergency,Economy,1,Mobile App,Aisle,75,0
P2563,F1790,422.72,Leisure,Economy,0,Desk,Middle,34,0
P2564,F1488,314.51,Emergency,Economy,2,Mobile App,Window,61,0
P2565,F1743,262.39,Emergency,Economy,2,Desk,Window,40,0
P2566,F941,110.15,Leisure,Economy,3,Online,Middle,30,0
P2567,F699,359.5,Business,Business,1,Airport Kiosk,Aisle,16,0
P2568,F1874,412.69,Leisure,Economy,2,Online,Window,68,0
P2569,F1584,385.47,Emergency,Economy,1,Online,Window,55,0
P2570,F330,502.39,Emergency,Economy,1,Online,Window,74,0
P2571,F54,262.01,Family,Economy,1,Mobile App,Window,4,0
P2572,F24,531.25,Business,Economy,1,Online,Middle,38,0
P2573,F1925,372.25,Emergency,Economy,1,Desk,Aisle,106,0
P2574,F1198,321.26,Family,Premium Economy,1,Online,Aisle,47,0
P2575,F385,147.13,Family,Economy,3,Desk,Middle,66,0
P2576,F1935,405.47,Emergency,Economy,0,Mobile App,Aisle,97,0
P2577,F213,375.53,Business,Premium Economy,1,Airport Kiosk,Middle,36,0
P2578,F749,333.87,Leisure,Economy,1,Mobile App,Middle,118,0
P2579,F1186,222.87,Business,Economy,1,Mobile App,Aisle,94,0
P2580,F11,417.58,Family,First,0,Mobile App,Window,73,0
P2581,F100,210.82,Business,Economy,0,Airport Kiosk,Aisle,9,0
P2582,F567,528.6,Emergency,Premium Economy,1,Online,Aisle,96,0
P2583,F209,275.64,Emergency,Economy,0,Mobile App,Aisle,53,0
P2584,F1965,304.64,Emergency,Premium Economy,0,Online,Window,6,0
P2585,F1811,449.56,Family,Business,2,Online,Aisle,13,0
P2586,F307,419.46,Family,Premium Economy,0,Airport Kiosk,Aisle,118,0
P2587,F22,412.57,Leisure,Premium Economy,1,Mobile App,Window,48,0
P2588,F176,242.37,Family,Premium Economy,1,Airport Kiosk,Middle,0,0
P2589,F1790,383.71,Emergency,First,0,Airport Kiosk,Aisle,13,0
P2590,F1786,408.64,Business,Economy,0,Online,Window,94,0
P2591,F1331,283.98,Emergency,Economy,2,Online,Middle,55,0
P2592,F996,189.63,Business,Economy,4,Airport Kiosk,Window,55,1
P2593,F215,234.3,Family,Economy,0,Online,Middle,64,0
P2594,F1681,351.66,Family,Economy,0,Mobile App,Aisle,25,0
P2595,F1383,341.78,Family,Economy,3,Mobile App,Window,46,0
P2596,F1409,459.5,Leisure,First,4,Online,Middle,101,0
P2597,F388,369.92,Family,Economy,0,Desk,Middle,12,0
P2598,F462,272.94,Business,Economy,2,Mobile App,Window,7,1
P2599,F1555,396.59,Business,Premium Economy,2,Airport Kiosk,Window,46,0
P2600,F800,453.25,Family,Economy,3,Online,Window,116,0
P2601,F1133,160.49,Leisure,Business,2,Airport Kiosk,Aisle,103,0
P2602,F1988,416.45,Leisure,Business,4,Mobile App,Aisle,30,0
P2603,F924,244.59,Leisure,Economy,0,Desk,Window,78,0
P2604,F144,362.04,Leisure,Business,2,Online,Window,58,0
P2605,F224,238.35,Emergency,Business,1,Mobile App,Aisle,101,0
P2606,F503,349.39,Emergency,Economy,2,Online,Window,119,0
P2607,F1059,255.16,Emergency,Economy,1,Online,Aisle,29,0
P2608,F1172,255.81,Emergency,Economy,3,Mobile App,Middle,97,0
P2609,F406,396.03,Emergency,Premium Economy,0,Online,Middle,94,0
P2610,F423,301.31,Emergency,Economy,0,Online,Window,52,0
P2611,F1475,310.37,Business,Business,0,Airport Kiosk,Middle,101,0
P2612,F1550,263.06,Leisure,Business,0,Desk,Aisle,75,0
P2613,F1586,328.29,Family,Premium Economy,1,Online,Aisle,3,0
P2614,F1572,423.17,Family,Economy,1,Mobile App,Aisle,90,0
P2615,F38,417.07,Leisure,Business,1,Online,Window,102,0
P2616,F1561,455.4,Business,Business,1,Desk,Aisle,38,0
P2617,F51,444.7,Emergency,Premium Economy,1,Online,Window,116,0
P2618,F545,528.38,Leisure,Business,1,Airport Kiosk,Window,112,0
P2619,F991,370.98,Business,Economy,1,Airport Kiosk,Aisle,20,1
P2620,F540,398.94,Emergency,Premium Economy,0,Airport Kiosk,Aisle,101,0
P2621,F419,419.22,Business,Economy,2,Airport Kiosk,Middle,38,0
P2622,F425,412.6,Business,Economy,1,Desk,Middle,76,0
P2623,F1263,334.03,Emergency,Economy,4,Online,Middle,88,0
P2624,F54,238.2,Business,Economy,1,Desk,Aisle,31,0
P2625,F1993,226.34,Family,Business,0,Mobile App,Window,55,0
P2626,F899,561.37,Leisure,Business,1,Airport Kiosk,Window,6,0
P2627,F1424,220.75,Business,Business,3,Desk,Window,102,0
P2628,F955,352.14,Business,First,2,Desk,Middle,7,0
P2629,F1129,207.25,Emergency,First,1,Airport Kiosk,Window,37,0
P2630,F508,284.78,Leisure,Premium Economy,1,Airport Kiosk,Middle,53,0
P2631,F381,359.91,Leisure,Economy,2,Desk,Middle,70,0
P2632,F567,434.7,Business,Premium Economy,1,Online,Aisle,44,0
P2633,F1372,315.64,Business,Business,0,Mobile App,Window,104,0
P2634,F218,322.08,Emergency,Economy,1,Online,Window,2,0
P2635,F979,336.6,Emergency,Economy,0,Desk,Aisle,107,0
P2636,F1500,235.68,Leisure,Economy,0,Mobile App,Window,43,0
P2637,F221,305.87,Business,Business,1,Online,Window,85,0
P2638,F469,261.34,Family,Economy,0,Mobile App,Aisle,25,0
P2639,F692,510.62,Leisure,Economy,0,Airport Kiosk,Aisle,95,0
P2640,F570,311.72,Emergency,Business,0,Online,Middle,99,0
P2641,F828,335.96,Business,Economy,1,Desk,Middle,119,0
P2642,F1526,400.65,Family,Premium Economy,1,Desk,Middle,22,0
P2643,F1280,290.66,Business,Business,0,Online,Aisle,0,0
P2644,F629,243.09,Business,Economy,1,Online,Aisle,117,0
P2645,F18,317.39,Emergency,First,2,Airport Kiosk,Middle,47,0
P2646,F1283,356.12,Business,First,0,Desk,Aisle,71,0
P2647,F785,470.46,Family,Business,0,Mobile App,Middle,72,0
P2648,F1013,274.93,Leisure,Business,2,Online,Middle,40,0
P2649,F571,367.0,Leisure,Business,0,Mobile App,Middle,45,0
P2650,F920,263.03,Emergency,Business,1,Desk,Window,5,0
P2651,F535,366.04,Business,Economy,1,Online,Middle,18,0
P2652,F1035,382.26,Emergency,Premium Economy,1,Online,Aisle,67,0
P2653,F1624,346.53,Leisure,Economy,1,Airport Kiosk,Window,116,0
P2654,F71,538.61,Leisure,Business,1,Desk,Window,32,0
P2655,F1043,537.21,Emergency,Business,0,Mobile App,Aisle,63,0
P2656,F1698,367.58,Emergency,Economy,2,Airport Kiosk,Aisle,78,0
P2657,F818,341.76,Leisure,Business,1,Desk,Aisle,88,0
P2658,F525,231.73,Leisure,Economy,0,Airport Kiosk,Aisle,22,0
P2659,F25,427.27,Emergency,Premium Economy,0,Desk,Middle,42,0
P2660,F123,421.92,Business,Economy,2,Online,Aisle,74,0
P2661,F978,486.52,Family,Economy,1,Desk,Middle,58,0
P2662,F1131,442.18,Leisure,Business,2,Mobile App,Window,57,0
P2663,F1585,308.14,Family,Premium Economy,0,Airport Kiosk,Middle,41,0
P2664,F1280,296.05,Emergency,Economy,0,Mobile App,Middle,40,0
P2665,F1284,332.79,Emergency,Business,1,Online,Middle,69,0
P2666,F606,316.66,Emergency,Economy,0,Airport Kiosk,Middle,77,0
P2667,F1604,347.51,Business,Economy,1,Online,Middle,49,0
P2668,F59,212.89,Business,Economy,0,Online,Window,17,0
P2669,F923,451.03,Leisure,Premium Economy,1,Online,Window,20,0
P2670,F1562,309.66,Business,Economy,1,Desk,Window,94,0
P2671,F1075,401.63,Emergency,First,1,Mobile App,Window,114,0
P2672,F1629,393.51,Family,Business,0,Online,Aisle,11,0
P2673,F1044,351.3,Leisure,Business,1,Mobile App,Window,32,0
P2674,F976,488.56,Emergency,Economy,1,Desk,Aisle,51,0
P2675,F1280,410.86,Leisure,Economy,0,Mobile App,Aisle,60,1
P2676,F304,438.75,Family,Economy,1,Airport Kiosk,Aisle,104,0
P2677,F696,219.42,Family,Business,3,Mobile App,Aisle,86,0
P2678,F922,266.35,Family,Economy,2,Airport Kiosk,Window,4,0
P2679,F86,499.38,Emergency,Economy,0,Airport Kiosk,Aisle,87,0
P2680,F91,313.58,Leisure,Business,1,Airport Kiosk,Aisle,87,0
P2681,F561,513.89,Leisure,Premium Economy,0,Mobile App,Aisle,113,0
P2682,F1525,324.4,Leisure,Business,2,Mobile App,Aisle,39,0
P2683,F1869,191.36,Family,Economy,1,Online,Middle,13,0
P2684,F267,548.09,Business,Economy,0,Mobile App,Middle,95,0
P2685,F1927,273.69,Emergency,Economy,1,Airport Kiosk,Middle,87,0
P2686,F776,369.87,Emergency,Economy,1,Online,Middle,56,0
P2687,F1392,393.67,Business,Economy,1,Mobile App,Middle,24,0
P2688,F941,417.84,Leisure,Economy,2,Online,Window,40,0
P2689,F1672,408.65,Leisure,Economy,0,Mobile App,Middle,32,0
P2690,F1331,224.33,Business,Business,0,Desk,Aisle,34,0
P2691,F1336,372.73,Emergency,Premium Economy,0,Mobile App,Aisle,67,0
P2692,F976,413.91,Leisure,Business,1,Mobile App,Middle,82,0
P2693,F640,231.87,Business,Economy,4,Desk,Middle,83,0
P2694,F450,229.25,Family,Economy,0,Desk,Aisle,23,0
P2695,F1667,214.1,Family,Premium Economy,1,Online,Middle,45,1
P2696,F762,413.83,Leisure,Economy,1,Mobile App,Window,34,0
P2697,F1417,341.26,Leisure,Economy,0,Online,Aisle,97,0
P2698,F1918,368.98,Leisure,Premium Economy,0,Online,Middle,90,0
P2699,F830,160.07,Business,Business,1,Online,Window,84,0
P2700,F1549,374.29,Family,Business,0,Mobile App,Aisle,35,0
P2701,F1358,311.92,Business,Business,0,Mobile App,Middle,64,0
P2702,F346,192.74,Emergency,Business,1,Online,Window,119,0
P2703,F1051,289.32,Family,Business,2,Desk,Middle,43,0
P2704,F63,184.49,Family,Economy,0,Desk,Middle,115,0
P2705,F1977,365.63,Family,First,0,Mobile App,Aisle,17,0
P2706,F1757,172.17,Family,Economy,0,Desk,Aisle,12,0
P2707,F1057,445.47,Business,Business,2,Online,Window,39,0
P2708,F709,355.43,Family,Premium Economy,0,Online,Window,20,0
P2709,F95,370.39,Emergency,Premium Economy,2,Airport Kiosk,Aisle,114,0
P2710,F971,315.86,Leisure,Economy,0,Online,Window,74,0
P2711,F1312,388.15,Emergency,Economy,2,Online,Middle,7,1
P2712,F86,232.16,Business,Economy,1,Online,Middle,91,0
P2713,F1887,376.35,Family,Economy,0,Mobile App,Aisle,93,0
P2714,F412,483.5,Business,Business,0,Airport Kiosk,Window,25,1
P2715,F513,470.38,Family,Premium Economy,3,Online,Window,14,0
P2716,F759,333.26,Family,Economy,0,Online,Aisle,49,0
P2717,F1893,240.97,Emergency,Economy,2,Airport Kiosk,Middle,12,0
P2718,F756,373.89,Emergency,Economy,0,Mobile App,Middle,3,0
P2719,F130,143.45,Family,Business,0,Online,Middle,8,0
P2720,F118,336.55,Leisure,First,1,Online,Aisle,86,0
P2721,F753,362.31,Emergency,Business,1,Airport Kiosk,Aisle,96,0
P2722,F1791,441.57,Business,Economy,1,Desk,Aisle,23,0
P2723,F1145,373.41,Leisure,Economy,0,Desk,Middle,118,0
P2724,F1251,348.17,Emergency,Economy,0,Online,Aisle,119,0
P2725,F1254,140.16,Business,Economy,3,Desk,Window,40,0
P2726,F851,287.3,Emergency,Economy,1,Desk,Window,26,0
P2727,F1054,422.24,Business,Economy,0,Airport Kiosk,Aisle,72,1
P2728,F1166,361.42,Leisure,Economy,1,Airport Kiosk,Aisle,115,0
P2729,F1330,276.66,Emergency,Business,0,Desk,Aisle,18,0
P2730,F280,319.85,Business,Economy,1,Airport Kiosk,Aisle,119,0
P2731,F485,453.41,Emergency,Economy,0,Online,Window,112,1
P2732,F1555,393.31,Business,Premium Economy,0,Airport Kiosk,Aisle,76,1
P2733,F1460,542.88,Business,First,1,Desk,Window,92,0
P2734,F166,473.79,Emergency,Premium Economy,1,Online,Aisle,47,0
P2735,F1745,429.65,Family,Premium Economy,1,Online,Aisle,9,0
P2736,F262,393.76,Emergency,Economy,2,Airport Kiosk,Window,8,0
P2737,F120,318.34,Leisure,Economy,1,Desk,Window,48,1
P2738,F1622,628.86,Leisure,Business,1,Mobile App,Middle,78,0
P2739,F555,209.82,Business,Economy,0,Desk,Middle,37,0
P2740,F436,351.06,Emergency,Premium Economy,2,Desk,Middle,86,0
P2741,F821,223.25,Leisure,Economy,1,Mobile App,Middle,65,0
P2742,F82,269.04,Leisure,Premium Economy,0,Online,Middle,98,0
P2743,F111,418.72,Emergency,Economy,0,Desk,Middle,66,0
P2744,F1862,382.19,Leisure,Economy,1,Airport Kiosk,Middle,22,0
P2745,F399,277.33,Business,Economy,1,Mobile App,Aisle,92,0
P2746,F810,294.93,Family,Economy,1,Airport Kiosk,Middle,82,1
P2747,F856,388.6,Leisure,Economy,0,Desk,Aisle,85,0
P2748,F946,229.92,Business,Economy,1,Online,Aisle,37,0
P2749,F607,252.79,Business,Premium Economy,1,Online,Window,66,0
P2750,F1075,322.78,Leisure,Economy,0,Desk,Window,50,0
P2751,F551,198.99,Leisure,Economy,2,Airport Kiosk,Aisle,107,0
P2752,F547,460.37,Leisure,Premium Economy,2,Online,Middle,118,0
P2753,F729,438.73,Family,Economy,0,Airport Kiosk,Window,80,0
P2754,F583,369.36,Family,Premium Economy,2,Mobile App,Middle,114,0
P2755,F669,351.02,Business,Business,1,Airport Kiosk,Aisle,96,0
P2756,F1061,273.5,Family,Business,2,Online,Middle,103,0
P2757,F1405,498.14,Business,Economy,1,Mobile App,Aisle,49,0
P2758,F1130,471.11,Family,Economy,1,Desk,Window,18,0
P2759,F1211,498.6,Leisure,Economy,1,Airport Kiosk,Aisle,116,0
P2760,F1916,333.79,Business,Economy,4,Online,Aisle,44,0
P2761,F1216,433.23,Leisure,Economy,0,Airport Kiosk,Aisle,58,0
P2762,F1650,422.24,Leisure,Economy,0,Desk,Middle,108,0
P2763,F1370,252.79,Family,Economy,1,Online,Aisle,88,0
P2764,F1174,527.52,Business,Economy,0,Desk,Aisle,21,0
P2765,F1801,415.92,Business,Economy,1,Mobile App,Aisle,29,0
P2766,F740,368.24,Leisure,Economy,0,Mobile App,Aisle,106,0
P2767,F1413,357.13,Emergency,Economy,3,Online,Aisle,102,0
P2768,F171,409.35,Leisure,Economy,0,Mobile App,Aisle,89,0
P2769,F1633,342.3,Family,Economy,3,Desk,Window,49,0
P2770,F1443,462.76,Emergency,Business,1,Desk,Aisle,73,0
P2771,F596,407.83,Emergency,Economy,2,Mobile App,Aisle,98,0
P2772,F508,403.48,Leisure,Premium Economy,0,Online,Window,3,0
P2773,F1299,380.71,Leisure,Premium Economy,0,Mobile App,Aisle,59,0
P2774,F1367,334.57,Emergency,Economy,1,Online,Aisle,18,0
P2775,F1812,277.04,Business,Economy,0,Online,Middle,10,0
P2776,F1976,315.34,Family,Economy,1,Mobile App,Aisle,67,1
P2777,F755,297.28,Leisure,Premium Economy,2,Mobile App,Middle,86,0
P2778,F950,293.44,Family,Economy,0,Mobile App,Window,92,0
P2779,F924,463.96,Family,Business,0,Desk,Aisle,8,0
P2780,F135,511.94,Business,Business,2,Airport Kiosk,Middle,0,0
P2781,F83,399.1,Family,Economy,0,Desk,Aisle,74,0
P2782,F1915,281.98,Leisure,Economy,1,Mobile App,Window,52,0
P2783,F1271,139.04,Family,Economy,1,Desk,Aisle,11,0
P2784,F1013,142.04,Emergency,Economy,4,Online,Middle,78,1
P2785,F1480,399.33,Business,First,1,Desk,Middle,74,0
P2786,F1529,286.16,Emergency,Business,0,Online,Window,31,0
P2787,F65,373.22,Leisure,Premium Economy,3,Mobile App,Aisle,100,0
P2788,F640,450.96,Leisure,Economy,2,Airport Kiosk,Aisle,83,0
P2789,F1219,445.28,Family,Business,0,Mobile App,Aisle,69,0
P2790,F189,292.64,Business,Economy,0,Desk,Aisle,28,1
P2791,F1349,449.22,Business,Economy,1,Online,Middle,73,0
P2792,F1705,274.48,Leisure,Economy,0,Airport Kiosk,Middle,7,0
P2793,F1971,390.93,Emergency,Business,0,Desk,Window,58,0
P2794,F338,433.63,Business,Economy,0,Airport Kiosk,Aisle,28,0
P2795,F578,488.5,Emergency,Economy,0,Mobile App,Window,82,0
P2796,F1329,156.33,Leisure,Premium Economy,1,Online,Aisle,107,0
P2797,F1107,182.3,Family,Premium Economy,0,Desk,Middle,108,0
P2798,F1211,337.25,Family,Economy,2,Online,Aisle,72,0
P2799,F1797,447.97,Leisure,Economy,1,Online,Middle,38,0
P2800,F1485,431.87,Emergency,Economy,3,Mobile App,Aisle,66,0
P2801,F313,283.55,Family,Economy,2,Desk,Aisle,62,0
P2802,F696,303.16,Emergency,Economy,1,Online,Window,113,0
P2803,F322,480.37,Leisure,Economy,0,Airport Kiosk,Middle,65,0
P2804,F1295,341.95,Leisure,Economy,4,Desk,Window,96,0
P2805,F977,349.17,Leisure,Business,0,Desk,Window,10,0
P2806,F215,366.94,Emergency,Premium Economy,0,Mobile App,Window,93,0
P2807,F1287,393.41,Leisure,Business,1,Online,Aisle,36,0
P2808,F231,474.52,Leisure,Economy,2,Airport Kiosk,Aisle,2,0
P2809,F770,353.25,Leisure,Economy,2,Online,Middle,50,0
P2810,F1504,449.25,Leisure,Economy,0,Airport Kiosk,Window,81,0
P2811,F1701,332.63,Family,First,0,Airport Kiosk,Window,89,0
P2812,F748,441.56,Family,Economy,2,Desk,Middle,28,0
P2813,F336,338.12,Emergency,Economy,3,Desk,Middle,66,0
P2814,F295,412.26,Emergency,Economy,1,Desk,Aisle,0,0
P2815,F669,261.0,Emergency,Economy,2,Mobile App,Aisle,35,0
P2816,F1910,684.6,Family,Business,4,Airport Kiosk,Middle,57,0
P2817,F1923,207.56,Emergency,Premium Economy,1,Desk,Window,31,0
P2818,F1940,212.07,Leisure,Economy,1,Mobile App,Aisle,24,0
P2819,F437,320.87,Business,Economy,2,Desk,Middle,29,0
P2820,F1732,427.39,Family,Economy,2,Desk,Aisle,24,0
P2821,F740,403.79,Leisure,Economy,1,Mobile App,Aisle,9,0
P2822,F82,392.03,Leisure,Economy,2,Desk,Middle,76,0
P2823,F1990,450.06,Leisure,Economy,0,Mobile App,Middle,88,0
P2824,F546,363.29,Emergency,Premium Economy,0,Desk,Window,43,0
P2825,F564,261.45,Family,Economy,2,Online,Window,107,1
P2826,F1512,316.22,Emergency,Economy,0,Airport Kiosk,Aisle,43,0
P2827,F1068,374.31,Family,Economy,1,Desk,Aisle,77,0
P2828,F1575,126.5,Family,Premium Economy,1,Desk,Aisle,96,0
P2829,F1268,320.71,Business,Economy,0,Airport Kiosk,Window,58,0
P2830,F1581,348.97,Emergency,Economy,1,Mobile App,Aisle,98,0
P2831,F1449,433.74,Emergency,Economy,1,Airport Kiosk,Middle,93,0
P2832,F1075,140.95,Family,Economy,1,Online,Aisle,48,0
P2833,F1886,479.8,Family,Premium Economy,3,Mobile App,Middle,111,0
P2834,F1969,410.37,Business,Premium Economy,0,Airport Kiosk,Middle,99,0
P2835,F809,324.99,Business,Premium Economy,1,Mobile App,Window,46,0
P2836,F432,397.45,Family,Economy,0,Desk,Aisle,96,0
P2837,F479,394.96,Family,Business,2,Mobile App,Window,49,0
P2838,F422,232.74,Business,Economy,0,Airport Kiosk,Aisle,102,0
P2839,F1056,485.38,Emergency,Premium Economy,1,Desk,Aisle,78,0
P2840,F1050,332.95,Leisure,Premium Economy,2,Mobile App,Middle,61,0
P2841,F1192,243.85,Emergency,Premium Economy,0,Online,Window,62,0
P2842,F1441,261.22,Emergency,Economy,1,Online,Aisle,78,0
P2843,F25,400.87,Leisure,Business,0,Desk,Window,67,0
P2844,F361,145.37,Business,Economy,0,Online,Window,56,0
P2845,F591,434.4,Emergency,Economy,0,Online,Middle,108,0
P2846,F1016,352.76,Leisure,First,0,Desk,Window,52,0
P2847,F432,193.19,Emergency,Economy,1,Online,Window,89,0
P2848,F998,395.02,Emergency,Economy,1,Airport Kiosk,Aisle,76,0
P2849,F465,386.63,Emergency,Economy,0,Desk,Middle,109,0
P2850,F1027,341.56,Leisure,Economy,1,Online,Window,46,0
P2851,F1923,243.62,Business,Economy,0,Mobile App,Middle,105,0
P2852,F501,459.7,Leisure,Economy,1,Desk,Middle,68,0
P2853,F1539,266.21,Leisure,Premium Economy,1,Desk,Middle,14,0
P2854,F1250,284.66,Business,Economy,2,Online,Middle,21,0
P2855,F171,364.68,Emergency,Economy,1,Mobile App,Window,83,0
P2856,F476,376.33,Emergency,Economy,0,Mobile App,Window,75,0
P2857,F1071,498.87,Family,Economy,0,Mobile App,Aisle,35,0
P2858,F30,310.95,Family,Economy,1,Online,Middle,80,0
P2859,F1937,313.51,Emergency,Economy,0,Airport Kiosk,Window,70,0
P2860,F1815,518.25,Business,Economy,0,Desk,Middle,90,0
P2861,F1515,335.96,Leisure,Business,1,Online,Middle,86,0
P2862,F947,355.86,Leisure,Business,1,Desk,Middle,100,0
P2863,F949,430.49,Leisure,First,1,Airport Kiosk,Window,97,0
P2864,F417,442.19,Emergency,Economy,0,Desk,Aisle,65,0
P2865,F1038,503.37,Business,Economy,1,Airport Kiosk,Middle,57,0
P2866,F857,479.22,Family,First,1,Online,Window,73,0
P2867,F1138,401.9,Emergency,Economy,0,Airport Kiosk,Middle,31,0
P2868,F900,556.36,Family,Economy,3,Desk,Window,76,0
P2869,F1657,315.74,Business,Economy,3,Online,Window,107,0
P2870,F716,410.87,Emergency,Economy,2,Airport Kiosk,Aisle,112,0
P2871,F340,368.55,Leisure,Economy,3,Airport Kiosk,Middle,55,0
P2872,F381,367.1,Emergency,Premium Economy,1,Airport Kiosk,Aisle,7,0
P2873,F639,174.71,Family,Economy,2,Desk,Middle,37,0
P2874,F1387,285.11,Family,Economy,0,Online,Aisle,81,0
P2875,F375,385.18,Family,Premium Economy,0,Online,Aisle,61,0
P2876,F1631,392.48,Leisure,Economy,1,Desk,Window,78,0
P2877,F1019,405.78,Emergency,Economy,1,Airport Kiosk,Middle,11,0
P2878,F1416,351.19,Family,Economy,2,Airport Kiosk,Aisle,70,0
P2879,F1951,223.84,Business,Economy,3,Desk,Aisle,19,0
P2880,F728,390.94,Business,Economy,0,Airport Kiosk,Aisle,93,0
P2881,F900,123.84,Business,Business,0,Online,Aisle,76,0
P2882,F965,412.26,Family,Economy,0,Online,Aisle,4,0
P2883,F1912,274.47,Family,Premium Economy,0,Online,Aisle,82,0
P2884,F947,302.5,Family,Business,2,Airport Kiosk,Middle,100,0
P2885,F910,66.13,Emergency,Business,0,Desk,Middle,85,0
P2886,F241,284.67,Emergency,Economy,0,Mobile App,Middle,65,0
P2887,F265,257.12,Leisure,Economy,0,Online,Aisle,39,0
P2888,F490,456.84,Emergency,Economy,0,Desk,Middle,111,0
P2889,F1187,533.03,Leisure,Economy,0,Mobile App,Aisle,105,1
P2890,F1429,462.98,Family,Economy,2,Desk,Window,29,0
P2891,F1277,421.79,Business,Premium Economy,0,Online,Window,39,0
P2892,F580,225.7,Business,Premium Economy,2,Desk,Aisle,12,0
P2893,F1711,487.99,Business,Business,0,Mobile App,Aisle,84,0
P2894,F1045,334.43,Family,Economy,2,Airport Kiosk,Middle,79,0
P2895,F667,426.36,Emergency,Economy,1,Airport Kiosk,Aisle,44,0
P2896,F1292,412.4,Emergency,Premium Economy,2,Airport Kiosk,Aisle,27,0
P2897,F361,372.45,Emergency,Economy,1,Airport Kiosk,Window,17,0
P2898,F246,213.64,Emergency,Economy,1,Mobile App,Window,90,0
P2899,F604,227.55,Leisure,Economy,2,Mobile App,Middle,92,0
P2900,F1260,499.91,Family,Economy,1,Airport Kiosk,Middle,71,0
P2901,F1823,330.6,Family,Economy,0,Airport Kiosk,Window,59,0
P2902,F491,448.65,Business,Business,1,Airport Kiosk,Middle,20,0
P2903,F1049,260.28,Emergency,Economy,0,Airport Kiosk,Aisle,29,0
P2904,F89,409.61,Business,First,1,Mobile App,Window,5,0
P2905,F74,553.17,Emergency,Economy,0,Online,Window,83,0
P2906,F1366,444.99,Business,Premium Economy,0,Airport Kiosk,Window,46,0
P2907,F1063,308.76,Emergency,Business,1,Online,Middle,88,0
P2908,F312,427.14,Emergency,Economy,1,Desk,Window,108,0
P2909,F852,336.75,Family,Economy,1,Online,Aisle,58,0
P2910,F675,303.78,Emergency,Premium Economy,0,Airport Kiosk,Aisle,14,0
P2911,F1916,457.22,Leisure,Economy,2,Mobile App,Middle,28,1
P2912,F956,377.33,Leisure,Business,0,Desk,Middle,59,0
P2913,F679,322.27,Emergency,Economy,0,Desk,Middle,82,0
P2914,F470,499.35,Business,Business,1,Online,Middle,10,0
P2915,F1215,137.61,Business,Economy,0,Mobile App,Window,69,0
P2916,F757,373.36,Business,Economy,3,Airport Kiosk,Window,31,0
P2917,F372,295.96,Family,Economy,0,Mobile App,Window,21,0
P2918,F468,437.47,Emergency,First,1,Desk,Aisle,69,0
P2919,F775,178.79,Leisure,Economy,0,Airport Kiosk,Aisle,115,0
P2920,F974,356.04,Business,Economy,1,Desk,Middle,26,0
P2921,F671,374.67,Business,Economy,2,Online,Window,49,0
P2922,F2,510.59,Business,Business,0,Desk,Window,87,0
P2923,F1149,405.36,Family,Business,2,Desk,Aisle,55,0
P2924,F607,211.55,Emergency,Economy,1,Airport Kiosk,Aisle,42,0
P2925,F370,520.17,Business,Economy,1,Mobile App,Middle,92,0
P2926,F41,294.31,Business,Economy,0,Mobile App,Middle,41,0
P2927,F494,246.65,Business,Premium Economy,0,Online,Window,63,0
P2928,F292,381.89,Leisure,Economy,0,Airport Kiosk,Middle,5,0
P2929,F1890,315.6,Emergency,Economy,1,Desk,Window,52,0
P2930,F1569,365.91,Business,Economy,0,Mobile App,Window,2,0
P2931,F1466,306.98,Leisure,Economy,2,Desk,Window,47,0
P2932,F1398,282.75,Emergency,Economy,1,Desk,Aisle,116,0
P2933,F1089,478.04,Business,Economy,3,Airport Kiosk,Aisle,64,0
P2934,F1171,291.45,Leisure,Economy,0,Mobile App,Middle,91,0
P2935,F1574,280.42,Family,Economy,1,Mobile App,Window,74,0
P2936,F1711,406.21,Emergency,Premium Economy,0,Mobile App,Middle,86,0
P2937,F1512,378.5,Family,Premium Economy,0,Desk,Window,57,0
P2938,F1912,416.39,Family,Economy,0,Desk,Aisle,89,0
P2939,F548,374.48,Business,Business,0,Mobile App,Window,73,0
P2940,F990,324.27,Leisure,Economy,2,Desk,Aisle,10,0
P2941,F1900,342.43,Family,Premium Economy,0,Online,Window,106,0
P2942,F934,269.64,Emergency,Economy,1,Desk,Middle,68,0
P2943,F528,389.58,Emergency,Economy,1,Online,Middle,87,0
P2944,F946,363.25,Family,Premium Economy,5,Online,Middle,75,1
P2945,F12,464.02,Business,Premium Economy,2,Mobile App,Aisle,34,0
P2946,F636,323.73,Family,Economy,1,Airport Kiosk,Middle,76,0
P2947,F1636,251.35,Family,Economy,0,Airport Kiosk,Middle,76,1
P2948,F455,465.23,Business,First,1,Online,Middle,114,0
P2949,F1819,559.26,Emergency,Economy,1,Airport Kiosk,Aisle,5,0
P2950,F1200,399.94,Business,Economy,5,Mobile App,Aisle,57,0
P2951,F458,421.9,Leisure,Economy,1,Online,Aisle,42,0
P2952,F1544,368.69,Business,Economy,0,Online,Window,47,0
P2953,F17,359.65,Business,Business,3,Mobile App,Window,118,0
P2954,F590,387.75,Leisure,Premium Economy,0,Airport Kiosk,Aisle,17,1
P2955,F1960,339.59,Family,Economy,4,Mobile App,Aisle,35,0
P2956,F477,199.99,Leisure,Economy,1,Online,Middle,102,0
P2957,F251,212.26,Leisure,Economy,2,Online,Window,20,0
P2958,F437,297.45,Business,Premium Economy,2,Mobile App,Middle,69,0
P2959,F728,499.79,Leisure,Premium Economy,0,Mobile App,Middle,72,0
P2960,F1698,522.19,Family,Economy,2,Online,Aisle,47,0
P2961,F1237,367.66,Business,Premium Economy,3,Airport Kiosk,Window,87,0
P2962,F47,359.49,Family,Economy,1,Mobile App,Window,68,0
P2963,F1388,194.35,Family,Business,2,Mobile App,Aisle,63,0
P2964,F1705,342.9,Family,Premium Economy,2,Airport Kiosk,Window,64,0
P2965,F1775,153.18,Business,Premium Economy,3,Mobile App,Aisle,76,0
P2966,F160,256.83,Family,Premium Economy,2,Online,Middle,41,0
P2967,F996,252.38,Business,Economy,1,Desk,Aisle,18,0
P2968,F213,394.23,Business,Business,0,Desk,Aisle,15,0
P2969,F571,401.88,Family,Economy,2,Mobile App,Window,117,0
P2970,F291,231.46,Family,Premium Economy,1,Airport Kiosk,Window,118,0
P2971,F177,144.95,Emergency,Economy,2,Airport Kiosk,Middle,115,0
P2972,F827,252.63,Business,Economy,1,Mobile App,Aisle,0,0
P2973,F1681,367.32,Emergency,Economy,1,Desk,Window,100,0
P2974,F1684,376.22,Business,Economy,1,Desk,Aisle,43,0
P2975,F1786,253.35,Leisure,Premium Economy,1,Online,Middle,103,0
P2976,F115,359.32,Family,Economy,0,Mobile App,Middle,92,0
P2977,F1181,385.88,Family,Economy,2,Mobile App,Window,30,0
P2978,F1204,354.02,Business,Economy,1,Online,Middle,118,0
P2979,F1774,430.09,Business,Premium Economy,1,Desk,Aisle,23,0
P2980,F476,339.78,Business,Economy,1,Mobile App,Aisle,55,0
P2981,F1341,401.31,Leisure,Economy,0,Airport Kiosk,Window,84,0
P2982,F1537,249.56,Business,Economy,2,Airport Kiosk,Aisle,48,0
P2983,F1726,506.15,Leisure,Business,0,Desk,Aisle,9,1
P2984,F568,223.02,Leisure,Business,0,Airport Kiosk,Window,39,0
P2985,F810,380.91,Leisure,Economy,1,Mobile App,Aisle,88,0
P2986,F1661,104.71,Leisure,Economy,0,Desk,Window,36,0
P2987,F376,494.25,Family,Economy,2,Airport Kiosk,Aisle,118,1
P2988,F1261,324.64,Business,Business,0,Desk,Aisle,57,0
P2989,F1230,276.78,Business,Economy,0,Mobile App,Window,1,0
P2990,F925,258.16,Leisure,Economy,0,Airport Kiosk,Aisle,50,0
P2991,F222,323.88,Emergency,Business,3,Mobile App,Aisle,59,0
P2992,F1742,460.77,Business,First,0,Mobile App,Middle,3,0
P2993,F1105,369.02,Business,Economy,2,Mobile App,Window,33,0
P2994,F1451,343.54,Business,Business,1,Online,Middle,1,0
P2995,F1859,492.8,Emergency,Business,0,Airport Kiosk,Middle,114,0
P2996,F120,378.22,Emergency,Economy,2,Airport Kiosk,Aisle,71,0
P2997,F1343,214.1,Family,Economy,1,Online,Aisle,99,0
P2998,F340,198.56,Emergency,Economy,1,Desk,Aisle,39,0
P2999,F1840,323.57,Family,Premium Economy,0,Airport Kiosk,Aisle,116,0
P3000,F79,394.95,Business,Premium Economy,1,Desk,Middle,95,0
P3001,F1697,335.56,Emergency,Economy,0,Desk,Window,37,0
P3002,F503,314.99,Family,Economy,1,Online,Window,93,0
P3003,F1902,288.07,Family,Economy,2,Online,Window,68,0
P3004,F1632,350.91,Family,First,0,Airport Kiosk,Middle,52,0
P3005,F1708,307.62,Family,Economy,0,Online,Aisle,44,0
P3006,F430,542.8,Leisure,Premium Economy,2,Airport Kiosk,Aisle,88,0
P3007,F1256,337.14,Leisure,Business,0,Online,Aisle,107,0
P3008,F1907,508.87,Emergency,First,4,Airport Kiosk,Middle,39,0
P3009,F473,230.5,Leisure,Economy,0,Airport Kiosk,Aisle,63,0
P3010,F1808,182.84,Leisure,Business,0,Desk,Window,99,1
P3011,F1392,282.62,Emergency,Economy,0,Desk,Window,92,0
P3012,F534,200.96,Business,Economy,1,Airport Kiosk,Window,74,0
P3013,F1827,493.88,Emergency,Economy,2,Airport Kiosk,Aisle,71,0
P3014,F999,515.16,Leisure,Economy,0,Airport Kiosk,Middle,91,0
P3015,F566,303.01,Leisure,Economy,0,Online,Aisle,80,0
P3016,F616,336.38,Emergency,Business,1,Online,Middle,21,0
P3017,F951,445.02,Business,Economy,1,Mobile App,Aisle,111,0
P3018,F992,287.75,Business,First,1,Online,Window,3,0
P3019,F1409,141.02,Emergency,Economy,2,Desk,Window,92,0
P3020,F1724,366.03,Emergency,Economy,1,Airport Kiosk,Middle,104,0
P3021,F1361,330.14,Leisure,Premium Economy,0,Desk,Window,15,0
P3022,F1297,229.95,Leisure,Economy,0,Airport Kiosk,Middle,44,0
P3023,F103,346.8,Family,Economy,2,Airport Kiosk,Window,47,0
P3024,F1720,413.84,Emergency,Premium Economy,1,Desk,Window,3,0
P3025,F1161,342.51,Business,Economy,2,Mobile App,Window,41,0
P3026,F598,329.92,Business,Economy,3,Mobile App,Aisle,30,0
P3027,F1827,506.2,Business,Premium Economy,3,Online,Window,46,0
P3028,F1657,503.26,Emergency,Economy,1,Airport Kiosk,Window,36,1
P3029,F1196,337.34,Emergency,First,1,Online,Window,96,0
P3030,F327,554.71,Business,Economy,1,Online,Window,104,0
P3031,F898,107.45,Business,Economy,2,Mobile App,Middle,23,0
P3032,F258,362.92,Family,Economy,3,Mobile App,Window,97,0
P3033,F1824,219.47,Family,Business,0,Mobile App,Middle,29,0
P3034,F1674,256.51,Family,Premium Economy,1,Airport Kiosk,Middle,76,0
P3035,F1355,323.42,Leisure,Economy,1,Mobile App,Middle,2,0
P3036,F1988,420.6,Business,Economy,0,Online,Aisle,34,0
P3037,F323,256.05,Leisure,Business,0,Online,Window,83,0
P3038,F1741,283.33,Family,Economy,2,Online,Aisle,85,0
P3039,F448,389.72,Business,Economy,3,Airport Kiosk,Middle,99,0
P3040,F108,345.39,Family,Premium Economy,0,Airport Kiosk,Aisle,85,0
P3041,F1102,518.91,Emergency,Business,0,Mobile App,Window,110,0
P3042,F949,271.74,Business,Economy,1,Online,Aisle,76,0
P3043,F1727,361.37,Emergency,Economy,0,Airport Kiosk,Window,85,0
P3044,F2,299.69,Business,Economy,0,Mobile App,Window,89,0
P3045,F1675,288.55,Leisure,Economy,0,Mobile App,Window,83,0
P3046,F692,222.88,Business,Economy,4,Mobile App,Middle,67,0
P3047,F483,238.65,Leisure,Premium Economy,1,Mobile App,Window,67,0
P3048,F1109,150.11,Business,Economy,0,Airport Kiosk,Aisle,86,0
P3049,F402,352.08,Leisure,Business,0,Online,Window,119,0
P3050,F1274,431.51,Emergency,Premium Economy,1,Airport Kiosk,Aisle,19,0
P3051,F720,289.15,Family,Business,2,Mobile App,Aisle,37,0
P3052,F1294,346.04,Family,Business,0,Mobile App,Middle,93,0
P3053,F1289,647.99,Business,Premium Economy,1,Airport Kiosk,Window,71,0
P3054,F34,158.33,Emergency,Premium Economy,0,Mobile App,Aisle,73,0
P3055,F1640,366.05,Emergency,Economy,0,Mobile App,Aisle,23,0
P3056,F1375,214.52,Emergency,Economy,1,Mobile App,Middle,92,0
P3057,F1204,260.16,Business,Economy,0,Mobile App,Middle,66,0
P3058,F751,420.1,Business,Economy,1,Desk,Middle,16,0
P3059,F373,494.63,Leisure,Business,0,Airport Kiosk,Middle,70,0
P3060,F173,391.52,Business,Economy,1,Desk,Window,32,0
P3061,F1612,428.24,Family,Business,1,Desk,Middle,87,0
P3062,F1558,232.31,Family,Premium Economy,3,Online,Middle,62,0
P3063,F1816,264.69,Family,Economy,1,Mobile App,Aisle,23,0
P3064,F1821,302.08,Leisure,Economy,0,Mobile App,Middle,118,0
P3065,F204,314.56,Family,Economy,2,Desk,Window,6,0
P3066,F1469,499.27,Family,Economy,0,Mobile App,Aisle,113,0
P3067,F1006,331.22,Emergency,Economy,0,Mobile App,Window,58,1
P3068,F1427,214.61,Leisure,Economy,2,Online,Aisle,33,0
P3069,F1079,347.62,Family,Economy,0,Airport Kiosk,Middle,110,0
P3070,F201,339.91,Family,Economy,1,Online,Middle,104,0
P3071,F640,416.12,Business,Business,2,Online,Aisle,88,0
P3072,F1976,244.51,Family,Economy,0,Airport Kiosk,Middle,98,0
P3073,F1716,568.97,Leisure,Economy,1,Online,Window,10,0
P3074,F599,294.77,Business,First,0,Airport Kiosk,Middle,18,0
P3075,F1140,370.15,Emergency,Economy,0,Desk,Aisle,45,0
P3076,F636,349.52,Business,Premium Economy,0,Desk,Window,49,0
P3077,F1548,432.82,Business,Economy,2,Online,Aisle,40,0
P3078,F823,248.25,Emergency,Economy,2,Desk,Window,40,0
P3079,F960,361.23,Business,Economy,0,Airport Kiosk,Aisle,119,0
P3080,F75,346.41,Emergency,Economy,2,Desk,Window,114,0
P3081,F978,400.61,Family,Business,1,Desk,Aisle,105,0
P3082,F1889,409.66,Leisure,Economy,1,Desk,Window,1,0
P3083,F640,360.65,Family,Economy,1,Online,Aisle,32,0
P3084,F1065,404.95,Emergency,Premium Economy,3,Online,Aisle,116,0
P3085,F506,408.85,Business,Business,2,Desk,Middle,35,0
P3086,F1280,340.45,Emergency,Economy,1,Mobile App,Aisle,26,0
P3087,F1478,361.03,Emergency,Economy,1,Desk,Aisle,70,0
P3088,F1351,317.81,Business,Economy,0,Airport Kiosk,Aisle,94,0
P3089,F1431,306.58,Business,Economy,0,Online,Aisle,102,0
P3090,F109,423.42,Business,Economy,2,Airport Kiosk,Middle,34,0
P3091,F1085,250.65,Family,Economy,1,Online,Middle,30,0
P3092,F1534,339.63,Leisure,Economy,4,Desk,Aisle,111,0
P3093,F959,265.75,Emergency,Economy,3,Desk,Middle,113,0
P3094,F1937,363.96,Family,Premium Economy,0,Mobile App,Window,72,0
P3095,F1607,283.39,Family,Economy,2,Airport Kiosk,Middle,87,0
P3096,F1329,315.28,Family,Economy,0,Online,Middle,48,0
P3097,F1523,185.54,Business,Business,0,Online,Aisle,22,0
P3098,F1357,458.67,Emergency,Premium Economy,2,Airport Kiosk,Middle,113,0
P3099,F308,343.4,Leisure,Business,1,Online,Middle,102,0
P3100,F1873,301.92,Leisure,Business,3,Airport Kiosk,Middle,111,0
P3101,F988,372.58,Leisure,Economy,2,Desk,Aisle,21,0
P3102,F1852,407.75,Family,Economy,2,Desk,Aisle,67,0
P3103,F114,315.42,Emergency,Economy,0,Mobile App,Aisle,71,0
P3104,F1540,440.52,Emergency,Premium Economy,0,Desk,Aisle,103,1
P3105,F1197,433.81,Leisure,First,0,Airport Kiosk,Window,94,0
P3106,F1534,316.64,Family,Economy,2,Mobile App,Aisle,90,0
P3107,F610,330.0,Business,Economy,0,Mobile App,Aisle,83,0
P3108,F859,266.93,Family,Business,0,Online,Aisle,33,0
P3109,F687,287.99,Family,Economy,2,Online,Window,13,0
P3110,F1425,254.92,Family,Economy,1,Desk,Middle,119,0
P3111,F44,455.17,Family,Economy,2,Desk,Middle,104,0
P3112,F1611,242.54,Family,Economy,0,Online,Window,106,0
P3113,F597,571.69,Business,Economy,0,Desk,Middle,109,0
P3114,F1420,333.4,Business,Economy,1,Mobile App,Window,100,0
P3115,F1171,430.25,Family,Economy,0,Online,Window,97,0
P3116,F1270,419.03,Leisure,Economy,1,Airport Kiosk,Window,7,0
P3117,F780,380.68,Business,Economy,1,Airport Kiosk,Middle,62,0
P3118,F120,490.76,Leisure,Premium Economy,0,Airport Kiosk,Middle,117,0
P3119,F848,373.94,Family,Business,1,Airport Kiosk,Window,105,0
P3120,F1465,349.59,Business,Premium Economy,0,Online,Middle,28,1
P3121,F1357,320.13,Business,Economy,1,Mobile App,Middle,78,0
P3122,F151,327.31,Leisure,Economy,1,Online,Middle,16,0
P3123,F1953,234.13,Leisure,Economy,4,Mobile App,Aisle,93,0
P3124,F162,176.65,Leisure,Economy,0,Airport Kiosk,Middle,79,0
P3125,F460,264.16,Family,Economy,1,Airport Kiosk,Window,101,0
P3126,F1931,475.93,Leisure,Premium Economy,0,Desk,Middle,79,0
P3127,F1782,101.46,Business,Economy,1,Mobile App,Window,84,0
P3128,F880,286.48,Emergency,First,1,Airport Kiosk,Aisle,26,0
P3129,F1675,265.48,Leisure,Economy,0,Online,Window,92,0
P3130,F709,349.71,Family,Economy,3,Online,Aisle,40,0
P3131,F825,412.64,Family,Premium Economy,2,Airport Kiosk,Aisle,30,0
P3132,F1038,500.15,Business,Economy,0,Desk,Aisle,74,0
P3133,F743,440.28,Leisure,Economy,0,Airport Kiosk,Window,22,0
P3134,F761,451.62,Emergency,Business,1,Airport Kiosk,Window,0,0
P3135,F543,580.47,Emergency,First,2,Mobile App,Aisle,9,0
P3136,F1324,414.23,Leisure,Economy,1,Mobile App,Middle,0,0
P3137,F1546,350.97,Family,Premium Economy,3,Online,Aisle,32,0
P3138,F336,165.31,Leisure,Premium Economy,1,Desk,Middle,55,0
P3139,F1661,315.39,Family,Business,0,Mobile App,Window,112,0
P3140,F1495,354.89,Business,Economy,2,Online,Window,73,0
P3141,F1691,341.42,Business,Business,2,Online,Aisle,32,0
P3142,F280,270.43,Emergency,Economy,2,Online,Middle,88,0
P3143,F893,410.91,Emergency,Economy,1,Airport Kiosk,Middle,22,0
P3144,F407,423.74,Emergency,Economy,0,Desk,Middle,64,0
P3145,F1102,242.17,Family,Economy,0,Online,Middle,28,0
P3146,F506,395.6,Emergency,Business,2,Desk,Window,73,0
P3147,F1521,378.18,Business,First,0,Desk,Aisle,99,0
P3148,F779,255.47,Business,Economy,0,Airport Kiosk,Middle,31,1
P3149,F185,341.53,Business,Economy,1,Airport Kiosk,Middle,38,0
P3150,F1673,309.29,Emergency,Economy,3,Online,Aisle,87,0
P3151,F294,423.38,Emergency,Economy,0,Online,Aisle,21,0
P3152,F812,299.9,Family,Premium Economy,1,Online,Aisle,32,0
P3153,F634,215.3,Emergency,Business,0,Online,Window,97,0
P3154,F1469,374.71,Leisure,Business,1,Desk,Window,63,0
P3155,F703,379.84,Family,Business,1,Airport Kiosk,Window,4,0
P3156,F1778,403.82,Leisure,Economy,1,Mobile App,Middle,9,0
P3157,F1960,276.39,Family,Economy,2,Airport Kiosk,Middle,8,0
P3158,F1494,219.6,Leisure,Economy,1,Airport Kiosk,Aisle,24,0
P3159,F258,165.75,Emergency,Business,2,Mobile App,Middle,12,0
P3160,F1811,390.93,Family,Business,2,Mobile App,Window,2,0
P3161,F475,391.25,Family,Business,2,Online,Window,88,0
P3162,F1808,319.52,Leisure,Economy,0,Airport Kiosk,Window,10,0
P3163,F63,456.86,Family,Economy,1,Online,Window,80,0
P3164,F1700,490.98,Family,Premium Economy,1,Mobile App,Window,68,0
P3165,F1811,250.06,Leisure,Economy,0,Desk,Window,78,0
P3166,F181,190.26,Business,Business,0,Desk,Window,5,0
P3167,F684,323.38,Family,Economy,0,Desk,Window,40,0
P3168,F1827,369.05,Business,Premium Economy,2,Mobile App,Middle,13,0
P3169,F1119,370.22,Family,Business,0,Airport Kiosk,Window,33,0
P3170,F1625,357.01,Family,Premium Economy,1,Desk,Window,20,0
P3171,F903,487.79,Business,Economy,1,Airport Kiosk,Middle,11,0
P3172,F374,481.61,Emergency,Economy,0,Desk,Aisle,82,0
P3173,F946,440.04,Business,Premium Economy,0,Online,Aisle,29,0
P3174,F1152,389.54,Leisure,Economy,0,Mobile App,Aisle,8,0
P3175,F743,487.3,Business,Premium Economy,1,Mobile App,Middle,75,0
P3176,F179,339.76,Family,Economy,2,Online,Window,112,0
P3177,F549,454.71,Emergency,Economy,0,Mobile App,Middle,76,0
P3178,F1429,264.85,Family,Economy,2,Online,Middle,18,0
P3179,F1321,242.83,Business,Economy,2,Desk,Middle,18,0
P3180,F1209,362.09,Leisure,Economy,2,Online,Middle,71,0
P3181,F1000,486.68,Leisure,Economy,0,Desk,Middle,92,0
P3182,F617,361.58,Emergency,Economy,0,Mobile App,Middle,41,0
P3183,F432,313.21,Business,First,0,Online,Middle,105,0
P3184,F453,404.1,Business,Economy,2,Airport Kiosk,Middle,19,0
P3185,F1218,473.26,Emergency,Economy,0,Online,Window,31,0
P3186,F1354,411.78,Family,Economy,0,Airport Kiosk,Window,110,0
P3187,F1971,123.58,Emergency,First,0,Desk,Window,107,0
P3188,F1710,423.33,Business,Premium Economy,1,Desk,Middle,37,0
P3189,F607,442.78,Emergency,Economy,1,Mobile App,Middle,43,0
P3190,F1215,463.03,Emergency,Business,2,Airport Kiosk,Aisle,97,0
P3191,F462,271.18,Family,Business,2,Mobile App,Aisle,54,0
P3192,F1860,277.13,Family,Economy,1,Airport Kiosk,Aisle,34,0
P3193,F423,495.59,Family,Premium Economy,1,Airport Kiosk,Aisle,12,0
P3194,F105,461.21,Leisure,Business,1,Desk,Aisle,103,0
P3195,F810,438.88,Business,Economy,3,Airport Kiosk,Window,85,0
P3196,F523,301.6,Emergency,Business,1,Airport Kiosk,Middle,94,0
P3197,F133,378.17,Emergency,Economy,1,Airport Kiosk,Aisle,55,0
P3198,F1843,351.35,Business,Economy,2,Desk,Middle,116,0
P3199,F625,499.4,Business,Economy,2,Airport Kiosk,Aisle,94,0
P3200,F940,425.39,Leisure,Economy,3,Mobile App,Aisle,97,0
P3201,F760,600.36,Leisure,Economy,3,Airport Kiosk,Middle,12,0
P3202,F829,353.55,Family,Economy,0,Mobile App,Aisle,8,0
P3203,F1334,409.09,Emergency,Business,0,Desk,Aisle,93,0
P3204,F290,416.09,Leisure,Business,2,Mobile App,Aisle,101,0
P3205,F622,433.82,Emergency,First,2,Airport Kiosk,Window,94,0
P3206,F833,177.47,Family,Economy,1,Desk,Middle,60,0
P3207,F124,377.37,Family,Economy,1,Desk,Aisle,51,0
P3208,F896,458.36,Business,Economy,2,Mobile App,Aisle,119,0
P3209,F764,354.53,Business,First,5,Mobile App,Aisle,56,0
P3210,F1527,352.84,Family,Economy,1,Online,Window,29,0
P3211,F1901,431.09,Family,Business,2,Online,Window,16,0
P3212,F1082,179.22,Emergency,Economy,0,Online,Window,18,0
P3213,F633,282.62,Leisure,Premium Economy,2,Online,Window,111,1
P3214,F1963,295.53,Family,Business,1,Online,Middle,72,0
P3215,F367,234.23,Emergency,Economy,1,Mobile App,Middle,118,0
P3216,F825,271.31,Leisure,Economy,0,Airport Kiosk,Middle,113,0
P3217,F1361,615.07,Business,Premium Economy,2,Airport Kiosk,Middle,116,1
P3218,F1104,402.87,Emergency,Economy,1,Mobile App,Aisle,39,0
P3219,F1523,284.61,Business,Economy,1,Airport Kiosk,Aisle,52,0
P3220,F1249,240.57,Emergency,First,0,Mobile App,Middle,7,0
P3221,F434,226.27,Leisure,Premium Economy,1,Desk,Middle,51,0
P3222,F552,559.63,Leisure,Economy,3,Online,Window,105,0
P3223,F1402,487.43,Leisure,Economy,2,Mobile App,Aisle,18,0
P3224,F1045,341.54,Emergency,Economy,1,Desk,Window,38,0
P3225,F73,189.86,Leisure,Economy,3,Airport Kiosk,Middle,55,0
P3226,F940,270.32,Emergency,Economy,3,Airport Kiosk,Window,13,0
P3227,F1365,316.74,Business,Economy,4,Online,Window,80,0
P3228,F1403,195.65,Emergency,Premium Economy,5,Online,Middle,63,0
P3229,F870,387.38,Emergency,Premium Economy,2,Online,Middle,45,0
P3230,F1165,333.57,Business,Business,1,Airport Kiosk,Window,16,0
P3231,F53,340.75,Business,Premium Economy,1,Online,Aisle,112,0
P3232,F645,333.7,Leisure,Economy,2,Airport Kiosk,Aisle,47,0
P3233,F1228,285.82,Family,Economy,2,Desk,Aisle,61,0
P3234,F1539,323.88,Leisure,Economy,2,Desk,Window,5,0
P3235,F1158,290.8,Emergency,Premium Economy,0,Online,Window,32,0
P3236,F1732,477.39,Emergency,Economy,0,Airport Kiosk,Aisle,19,0
P3237,F1792,337.09,Family,Economy,1,Airport Kiosk,Aisle,94,0
P3238,F66,244.1,Leisure,Business,1,Desk,Window,11,0
P3239,F1853,397.79,Emergency,Economy,1,Airport Kiosk,Middle,59,0
P3240,F669,330.53,Family,Economy,0,Desk,Aisle,85,0
P3241,F406,214.81,Emergency,Economy,2,Desk,Window,88,0
P3242,F1292,385.98,Emergency,Economy,0,Online,Middle,41,0
P3243,F1009,284.42,Emergency,Economy,0,Desk,Window,50,0
P3244,F1782,373.66,Family,Economy,1,Mobile App,Window,20,0
P3245,F1427,476.98,Emergency,Business,1,Mobile App,Aisle,88,0
P3246,F19,418.87,Business,Economy,0,Online,Aisle,41,0
P3247,F690,156.99,Family,Economy,4,Desk,Middle,77,0
P3248,F1490,188.37,Family,Economy,2,Mobile App,Window,43,0
P3249,F1890,311.97,Business,Business,1,Desk,Aisle,32,0
P3250,F1115,393.12,Family,Business,1,Airport Kiosk,Window,45,0
P3251,F111,273.72,Leisure,Business,1,Online,Window,77,0
P3252,F598,403.88,Business,Premium Economy,0,Online,Middle,47,0
P3253,F1630,276.07,Family,Economy,0,Mobile App,Aisle,30,0
P3254,F2000,304.17,Leisure,Economy,1,Mobile App,Middle,19,0
P3255,F805,208.2,Family,Economy,1,Mobile App,Aisle,22,0
P3256,F163,335.86,Emergency,Economy,1,Desk,Window,51,0
P3257,F605,253.17,Emergency,Premium Economy,0,Mobile App,Middle,58,0
P3258,F1712,405.58,Business,Premium Economy,2,Online,Aisle,68,0
P3259,F1713,519.83,Business,Economy,1,Online,Middle,93,0
P3260,F1193,502.85,Emergency,Business,1,Mobile App,Aisle,60,0
P3261,F1894,178.85,Leisure,First,0,Online,Aisle,108,0
P3262,F523,290.36,Business,Economy,1,Desk,Aisle,30,0
P3263,F1001,246.08,Emergency,Premium Economy,2,Online,Aisle,95,0
P3264,F1436,153.59,Business,Business,1,Airport Kiosk,Middle,63,0
P3265,F290,302.64,Leisure,Premium Economy,0,Desk,Window,105,0
P3266,F1563,344.47,Business,Business,1,Mobile App,Window,82,0
P3267,F1724,387.26,Business,Premium Economy,0,Online,Aisle,52,0
P3268,F470,378.87,Business,Economy,1,Airport Kiosk,Aisle,12,0
P3269,F994,319.54,Business,Economy,1,Airport Kiosk,Aisle,48,0
P3270,F1590,303.35,Family,First,0,Online,Aisle,79,0
P3271,F359,454.51,Leisure,Economy,1,Airport Kiosk,Aisle,20,0
P3272,F524,396.79,Leisure,First,1,Airport Kiosk,Aisle,34,0
P3273,F15,528.0,Family,Economy,0,Airport Kiosk,Window,52,0
P3274,F276,166.25,Family,Premium Economy,1,Online,Window,78,0
P3275,F1501,265.5,Family,Economy,0,Airport Kiosk,Aisle,0,0
P3276,F1762,332.31,Business,Economy,1,Online,Window,8,0
P3277,F586,415.36,Business,Business,0,Airport Kiosk,Middle,94,0
P3278,F1822,313.47,Emergency,Premium Economy,0,Mobile App,Middle,44,0
P3279,F482,235.62,Emergency,Economy,1,Online,Middle,49,0
P3280,F983,281.97,Family,First,1,Desk,Window,93,0
P3281,F68,520.31,Family,Economy,1,Online,Aisle,114,0
P3282,F858,297.77,Emergency,Economy,0,Airport Kiosk,Middle,39,0
P3283,F393,385.87,Family,First,0,Online,Middle,119,0
P3284,F206,202.89,Business,Economy,2,Mobile App,Middle,70,0
P3285,F1647,260.64,Family,Economy,0,Airport Kiosk,Middle,37,0
P3286,F1676,504.13,Family,Economy,1,Online,Aisle,66,0
P3287,F1710,209.27,Business,Economy,1,Mobile App,Aisle,79,1
P3288,F1162,580.74,Leisure,Economy,0,Airport Kiosk,Aisle,26,1
P3289,F763,201.5,Emergency,Economy,0,Airport Kiosk,Middle,106,0
P3290,F73,344.15,Leisure,Economy,0,Mobile App,Middle,86,0
P3291,F1240,250.33,Emergency,Economy,2,Mobile App,Window,59,0
P3292,F1358,171.46,Business,Business,2,Desk,Aisle,41,0
P3293,F1634,260.58,Business,Economy,1,Airport Kiosk,Middle,93,0
P3294,F848,181.02,Leisure,Premium Economy,1,Mobile App,Window,50,0
P3295,F79,465.59,Leisure,Economy,1,Desk,Aisle,79,0
P3296,F127,152.63,Emergency,Economy,1,Mobile App,Middle,115,0
P3297,F510,269.23,Emergency,Economy,0,Desk,Aisle,48,0
P3298,F458,465.72,Leisure,Economy,1,Airport Kiosk,Window,112,0
P3299,F617,471.35,Family,Economy,0,Airport Kiosk,Window,30,0
P3300,F1633,368.39,Leisure,Premium Economy,0,Airport Kiosk,Aisle,115,0
P3301,F1321,286.57,Leisure,Business,1,Mobile App,Middle,6,0
P3302,F175,453.65,Business,Business,2,Mobile App,Window,80,0
P3303,F748,203.11,Emergency,Business,0,Mobile App,Middle,54,0
P3304,F761,215.63,Business,Economy,2,Airport Kiosk,Middle,41,0
P3305,F269,407.04,Family,Economy,1,Desk,Aisle,42,0
P3306,F1418,410.35,Business,Economy,0,Online,Aisle,17,0
P3307,F1336,302.94,Family,Economy,0,Online,Window,98,0
P3308,F1467,222.01,Business,Business,0,Desk,Window,46,0
P3309,F1729,326.61,Business,Premium Economy,3,Airport Kiosk,Middle,111,0
P3310,F710,212.44,Family,Economy,1,Mobile App,Window,101,0
P3311,F320,544.04,Leisure,Economy,1,Airport Kiosk,Aisle,78,0
P3312,F947,358.67,Business,Premium Economy,0,Online,Middle,92,0
P3313,F1611,216.96,Family,Premium Economy,0,Desk,Window,57,0
P3314,F1506,505.3,Leisure,Economy,2,Desk,Middle,87,0
P3315,F1620,325.42,Business,First,1,Desk,Window,53,0
P3316,F1660,313.61,Family,Economy,1,Mobile App,Middle,76,0
P3317,F1237,177.0,Leisure,Economy,0,Desk,Window,101,0
P3318,F173,393.11,Emergency,Business,0,Desk,Window,84,0
P3319,F193,311.54,Emergency,Premium Economy,1,Desk,Aisle,29,0
P3320,F1085,222.23,Business,Economy,0,Mobile App,Middle,1,0
P3321,F249,367.3,Business,Economy,0,Desk,Window,103,0
P3322,F301,457.42,Emergency,Economy,0,Online,Aisle,71,0
P3323,F477,245.66,Business,Premium Economy,0,Mobile App,Aisle,11,0
P3324,F982,284.65,Leisure,Economy,1,Mobile App,Aisle,32,0
P3325,F711,186.87,Business,Economy,0,Desk,Aisle,114,0
P3326,F1677,286.09,Family,Premium Economy,0,Airport Kiosk,Window,65,0
P3327,F570,425.22,Business,Economy,2,Desk,Middle,25,0
P3328,F1747,386.02,Emergency,Economy,2,Mobile App,Aisle,92,0
P3329,F111,252.35,Family,Premium Economy,3,Mobile App,Middle,58,0
P3330,F586,279.24,Family,Premium Economy,0,Desk,Aisle,70,0
P3331,F1497,372.09,Emergency,Economy,0,Mobile App,Window,103,0
P3332,F1239,238.01,Family,Premium Economy,2,Online,Aisle,77,0
P3333,F286,495.4,Leisure,Economy,2,Mobile App,Middle,77,0
P3334,F344,458.98,Business,Economy,0,Desk,Middle,72,0
P3335,F1719,170.39,Emergency,Premium Economy,0,Mobile App,Aisle,25,0
P3336,F1954,166.31,Family,Economy,0,Desk,Middle,114,0
P3337,F582,349.95,Leisure,Premium Economy,1,Online,Aisle,28,0
P3338,F1114,250.79,Business,Economy,0,Desk,Middle,41,0
P3339,F499,698.31,Business,Economy,1,Online,Middle,11,1
P3340,F759,318.31,Business,Economy,0,Airport Kiosk,Window,92,0
P3341,F1624,444.71,Leisure,Premium Economy,1,Mobile App,Aisle,50,0
P3342,F767,308.83,Family,Economy,1,Airport Kiosk,Aisle,93,0
P3343,F1805,428.59,Leisure,Business,0,Mobile App,Window,27,0
P3344,F1241,272.11,Family,Economy,2,Desk,Window,93,1
P3345,F1342,305.16,Emergency,Economy,0,Airport Kiosk,Middle,43,1
P3346,F1734,524.22,Business,Premium Economy,1,Airport Kiosk,Middle,78,1
P3347,F602,230.8,Leisure,Premium Economy,2,Mobile App,Aisle,104,0
P3348,F1529,583.71,Leisure,Economy,2,Online,Middle,34,0
P3349,F668,424.14,Leisure,First,0,Online,Aisle,23,0
P3350,F458,377.58,Leisure,Economy,3,Airport Kiosk,Window,114,1
P3351,F406,215.19,Leisure,Premium Economy,0,Desk,Aisle,104,0
P3352,F1606,351.1,Business,Economy,1,Mobile App,Middle,83,0
P3353,F1340,408.18,Business,Economy,2,Online,Middle,34,0
P3354,F1490,342.54,Leisure,Business,1,Online,Aisle,43,0
P3355,F1266,454.59,Leisure,Economy,0,Online,Aisle,92,0
P3356,F298,151.43,Family,Economy,0,Airport Kiosk,Window,15,0
P3357,F261,275.5,Business,Premium Economy,0,Airport Kiosk,Middle,73,1
P3358,F1040,229.98,Emergency,Premium Economy,1,Mobile App,Middle,49,0
P3359,F1479,347.47,Emergency,Economy,0,Airport Kiosk,Window,58,0
P3360,F1834,249.41,Emergency,Premium Economy,0,Mobile App,Window,57,0
P3361,F974,155.44,Family,Economy,2,Desk,Middle,30,0
P3362,F1968,355.0,Family,Economy,2,Online,Aisle,38,0
P3363,F822,512.15,Leisure,Business,0,Airport Kiosk,Aisle,91,0
P3364,F108,415.19,Business,First,3,Desk,Window,36,1
P3365,F1720,313.85,Business,Business,1,Online,Window,118,0
P3366,F1797,498.66,Family,Economy,1,Airport Kiosk,Aisle,66,0
P3367,F193,235.27,Business,Premium Economy,0,Airport Kiosk,Window,2,0
P3368,F735,376.02,Leisure,Economy,1,Online,Middle,117,0
P3369,F1567,339.86,Leisure,Economy,1,Airport Kiosk,Window,89,0
P3370,F836,309.19,Business,Economy,1,Desk,Aisle,43,0
P3371,F497,272.52,Emergency,Economy,1,Airport Kiosk,Middle,84,0
P3372,F1189,310.6,Business,Business,2,Online,Middle,12,0
P3373,F1099,422.48,Business,Economy,0,Airport Kiosk,Middle,18,0
P3374,F1188,479.04,Emergency,Economy,1,Desk,Aisle,11,0
P3375,F215,322.89,Leisure,Economy,2,Desk,Aisle,27,0
P3376,F573,538.45,Business,Economy,0,Desk,Aisle,84,0
P3377,F1504,375.46,Family,Economy,2,Airport Kiosk,Middle,69,0
P3378,F580,483.18,Business,Economy,0,Online,Middle,13,0
P3379,F519,504.95,Leisure,Economy,0,Online,Aisle,65,0
P3380,F979,384.98,Business,Economy,1,Airport Kiosk,Window,58,1
P3381,F444,338.46,Family,Economy,1,Mobile App,Middle,105,0
P3382,F260,381.21,Emergency,Economy,0,Mobile App,Aisle,73,0
P3383,F135,185.27,Leisure,Economy,0,Online,Window,57,0
P3384,F1491,552.92,Family,Economy,1,Mobile App,Middle,31,0
P3385,F991,327.53,Emergency,Business,4,Mobile App,Window,96,0
P3386,F1532,355.03,Emergency,Business,2,Desk,Middle,107,0
P3387,F1949,342.61,Family,Economy,0,Airport Kiosk,Window,57,0
P3388,F1783,352.12,Family,Economy,2,Desk,Aisle,89,0
P3389,F1864,417.35,Emergency,First,0,Online,Middle,35,0
P3390,F703,355.37,Leisure,Economy,2,Online,Window,48,0
P3391,F946,390.85,Family,Economy,2,Airport Kiosk,Window,19,1
P3392,F715,353.18,Emergency,Premium Economy,0,Desk,Window,33,0
P3393,F684,166.41,Family,Premium Economy,2,Desk,Window,81,0
P3394,F692,310.33,Business,Economy,2,Mobile App,Middle,71,0
P3395,F1524,417.13,Emergency,Economy,1,Airport Kiosk,Window,107,1
P3396,F1316,381.42,Emergency,Economy,0,Desk,Aisle,42,0
P3397,F1284,251.2,Family,Economy,1,Mobile App,Middle,114,0
P3398,F1138,292.48,Business,Economy,1,Online,Middle,64,0
P3399,F185,388.44,Family,Economy,3,Airport Kiosk,Aisle,119,0
P3400,F715,375.6,Emergency,Premium Economy,0,Online,Window,67,0
P3401,F116,295.08,Family,Economy,0,Airport Kiosk,Middle,102,0
P3402,F979,71.55,Business,Economy,1,Airport Kiosk,Aisle,17,0
P3403,F50,314.69,Business,Business,0,Mobile App,Window,68,1
P3404,F1337,174.57,Business,Economy,4,Mobile App,Window,12,0
P3405,F518,127.41,Business,Business,0,Desk,Window,11,0
P3406,F1074,265.18,Family,Economy,2,Online,Aisle,116,0
P3407,F1816,349.6,Business,Economy,3,Mobile App,Middle,32,0
P3408,F25,447.69,Leisure,Business,3,Mobile App,Aisle,118,0
P3409,F1450,431.42,Family,First,1,Airport Kiosk,Middle,49,0
P3410,F530,457.83,Leisure,Business,1,Desk,Window,85,0
P3411,F20,425.32,Leisure,Economy,0,Online,Aisle,93,0
P3412,F288,513.58,Leisure,Premium Economy,0,Online,Window,70,0
P3413,F1746,380.82,Emergency,Business,2,Airport Kiosk,Window,104,0
P3414,F213,395.65,Leisure,Premium Economy,0,Desk,Aisle,64,0
P3415,F1664,511.24,Leisure,Business,0,Mobile App,Middle,26,0
P3416,F1515,610.03,Emergency,Premium Economy,1,Online,Aisle,108,0
P3417,F663,320.62,Leisure,Economy,0,Airport Kiosk,Middle,104,0
P3418,F1346,425.59,Emergency,Economy,2,Airport Kiosk,Aisle,71,0
P3419,F1481,338.0,Family,Economy,3,Mobile App,Middle,58,0
P3420,F204,359.41,Family,Economy,2,Airport Kiosk,Window,90,0
P3421,F1457,486.97,Emergency,Economy,2,Airport Kiosk,Window,12,0
P3422,F1465,320.31,Business,Economy,0,Mobile App,Middle,64,0
P3423,F401,303.94,Emergency,Economy,0,Desk,Window,75,0
P3424,F379,278.22,Emergency,Premium Economy,2,Online,Window,41,0
P3425,F1637,350.8,Emergency,Economy,1,Airport Kiosk,Middle,5,1
P3426,F653,477.55,Family,Economy,1,Desk,Aisle,96,0
P3427,F52,202.01,Family,Economy,1,Airport Kiosk,Middle,76,0
P3428,F507,249.95,Emergency,Economy,0,Online,Aisle,0,0
P3429,F1038,293.37,Leisure,Business,1,Online,Window,23,0
P3430,F1024,363.01,Family,Economy,1,Desk,Window,96,0
P3431,F819,333.07,Business,Premium Economy,0,Desk,Window,46,0
P3432,F228,358.28,Leisure,Business,2,Desk,Aisle,23,0
P3433,F953,627.29,Leisure,Economy,1,Online,Middle,49,0
P3434,F690,349.75,Family,Economy,1,Airport Kiosk,Window,106,0
P3435,F309,534.46,Business,Economy,6,Airport Kiosk,Aisle,3,0
P3436,F1238,357.52,Leisure,Economy,2,Airport Kiosk,Window,59,0
P3437,F1677,396.24,Family,Economy,2,Mobile App,Middle,7,0
P3438,F1609,335.34,Emergency,Premium Economy,0,Desk,Window,92,0
P3439,F742,242.9,Leisure,Premium Economy,0,Mobile App,Middle,32,0
P3440,F1751,454.62,Business,Economy,0,Desk,Window,108,0
P3441,F701,269.55,Leisure,Economy,3,Mobile App,Aisle,70,0
P3442,F521,425.15,Leisure,Economy,2,Desk,Aisle,33,0
P3443,F671,377.2,Business,Economy,3,Mobile App,Window,3,0
P3444,F732,439.96,Emergency,Economy,2,Online,Middle,45,0
P3445,F1982,224.7,Leisure,Business,2,Online,Aisle,50,0
P3446,F1095,338.16,Family,First,4,Mobile App,Aisle,85,0
P3447,F231,366.91,Emergency,Economy,0,Online,Window,46,0
P3448,F999,265.5,Family,Economy,2,Airport Kiosk,Window,44,0
P3449,F1716,308.03,Emergency,Economy,1,Online,Window,88,0
P3450,F1150,394.73,Leisure,Premium Economy,0,Desk,Middle,110,0
P3451,F1298,365.94,Business,Economy,1,Online,Middle,25,0
P3452,F53,266.57,Emergency,Business,1,Online,Aisle,111,0
P3453,F46,224.71,Family,Economy,0,Desk,Window,90,0
P3454,F1454,264.65,Leisure,Economy,0,Airport Kiosk,Middle,44,0
P3455,F483,217.15,Family,Economy,1,Mobile App,Window,103,0
P3456,F897,432.41,Leisure,Economy,0,Desk,Window,14,0
P3457,F1371,256.81,Emergency,Economy,0,Airport Kiosk,Window,55,0
P3458,F764,177.01,Emergency,Business,0,Mobile App,Window,21,0
P3459,F441,414.02,Business,First,2,Mobile App,Window,116,0
P3460,F1569,413.7,Emergency,Premium Economy,1,Airport Kiosk,Aisle,11,0
P3461,F1489,180.47,Emergency,Premium Economy,1,Desk,Window,93,1
P3462,F24,486.64,Emergency,Economy,2,Desk,Aisle,20,1
P3463,F774,508.52,Business,Premium Economy,2,Desk,Middle,22,0
P3464,F559,355.75,Emergency,Economy,0,Online,Aisle,21,1
P3465,F1737,399.56,Family,Economy,0,Desk,Aisle,12,0
P3466,F506,244.93,Emergency,Premium Economy,0,Mobile App,Window,19,0
P3467,F92,277.43,Family,Economy,1,Airport Kiosk,Aisle,6,0
P3468,F845,435.24,Leisure,Economy,1,Mobile App,Middle,43,0
P3469,F762,361.58,Leisure,Premium Economy,0,Mobile App,Middle,63,0
P3470,F275,185.43,Emergency,Business,1,Desk,Aisle,33,0
P3471,F1921,377.26,Emergency,Economy,1,Online,Middle,41,0
P3472,F1121,270.51,Emergency,Economy,0,Airport Kiosk,Middle,7,0
P3473,F294,345.74,Emergency,Economy,2,Mobile App,Aisle,94,0
P3474,F1464,335.83,Business,Economy,3,Online,Window,57,0
P3475,F1877,277.52,Business,Economy,2,Airport Kiosk,Window,34,0
P3476,F141,422.59,Leisure,Premium Economy,0,Airport Kiosk,Aisle,6,0
P3477,F88,296.65,Business,Economy,0,Mobile App,Aisle,10,0
P3478,F1538,457.18,Business,Premium Economy,2,Mobile App,Aisle,106,0
P3479,F1074,339.22,Leisure,Premium Economy,3,Mobile App,Window,96,1
P3480,F85,322.41,Leisure,Economy,0,Mobile App,Window,18,0
P3481,F276,378.9,Business,Economy,2,Mobile App,Window,114,0
P3482,F882,437.94,Emergency,First,2,Online,Aisle,77,0
P3483,F1070,470.44,Leisure,Premium Economy,0,Online,Aisle,38,0
P3484,F65,404.64,Emergency,Economy,2,Desk,Window,118,0
P3485,F1547,389.25,Emergency,Economy,1,Online,Middle,30,0
P3486,F1603,346.15,Business,Economy,1,Desk,Middle,82,0
P3487,F797,178.71,Leisure,Premium Economy,1,Airport Kiosk,Window,73,0
P3488,F684,367.36,Leisure,Business,0,Airport Kiosk,Middle,60,0
P3489,F947,159.23,Leisure,Economy,2,Airport Kiosk,Window,108,0
P3490,F536,266.09,Leisure,Economy,2,Desk,Aisle,86,0
P3491,F499,305.65,Emergency,Economy,2,Online,Aisle,46,0
P3492,F75,357.14,Emergency,Business,3,Mobile App,Window,32,0
P3493,F738,395.72,Emergency,Premium Economy,0,Mobile App,Middle,54,0
P3494,F378,498.49,Family,Economy,2,Desk,Middle,2,0
P3495,F217,160.04,Family,Premium Economy,2,Mobile App,Middle,91,0
P3496,F1191,378.15,Family,Premium Economy,1,Mobile App,Aisle,5,0
P3497,F1016,313.85,Emergency,Economy,1,Mobile App,Middle,106,0
P3498,F586,405.9,Business,Business,0,Online,Middle,47,0
P3499,F1899,380.95,Emergency,Economy,1,Online,Middle,114,0
P3500,F1541,398.48,Leisure,Business,0,Online,Window,49,0
P3501,F1353,269.72,Business,Business,0,Online,Window,96,0
P3502,F618,383.46,Leisure,Economy,1,Online,Window,57,0
P3503,F883,568.41,Business,First,1,Online,Middle,46,0
P3504,F488,515.41,Family,First,0,Airport Kiosk,Window,7,0
P3505,F691,188.78,Business,Business,1,Mobile App,Middle,10,0
P3506,F1531,487.39,Emergency,Premium Economy,1,Desk,Aisle,2,1
P3507,F357,221.19,Family,Business,1,Desk,Middle,116,0
P3508,F1116,379.88,Business,Economy,2,Mobile App,Window,65,0
P3509,F1181,419.33,Emergency,Economy,2,Airport Kiosk,Middle,65,0
P3510,F242,504.04,Leisure,Business,0,Desk,Middle,113,0
P3511,F258,344.82,Leisure,Business,0,Airport Kiosk,Middle,68,0
P3512,F80,509.52,Emergency,Business,0,Online,Aisle,9,0
P3513,F205,453.39,Leisure,Economy,0,Online,Window,61,0
P3514,F219,311.48,Emergency,Economy,1,Desk,Aisle,20,0
P3515,F1592,477.99,Emergency,Premium Economy,1,Airport Kiosk,Middle,26,0
P3516,F1141,425.43,Leisure,First,1,Desk,Aisle,22,0
P3517,F201,376.83,Family,Economy,1,Mobile App,Window,72,0
P3518,F810,430.12,Leisure,Economy,1,Online,Middle,86,0
P3519,F126,416.98,Leisure,Economy,0,Online,Window,81,0
P3520,F1371,148.23,Family,Economy,2,Airport Kiosk,Window,77,0
P3521,F1130,233.3,Business,Premium Economy,2,Mobile App,Window,63,0
P3522,F321,506.12,Business,Business,1,Airport Kiosk,Middle,92,0
P3523,F1235,343.94,Emergency,Economy,0,Mobile App,Window,7,0
P3524,F954,243.99,Emergency,Economy,0,Desk,Aisle,61,0
P3525,F1303,406.07,Emergency,Economy,2,Online,Aisle,15,0
P3526,F1750,467.22,Emergency,Economy,0,Mobile App,Middle,3,0
P3527,F636,600.57,Family,Premium Economy,0,Desk,Window,113,0
P3528,F201,347.72,Leisure,Economy,4,Mobile App,Window,92,0
P3529,F725,249.42,Emergency,Premium Economy,1,Online,Aisle,39,0
P3530,F1096,311.56,Family,Premium Economy,3,Mobile App,Aisle,19,0
P3531,F566,383.39,Emergency,Premium Economy,1,Online,Aisle,57,0
P3532,F1555,399.29,Leisure,Premium Economy,3,Airport Kiosk,Window,74,0
P3533,F1276,260.61,Family,Economy,1,Airport Kiosk,Middle,64,0
P3534,F961,523.96,Leisure,Business,0,Mobile App,Window,56,0
P3535,F343,316.66,Family,Premium Economy,0,Online,Middle,69,0
P3536,F1504,303.98,Emergency,Economy,5,Online,Aisle,25,0
P3537,F1290,363.99,Leisure,Economy,3,Online,Aisle,64,0
P3538,F1826,259.78,Leisure,Business,0,Desk,Aisle,90,0
P3539,F1851,586.24,Leisure,Economy,1,Mobile App,Middle,61,0
P3540,F1625,264.95,Family,Business,1,Online,Window,14,0
P3541,F124,238.05,Leisure,Economy,0,Airport Kiosk,Aisle,45,0
P3542,F1857,401.25,Family,Premium Economy,0,Mobile App,Window,100,0
P3543,F1107,295.49,Emergency,Premium Economy,0,Mobile App,Window,75,1
P3544,F1612,546.92,Leisure,First,0,Online,Middle,15,0
P3545,F397,284.86,Leisure,Premium Economy,0,Online,Middle,55,0
P3546,F637,373.37,Leisure,Premium Economy,1,Desk,Middle,114,0
P3547,F221,495.53,Leisure,Economy,2,Online,Aisle,28,0
P3548,F255,333.05,Business,First,1,Mobile App,Middle,4,0
P3549,F748,299.04,Business,Economy,0,Airport Kiosk,Middle,37,0
P3550,F1800,520.04,Leisure,Economy,1,Online,Window,12,0
P3551,F1868,271.9,Family,Business,0,Desk,Middle,9,0
P3552,F981,327.98,Leisure,Economy,0,Airport Kiosk,Aisle,84,0
P3553,F1622,279.88,Leisure,Economy,2,Mobile App,Middle,11,0
P3554,F1637,86.17,Family,Economy,0,Online,Window,72,0
P3555,F167,523.68,Emergency,Business,2,Online,Window,40,0
P3556,F841,483.68,Leisure,Premium Economy,2,Desk,Aisle,33,0
P3557,F738,254.54,Emergency,Premium Economy,1,Mobile App,Aisle,42,0
P3558,F1425,196.28,Family,Economy,1,Desk,Window,23,0
P3559,F1103,512.42,Emergency,Business,0,Airport Kiosk,Middle,51,0
P3560,F510,201.28,Leisure,First,2,Desk,Aisle,110,0
P3561,F89,493.04,Emergency,Economy,1,Airport Kiosk,Middle,26,0
P3562,F175,357.4,Business,Economy,1,Mobile App,Window,3,0
P3563,F1894,281.99,Emergency,Business,1,Airport Kiosk,Middle,67,0
P3564,F1739,406.7,Leisure,Premium Economy,1,Desk,Aisle,34,0
P3565,F1746,328.6,Family,Economy,1,Desk,Middle,70,0
P3566,F380,251.97,Emergency,Economy,3,Online,Middle,70,0
P3567,F1963,181.96,Emergency,Economy,0,Airport Kiosk,Window,34,0
P3568,F602,190.71,Emergency,Economy,1,Mobile App,Aisle,79,0
P3569,F1095,93.19,Emergency,Economy,0,Desk,Middle,31,0
P3570,F1755,185.64,Family,Economy,1,Desk,Window,41,0
P3571,F1559,278.07,Business,Economy,0,Online,Middle,78,0
P3572,F440,377.44,Emergency,Business,0,Mobile App,Window,39,0
P3573,F1703,276.65,Business,Economy,2,Online,Middle,114,0
P3574,F1449,322.16,Business,Economy,0,Desk,Window,105,0
P3575,F1867,430.59,Emergency,Premium Economy,1,Desk,Middle,78,0
P3576,F1034,394.9,Family,Premium Economy,3,Online,Window,74,0
P3577,F365,510.97,Leisure,Economy,1,Airport Kiosk,Middle,38,0
P3578,F1836,360.83,Business,Premium Economy,0,Airport Kiosk,Aisle,118,1
P3579,F1620,419.3,Emergency,Economy,1,Online,Middle,27,0
P3580,F1317,389.11,Family,Economy,0,Online,Window,37,0
P3581,F116,338.12,Leisure,Economy,1,Airport Kiosk,Aisle,101,0
P3582,F559,327.29,Emergency,Business,2,Online,Window,99,0
P3583,F447,299.51,Leisure,Economy,1,Mobile App,Aisle,12,0
P3584,F128,299.73,Business,Economy,0,Desk,Middle,107,0
P3585,F1350,355.51,Emergency,Economy,2,Airport Kiosk,Window,59,0
P3586,F1736,315.09,Emergency,Economy,1,Online,Aisle,13,0
P3587,F1840,319.93,Business,Economy,1,Airport Kiosk,Aisle,92,0
P3588,F1518,138.64,Emergency,Economy,1,Desk,Window,113,0
P3589,F1758,260.16,Emergency,Economy,3,Desk,Aisle,2,0
P3590,F1313,281.27,Business,Premium Economy,2,Mobile App,Middle,42,0
P3591,F1164,370.76,Emergency,Economy,0,Airport Kiosk,Aisle,35,0
P3592,F1991,460.77,Emergency,Business,1,Desk,Window,78,0
P3593,F966,345.46,Family,Economy,2,Mobile App,Middle,7,1
P3594,F1483,558.62,Emergency,Business,3,Airport Kiosk,Window,81,0
P3595,F1098,404.42,Emergency,Premium Economy,0,Online,Middle,69,0
P3596,F221,431.09,Business,Business,1,Desk,Aisle,12,0
P3597,F302,366.21,Leisure,Premium Economy,2,Mobile App,Middle,42,0
P3598,F1603,389.84,Emergency,Economy,0,Online,Middle,90,0
P3599,F1520,317.13,Business,Economy,0,Desk,Middle,38,0
P3600,F687,386.2,Business,Economy,3,Airport Kiosk,Aisle,0,0
P3601,F771,367.04,Family,Premium Economy,2,Mobile App,Aisle,98,0
P3602,F1221,266.65,Emergency,Economy,2,Desk,Window,108,0
P3603,F1335,359.86,Family,Economy,3,Desk,Window,65,0
P3604,F1975,395.66,Business,Economy,0,Mobile App,Aisle,93,0
P3605,F858,438.8,Emergency,Economy,2,Mobile App,Window,96,0
P3606,F1922,494.93,Emergency,Economy,2,Online,Window,44,0
P3607,F1606,188.86,Leisure,Premium Economy,0,Online,Aisle,14,0
P3608,F1192,495.15,Emergency,Economy,0,Mobile App,Aisle,95,0
P3609,F1581,315.71,Leisure,Economy,0,Online,Middle,0,0
P3610,F1370,195.06,Leisure,Economy,2,Mobile App,Aisle,119,0
P3611,F180,307.74,Business,Economy,2,Desk,Aisle,12,0
P3612,F1956,292.71,Family,Business,1,Airport Kiosk,Window,7,0
P3613,F158,369.02,Family,Economy,2,Mobile App,Middle,71,0
P3614,F1981,266.22,Family,Economy,1,Mobile App,Middle,49,0
P3615,F1840,462.82,Business,Premium Economy,3,Desk,Aisle,85,0
P3616,F187,447.63,Business,Economy,1,Mobile App,Window,65,0
P3617,F1697,262.94,Leisure,Economy,1,Airport Kiosk,Window,65,0
P3618,F1869,143.67,Leisure,Business,1,Online,Aisle,59,0
P3619,F590,410.68,Emergency,Business,0,Airport Kiosk,Aisle,47,0
P3620,F1900,451.32,Leisure,Economy,0,Airport Kiosk,Window,6,0
P3621,F996,289.64,Business,Economy,2,Desk,Middle,74,0
P3622,F1830,386.13,Emergency,Economy,2,Online,Window,80,0
P3623,F1917,422.45,Family,Premium Economy,3,Airport Kiosk,Aisle,73,0
P3624,F1946,340.31,Leisure,First,1,Desk,Middle,104,1
P3625,F1824,423.3,Emergency,Premium Economy,1,Mobile App,Window,74,0
P3626,F598,357.69,Business,Economy,0,Online,Middle,17,0
P3627,F181,271.46,Emergency,Economy,2,Online,Middle,89,0
P3628,F768,244.97,Emergency,Economy,0,Desk,Middle,56,0
P3629,F1559,404.85,Family,Economy,1,Mobile App,Aisle,77,0
P3630,F1351,172.55,Business,Economy,1,Desk,Aisle,70,0
P3631,F1242,364.19,Emergency,Economy,0,Online,Aisle,29,0
P3632,F1528,292.05,Family,Economy,1,Mobile App,Aisle,4,0
P3633,F338,268.56,Leisure,Business,2,Online,Window,20,0
P3634,F1505,285.4,Leisure,Business,1,Mobile App,Middle,60,0
P3635,F1084,177.52,Leisure,Economy,1,Airport Kiosk,Window,112,0
P3636,F1831,414.83,Family,Premium Economy,1,Airport Kiosk,Middle,66,0
P3637,F716,479.8,Family,First,1,Desk,Window,37,0
P3638,F351,322.81,Business,Economy,2,Airport Kiosk,Aisle,26,0
P3639,F986,248.7,Leisure,Premium Economy,1,Airport Kiosk,Middle,19,0
P3640,F1675,449.1,Emergency,Economy,1,Online,Aisle,83,0
P3641,F1766,356.73,Emergency,Business,1,Online,Middle,59,0
P3642,F1407,537.13,Business,Economy,1,Airport Kiosk,Middle,9,0
P3643,F246,460.08,Family,Premium Economy,0,Mobile App,Middle,0,0
P3644,F1470,357.37,Emergency,Premium Economy,1,Mobile App,Window,112,0
P3645,F1147,349.98,Business,Premium Economy,6,Airport Kiosk,Window,88,0
P3646,F1309,363.45,Business,Premium Economy,2,Online,Window,67,0
P3647,F667,402.11,Business,Economy,1,Mobile App,Middle,99,0
P3648,F1829,383.87,Family,Economy,2,Airport Kiosk,Window,21,0
P3649,F1230,138.08,Business,Business,1,Airport Kiosk,Aisle,86,1
P3650,F1098,270.13,Family,Economy,4,Mobile App,Window,55,0
P3651,F369,359.94,Family,Economy,0,Online,Middle,77,0
P3652,F1661,525.61,Business,Economy,2,Airport Kiosk,Middle,116,0
P3653,F550,417.01,Business,Business,0,Desk,Aisle,42,0
P3654,F1593,216.95,Leisure,Business,0,Mobile App,Aisle,99,1
P3655,F1371,489.17,Emergency,Business,1,Mobile App,Middle,96,1
P3656,F1119,292.81,Family,Economy,3,Online,Middle,13,0
P3657,F1991,283.68,Leisure,Economy,3,Airport Kiosk,Middle,81,0
P3658,F1110,332.11,Family,Business,2,Online,Middle,24,0
P3659,F646,277.49,Leisure,Economy,0,Mobile App,Aisle,84,0
P3660,F124,439.8,Family,Economy,1,Online,Aisle,70,0
P3661,F38,179.13,Leisure,Economy,1,Desk,Window,91,0
P3662,F788,281.79,Leisure,Economy,1,Mobile App,Aisle,68,0
P3663,F1443,350.56,Family,Economy,2,Airport Kiosk,Window,51,0
P3664,F323,492.58,Business,Economy,1,Desk,Window,18,0
P3665,F1352,166.6,Family,Business,1,Online,Aisle,109,0
P3666,F1361,408.8,Leisure,Economy,1,Mobile App,Aisle,110,0
P3667,F357,85.87,Leisure,Economy,1,Online,Window,24,0
P3668,F1455,373.79,Business,Economy,3,Online,Middle,1,0
P3669,F461,250.43,Business,Economy,3,Desk,Window,12,0
P3670,F654,316.29,Leisure,Premium Economy,0,Airport Kiosk,Window,115,0
P3671,F1158,395.64,Emergency,Premium Economy,0,Desk,Aisle,19,0
P3672,F1275,217.97,Leisure,Economy,1,Online,Window,102,0
P3673,F342,341.91,Leisure,Economy,1,Airport Kiosk,Window,62,0
P3674,F1260,270.48,Business,Economy,2,Desk,Middle,86,0
P3675,F749,361.11,Business,Economy,0,Online,Middle,54,0
P3676,F1822,389.86,Leisure,Economy,1,Desk,Window,60,0
P3677,F344,369.13,Leisure,Economy,1,Mobile App,Middle,28,0
P3678,F1586,302.97,Family,First,1,Airport Kiosk,Aisle,12,0
P3679,F318,277.0,Emergency,Economy,2,Mobile App,Aisle,29,0
P3680,F1288,473.24,Family,Premium Economy,0,Mobile App,Middle,37,0
P3681,F169,322.11,Leisure,Economy,1,Mobile App,Aisle,51,0
P3682,F16,384.36,Family,Premium Economy,0,Desk,Aisle,48,0
P3683,F77,166.31,Business,Economy,0,Mobile App,Aisle,5,0
P3684,F1492,322.85,Emergency,Economy,1,Mobile App,Aisle,76,0
P3685,F1821,324.14,Emergency,Economy,2,Mobile App,Aisle,99,0
P3686,F1472,427.59,Business,Economy,1,Desk,Aisle,61,0
P3687,F1978,522.66,Emergency,Premium Economy,4,Airport Kiosk,Middle,10,0
P3688,F298,447.99,Leisure,Economy,0,Online,Window,64,0
P3689,F912,240.25,Family,Premium Economy,1,Mobile App,Middle,1,0
P3690,F28,197.88,Emergency,Economy,1,Online,Middle,81,0
P3691,F460,351.0,Leisure,First,3,Airport Kiosk,Middle,114,0
P3692,F629,284.97,Business,Economy,2,Mobile App,Window,65,0
P3693,F1359,452.6,Business,Economy,1,Desk,Window,0,0
P3694,F199,450.72,Leisure,Economy,1,Airport Kiosk,Window,70,0
P3695,F944,478.12,Emergency,Economy,0,Desk,Window,13,0
P3696,F727,342.49,Leisure,Economy,0,Mobile App,Aisle,74,0
P3697,F1923,161.98,Emergency,Economy,2,Mobile App,Middle,109,0
P3698,F1314,367.49,Business,Economy,0,Desk,Window,99,0
P3699,F1840,435.25,Emergency,Business,2,Online,Window,98,0
P3700,F1630,266.8,Leisure,Premium Economy,0,Airport Kiosk,Aisle,44,0
P3701,F453,153.79,Leisure,Premium Economy,2,Airport Kiosk,Window,35,1
P3702,F377,467.03,Leisure,Economy,1,Desk,Middle,96,0
P3703,F691,342.91,Leisure,Economy,1,Mobile App,Window,76,0
P3704,F571,455.11,Emergency,Economy,1,Airport Kiosk,Window,60,0
P3705,F1925,254.25,Leisure,Economy,0,Airport Kiosk,Aisle,2,0
P3706,F536,500.5,Family,Business,0,Desk,Middle,14,0
P3707,F1737,274.26,Business,Premium Economy,0,Online,Window,94,0
P3708,F294,403.4,Leisure,Economy,0,Mobile App,Middle,85,0
P3709,F144,479.62,Business,Economy,1,Mobile App,Middle,74,0
P3710,F269,527.7,Family,Economy,0,Airport Kiosk,Aisle,84,0
P3711,F157,174.76,Emergency,Business,1,Desk,Window,66,0
P3712,F1837,361.88,Leisure,Economy,1,Airport Kiosk,Middle,94,0
P3713,F1064,349.96,Emergency,Economy,2,Desk,Aisle,76,0
P3714,F1260,385.18,Leisure,Economy,2,Online,Aisle,86,0
P3715,F93,327.96,Family,Economy,2,Airport Kiosk,Middle,109,0
P3716,F1556,363.83,Business,Economy,0,Online,Middle,9,0
P3717,F1770,285.56,Leisure,First,1,Online,Middle,63,0
P3718,F1811,379.62,Emergency,Economy,0,Mobile App,Middle,68,0
P3719,F1805,445.31,Business,Business,0,Mobile App,Window,9,0
P3720,F1176,245.99,Emergency,Economy,1,Desk,Window,51,1
P3721,F198,350.1,Leisure,Premium Economy,2,Mobile App,Middle,21,0
P3722,F826,304.68,Family,Premium Economy,2,Airport Kiosk,Window,31,0
P3723,F1199,315.56,Emergency,First,0,Mobile App,Aisle,42,0
P3724,F253,515.13,Family,Economy,2,Desk,Aisle,57,1
P3725,F1616,266.27,Emergency,Economy,0,Desk,Aisle,72,0
P3726,F1195,462.94,Leisure,Economy,0,Desk,Middle,65,0
P3727,F1788,404.14,Business,Economy,1,Online,Middle,97,0
P3728,F1726,245.02,Emergency,Economy,0,Online,Aisle,113,0
P3729,F1395,503.65,Business,Economy,0,Online,Middle,87,0
P3730,F377,367.11,Leisure,Economy,0,Online,Middle,0,0
P3731,F1824,300.99,Leisure,Economy,1,Online,Aisle,119,0
P3732,F1090,503.9,Leisure,Economy,2,Mobile App,Window,81,1
P3733,F1492,532.16,Business,Economy,2,Desk,Aisle,14,0
P3734,F1150,187.17,Emergency,Economy,0,Online,Middle,47,0
P3735,F614,242.76,Emergency,Economy,0,Desk,Window,81,0
P3736,F1392,347.9,Family,Premium Economy,0,Desk,Middle,30,0
P3737,F1466,328.35,Emergency,Economy,2,Desk,Middle,71,0
P3738,F1717,409.66,Leisure,Economy,0,Online,Window,63,0
P3739,F1922,190.88,Family,Economy,1,Desk,Aisle,39,0
P3740,F849,283.97,Family,Business,0,Online,Middle,97,0
P3741,F50,463.34,Leisure,Economy,0,Desk,Middle,11,0
P3742,F9,395.49,Emergency,Economy,2,Desk,Middle,10,0
P3743,F1571,437.97,Business,Business,0,Desk,Middle,42,0
P3744,F344,548.37,Family,Economy,0,Airport Kiosk,Middle,14,0
P3745,F1812,191.22,Leisure,Economy,0,Online,Window,72,0
P3746,F146,343.49,Leisure,Economy,2,Airport Kiosk,Middle,95,0
P3747,F1183,396.92,Emergency,Economy,5,Mobile App,Middle,83,0
P3748,F1186,604.4,Emergency,Economy,1,Mobile App,Aisle,89,0
P3749,F468,326.43,Emergency,Business,1,Online,Middle,55,0
P3750,F1563,333.35,Business,Premium Economy,0,Desk,Middle,38,0
P3751,F1153,383.27,Business,Economy,1,Mobile App,Aisle,45,0
P3752,F887,277.7,Emergency,Economy,2,Desk,Middle,103,0
P3753,F1649,352.12,Business,Premium Economy,1,Airport Kiosk,Middle,107,0
P3754,F1463,500.31,Family,Economy,1,Online,Window,48,1
P3755,F874,265.55,Emergency,Economy,1,Airport Kiosk,Aisle,2,0
P3756,F154,292.51,Emergency,Business,2,Desk,Window,68,0
P3757,F1679,466.59,Emergency,First,2,Online,Middle,95,0
P3758,F1428,366.61,Emergency,Premium Economy,4,Mobile App,Aisle,43,0
P3759,F317,450.63,Family,Premium Economy,0,Airport Kiosk,Aisle,38,1
P3760,F1956,389.92,Leisure,Economy,1,Desk,Middle,29,0
P3761,F44,214.01,Emergency,Premium Economy,0,Online,Middle,92,1
P3762,F858,442.7,Family,Business,1,Mobile App,Middle,14,0
P3763,F471,338.95,Business,Economy,1,Online,Aisle,9,0
P3764,F1086,299.64,Leisure,Business,1,Airport Kiosk,Aisle,12,0
P3765,F715,282.59,Leisure,Premium Economy,0,Airport Kiosk,Middle,97,0
P3766,F884,127.55,Leisure,Economy,0,Airport Kiosk,Middle,2,0
P3767,F1972,386.79,Leisure,Premium Economy,2,Airport Kiosk,Aisle,71,0
P3768,F837,377.02,Leisure,Business,2,Desk,Aisle,97,0
P3769,F1931,359.32,Business,Economy,1,Mobile App,Middle,87,1
P3770,F1949,461.3,Leisure,Economy,2,Online,Aisle,5,0
P3771,F71,353.49,Leisure,Economy,1,Desk,Middle,0,0
P3772,F1562,337.4,Business,Economy,0,Airport Kiosk,Window,24,0
P3773,F1856,372.29,Leisure,Premium Economy,0,Mobile App,Aisle,31,0
P3774,F349,200.34,Leisure,Economy,0,Airport Kiosk,Aisle,57,0
P3775,F362,465.93,Emergency,Economy,2,Mobile App,Window,99,0
P3776,F656,345.63,Business,First,2,Online,Middle,30,0
P3777,F1053,499.08,Emergency,First,1,Desk,Window,79,0
P3778,F410,384.25,Leisure,Economy,1,Online,Middle,40,0
P3779,F1038,460.37,Emergency,Economy,1,Mobile App,Middle,30,0
P3780,F435,370.34,Business,Economy,1,Desk,Middle,110,0
P3781,F1124,377.52,Leisure,Premium Economy,1,Mobile App,Middle,71,0
P3782,F357,328.75,Business,Economy,1,Online,Aisle,20,0
P3783,F1676,198.33,Family,Economy,1,Mobile App,Middle,73,0
P3784,F43,359.65,Business,Premium Economy,0,Mobile App,Aisle,108,1
P3785,F857,403.27,Family,Business,1,Desk,Window,84,0
P3786,F1740,338.53,Business,Premium Economy,2,Online,Window,4,0
P3787,F1037,427.21,Emergency,Economy,0,Mobile App,Window,47,0
P3788,F1826,339.66,Family,Business,0,Online,Window,115,0
P3789,F868,664.46,Leisure,Economy,1,Desk,Window,93,0
P3790,F957,221.29,Emergency,Economy,1,Mobile App,Window,35,0
P3791,F1414,199.19,Business,Business,0,Mobile App,Window,1,0
P3792,F1119,247.63,Leisure,Economy,2,Online,Aisle,48,0
P3793,F1731,571.76,Business,Economy,1,Online,Aisle,57,0
P3794,F1846,471.48,Leisure,Business,0,Airport Kiosk,Window,39,0
P3795,F251,374.81,Leisure,Premium Economy,0,Mobile App,Middle,77,0
P3796,F796,522.23,Family,Economy,0,Desk,Aisle,26,0
P3797,F674,352.65,Leisure,Economy,0,Airport Kiosk,Middle,85,0
P3798,F961,365.53,Family,Economy,1,Mobile App,Middle,40,0
P3799,F724,274.3,Emergency,First,0,Airport Kiosk,Aisle,114,0
P3800,F1274,352.19,Leisure,Economy,0,Airport Kiosk,Middle,7,0
P3801,F1227,307.77,Family,Economy,3,Desk,Middle,28,0
P3802,F1397,434.61,Emergency,Economy,0,Online,Window,72,0
P3803,F424,230.81,Emergency,Economy,0,Mobile App,Window,82,0
P3804,F495,373.97,Emergency,Premium Economy,1,Mobile App,Window,102,0
P3805,F2000,361.48,Emergency,Economy,1,Online,Aisle,83,0
P3806,F1360,367.91,Business,Economy,0,Airport Kiosk,Middle,25,0
P3807,F296,173.97,Emergency,First,0,Mobile App,Aisle,99,0
P3808,F1697,274.86,Leisure,Business,0,Airport Kiosk,Window,79,0
P3809,F416,616.89,Emergency,Business,2,Mobile App,Middle,76,0
P3810,F1713,338.1,Business,Economy,2,Mobile App,Aisle,15,0
P3811,F202,251.7,Family,Economy,2,Mobile App,Window,32,0
P3812,F1649,249.02,Emergency,Economy,0,Desk,Middle,28,0
P3813,F1367,359.94,Family,Premium Economy,0,Desk,Aisle,13,0
P3814,F1172,128.5,Business,Economy,1,Online,Middle,48,1
P3815,F1565,320.18,Business,Economy,3,Desk,Window,113,0
P3816,F987,489.86,Family,Economy,0,Mobile App,Aisle,104,0
P3817,F285,257.02,Family,Economy,1,Online,Middle,58,0
P3818,F1353,413.66,Emergency,Economy,3,Mobile App,Aisle,12,0
P3819,F1037,266.21,Family,Premium Economy,2,Online,Aisle,33,0
P3820,F341,190.69,Leisure,Economy,1,Airport Kiosk,Aisle,94,0
P3821,F1067,383.77,Business,Economy,0,Desk,Middle,116,0
P3822,F1801,420.96,Emergency,Economy,1,Online,Aisle,22,0
P3823,F957,267.21,Leisure,Economy,1,Mobile App,Aisle,117,0
P3824,F438,365.41,Leisure,Economy,1,Desk,Middle,19,0
P3825,F1682,559.68,Family,Premium Economy,1,Online,Aisle,110,0
P3826,F924,439.81,Emergency,Premium Economy,0,Desk,Middle,115,0
P3827,F1357,358.81,Leisure,Economy,1,Online,Window,70,0
P3828,F1064,279.73,Family,Business,2,Mobile App,Middle,69,0
P3829,F1201,463.95,Business,Economy,0,Airport Kiosk,Aisle,111,0
P3830,F1739,484.36,Family,Premium Economy,1,Mobile App,Window,84,0
P3831,F979,530.67,Family,Business,0,Mobile App,Aisle,51,0
P3832,F1209,213.25,Business,Premium Economy,0,Online,Middle,30,1
P3833,F232,253.43,Family,Business,0,Airport Kiosk,Window,34,0
P3834,F423,384.98,Business,Economy,0,Mobile App,Window,116,0
P3835,F1606,500.58,Business,Economy,0,Online,Aisle,95,0
P3836,F556,401.36,Leisure,Premium Economy,1,Online,Aisle,54,0
P3837,F883,393.79,Business,Economy,0,Airport Kiosk,Window,36,0
P3838,F602,248.71,Family,Premium Economy,1,Desk,Aisle,4,0
P3839,F663,412.58,Family,Economy,3,Online,Window,106,0
P3840,F1682,352.08,Business,Business,2,Online,Window,87,0
P3841,F469,327.09,Leisure,Economy,2,Mobile App,Middle,114,0
P3842,F1754,265.47,Business,Economy,1,Desk,Window,65,0
P3843,F193,494.57,Business,Premium Economy,1,Mobile App,Window,25,0
P3844,F1007,323.39,Emergency,First,1,Desk,Aisle,111,1
P3845,F982,300.63,Emergency,Economy,0,Desk,Aisle,63,0
P3846,F1656,189.38,Family,Economy,1,Airport Kiosk,Middle,31,0
P3847,F1709,474.26,Emergency,Economy,2,Airport Kiosk,Window,39,0
P3848,F961,189.16,Emergency,Premium Economy,0,Online,Aisle,66,0
P3849,F204,300.25,Family,Economy,0,Online,Window,110,0
P3850,F124,311.77,Leisure,Economy,0,Airport Kiosk,Aisle,40,0
P3851,F1656,145.61,Business,Economy,1,Online,Aisle,80,0
P3852,F398,355.78,Leisure,Premium Economy,1,Airport Kiosk,Aisle,75,0
P3853,F1433,181.19,Emergency,Premium Economy,2,Online,Aisle,119,0
P3854,F340,347.26,Leisure,First,3,Desk,Middle,110,0
P3855,F1194,247.48,Family,Economy,0,Airport Kiosk,Aisle,109,0
P3856,F1542,267.9,Family,Premium Economy,3,Online,Aisle,82,0
P3857,F1179,275.38,Family,Business,2,Desk,Middle,111,0
P3858,F1035,441.36,Emergency,Economy,0,Desk,Window,29,0
P3859,F53,291.53,Family,Economy,1,Airport Kiosk,Window,68,0
P3860,F1182,334.7,Family,Business,2,Online,Middle,111,0
P3861,F1724,234.06,Leisure,Business,1,Mobile App,Window,10,0
P3862,F236,361.28,Emergency,Premium Economy,1,Desk,Window,110,0
P3863,F745,289.62,Business,Premium Economy,2,Desk,Middle,111,0
P3864,F1461,399.52,Family,Business,1,Desk,Aisle,113,0
P3865,F59,310.69,Emergency,Economy,0,Desk,Aisle,3,0
P3866,F1011,457.02,Business,Economy,1,Desk,Middle,49,0
P3867,F249,440.71,Family,Premium Economy,1,Desk,Window,45,0
P3868,F1766,284.54,Family,First,1,Online,Middle,33,0
P3869,F1491,338.9,Leisure,Business,0,Airport Kiosk,Aisle,31,0
P3870,F1287,261.08,Family,Premium Economy,4,Airport Kiosk,Middle,48,0
P3871,F1660,307.4,Leisure,Economy,1,Mobile App,Window,86,0
P3872,F393,349.06,Emergency,Business,0,Desk,Middle,33,0
P3873,F993,217.13,Emergency,Economy,1,Airport Kiosk,Middle,18,0
P3874,F1025,344.78,Leisure,Economy,0,Desk,Middle,40,0
P3875,F1272,254.95,Business,Premium Economy,0,Desk,Window,88,0
P3876,F1458,314.17,Emergency,Economy,0,Desk,Middle,3,0
P3877,F1980,330.28,Business,First,0,Airport Kiosk,Aisle,77,0
P3878,F400,325.64,Business,Economy,1,Desk,Middle,65,0
P3879,F1995,282.66,Leisure,Economy,1,Desk,Window,106,0
P3880,F269,241.67,Leisure,Economy,0,Airport Kiosk,Window,106,0
P3881,F1588,270.72,Family,Premium Economy,1,Online,Aisle,64,0
P3882,F1838,435.8,Family,Economy,2,Desk,Middle,48,0
P3883,F312,320.61,Leisure,First,2,Online,Aisle,21,0
P3884,F1287,173.0,Family,First,2,Mobile App,Middle,19,0
P3885,F701,181.24,Business,Premium Economy,0,Airport Kiosk,Middle,20,0
P3886,F200,162.08,Emergency,Economy,1,Airport Kiosk,Aisle,0,0
P3887,F1606,400.81,Family,Business,2,Desk,Middle,82,0
P3888,F1944,279.45,Leisure,Economy,1,Online,Middle,96,0
P3889,F1736,301.53,Emergency,Business,2,Mobile App,Window,69,0
P3890,F26,179.69,Business,Business,0,Online,Window,57,0
P3891,F25,312.32,Emergency,Premium Economy,1,Airport Kiosk,Middle,85,0
P3892,F1419,455.12,Business,Economy,0,Online,Middle,43,0
P3893,F653,479.37,Business,Economy,0,Online,Window,4,0
P3894,F623,220.02,Family,Premium Economy,1,Airport Kiosk,Window,11,0
P3895,F1849,358.25,Family,Business,1,Mobile App,Window,92,0
P3896,F505,399.01,Business,Business,1,Desk,Aisle,11,0
P3897,F833,361.06,Emergency,First,0,Online,Aisle,14,0
P3898,F1099,250.38,Business,Economy,0,Mobile App,Window,107,0
P3899,F301,528.38,Emergency,Premium Economy,0,Online,Middle,117,0
P3900,F198,369.23,Leisure,Economy,1,Online,Window,2,0
P3901,F134,279.16,Business,Premium Economy,1,Airport Kiosk,Window,22,0
P3902,F887,300.69,Family,Business,0,Mobile App,Middle,81,0
P3903,F40,444.12,Emergency,Business,0,Airport Kiosk,Window,6,0
P3904,F1415,325.11,Business,Economy,0,Desk,Window,96,0
P3905,F82,176.85,Business,Premium Economy,2,Online,Aisle,93,0
P3906,F1261,584.41,Family,Business,1,Airport Kiosk,Middle,89,0
P3907,F1148,404.04,Business,Economy,1,Mobile App,Aisle,82,0
P3908,F1979,341.73,Family,Premium Economy,0,Desk,Window,119,0
P3909,F519,228.1,Leisure,Premium Economy,3,Online,Aisle,38,0
P3910,F919,60.61,Family,Premium Economy,1,Online,Aisle,77,0
P3911,F105,285.82,Leisure,Economy,1,Mobile App,Aisle,72,0
P3912,F1398,356.88,Family,Economy,0,Airport Kiosk,Aisle,20,0
P3913,F915,337.93,Leisure,Economy,0,Airport Kiosk,Middle,65,0
P3914,F950,393.41,Business,Economy,1,Online,Window,55,0
P3915,F1616,420.04,Family,First,1,Online,Window,10,0
P3916,F1597,272.29,Business,Economy,1,Online,Aisle,13,0
P3917,F321,403.58,Business,Economy,1,Airport Kiosk,Aisle,72,0
P3918,F588,311.52,Family,Business,0,Online,Aisle,14,0
P3919,F1794,296.02,Business,Premium Economy,0,Desk,Window,5,0
P3920,F1180,323.84,Family,Economy,1,Mobile App,Middle,65,0
P3921,F427,376.4,Emergency,Economy,2,Mobile App,Middle,25,0
P3922,F1321,358.92,Leisure,Economy,0,Mobile App,Middle,106,0
P3923,F1714,308.64,Business,Premium Economy,1,Airport Kiosk,Aisle,85,0
P3924,F993,275.72,Leisure,Economy,1,Desk,Aisle,92,0
P3925,F1589,577.12,Business,Economy,1,Desk,Aisle,56,0
P3926,F1022,389.35,Leisure,Business,2,Mobile App,Middle,79,0
P3927,F994,473.46,Emergency,Economy,4,Airport Kiosk,Middle,92,0
P3928,F510,283.75,Family,Economy,0,Mobile App,Middle,54,0
P3929,F1775,71.6,Business,Business,1,Airport Kiosk,Window,21,0
P3930,F1498,135.47,Family,Economy,0,Airport Kiosk,Middle,34,0
P3931,F1739,341.02,Leisure,Economy,1,Airport Kiosk,Aisle,13,0
P3932,F859,383.23,Family,Premium Economy,1,Online,Aisle,23,0
P3933,F50,346.1,Business,Business,1,Desk,Window,94,0
P3934,F449,301.53,Family,Economy,1,Mobile App,Aisle,77,0
P3935,F847,197.68,Business,Economy,1,Desk,Aisle,64,0
P3936,F811,303.08,Emergency,Business,0,Airport Kiosk,Window,60,0
P3937,F1189,338.51,Leisure,Economy,3,Airport Kiosk,Middle,55,0
P3938,F357,371.04,Business,Economy,0,Mobile App,Aisle,97,0
P3939,F1615,348.3,Emergency,Business,3,Mobile App,Aisle,10,0
P3940,F1893,280.9,Emergency,Economy,0,Online,Middle,117,0
P3941,F1850,225.58,Leisure,Business,0,Desk,Aisle,96,0
P3942,F934,329.64,Business,Premium Economy,0,Airport Kiosk,Middle,119,0
P3943,F826,300.54,Emergency,Premium Economy,3,Online,Window,119,0
P3944,F1776,263.2,Family,Premium Economy,0,Online,Window,106,0
P3945,F330,346.69,Family,Economy,0,Online,Middle,44,0
P3946,F884,329.82,Family,Economy,0,Online,Middle,22,0
P3947,F377,200.16,Business,Business,1,Mobile App,Middle,111,1
P3948,F983,443.99,Family,Economy,2,Online,Middle,22,0
P3949,F439,435.33,Family,Economy,1,Desk,Window,56,0
P3950,F983,404.82,Business,Business,0,Airport Kiosk,Middle,77,0
P3951,F490,427.38,Family,Business,0,Online,Middle,37,0
P3952,F1377,382.74,Business,Business,0,Online,Window,118,0
P3953,F1371,415.7,Emergency,Economy,0,Desk,Window,79,0
P3954,F1116,398.02,Emergency,Premium Economy,2,Online,Aisle,84,0
P3955,F218,323.64,Emergency,First,2,Airport Kiosk,Middle,32,0
P3956,F1484,404.08,Business,Premium Economy,0,Desk,Middle,1,0
P3957,F1454,214.46,Business,Economy,2,Airport Kiosk,Middle,38,0
P3958,F429,596.34,Emergency,Economy,0,Mobile App,Aisle,93,0
P3959,F1174,372.17,Leisure,Economy,2,Desk,Middle,80,0
P3960,F1450,217.45,Emergency,Premium Economy,1,Airport Kiosk,Aisle,60,0
P3961,F1719,417.45,Emergency,Economy,3,Mobile App,Window,61,0
P3962,F801,201.83,Leisure,Business,0,Desk,Aisle,1,0
P3963,F155,364.52,Business,Economy,1,Mobile App,Aisle,82,0
P3964,F1970,347.6,Emergency,Premium Economy,0,Airport Kiosk,Window,50,0
P3965,F625,458.73,Business,Economy,1,Online,Aisle,57,0
P3966,F924,338.58,Family,Economy,1,Mobile App,Middle,84,0
P3967,F678,475.74,Emergency,Premium Economy,3,Mobile App,Aisle,93,0
P3968,F1517,283.14,Business,First,1,Mobile App,Middle,109,0
P3969,F802,293.26,Business,First,3,Desk,Middle,16,0
P3970,F480,513.27,Family,Economy,2,Online,Aisle,28,0
P3971,F207,353.09,Business,Economy,1,Online,Middle,97,0
P3972,F82,394.87,Leisure,Economy,0,Mobile App,Window,103,0
P3973,F937,454.28,Family,Economy,1,Airport Kiosk,Window,63,0
P3974,F618,388.34,Emergency,Economy,1,Mobile App,Aisle,86,0
P3975,F1506,489.07,Family,Economy,0,Mobile App,Aisle,61,0
P3976,F121,415.39,Business,Premium Economy,1,Online,Window,37,0
P3977,F759,407.22,Business,First,1,Mobile App,Middle,27,0
P3978,F1608,334.12,Leisure,Economy,1,Online,Middle,13,0
P3979,F468,368.25,Emergency,Economy,1,Mobile App,Window,15,0
P3980,F1696,407.69,Emergency,Economy,0,Airport Kiosk,Middle,105,0
P3981,F1739,562.94,Business,Economy,2,Airport Kiosk,Middle,23,0
P3982,F293,337.76,Family,Economy,0,Desk,Window,56,0
P3983,F1385,289.62,Leisure,Economy,1,Online,Aisle,27,0
P3984,F1912,149.62,Business,Business,1,Desk,Aisle,90,0
P3985,F1172,410.77,Leisure,Economy,1,Mobile App,Aisle,82,0
P3986,F1937,388.31,Emergency,Economy,2,Desk,Window,18,0
P3987,F336,493.94,Family,Business,0,Airport Kiosk,Aisle,89,0
P3988,F1937,468.73,Business,Economy,1,Online,Aisle,71,0
P3989,F1973,484.46,Leisure,Premium Economy,0,Online,Aisle,44,0
P3990,F146,389.26,Leisure,Premium Economy,1,Airport Kiosk,Middle,105,0
P3991,F829,345.6,Business,Economy,2,Airport Kiosk,Aisle,92,0
P3992,F1519,303.88,Family,Economy,0,Desk,Middle,61,0
P3993,F1127,362.0,Emergency,First,1,Online,Aisle,50,0
P3994,F266,382.08,Leisure,First,3,Desk,Aisle,110,0
P3995,F300,288.34,Family,Economy,3,Desk,Window,69,0
P3996,F1342,300.34,Family,Economy,3,Mobile App,Window,62,0
P3997,F162,394.75,Business,Economy,0,Desk,Aisle,98,0
P3998,F45,547.72,Family,Premium Economy,1,Mobile App,Aisle,2,0
P3999,F874,467.59,Leisure,Economy,1,Mobile App,Middle,97,0
P4000,F992,409.97,Leisure,Economy,2,Desk,Aisle,22,0
P4001,F1099,332.61,Emergency,Economy,2,Airport Kiosk,Window,12,0
P4002,F1479,334.98,Family,Economy,0,Online,Middle,97,0
P4003,F713,320.26,Leisure,Premium Economy,3,Airport Kiosk,Middle,79,0
P4004,F934,368.95,Emergency,Premium Economy,1,Online,Middle,25,0
P4005,F1313,380.99,Emergency,Economy,2,Airport Kiosk,Middle,54,0
P4006,F46,342.44,Leisure,First,0,Desk,Window,41,0
P4007,F1999,346.79,Family,Economy,0,Desk,Middle,48,0
P4008,F302,338.8,Family,Economy,1,Online,Window,72,0
P4009,F635,279.65,Family,Business,2,Airport Kiosk,Aisle,26,0
P4010,F426,327.5,Business,Economy,0,Mobile App,Middle,89,0
P4011,F144,394.71,Leisure,Economy,1,Desk,Middle,113,0
P4012,F584,449.56,Leisure,First,3,Airport Kiosk,Aisle,114,0
P4013,F900,319.02,Emergency,Economy,0,Airport Kiosk,Window,22,0
P4014,F818,300.57,Emergency,Economy,2,Desk,Middle,25,0
P4015,F627,230.21,Leisure,Premium Economy,2,Mobile App,Window,65,0
P4016,F1734,342.48,Emergency,Business,0,Mobile App,Window,92,0
P4017,F1395,379.13,Family,Premium Economy,1,Airport Kiosk,Window,19,0
P4018,F1217,282.06,Leisure,Economy,0,Mobile App,Middle,51,0
P4019,F133,316.2,Business,Economy,1,Airport Kiosk,Aisle,71,0
P4020,F1861,367.7,Family,Economy,1,Mobile App,Window,7,0
P4021,F327,356.82,Business,Business,0,Desk,Window,109,0
P4022,F389,137.1,Business,First,1,Mobile App,Middle,21,0
P4023,F70,339.02,Family,Economy,0,Mobile App,Aisle,93,0
P4024,F994,576.27,Leisure,Business,3,Desk,Middle,26,0
P4025,F1484,389.68,Family,Economy,1,Online,Middle,90,0
P4026,F698,398.61,Family,Economy,0,Desk,Aisle,32,0
P4027,F1839,191.5,Family,Business,1,Mobile App,Aisle,65,0
P4028,F1118,337.67,Business,Economy,1,Online,Window,65,0
P4029,F1475,396.44,Leisure,Premium Economy,0,Mobile App,Middle,57,0
P4030,F1683,346.39,Emergency,Economy,0,Mobile App,Middle,101,0
P4031,F705,350.89,Leisure,Business,1,Online,Aisle,6,1
P4032,F1522,599.33,Leisure,Business,3,Online,Window,17,0
P4033,F1188,311.76,Business,Economy,0,Airport Kiosk,Window,102,0
P4034,F1098,326.53,Family,Business,0,Airport Kiosk,Middle,86,0
P4035,F1221,438.98,Business,Economy,1,Desk,Window,16,0
P4036,F1191,448.29,Emergency,Business,1,Desk,Middle,13,0
P4037,F584,408.8,Family,Economy,0,Desk,Window,61,0
P4038,F1808,208.58,Business,Economy,0,Online,Middle,76,0
P4039,F1638,388.76,Family,Economy,1,Mobile App,Aisle,30,0
P4040,F1991,300.46,Leisure,Economy,1,Online,Aisle,85,0
P4041,F685,377.12,Family,Business,0,Online,Window,32,0
P4042,F1287,449.91,Emergency,First,2,Airport Kiosk,Window,44,0
P4043,F146,400.34,Emergency,Economy,1,Online,Middle,2,0
P4044,F1569,240.67,Family,Economy,2,Mobile App,Middle,117,0
P4045,F929,447.79,Family,Premium Economy,0,Airport Kiosk,Aisle,77,0
P4046,F457,321.91,Emergency,Economy,2,Airport Kiosk,Window,72,0
P4047,F353,300.57,Family,Economy,0,Online,Middle,58,0
P4048,F1507,291.01,Leisure,Premium Economy,0,Online,Middle,21,0
P4049,F1262,357.75,Emergency,Premium Economy,2,Online,Middle,42,0
P4050,F565,368.62,Business,Economy,0,Desk,Window,76,0
P4051,F1016,472.63,Leisure,Premium Economy,0,Mobile App,Middle,98,0
P4052,F1822,78.92,Leisure,Economy,1,Mobile App,Aisle,4,0
P4053,F1005,515.66,Leisure,Economy,2,Airport Kiosk,Window,61,0
P4054,F1977,444.36,Leisure,Economy,1,Online,Window,90,0
P4055,F333,375.43,Leisure,Economy,0,Online,Window,91,0
P4056,F1566,199.13,Business,Economy,0,Airport Kiosk,Window,12,0
P4057,F415,437.94,Emergency,Economy,2,Online,Middle,92,0
P4058,F243,545.02,Emergency,Economy,4,Mobile App,Window,60,0
P4059,F1817,341.38,Family,Economy,1,Desk,Window,19,0
P4060,F525,131.81,Emergency,Economy,1,Online,Aisle,117,0
P4061,F877,431.83,Family,Premium Economy,0,Desk,Middle,43,1
P4062,F591,479.42,Emergency,Economy,1,Online,Aisle,109,0
P4063,F1330,380.43,Business,Economy,1,Mobile App,Middle,20,0
P4064,F881,167.02,Leisure,Business,0,Online,Aisle,65,0
P4065,F1096,231.82,Business,Business,0,Online,Window,49,0
P4066,F32,261.74,Family,Economy,1,Online,Aisle,111,0
P4067,F1549,326.05,Business,First,0,Online,Window,40,0
P4068,F1634,384.6,Emergency,Business,0,Online,Aisle,35,0
P4069,F1257,289.08,Emergency,Economy,1,Mobile App,Window,47,0
P4070,F1581,381.64,Business,Business,0,Desk,Middle,118,0
P4071,F586,509.87,Leisure,Economy,1,Desk,Window,105,0
P4072,F1090,379.04,Business,Economy,0,Desk,Window,68,0
P4073,F1053,462.44,Family,Premium Economy,2,Airport Kiosk,Window,89,0
P4074,F1897,468.44,Leisure,Economy,1,Airport Kiosk,Window,94,0
P4075,F1339,381.78,Leisure,Economy,0,Online,Window,59,1
P4076,F1607,329.1,Family,Economy,1,Mobile App,Window,84,0
P4077,F141,475.29,Emergency,Economy,2,Mobile App,Middle,70,0
P4078,F867,552.78,Family,Economy,1,Desk,Middle,2,0
P4079,F1681,325.15,Business,Business,1,Online,Aisle,113,0
P4080,F1605,289.23,Family,Premium Economy,1,Airport Kiosk,Aisle,59,0
P4081,F1743,463.99,Family,Economy,1,Mobile App,Window,78,0
P4082,F1146,452.38,Leisure,Premium Economy,0,Online,Window,88,0
P4083,F1611,276.22,Family,Premium Economy,3,Desk,Middle,34,0
P4084,F607,318.43,Business,Premium Economy,1,Desk,Aisle,94,0
P4085,F1984,472.18,Family,Economy,0,Online,Window,29,0
P4086,F624,467.71,Business,Premium Economy,1,Mobile App,Window,91,0
P4087,F1902,522.45,Emergency,Economy,1,Online,Window,13,0
P4088,F1084,269.86,Family,Premium Economy,1,Desk,Aisle,78,0
P4089,F1146,405.71,Business,Premium Economy,2,Mobile App,Window,4,0
P4090,F54,382.64,Leisure,Premium Economy,2,Desk,Window,119,0
P4091,F1584,298.57,Family,Economy,2,Online,Aisle,12,0
P4092,F459,438.03,Family,Premium Economy,0,Online,Middle,39,0
P4093,F1336,570.79,Business,Economy,2,Online,Aisle,25,0
P4094,F908,442.12,Emergency,Economy,1,Online,Aisle,27,0
P4095,F1359,449.34,Family,Economy,2,Mobile App,Aisle,23,0
P4096,F934,412.73,Business,Economy,1,Online,Aisle,113,0
P4097,F1152,318.57,Business,First,1,Online,Window,80,0
P4098,F776,428.91,Emergency,Economy,1,Online,Aisle,51,1
P4099,F1433,355.0,Family,Premium Economy,0,Airport Kiosk,Aisle,92,0
P4100,F1345,224.17,Emergency,Business,1,Desk,Window,19,0
P4101,F1636,338.36,Leisure,Premium Economy,1,Airport Kiosk,Aisle,59,0
P4102,F46,463.86,Family,Economy,3,Online,Aisle,96,0
P4103,F1958,366.07,Emergency,Economy,0,Airport Kiosk,Aisle,45,0
P4104,F786,503.84,Business,Premium Economy,0,Mobile App,Aisle,47,0
P4105,F1953,264.82,Family,Economy,3,Online,Middle,3,0
P4106,F1234,354.39,Leisure,Economy,2,Mobile App,Aisle,118,0
P4107,F1850,341.68,Emergency,Economy,1,Desk,Middle,117,0
P4108,F705,377.72,Family,Premium Economy,2,Airport Kiosk,Middle,39,0
P4109,F1393,374.74,Emergency,Economy,1,Online,Window,86,0
P4110,F29,277.55,Business,First,2,Online,Aisle,113,0
P4111,F1132,259.86,Family,Economy,1,Desk,Window,81,0
P4112,F1441,190.26,Business,Economy,1,Airport Kiosk,Aisle,110,0
P4113,F516,358.46,Leisure,Economy,1,Online,Aisle,75,0
P4114,F51,304.67,Emergency,Economy,1,Airport Kiosk,Middle,16,0
P4115,F941,324.28,Business,Premium Economy,2,Airport Kiosk,Window,99,0
P4116,F1596,359.3,Leisure,Business,0,Airport Kiosk,Aisle,83,0
P4117,F193,365.44,Leisure,Economy,0,Online,Window,104,0
P4118,F413,555.72,Leisure,Economy,0,Online,Window,61,0
P4119,F1419,370.87,Family,Premium Economy,0,Airport Kiosk,Window,57,0
P4120,F226,385.28,Emergency,Premium Economy,1,Mobile App,Middle,63,0
P4121,F1635,362.19,Family,First,3,Online,Middle,32,0
P4122,F442,393.16,Emergency,Economy,0,Mobile App,Aisle,4,0
P4123,F1273,281.49,Emergency,Economy,0,Desk,Aisle,61,0
P4124,F73,425.38,Family,Economy,1,Mobile App,Window,56,0
P4125,F1049,219.73,Business,Premium Economy,0,Mobile App,Middle,33,0
P4126,F791,253.7,Family,First,1,Desk,Window,18,0
P4127,F686,296.27,Emergency,Economy,2,Airport Kiosk,Window,101,0
P4128,F295,52.14,Emergency,Economy,1,Mobile App,Aisle,36,0
P4129,F1858,212.12,Emergency,Economy,0,Desk,Middle,44,0
P4130,F1580,437.87,Business,Premium Economy,2,Online,Middle,90,0
P4131,F515,556.06,Leisure,Premium Economy,1,Online,Window,83,0
P4132,F729,423.17,Leisure,Business,3,Online,Window,113,1
P4133,F381,215.32,Leisure,Premium Economy,0,Desk,Aisle,108,0
P4134,F1819,190.72,Emergency,Economy,1,Airport Kiosk,Middle,109,0
P4135,F1467,588.77,Leisure,Economy,1,Airport Kiosk,Window,109,0
P4136,F709,284.2,Emergency,Economy,0,Desk,Middle,20,0
P4137,F1670,393.26,Leisure,Business,1,Airport Kiosk,Aisle,18,0
P4138,F1586,246.69,Family,Premium Economy,0,Desk,Window,17,0
P4139,F1698,200.62,Family,Economy,1,Airport Kiosk,Aisle,57,0
P4140,F504,367.05,Business,Economy,0,Airport Kiosk,Middle,35,0
P4141,F632,278.51,Business,First,0,Airport Kiosk,Window,14,0
P4142,F1390,329.25,Emergency,Economy,0,Mobile App,Aisle,26,0
P4143,F1854,385.46,Leisure,First,1,Airport Kiosk,Middle,90,0
P4144,F1360,470.01,Family,Economy,2,Online,Middle,18,0
P4145,F156,221.05,Family,Economy,0,Online,Middle,71,0
P4146,F512,218.37,Family,Business,1,Mobile App,Aisle,17,0
P4147,F1316,466.34,Business,Business,1,Desk,Middle,72,0
P4148,F983,303.07,Business,Economy,0,Online,Aisle,26,1
P4149,F1432,266.54,Family,Economy,1,Desk,Window,35,0
P4150,F1166,345.47,Family,Premium Economy,0,Airport Kiosk,Middle,79,0
P4151,F700,355.31,Leisure,Premium Economy,3,Airport Kiosk,Aisle,14,0
P4152,F564,243.93,Family,Premium Economy,1,Desk,Aisle,118,0
P4153,F979,253.32,Business,Business,3,Mobile App,Middle,26,1
P4154,F500,186.84,Leisure,Premium Economy,2,Mobile App,Middle,87,0
P4155,F347,493.58,Business,Premium Economy,2,Mobile App,Window,45,0
P4156,F1324,311.2,Business,Economy,1,Mobile App,Window,94,0
P4157,F1152,341.1,Emergency,Premium Economy,2,Airport Kiosk,Middle,68,0
P4158,F1026,349.4,Leisure,Business,1,Desk,Window,111,0
P4159,F400,269.0,Leisure,Economy,0,Desk,Aisle,114,0
P4160,F238,438.78,Family,Economy,1,Desk,Middle,107,0
P4161,F965,290.03,Family,Economy,1,Online,Middle,1,0
P4162,F1943,244.19,Family,Premium Economy,0,Mobile App,Aisle,1,0
P4163,F1286,366.93,Leisure,Economy,0,Desk,Aisle,12,0
P4164,F1938,238.45,Leisure,Economy,0,Airport Kiosk,Aisle,64,0
P4165,F1820,204.11,Leisure,Economy,0,Desk,Aisle,93,0
P4166,F1598,535.47,Family,Economy,1,Desk,Window,60,0
P4167,F585,354.69,Family,Premium Economy,2,Mobile App,Aisle,113,0
P4168,F1031,150.23,Emergency,Economy,0,Online,Window,74,0
P4169,F594,397.55,Family,Premium Economy,0,Desk,Window,78,0
P4170,F50,375.0,Leisure,Premium Economy,1,Online,Middle,105,0
P4171,F1109,454.83,Leisure,Economy,2,Airport Kiosk,Aisle,85,0
P4172,F297,175.31,Business,Economy,1,Desk,Window,83,0
P4173,F1522,241.2,Leisure,Economy,0,Airport Kiosk,Window,87,0
P4174,F472,346.53,Emergency,Economy,2,Desk,Aisle,31,0
P4175,F710,361.95,Leisure,First,0,Airport Kiosk,Window,55,0
P4176,F1018,323.5,Leisure,Economy,1,Online,Window,90,0
P4177,F50,255.5,Family,Business,1,Mobile App,Aisle,74,0
P4178,F998,297.58,Family,Economy,1,Desk,Middle,12,0
P4179,F234,485.33,Leisure,Economy,2,Online,Aisle,88,0
P4180,F1527,453.19,Emergency,Business,0,Mobile App,Window,119,0
P4181,F1371,308.67,Family,Business,1,Online,Aisle,100,1
P4182,F1059,420.0,Business,Economy,0,Online,Aisle,43,0
P4183,F1286,167.62,Business,Economy,0,Online,Window,77,0
P4184,F111,212.81,Business,Economy,1,Desk,Window,65,1
P4185,F172,76.7,Leisure,Economy,2,Mobile App,Middle,57,0
P4186,F596,166.87,Family,Business,0,Online,Aisle,60,0
P4187,F1543,185.69,Family,Economy,0,Online,Window,97,0
P4188,F1051,420.41,Business,Economy,0,Online,Aisle,95,0
P4189,F1098,287.05,Business,Economy,1,Airport Kiosk,Middle,70,0
P4190,F661,376.6,Family,First,0,Airport Kiosk,Window,72,0
P4191,F1010,356.47,Business,Economy,1,Mobile App,Middle,96,0
P4192,F1044,339.77,Business,Economy,2,Airport Kiosk,Window,58,0
P4193,F1523,308.47,Family,Economy,1,Desk,Window,9,0
P4194,F546,329.31,Leisure,Economy,0,Airport Kiosk,Middle,34,0
P4195,F1981,367.31,Emergency,Economy,0,Mobile App,Window,55,0
P4196,F35,314.97,Leisure,Economy,0,Airport Kiosk,Middle,30,0
P4197,F1392,333.55,Emergency,Premium Economy,2,Desk,Window,21,0
P4198,F1323,374.74,Business,Business,0,Mobile App,Middle,95,0
P4199,F147,416.81,Family,Business,2,Airport Kiosk,Window,58,0
P4200,F495,309.94,Leisure,Economy,2,Airport Kiosk,Middle,1,0
P4201,F1593,441.63,Family,Business,0,Online,Middle,66,0
P4202,F260,232.65,Leisure,Business,1,Airport Kiosk,Middle,85,0
P4203,F597,341.81,Business,Premium Economy,0,Airport Kiosk,Window,74,0
P4204,F507,390.54,Business,Business,0,Online,Window,92,0
P4205,F1519,341.51,Emergency,Business,2,Desk,Window,92,0
P4206,F50,437.2,Family,Premium Economy,2,Desk,Middle,42,0
P4207,F1626,342.57,Leisure,Economy,2,Mobile App,Aisle,43,0
P4208,F1059,448.77,Leisure,Economy,0,Airport Kiosk,Aisle,8,0
P4209,F1580,403.55,Business,Economy,0,Airport Kiosk,Aisle,28,0
P4210,F1469,449.49,Business,Economy,1,Desk,Aisle,47,0
P4211,F337,304.19,Business,Economy,1,Desk,Window,99,0
P4212,F949,152.18,Leisure,Economy,1,Airport Kiosk,Window,77,0
P4213,F885,281.72,Business,Economy,1,Mobile App,Middle,62,0
P4214,F769,381.51,Leisure,Premium Economy,0,Airport Kiosk,Window,108,0
P4215,F700,208.57,Leisure,Economy,2,Airport Kiosk,Aisle,109,0
P4216,F1187,394.68,Business,Business,1,Desk,Window,85,0
P4217,F811,327.51,Family,Economy,0,Online,Aisle,46,0
P4218,F689,370.08,Business,Economy,2,Mobile App,Window,107,0
P4219,F265,199.6,Family,Economy,1,Online,Middle,36,0
P4220,F266,268.24,Family,Economy,0,Desk,Aisle,87,0
P4221,F671,226.78,Family,Business,0,Airport Kiosk,Middle,9,1
P4222,F1629,369.45,Business,Economy,1,Mobile App,Middle,36,0
P4223,F695,314.3,Emergency,Economy,1,Online,Window,51,0
P4224,F1038,439.26,Business,Economy,1,Airport Kiosk,Aisle,89,0
P4225,F879,240.55,Leisure,Economy,1,Online,Window,46,0
P4226,F1460,295.55,Family,Economy,3,Desk,Middle,11,0
P4227,F1732,439.56,Family,Premium Economy,0,Desk,Middle,80,0
P4228,F55,551.6,Emergency,Economy,1,Online,Aisle,81,0
P4229,F1527,437.78,Business,Economy,1,Online,Aisle,30,0
P4230,F1949,330.17,Business,Economy,2,Desk,Middle,48,0
P4231,F1784,242.33,Business,Economy,3,Online,Middle,109,0
P4232,F851,430.33,Leisure,Premium Economy,0,Online,Window,119,0
P4233,F1807,324.61,Leisure,Premium Economy,1,Desk,Aisle,111,0
P4234,F1105,417.73,Emergency,Economy,0,Mobile App,Aisle,89,0
P4235,F557,431.35,Leisure,Economy,0,Airport Kiosk,Window,91,0
P4236,F1248,437.18,Business,Premium Economy,1,Airport Kiosk,Window,56,0
P4237,F1456,585.42,Emergency,Premium Economy,0,Online,Aisle,37,0
P4238,F620,450.78,Family,Economy,2,Airport Kiosk,Aisle,118,0
P4239,F1945,326.84,Emergency,Premium Economy,3,Airport Kiosk,Aisle,29,0
P4240,F1620,320.36,Leisure,Economy,0,Mobile App,Aisle,113,0
P4241,F1104,191.11,Family,Economy,0,Online,Middle,24,0
P4242,F361,326.8,Emergency,Economy,0,Online,Aisle,75,0
P4243,F1856,377.69,Leisure,Economy,3,Desk,Middle,74,0
P4244,F720,535.31,Business,Economy,1,Mobile App,Window,33,0
P4245,F1266,287.21,Leisure,Business,1,Desk,Middle,96,0
P4246,F590,407.48,Leisure,Premium Economy,0,Desk,Window,54,0
P4247,F17,385.26,Family,Economy,1,Desk,Middle,41,0
P4248,F1810,287.98,Family,Premium Economy,3,Online,Aisle,65,0
P4249,F1193,437.44,Business,Economy,0,Desk,Aisle,102,0
P4250,F458,392.75,Emergency,Premium Economy,1,Online,Middle,34,0
P4251,F1155,393.05,Business,Premium Economy,2,Mobile App,Middle,80,0
P4252,F1058,344.06,Leisure,Premium Economy,1,Desk,Middle,78,0
P4253,F616,365.12,Family,Economy,0,Desk,Window,25,0
P4254,F1409,366.01,Emergency,Premium Economy,1,Online,Window,59,0
P4255,F829,244.74,Family,Premium Economy,0,Mobile App,Middle,97,1
P4256,F25,410.86,Leisure,Economy,0,Desk,Aisle,20,0
P4257,F1743,386.95,Leisure,Premium Economy,1,Online,Aisle,94,0
P4258,F238,358.93,Business,Economy,0,Desk,Window,8,0
P4259,F804,505.71,Emergency,Premium Economy,0,Online,Middle,7,0
P4260,F507,413.98,Business,Economy,2,Airport Kiosk,Middle,60,1
P4261,F721,388.16,Family,Business,0,Desk,Window,32,0
P4262,F1101,830.44,Business,Economy,1,Desk,Aisle,10,0
P4263,F1650,507.04,Family,Premium Economy,0,Mobile App,Window,65,1
P4264,F1911,405.94,Business,Economy,0,Airport Kiosk,Window,31,0
P4265,F1920,331.48,Family,Economy,1,Desk,Middle,92,0
P4266,F1286,384.74,Emergency,Economy,1,Desk,Window,73,0
P4267,F1285,237.39,Business,Premium Economy,0,Online,Middle,116,0
P4268,F576,321.2,Business,Economy,1,Online,Aisle,101,0
P4269,F1158,393.43,Business,Business,2,Online,Aisle,114,0
P4270,F654,458.98,Leisure,Economy,0,Desk,Middle,60,0
P4271,F1818,262.69,Family,Business,0,Desk,Middle,109,0
P4272,F1199,360.88,Family,Business,0,Desk,Aisle,35,0
P4273,F1645,203.41,Emergency,Economy,1,Desk,Window,97,0
P4274,F1445,426.94,Family,Economy,3,Mobile App,Aisle,1,1
P4275,F1462,357.12,Family,Economy,1,Desk,Window,117,0
P4276,F518,417.88,Family,Economy,1,Desk,Middle,9,0
P4277,F640,328.02,Leisure,Economy,1,Airport Kiosk,Middle,109,0
P4278,F260,340.61,Emergency,Economy,0,Desk,Middle,107,0
P4279,F824,286.42,Family,Economy,0,Mobile App,Middle,83,0
P4280,F834,331.38,Business,Economy,0,Airport Kiosk,Middle,89,0
P4281,F58,257.83,Family,Economy,1,Airport Kiosk,Aisle,108,0
P4282,F1807,422.02,Leisure,Economy,0,Online,Window,15,0
P4283,F838,312.59,Family,First,1,Desk,Window,47,0
P4284,F441,385.71,Family,Economy,1,Desk,Window,36,0
P4285,F1451,375.34,Business,Premium Economy,0,Desk,Aisle,9,0
P4286,F1001,351.55,Leisure,Economy,0,Desk,Middle,40,0
P4287,F1113,340.58,Emergency,Economy,0,Online,Middle,87,0
P4288,F296,557.71,Emergency,Economy,1,Online,Window,32,0
P4289,F1397,422.91,Leisure,Premium Economy,0,Desk,Window,75,0
P4290,F1422,306.27,Leisure,Business,0,Airport Kiosk,Aisle,68,0
P4291,F399,355.16,Emergency,Economy,5,Airport Kiosk,Aisle,75,0
P4292,F996,411.66,Business,Business,0,Airport Kiosk,Middle,101,0
P4293,F1880,224.95,Emergency,Economy,2,Airport Kiosk,Aisle,67,1
P4294,F1087,272.38,Business,Business,0,Mobile App,Aisle,70,0
P4295,F1755,417.01,Family,Economy,0,Mobile App,Aisle,69,0
P4296,F1350,229.54,Emergency,Economy,0,Desk,Window,56,0
P4297,F189,391.96,Leisure,Economy,1,Airport Kiosk,Aisle,53,0
P4298,F1683,421.58,Family,Economy,1,Airport Kiosk,Middle,92,0
P4299,F1267,353.92,Leisure,Economy,0,Online,Aisle,12,0
P4300,F1336,375.46,Leisure,Business,0,Mobile App,Middle,79,0
P4301,F564,556.0,Business,Economy,0,Airport Kiosk,Window,69,0
P4302,F869,323.41,Family,Business,1,Mobile App,Window,80,0
P4303,F354,429.21,Leisure,Economy,0,Mobile App,Aisle,14,1
P4304,F1951,300.47,Leisure,Economy,3,Mobile App,Window,56,0
P4305,F983,514.18,Leisure,Economy,2,Desk,Aisle,30,0
P4306,F1358,391.51,Emergency,Economy,2,Mobile App,Window,61,1
P4307,F38,393.87,Leisure,Economy,0,Desk,Aisle,10,0
P4308,F211,286.98,Family,Economy,2,Desk,Aisle,36,0
P4309,F1122,287.23,Business,First,2,Online,Middle,50,0
P4310,F1804,392.55,Emergency,Economy,1,Airport Kiosk,Aisle,96,0
P4311,F123,162.45,Family,Economy,1,Desk,Window,14,0
P4312,F389,321.34,Family,Premium Economy,1,Mobile App,Window,98,0
P4313,F194,253.9,Family,Premium Economy,2,Online,Aisle,71,0
P4314,F1363,368.48,Family,Business,1,Airport Kiosk,Aisle,51,0
P4315,F1552,341.87,Family,Premium Economy,2,Online,Window,75,0
P4316,F201,195.81,Leisure,Premium Economy,5,Mobile App,Window,0,0
P4317,F788,439.52,Business,Economy,3,Desk,Window,91,0
P4318,F116,520.8,Emergency,Business,2,Airport Kiosk,Window,70,0
P4319,F1018,306.81,Leisure,Premium Economy,0,Online,Middle,26,0
P4320,F982,498.67,Emergency,Business,3,Mobile App,Aisle,102,0
P4321,F1459,357.83,Leisure,Premium Economy,0,Online,Aisle,32,0
P4322,F651,393.45,Business,Premium Economy,2,Airport Kiosk,Window,42,0
P4323,F761,299.7,Family,Economy,2,Airport Kiosk,Middle,30,0
P4324,F294,176.61,Business,Economy,1,Mobile App,Middle,114,0
P4325,F266,380.65,Business,Economy,1,Airport Kiosk,Aisle,84,0
P4326,F528,380.45,Family,Economy,2,Mobile App,Window,37,0
P4327,F313,419.87,Business,Economy,4,Desk,Middle,2,0
P4328,F592,382.68,Leisure,Premium Economy,0,Mobile App,Aisle,106,0
P4329,F211,354.66,Family,Economy,1,Airport Kiosk,Window,77,0
P4330,F991,199.41,Emergency,Business,1,Airport Kiosk,Window,4,0
P4331,F1946,148.86,Emergency,Business,3,Online,Window,113,0
P4332,F126,501.54,Business,Economy,2,Mobile App,Window,23,0
P4333,F1920,498.48,Family,Economy,1,Airport Kiosk,Middle,73,0
P4334,F232,523.33,Emergency,Business,0,Airport Kiosk,Aisle,37,0
P4335,F816,212.51,Emergency,Economy,1,Online,Window,8,0
P4336,F1563,284.25,Business,Economy,0,Desk,Middle,46,0
P4337,F1438,405.55,Business,Premium Economy,1,Desk,Middle,95,0
P4338,F1390,357.69,Leisure,Premium Economy,4,Online,Window,68,0
P4339,F870,272.41,Family,Economy,0,Mobile App,Middle,21,0
P4340,F1545,419.88,Business,Economy,0,Airport Kiosk,Window,6,0
P4341,F850,324.49,Business,Economy,1,Desk,Aisle,81,0
P4342,F1493,278.21,Business,Economy,1,Airport Kiosk,Window,7,0
P4343,F914,370.43,Emergency,Economy,2,Airport Kiosk,Middle,73,0
P4344,F1099,348.28,Leisure,Economy,1,Online,Middle,79,0
P4345,F146,184.23,Business,Economy,1,Airport Kiosk,Middle,10,0
P4346,F563,412.61,Family,Economy,0,Airport Kiosk,Aisle,110,0
P4347,F796,234.31,Leisure,Economy,1,Desk,Window,61,0
P4348,F1584,296.74,Family,Premium Economy,1,Mobile App,Middle,82,0
P4349,F1808,333.81,Family,Economy,1,Airport Kiosk,Aisle,35,0
P4350,F955,398.86,Business,Business,2,Airport Kiosk,Aisle,38,0
P4351,F133,358.64,Leisure,Premium Economy,0,Online,Window,111,0
P4352,F1629,314.83,Leisure,Economy,1,Airport Kiosk,Window,107,0
P4353,F1791,578.58,Emergency,Economy,1,Airport Kiosk,Middle,8,0
P4354,F1611,416.82,Business,Economy,1,Online,Aisle,103,0
P4355,F1111,550.62,Leisure,Economy,0,Online,Middle,90,0
P4356,F1320,262.25,Leisure,Economy,0,Mobile App,Middle,118,0
P4357,F252,485.82,Emergency,Economy,0,Desk,Middle,37,0
P4358,F1297,232.09,Business,Economy,1,Airport Kiosk,Middle,35,0
P4359,F1769,230.15,Business,Economy,2,Desk,Window,116,0
P4360,F1854,434.0,Emergency,Premium Economy,0,Mobile App,Middle,37,0
P4361,F865,263.03,Business,Economy,1,Online,Aisle,113,0
P4362,F1542,510.35,Leisure,Economy,0,Airport Kiosk,Middle,84,0
P4363,F1971,360.29,Business,Economy,0,Online,Middle,112,0
P4364,F288,227.98,Business,Business,2,Mobile App,Window,47,0
P4365,F835,204.45,Business,Premium Economy,3,Airport Kiosk,Middle,77,0
P4366,F1867,450.45,Leisure,Economy,2,Mobile App,Aisle,42,1
P4367,F677,174.1,Family,Economy,1,Online,Window,82,0
P4368,F167,526.38,Emergency,Economy,0,Online,Window,85,0
P4369,F1094,266.21,Business,Premium Economy,1,Online,Aisle,85,0
P4370,F779,314.74,Leisure,Economy,3,Desk,Aisle,35,0
P4371,F683,415.42,Leisure,Economy,2,Airport Kiosk,Aisle,9,0
P4372,F1297,426.2,Leisure,Economy,1,Airport Kiosk,Aisle,108,0
P4373,F1459,285.69,Family,First,5,Airport Kiosk,Middle,26,0
P4374,F1789,247.62,Emergency,Economy,1,Mobile App,Window,34,0
P4375,F1972,384.63,Family,Economy,1,Online,Window,19,1
P4376,F75,342.48,Business,Economy,2,Mobile App,Middle,41,0
P4377,F1271,190.1,Family,Business,2,Desk,Aisle,40,0
P4378,F1808,346.23,Business,Economy,1,Online,Window,76,0
P4379,F378,322.78,Family,Economy,0,Online,Window,45,0
P4380,F651,188.79,Emergency,Economy,0,Mobile App,Aisle,84,0
P4381,F1450,393.27,Emergency,Business,0,Desk,Window,14,0
P4382,F1890,294.62,Leisure,Business,0,Desk,Window,30,0
P4383,F739,276.58,Emergency,Premium Economy,3,Desk,Window,15,0
P4384,F1050,294.51,Business,Economy,3,Airport Kiosk,Middle,117,0
P4385,F867,451.2,Family,Economy,2,Airport Kiosk,Middle,78,0
P4386,F612,513.98,Leisure,Premium Economy,1,Airport Kiosk,Middle,95,0
P4387,F307,255.2,Leisure,Premium Economy,4,Mobile App,Aisle,111,0
P4388,F101,442.28,Emergency,Economy,2,Online,Window,21,0
P4389,F441,474.36,Family,Economy,2,Online,Window,59,0
P4390,F951,518.16,Leisure,Economy,1,Online,Aisle,83,0
P4391,F959,369.13,Business,Economy,0,Online,Window,85,0
P4392,F1336,364.14,Family,Economy,2,Mobile App,Window,45,0
P4393,F422,262.91,Business,Economy,1,Online,Middle,38,0
P4394,F376,499.83,Family,First,2,Airport Kiosk,Window,107,0
P4395,F1847,386.42,Leisure,Economy,1,Online,Middle,118,0
P4396,F874,168.43,Business,Economy,1,Online,Middle,115,0
P4397,F1745,299.84,Leisure,Economy,1,Airport Kiosk,Window,114,0
P4398,F1841,370.1,Leisure,Economy,2,Mobile App,Aisle,72,0
P4399,F1130,77.16,Emergency,Economy,0,Airport Kiosk,Middle,105,0
P4400,F1024,279.26,Leisure,Economy,3,Online,Aisle,78,0
P4401,F1273,188.48,Business,Economy,0,Desk,Middle,29,0
P4402,F335,380.53,Emergency,Economy,0,Desk,Middle,98,0
P4403,F734,296.4,Business,Premium Economy,2,Desk,Middle,89,0
P4404,F161,272.78,Leisure,Economy,1,Airport Kiosk,Aisle,46,0
P4405,F419,244.78,Business,Economy,1,Mobile App,Middle,101,0
P4406,F1715,351.95,Family,Economy,3,Desk,Window,78,0
P4407,F561,448.42,Business,Economy,1,Airport Kiosk,Window,106,0
P4408,F275,464.36,Leisure,Economy,0,Desk,Window,72,0
P4409,F1118,291.98,Emergency,Economy,0,Airport Kiosk,Middle,100,0
P4410,F521,357.9,Business,Premium Economy,1,Mobile App,Window,60,0
P4411,F1360,291.18,Emergency,Economy,0,Online,Window,59,0
P4412,F1038,476.11,Emergency,Economy,1,Mobile App,Window,22,0
P4413,F1793,195.75,Business,Premium Economy,1,Mobile App,Window,17,0
P4414,F488,325.52,Business,Business,1,Mobile App,Window,6,0
P4415,F1107,245.67,Emergency,Economy,0,Online,Middle,17,1
P4416,F276,325.05,Business,Economy,3,Online,Window,88,0
P4417,F394,240.28,Family,Economy,1,Airport Kiosk,Aisle,7,0
P4418,F310,250.8,Emergency,Premium Economy,0,Online,Window,74,1
P4419,F259,362.58,Leisure,Economy,4,Desk,Window,53,0
P4420,F492,352.9,Emergency,Business,0,Airport Kiosk,Aisle,49,0
P4421,F414,457.63,Leisure,Economy,1,Airport Kiosk,Aisle,81,0
P4422,F233,126.56,Emergency,Economy,0,Airport Kiosk,Window,32,0
P4423,F1941,233.82,Emergency,Economy,0,Desk,Window,72,0
P4424,F1353,224.47,Leisure,Economy,2,Online,Middle,116,0
P4425,F1371,218.09,Family,First,1,Airport Kiosk,Middle,2,0
P4426,F1891,298.91,Family,Economy,1,Airport Kiosk,Window,88,0
P4427,F1623,316.04,Family,First,1,Online,Window,105,0
P4428,F489,383.99,Leisure,Economy,0,Mobile App,Aisle,12,0
P4429,F776,300.42,Leisure,Premium Economy,1,Airport Kiosk,Middle,13,0
P4430,F250,267.78,Family,Business,0,Airport Kiosk,Aisle,23,0
P4431,F1089,431.07,Business,Business,3,Desk,Aisle,56,0
P4432,F1348,284.41,Business,Economy,0,Online,Middle,12,0
P4433,F1031,327.62,Family,Economy,1,Airport Kiosk,Window,4,0
P4434,F1314,392.05,Leisure,Economy,2,Airport Kiosk,Aisle,52,0
P4435,F1044,222.78,Emergency,First,0,Airport Kiosk,Window,63,0
P4436,F202,335.34,Family,Business,1,Desk,Middle,62,0
P4437,F217,442.16,Emergency,Economy,1,Online,Aisle,25,0
P4438,F138,568.16,Family,Business,1,Mobile App,Window,10,0
P4439,F687,141.89,Family,Economy,2,Mobile App,Middle,66,0
P4440,F941,299.32,Business,Economy,0,Desk,Window,68,0
P4441,F825,462.7,Emergency,Economy,1,Desk,Middle,117,0
P4442,F119,344.32,Emergency,Economy,1,Mobile App,Aisle,11,0
P4443,F756,375.07,Leisure,Business,1,Desk,Aisle,102,0
P4444,F1630,174.15,Emergency,Business,1,Online,Window,102,0
P4445,F1017,305.47,Business,Economy,1,Mobile App,Middle,114,0
P4446,F1941,404.63,Business,Economy,1,Desk,Window,106,0
P4447,F1488,252.52,Family,Premium Economy,1,Mobile App,Aisle,74,1
P4448,F1233,391.84,Business,Premium Economy,0,Mobile App,Middle,98,0
P4449,F1628,423.25,Family,Economy,3,Desk,Window,78,0
P4450,F1943,278.91,Business,Economy,0,Desk,Middle,17,0
P4451,F1814,285.61,Family,Economy,0,Mobile App,Window,96,0
P4452,F116,327.73,Family,Premium Economy,1,Desk,Window,103,0
P4453,F1306,387.79,Emergency,First,2,Online,Aisle,99,0
P4454,F832,308.71,Emergency,Economy,0,Mobile App,Window,19,0
P4455,F885,194.66,Emergency,Premium Economy,3,Online,Window,86,0
P4456,F985,332.58,Leisure,Economy,2,Airport Kiosk,Window,119,0
P4457,F876,378.16,Emergency,Economy,1,Online,Aisle,94,0
P4458,F1719,209.08,Emergency,Economy,1,Desk,Middle,110,0
P4459,F260,439.12,Family,Economy,2,Desk,Aisle,32,0
P4460,F736,310.85,Business,Economy,0,Mobile App,Window,110,0
P4461,F1389,358.24,Business,Economy,0,Desk,Window,97,0
P4462,F640,338.89,Family,Economy,1,Mobile App,Window,62,0
P4463,F1295,335.17,Family,Economy,2,Airport Kiosk,Middle,92,0
P4464,F756,183.08,Emergency,Economy,0,Mobile App,Aisle,19,0
P4465,F1578,338.3,Leisure,Economy,2,Desk,Aisle,96,0
P4466,F597,245.73,Business,Economy,1,Online,Window,88,0
P4467,F1388,400.03,Leisure,Premium Economy,1,Desk,Middle,114,0
P4468,F1406,154.74,Leisure,Economy,1,Mobile App,Window,14,0
P4469,F1569,280.67,Emergency,Economy,1,Airport Kiosk,Window,33,0
P4470,F106,389.98,Family,Economy,1,Desk,Middle,102,0
P4471,F1142,423.31,Business,Economy,0,Mobile App,Window,61,0
P4472,F803,357.77,Business,Economy,0,Online,Aisle,92,0
P4473,F1729,490.66,Emergency,Premium Economy,1,Airport Kiosk,Aisle,37,0
P4474,F1972,397.91,Business,Economy,1,Online,Window,85,0
P4475,F1858,530.48,Leisure,Economy,2,Desk,Middle,61,0
P4476,F1790,397.58,Business,Premium Economy,3,Mobile App,Window,28,0
P4477,F174,442.92,Emergency,First,0,Mobile App,Window,1,0
P4478,F437,479.02,Business,Economy,0,Online,Window,118,0
P4479,F170,218.47,Leisure,Premium Economy,1,Mobile App,Window,82,0
P4480,F1501,384.51,Business,Economy,2,Mobile App,Middle,34,0
P4481,F568,318.81,Business,Premium Economy,0,Mobile App,Window,95,0
P4482,F1053,353.83,Business,First,1,Desk,Middle,108,0
P4483,F981,434.12,Business,Economy,1,Airport Kiosk,Window,80,0
P4484,F1028,257.1,Business,Premium Economy,0,Airport Kiosk,Aisle,75,0
P4485,F44,396.68,Leisure,Business,0,Mobile App,Window,0,0
P4486,F556,356.58,Leisure,Economy,0,Airport Kiosk,Aisle,52,0
P4487,F159,462.0,Emergency,Economy,2,Airport Kiosk,Window,115,0
P4488,F355,263.99,Business,Business,0,Online,Window,56,0
P4489,F78,388.9,Family,Business,2,Mobile App,Window,6,0
P4490,F165,300.44,Leisure,Economy,1,Mobile App,Window,119,0
P4491,F1559,301.02,Leisure,Premium Economy,0,Online,Aisle,77,0
P4492,F648,366.95,Leisure,Economy,0,Online,Window,7,0
P4493,F1249,343.05,Business,Premium Economy,0,Mobile App,Window,96,0
P4494,F661,479.75,Family,Economy,1,Mobile App,Aisle,17,0
P4495,F803,330.81,Business,Premium Economy,1,Airport Kiosk,Middle,32,0
P4496,F861,370.5,Business,Economy,1,Online,Middle,42,0
P4497,F179,387.97,Emergency,Economy,0,Airport Kiosk,Middle,88,0
P4498,F228,479.58,Business,Premium Economy,0,Mobile App,Aisle,47,0
P4499,F928,287.97,Family,Economy,2,Airport Kiosk,Aisle,57,0
P4500,F616,247.73,Family,Business,1,Desk,Aisle,35,0
P4501,F1759,442.91,Business,Premium Economy,1,Online,Aisle,12,0
P4502,F1413,89.26,Emergency,Economy,2,Desk,Aisle,4,1
P4503,F1168,319.29,Emergency,Business,1,Desk,Window,65,0
P4504,F585,345.86,Business,Economy,0,Online,Window,96,0
P4505,F1504,290.6,Family,Economy,0,Mobile App,Aisle,70,0
P4506,F873,450.69,Leisure,Economy,2,Airport Kiosk,Aisle,88,0
P4507,F1613,184.98,Emergency,Economy,0,Online,Window,77,0
P4508,F285,268.27,Family,Economy,0,Online,Middle,95,0
P4509,F1155,302.97,Emergency,Economy,0,Online,Window,8,0
P4510,F1693,311.17,Business,Premium Economy,1,Airport Kiosk,Aisle,1,0
P4511,F1668,312.39,Business,Premium Economy,0,Airport Kiosk,Middle,58,0
P4512,F676,430.28,Family,Economy,0,Mobile App,Middle,46,0
P4513,F1945,210.7,Family,Premium Economy,2,Online,Middle,34,0
P4514,F428,218.86,Family,Premium Economy,1,Desk,Window,0,0
P4515,F196,213.92,Emergency,Economy,1,Desk,Window,110,0
P4516,F1333,354.98,Leisure,Business,2,Online,Middle,62,0
P4517,F1165,304.67,Family,Economy,3,Desk,Aisle,112,0
P4518,F1093,353.87,Leisure,Business,1,Desk,Window,50,0
P4519,F1398,192.97,Emergency,Premium Economy,2,Online,Window,8,0
P4520,F1778,306.06,Emergency,First,2,Desk,Middle,72,0
P4521,F1474,509.97,Leisure,Economy,0,Desk,Middle,77,0
P4522,F1418,520.9,Leisure,Economy,2,Desk,Middle,68,0
P4523,F1110,475.08,Family,Premium Economy,1,Mobile App,Middle,1,0
P4524,F1134,427.05,Emergency,Economy,1,Mobile App,Aisle,66,0
P4525,F1948,131.36,Business,Economy,1,Online,Aisle,45,0
P4526,F1737,286.17,Leisure,Premium Economy,0,Desk,Window,101,0
P4527,F941,488.01,Leisure,Premium Economy,1,Desk,Aisle,87,0
P4528,F372,275.76,Business,Economy,1,Online,Window,17,0
P4529,F558,408.82,Leisure,First,0,Airport Kiosk,Aisle,22,0
P4530,F1410,336.24,Leisure,Business,1,Online,Aisle,82,0
P4531,F945,465.96,Emergency,Economy,0,Airport Kiosk,Window,93,0
P4532,F1575,471.59,Business,First,2,Mobile App,Aisle,40,0
P4533,F1008,310.16,Leisure,Premium Economy,1,Desk,Middle,91,0
P4534,F1765,380.94,Leisure,Economy,0,Online,Middle,110,0
P4535,F1535,396.06,Leisure,Business,0,Mobile App,Middle,22,0
P4536,F1006,352.71,Leisure,Business,0,Desk,Aisle,85,0
P4537,F1078,550.38,Emergency,Economy,1,Desk,Window,92,0
P4538,F756,356.67,Business,Economy,1,Airport Kiosk,Window,48,0
P4539,F1264,302.8,Business,Premium Economy,0,Desk,Window,37,1
P4540,F79,352.75,Emergency,Economy,2,Mobile App,Window,91,1
P4541,F750,437.08,Business,Business,3,Mobile App,Window,21,0
P4542,F1445,321.38,Leisure,Economy,1,Mobile App,Window,40,0
P4543,F261,229.21,Emergency,Economy,0,Desk,Aisle,69,0
P4544,F1029,366.02,Emergency,Economy,2,Online,Aisle,106,0
P4545,F133,285.75,Business,Economy,2,Desk,Middle,57,0
P4546,F1859,416.95,Emergency,Economy,3,Airport Kiosk,Aisle,96,0
P4547,F484,365.14,Emergency,Economy,1,Online,Aisle,86,1
P4548,F1187,306.66,Family,Premium Economy,0,Mobile App,Middle,34,1
P4549,F1359,514.39,Family,Economy,0,Airport Kiosk,Window,114,0
P4550,F1018,272.46,Leisure,Economy,0,Airport Kiosk,Middle,37,0
P4551,F1014,270.63,Emergency,Economy,3,Mobile App,Window,59,0
P4552,F1350,283.43,Leisure,Premium Economy,3,Desk,Aisle,97,0
P4553,F643,409.83,Family,Economy,0,Airport Kiosk,Middle,95,0
P4554,F372,258.72,Emergency,Economy,2,Desk,Window,101,0
P4555,F1657,323.97,Leisure,Economy,3,Airport Kiosk,Window,17,0
P4556,F1013,451.19,Emergency,Economy,1,Online,Window,27,0
P4557,F171,403.89,Family,Economy,0,Desk,Window,88,0
P4558,F237,302.05,Emergency,Economy,3,Mobile App,Aisle,91,0
P4559,F24,477.33,Business,Economy,0,Desk,Middle,53,0
P4560,F125,479.61,Emergency,Economy,3,Online,Aisle,67,0
P4561,F966,308.38,Leisure,Premium Economy,1,Online,Middle,49,0
P4562,F701,391.62,Business,Economy,1,Online,Middle,60,0
P4563,F387,352.84,Leisure,Economy,0,Mobile App,Middle,2,0
P4564,F1194,389.6,Leisure,Business,0,Desk,Middle,65,1
P4565,F888,297.81,Leisure,Economy,0,Desk,Window,65,0
P4566,F317,380.19,Leisure,Economy,1,Online,Middle,113,0
P4567,F1657,169.05,Leisure,Business,3,Mobile App,Aisle,5,0
P4568,F1229,344.29,Family,Premium Economy,3,Desk,Middle,19,0
P4569,F1294,385.42,Family,Economy,0,Airport Kiosk,Middle,99,0
P4570,F1561,323.37,Family,Premium Economy,0,Online,Aisle,105,0
P4571,F1914,305.62,Emergency,Economy,0,Airport Kiosk,Window,36,0
P4572,F777,326.42,Leisure,Business,0,Online,Aisle,114,0
P4573,F1863,301.88,Family,Economy,0,Desk,Aisle,62,0
P4574,F1575,83.3,Business,Economy,1,Mobile App,Middle,93,0
P4575,F1661,306.76,Emergency,Economy,0,Airport Kiosk,Middle,12,0
P4576,F1683,358.65,Family,Economy,0,Online,Window,72,0
P4577,F320,482.18,Emergency,Economy,0,Online,Middle,47,0
P4578,F1273,453.7,Family,Economy,2,Desk,Aisle,77,0
P4579,F931,339.46,Family,Business,0,Airport Kiosk,Middle,15,1
P4580,F790,226.6,Family,Economy,0,Online,Aisle,75,0
P4581,F556,204.65,Emergency,Premium Economy,1,Desk,Window,79,0
P4582,F1734,280.02,Business,Economy,2,Airport Kiosk,Window,11,0
P4583,F749,303.1,Business,Premium Economy,0,Online,Aisle,59,0
P4584,F1466,398.21,Business,Economy,3,Mobile App,Middle,27,0
P4585,F1773,393.13,Leisure,Business,1,Desk,Middle,108,0
P4586,F1939,220.99,Business,Economy,0,Airport Kiosk,Window,63,0
P4587,F1977,407.6,Business,Economy,0,Mobile App,Window,27,0
P4588,F762,306.21,Family,Economy,0,Airport Kiosk,Aisle,79,0
P4589,F979,320.48,Emergency,Economy,0,Online,Middle,52,0
P4590,F568,315.77,Emergency,Economy,0,Mobile App,Window,26,0
P4591,F91,556.71,Business,Premium Economy,0,Desk,Window,85,0
P4592,F1277,241.22,Family,Premium Economy,0,Airport Kiosk,Window,75,0
P4593,F918,382.66,Leisure,Economy,2,Mobile App,Middle,2,0
P4594,F1831,408.7,Business,Economy,1,Airport Kiosk,Window,29,0
P4595,F1225,322.61,Emergency,Economy,1,Mobile App,Middle,46,0
P4596,F527,278.04,Family,Economy,0,Mobile App,Window,94,0
P4597,F1027,360.38,Family,Economy,0,Online,Aisle,43,0
P4598,F633,367.55,Emergency,Economy,0,Online,Middle,35,0
P4599,F936,333.9,Emergency,First,0,Desk,Middle,94,0
P4600,F654,384.68,Business,Premium Economy,2,Mobile App,Middle,11,0
P4601,F99,459.69,Leisure,Economy,0,Desk,Window,36,0
P4602,F1224,274.72,Business,Business,1,Online,Middle,66,0
P4603,F1790,277.08,Emergency,Economy,2,Desk,Middle,110,0
P4604,F677,205.56,Family,Premium Economy,0,Airport Kiosk,Aisle,71,0
P4605,F705,570.61,Family,Premium Economy,2,Desk,Middle,98,0
P4606,F872,297.22,Family,Economy,0,Mobile App,Aisle,65,0
P4607,F1544,343.81,Business,Business,2,Airport Kiosk,Window,22,0
P4608,F509,352.55,Leisure,Economy,1,Mobile App,Middle,29,0
P4609,F340,306.24,Business,Economy,4,Mobile App,Middle,90,0
P4610,F1127,218.96,Business,Premium Economy,0,Online,Middle,109,0
P4611,F431,263.95,Business,First,1,Online,Middle,62,0
P4612,F1186,431.46,Emergency,Premium Economy,1,Desk,Window,48,0
P4613,F1496,286.73,Family,Economy,1,Mobile App,Window,19,0
P4614,F730,397.3,Emergency,Economy,2,Mobile App,Window,31,0
P4615,F1386,325.99,Leisure,Economy,2,Mobile App,Window,78,0
P4616,F1523,252.35,Leisure,Economy,1,Online,Aisle,105,0
P4617,F1017,310.74,Business,Business,2,Online,Aisle,73,0
P4618,F790,518.6,Business,Economy,0,Mobile App,Window,37,0
P4619,F987,306.82,Emergency,Economy,1,Airport Kiosk,Middle,35,0
P4620,F609,468.37,Business,Business,0,Desk,Aisle,95,0
P4621,F638,396.53,Leisure,Economy,0,Desk,Aisle,113,0
P4622,F1618,302.74,Emergency,First,0,Desk,Middle,55,0
P4623,F1437,508.42,Emergency,Economy,0,Mobile App,Window,62,0
P4624,F803,286.17,Family,Economy,1,Online,Window,62,0
P4625,F1685,405.11,Emergency,Business,1,Online,Middle,4,0
P4626,F1806,242.53,Family,Economy,2,Airport Kiosk,Aisle,14,0
P4627,F1426,178.52,Leisure,Premium Economy,1,Airport Kiosk,Window,54,0
P4628,F911,478.02,Leisure,Economy,0,Desk,Aisle,113,0
P4629,F221,260.9,Emergency,Economy,1,Desk,Middle,90,0
P4630,F990,373.12,Family,Economy,0,Airport Kiosk,Middle,62,0
P4631,F259,359.28,Family,First,1,Desk,Middle,87,0
P4632,F1085,274.81,Family,Business,0,Desk,Aisle,110,0
P4633,F723,365.18,Emergency,Business,1,Desk,Middle,57,0
P4634,F305,368.85,Emergency,Premium Economy,0,Airport Kiosk,Window,22,0
P4635,F1680,363.54,Business,Premium Economy,1,Airport Kiosk,Window,58,0
P4636,F1711,368.23,Emergency,Business,0,Airport Kiosk,Window,32,0
P4637,F1901,278.35,Leisure,Premium Economy,0,Mobile App,Window,89,0
P4638,F290,332.29,Business,Economy,1,Desk,Middle,107,0
P4639,F1782,324.13,Leisure,Economy,2,Desk,Window,53,0
P4640,F1891,337.45,Business,Economy,5,Airport Kiosk,Aisle,40,0
P4641,F648,207.83,Family,Economy,0,Desk,Window,32,0
P4642,F1596,233.66,Leisure,First,2,Online,Aisle,86,0
P4643,F1442,291.15,Leisure,Economy,0,Mobile App,Middle,118,0
P4644,F1232,394.8,Emergency,Economy,0,Mobile App,Aisle,42,0
P4645,F1050,368.69,Business,Business,0,Mobile App,Aisle,43,0
P4646,F1070,433.31,Business,Economy,1,Desk,Middle,73,0
P4647,F441,333.13,Family,Economy,1,Online,Window,7,0
P4648,F356,359.83,Emergency,Business,0,Online,Middle,116,0
P4649,F1784,196.42,Business,Economy,1,Desk,Window,96,0
P4650,F1707,370.63,Business,Economy,2,Desk,Aisle,1,1
P4651,F1583,346.24,Family,Premium Economy,1,Desk,Aisle,14,0
P4652,F1853,382.65,Family,Business,1,Desk,Window,36,0
P4653,F532,169.2,Leisure,Economy,2,Mobile App,Aisle,26,0
P4654,F1620,266.16,Family,Economy,0,Mobile App,Window,54,0
P4655,F1854,283.26,Emergency,Economy,0,Desk,Aisle,4,0
P4656,F224,319.96,Emergency,Economy,0,Airport Kiosk,Aisle,55,0
P4657,F1308,205.11,Emergency,First,2,Online,Aisle,12,0
P4658,F1561,423.94,Family,Economy,2,Mobile App,Window,17,0
P4659,F1092,457.61,Family,Premium Economy,2,Online,Aisle,13,0
P4660,F1967,338.64,Leisure,Economy,0,Airport Kiosk,Aisle,101,0
P4661,F1374,348.75,Family,Business,0,Desk,Window,85,0
P4662,F1538,242.9,Emergency,Economy,0,Airport Kiosk,Aisle,73,0
P4663,F173,578.32,Leisure,Business,2,Mobile App,Aisle,0,0
P4664,F1264,308.79,Emergency,Economy,0,Desk,Window,41,0
P4665,F168,276.85,Business,Business,1,Online,Window,84,0
P4666,F357,270.83,Family,Business,0,Online,Window,14,0
P4667,F720,533.6,Leisure,Premium Economy,0,Airport Kiosk,Window,76,0
P4668,F1275,425.62,Family,Business,1,Desk,Middle,50,0
P4669,F1738,254.58,Leisure,Economy,1,Online,Window,5,0
P4670,F1019,430.29,Business,First,2,Online,Aisle,78,0
P4671,F1690,240.78,Business,Economy,0,Airport Kiosk,Middle,107,0
P4672,F67,264.45,Family,Business,0,Desk,Window,5,0
P4673,F1550,342.72,Emergency,Economy,0,Airport Kiosk,Window,61,0
P4674,F178,301.77,Emergency,Economy,1,Airport Kiosk,Window,96,0
P4675,F1246,171.63,Emergency,Premium Economy,2,Mobile App,Middle,54,0
P4676,F1925,337.56,Emergency,Premium Economy,2,Airport Kiosk,Window,91,0
P4677,F609,284.56,Family,Economy,1,Desk,Window,118,0
P4678,F1187,262.97,Leisure,Economy,2,Desk,Window,38,0
P4679,F1096,320.33,Business,Economy,1,Desk,Aisle,62,0
P4680,F212,234.13,Family,Economy,0,Online,Middle,116,0
P4681,F1996,325.0,Business,First,1,Airport Kiosk,Middle,14,0
P4682,F1346,408.67,Family,Premium Economy,1,Mobile App,Window,55,0
P4683,F150,312.22,Business,Economy,0,Airport Kiosk,Aisle,9,0
P4684,F655,391.96,Emergency,Economy,2,Desk,Window,47,0
P4685,F1003,342.68,Family,Premium Economy,1,Airport Kiosk,Middle,107,1
P4686,F1952,530.95,Emergency,Economy,0,Desk,Middle,38,0
P4687,F536,412.59,Emergency,Business,0,Airport Kiosk,Middle,85,0
P4688,F1833,274.02,Leisure,Premium Economy,2,Online,Middle,65,0
P4689,F1164,409.16,Business,Economy,1,Online,Window,41,0
P4690,F1056,461.8,Family,Economy,2,Desk,Window,86,0
P4691,F862,372.83,Business,Economy,1,Online,Aisle,19,0
P4692,F1470,430.35,Business,Economy,1,Online,Window,87,1
P4693,F922,302.13,Emergency,Business,1,Airport Kiosk,Window,10,0
P4694,F95,409.68,Emergency,Premium Economy,0,Airport Kiosk,Aisle,43,0
P4695,F500,274.08,Emergency,Premium Economy,1,Airport Kiosk,Aisle,10,0
P4696,F27,147.91,Business,Economy,1,Desk,Window,24,0
P4697,F1650,574.91,Business,Economy,1,Online,Aisle,3,1
P4698,F84,302.36,Leisure,Premium Economy,2,Online,Middle,60,0
P4699,F931,377.23,Family,Economy,3,Mobile App,Window,25,0
P4700,F21,278.7,Family,Premium Economy,0,Desk,Window,41,0
P4701,F990,390.85,Business,Economy,2,Mobile App,Aisle,25,1
P4702,F785,495.93,Emergency,Business,0,Online,Aisle,4,0
P4703,F1214,372.96,Emergency,Business,0,Airport Kiosk,Window,99,0
P4704,F1036,323.42,Business,Premium Economy,1,Desk,Aisle,65,0
P4705,F1050,368.15,Family,Economy,1,Airport Kiosk,Window,95,0
P4706,F1839,301.82,Family,Economy,0,Airport Kiosk,Middle,78,0
P4707,F493,446.97,Family,Economy,2,Airport Kiosk,Aisle,29,0
P4708,F526,257.37,Business,Economy,2,Airport Kiosk,Window,90,0
P4709,F1651,445.12,Family,Economy,0,Mobile App,Middle,87,0
P4710,F1759,268.77,Business,Economy,0,Airport Kiosk,Window,30,0
P4711,F824,404.68,Leisure,Economy,0,Mobile App,Aisle,17,0
P4712,F163,442.72,Leisure,Business,1,Desk,Window,112,0
P4713,F658,456.12,Emergency,Premium Economy,2,Mobile App,Aisle,31,1
P4714,F977,369.83,Leisure,Economy,1,Online,Aisle,17,0
P4715,F1479,407.53,Family,Economy,1,Online,Aisle,98,1
P4716,F414,524.34,Business,Business,0,Online,Middle,94,0
P4717,F855,327.11,Business,Premium Economy,4,Mobile App,Window,65,0
P4718,F284,345.68,Family,Economy,1,Online,Middle,90,0
P4719,F1680,398.44,Family,First,2,Airport Kiosk,Middle,17,0
P4720,F482,499.22,Family,Premium Economy,3,Airport Kiosk,Window,31,0
P4721,F1359,347.05,Business,Business,4,Mobile App,Window,36,0
P4722,F440,294.61,Business,Business,0,Online,Aisle,35,0
P4723,F1479,273.65,Family,Economy,1,Mobile App,Middle,83,0
P4724,F1543,384.67,Emergency,Premium Economy,1,Desk,Aisle,0,0
P4725,F702,381.54,Emergency,Economy,1,Desk,Aisle,8,0
P4726,F1655,227.84,Leisure,Economy,1,Online,Aisle,45,0
P4727,F1557,413.56,Emergency,Economy,0,Mobile App,Middle,54,0
P4728,F378,363.98,Family,Business,0,Mobile App,Aisle,117,0
P4729,F1744,499.98,Business,Economy,0,Mobile App,Aisle,112,0
P4730,F1605,265.69,Business,Economy,1,Desk,Middle,109,0
P4731,F248,383.68,Emergency,Economy,2,Mobile App,Aisle,118,0
P4732,F570,517.06,Leisure,Economy,1,Online,Window,41,0
P4733,F1187,335.64,Emergency,Economy,0,Mobile App,Middle,33,0
P4734,F830,440.68,Family,Premium Economy,0,Airport Kiosk,Window,36,0
P4735,F822,312.41,Leisure,Economy,0,Online,Middle,77,0
P4736,F1358,345.7,Business,Economy,1,Desk,Aisle,83,0
P4737,F385,570.62,Business,Premium Economy,1,Mobile App,Middle,118,0
P4738,F815,317.68,Business,Economy,1,Desk,Middle,32,0
P4739,F293,197.7,Business,First,3,Online,Aisle,21,0
P4740,F244,356.88,Family,Economy,0,Online,Middle,55,0
P4741,F539,398.72,Business,First,0,Desk,Window,48,0
P4742,F1314,420.5,Leisure,Economy,0,Airport Kiosk,Window,16,0
P4743,F1283,462.53,Emergency,Economy,4,Mobile App,Middle,95,0
P4744,F481,297.37,Family,Premium Economy,3,Online,Aisle,52,0
P4745,F996,285.57,Business,Economy,2,Desk,Window,32,0
P4746,F37,434.18,Family,Premium Economy,0,Airport Kiosk,Aisle,23,0
P4747,F1990,463.44,Family,Economy,0,Desk,Middle,83,0
P4748,F1547,290.61,Business,Premium Economy,2,Mobile App,Aisle,9,0
P4749,F983,251.61,Family,Economy,0,Airport Kiosk,Window,99,0
P4750,F117,390.89,Business,Economy,1,Desk,Aisle,80,0
P4751,F962,369.69,Business,Economy,1,Mobile App,Aisle,7,0
P4752,F1017,299.94,Business,Premium Economy,2,Desk,Aisle,56,0
P4753,F147,221.85,Family,Premium Economy,2,Online,Aisle,27,0
P4754,F1400,423.1,Business,Economy,0,Online,Middle,50,0
P4755,F1488,446.93,Business,Economy,1,Desk,Window,55,0
P4756,F1707,411.28,Family,Economy,3,Online,Aisle,31,0
P4757,F1991,375.19,Emergency,Business,0,Mobile App,Middle,93,0
P4758,F1133,420.31,Family,Economy,0,Airport Kiosk,Aisle,52,0
P4759,F754,444.02,Business,Economy,0,Mobile App,Aisle,42,0
P4760,F672,392.41,Leisure,Economy,1,Airport Kiosk,Aisle,104,0
P4761,F774,320.06,Family,Economy,1,Mobile App,Window,21,0
P4762,F1844,263.22,Leisure,Economy,3,Airport Kiosk,Aisle,38,0
P4763,F1339,407.09,Business,Economy,0,Airport Kiosk,Window,68,0
P4764,F493,327.53,Leisure,Economy,2,Mobile App,Window,9,0
P4765,F1998,286.11,Family,Premium Economy,1,Desk,Middle,80,0
P4766,F828,356.76,Emergency,Economy,1,Desk,Aisle,115,0
P4767,F1121,344.18,Leisure,Economy,0,Airport Kiosk,Aisle,9,0
P4768,F970,104.59,Emergency,Business,0,Desk,Aisle,27,0
P4769,F1042,388.25,Business,Economy,1,Mobile App,Window,37,0
P4770,F881,451.44,Family,First,2,Desk,Window,96,0
P4771,F701,373.83,Business,Economy,0,Desk,Middle,26,0
P4772,F1154,381.48,Family,Economy,0,Online,Middle,80,0
P4773,F1210,319.79,Family,Economy,0,Desk,Aisle,52,0
P4774,F1420,362.85,Family,Business,0,Desk,Window,71,0
P4775,F889,304.17,Business,Economy,1,Airport Kiosk,Middle,91,0
P4776,F1563,415.34,Leisure,Economy,0,Airport Kiosk,Middle,5,0
P4777,F906,493.16,Leisure,Business,1,Airport Kiosk,Aisle,78,0
P4778,F399,488.17,Leisure,Economy,1,Airport Kiosk,Aisle,58,0
P4779,F1386,336.96,Emergency,Economy,2,Desk,Middle,113,1
P4780,F1642,384.25,Emergency,Economy,0,Online,Middle,110,0
P4781,F816,365.55,Leisure,Premium Economy,2,Airport Kiosk,Window,83,0
P4782,F438,248.42,Business,Economy,2,Desk,Aisle,19,0
P4783,F1637,562.66,Leisure,Business,2,Desk,Window,22,0
P4784,F73,266.4,Leisure,First,2,Airport Kiosk,Window,39,0
P4785,F253,360.53,Emergency,Economy,0,Airport Kiosk,Window,63,0
P4786,F1094,249.78,Emergency,Premium Economy,1,Online,Window,95,0
P4787,F730,443.12,Family,Economy,4,Mobile App,Aisle,13,0
P4788,F595,405.95,Emergency,Economy,1,Online,Aisle,64,0
P4789,F1233,473.93,Family,Economy,1,Mobile App,Aisle,5,1
P4790,F1666,361.88,Emergency,Premium Economy,0,Mobile App,Aisle,93,0
P4791,F1374,327.34,Leisure,Premium Economy,1,Desk,Aisle,31,0
P4792,F177,310.0,Family,Premium Economy,5,Online,Aisle,77,0
P4793,F751,460.28,Family,Economy,1,Mobile App,Middle,84,0
P4794,F426,363.56,Business,Economy,2,Desk,Window,82,0
P4795,F1209,461.42,Leisure,Premium Economy,0,Airport Kiosk,Middle,51,0
P4796,F1302,477.04,Leisure,Economy,2,Airport Kiosk,Middle,51,0
P4797,F373,532.83,Leisure,Business,1,Online,Window,30,0
P4798,F1222,418.02,Emergency,Economy,2,Mobile App,Middle,115,0
P4799,F1228,266.89,Leisure,Economy,0,Online,Window,74,0
P4800,F1023,315.63,Business,Premium Economy,0,Online,Middle,50,0
P4801,F869,384.24,Business,Economy,2,Desk,Middle,25,0
P4802,F1082,369.45,Business,Economy,2,Desk,Middle,95,0
P4803,F1013,376.53,Leisure,Premium Economy,0,Airport Kiosk,Aisle,43,0
P4804,F1923,304.27,Leisure,Economy,1,Desk,Window,91,0
P4805,F1000,334.02,Business,First,1,Airport Kiosk,Window,37,0
P4806,F722,467.42,Business,Business,0,Mobile App,Aisle,92,0
P4807,F1251,294.5,Family,Economy,0,Desk,Aisle,82,0
P4808,F139,328.84,Leisure,Economy,0,Desk,Aisle,69,0
P4809,F434,404.19,Family,Premium Economy,2,Mobile App,Window,108,0
P4810,F1005,251.5,Emergency,Economy,0,Mobile App,Aisle,29,0
P4811,F1636,456.71,Emergency,Economy,0,Desk,Window,78,0
P4812,F289,340.57,Family,Business,4,Airport Kiosk,Middle,51,0
P4813,F1590,403.32,Family,Premium Economy,0,Airport Kiosk,Middle,31,0
P4814,F1434,368.81,Business,Business,1,Online,Aisle,53,0
P4815,F442,451.8,Emergency,Economy,1,Online,Middle,50,0
P4816,F1317,515.09,Family,Premium Economy,1,Desk,Aisle,83,0
P4817,F900,437.77,Leisure,Premium Economy,0,Airport Kiosk,Aisle,78,0
P4818,F879,371.02,Business,Premium Economy,1,Airport Kiosk,Window,40,0
P4819,F1390,271.66,Emergency,Economy,0,Online,Middle,17,0
P4820,F1136,544.18,Family,First,1,Mobile App,Aisle,7,0
P4821,F1807,431.38,Business,Premium Economy,1,Airport Kiosk,Window,115,0
P4822,F732,499.99,Leisure,Premium Economy,2,Online,Aisle,95,0
P4823,F266,261.84,Family,Economy,2,Airport Kiosk,Window,0,0
P4824,F1888,237.25,Business,Economy,2,Online,Middle,110,0
P4825,F678,394.46,Family,Economy,2,Online,Middle,51,0
P4826,F1684,334.93,Family,Economy,2,Online,Window,17,0
P4827,F368,438.54,Leisure,Business,0,Mobile App,Aisle,37,0
P4828,F641,362.18,Emergency,Economy,0,Desk,Window,53,0
P4829,F812,665.3,Family,Economy,2,Online,Aisle,84,0
P4830,F837,260.36,Leisure,Premium Economy,1,Desk,Window,78,0
P4831,F983,289.39,Leisure,Premium Economy,2,Mobile App,Middle,40,0
P4832,F791,396.98,Leisure,Premium Economy,2,Mobile App,Aisle,67,0
P4833,F396,247.53,Business,Economy,1,Airport Kiosk,Window,56,0
P4834,F1771,408.41,Business,First,1,Online,Window,39,0
P4835,F191,408.42,Leisure,Premium Economy,0,Mobile App,Window,62,0
P4836,F1256,271.87,Family,Premium Economy,2,Online,Middle,56,0
P4837,F377,365.6,Family,Business,0,Mobile App,Aisle,98,0
P4838,F1649,378.82,Leisure,Business,0,Online,Middle,27,0
P4839,F1286,353.21,Leisure,Economy,0,Mobile App,Aisle,104,0
P4840,F1652,434.98,Emergency,Economy,1,Desk,Window,38,1
P4841,F1116,360.55,Emergency,Premium Economy,1,Airport Kiosk,Window,119,0
P4842,F875,190.35,Family,Economy,0,Mobile App,Window,94,0
P4843,F1061,432.88,Business,Economy,1,Mobile App,Middle,75,0
P4844,F1928,256.77,Leisure,Economy,2,Airport Kiosk,Window,23,0
P4845,F1916,399.77,Business,Economy,0,Desk,Window,2,0
P4846,F842,350.93,Business,Economy,2,Online,Window,89,0
P4847,F354,246.76,Family,Economy,2,Online,Aisle,76,0
P4848,F447,152.55,Leisure,Premium Economy,1,Desk,Middle,96,0
P4849,F331,373.56,Family,Economy,0,Mobile App,Aisle,116,0
P4850,F629,519.11,Business,Premium Economy,2,Desk,Window,41,0
P4851,F308,471.82,Emergency,Economy,0,Airport Kiosk,Aisle,40,0
P4852,F653,393.19,Business,Economy,0,Airport Kiosk,Aisle,112,0
P4853,F162,367.97,Business,Economy,3,Airport Kiosk,Middle,66,0
P4854,F116,270.93,Family,Economy,1,Desk,Middle,90,0
P4855,F248,359.35,Family,Economy,0,Desk,Aisle,104,0
P4856,F1678,266.53,Emergency,Economy,1,Mobile App,Middle,42,0
P4857,F920,216.07,Leisure,Business,1,Mobile App,Aisle,107,0
P4858,F837,538.87,Family,Economy,0,Airport Kiosk,Aisle,29,0
P4859,F192,233.44,Business,Economy,0,Airport Kiosk,Middle,14,0
P4860,F1040,270.72,Leisure,Economy,1,Mobile App,Middle,56,0
P4861,F1094,350.8,Leisure,Economy,0,Online,Middle,28,0
P4862,F837,378.15,Business,Economy,0,Mobile App,Middle,85,0
P4863,F1264,430.93,Emergency,Premium Economy,4,Online,Middle,103,0
P4864,F846,396.73,Leisure,Premium Economy,3,Mobile App,Window,65,0
P4865,F551,291.61,Business,Economy,2,Mobile App,Window,32,0
P4866,F1445,308.48,Family,Economy,0,Mobile App,Aisle,108,0
P4867,F1511,102.69,Leisure,Premium Economy,0,Desk,Middle,12,0
P4868,F1581,197.22,Emergency,Economy,0,Desk,Middle,2,0
P4869,F1124,219.85,Business,Business,1,Mobile App,Window,23,0
P4870,F1916,347.46,Emergency,Economy,1,Online,Aisle,101,0
P4871,F1116,405.87,Leisure,Economy,1,Mobile App,Aisle,101,0
P4872,F841,399.69,Emergency,Economy,0,Desk,Window,89,0
P4873,F919,251.37,Family,First,0,Online,Aisle,9,0
P4874,F1545,182.88,Emergency,Premium Economy,0,Airport Kiosk,Window,54,1
P4875,F1073,490.87,Leisure,Economy,0,Desk,Window,41,0
P4876,F595,368.21,Family,Business,1,Desk,Window,58,0
P4877,F282,348.01,Family,Premium Economy,1,Online,Window,72,0
P4878,F1766,333.58,Emergency,Economy,2,Airport Kiosk,Aisle,26,0
P4879,F741,326.86,Leisure,Premium Economy,3,Airport Kiosk,Window,119,0
P4880,F707,326.09,Business,First,1,Mobile App,Aisle,33,0
P4881,F1699,438.39,Business,Economy,6,Desk,Window,99,0
P4882,F1471,358.4,Business,Economy,0,Desk,Aisle,6,0
P4883,F1433,523.27,Family,Economy,1,Airport Kiosk,Window,50,0
P4884,F1461,438.11,Family,Economy,3,Online,Window,73,0
P4885,F825,448.01,Emergency,First,0,Mobile App,Middle,31,0
P4886,F898,340.09,Family,Economy,0,Mobile App,Window,72,0
P4887,F1840,271.79,Emergency,Economy,0,Mobile App,Window,62,0
P4888,F1420,467.76,Emergency,Economy,1,Online,Aisle,61,0
P4889,F693,197.85,Family,First,0,Desk,Window,19,0
P4890,F1729,234.03,Family,Economy,0,Online,Middle,100,1
P4891,F1382,243.93,Family,Economy,2,Desk,Window,77,0
P4892,F983,289.0,Business,Economy,1,Desk,Aisle,77,0
P4893,F1494,386.06,Family,Economy,0,Airport Kiosk,Middle,93,0
P4894,F1845,242.78,Family,Premium Economy,0,Mobile App,Aisle,41,0
P4895,F29,166.77,Leisure,Economy,1,Airport Kiosk,Window,43,0
P4896,F1446,385.8,Leisure,Premium Economy,0,Airport Kiosk,Aisle,27,0
P4897,F27,553.56,Emergency,First,0,Online,Middle,60,0
P4898,F966,283.75,Family,Business,0,Online,Aisle,98,0
P4899,F1042,218.48,Family,Economy,1,Desk,Window,73,0
P4900,F1007,253.61,Emergency,Premium Economy,2,Mobile App,Window,4,0
P4901,F631,242.46,Business,Economy,2,Airport Kiosk,Middle,79,0
P4902,F1636,229.69,Business,First,0,Online,Window,57,1
P4903,F818,559.72,Family,Premium Economy,2,Online,Window,42,0
P4904,F1142,400.05,Leisure,Economy,1,Mobile App,Aisle,80,0
P4905,F384,246.19,Family,Economy,0,Desk,Middle,37,0
P4906,F1516,234.75,Emergency,Business,1,Desk,Middle,72,0
P4907,F768,195.58,Business,Premium Economy,2,Mobile App,Aisle,11,0
P4908,F1104,330.43,Emergency,Economy,0,Online,Middle,34,0
P4909,F508,325.96,Leisure,Economy,0,Airport Kiosk,Window,28,0
P4910,F1626,379.99,Emergency,Economy,0,Mobile App,Window,5,0
P4911,F774,429.96,Family,Economy,1,Mobile App,Middle,81,0
P4912,F821,419.59,Leisure,Economy,0,Airport Kiosk,Window,63,0
P4913,F491,225.19,Business,Economy,1,Online,Aisle,52,0
P4914,F1121,594.49,Leisure,First,3,Mobile App,Aisle,76,0
P4915,F1755,456.68,Emergency,Economy,1,Online,Aisle,98,0
P4916,F1386,396.72,Emergency,Economy,3,Desk,Window,110,0
P4917,F1806,380.35,Emergency,Economy,2,Airport Kiosk,Aisle,3,0
P4918,F1984,414.96,Emergency,Economy,1,Mobile App,Middle,13,0
P4919,F1593,312.18,Business,First,1,Mobile App,Aisle,119,0
P4920,F1205,225.62,Family,First,3,Desk,Middle,11,0
P4921,F1772,462.48,Emergency,Economy,1,Online,Aisle,65,0
P4922,F1161,292.64,Leisure,Premium Economy,1,Desk,Middle,0,0
P4923,F754,344.26,Leisure,Premium Economy,0,Desk,Middle,105,0
P4924,F295,281.43,Leisure,Economy,1,Airport Kiosk,Window,105,0
P4925,F1271,55.16,Leisure,Economy,2,Airport Kiosk,Middle,30,0
P4926,F1598,246.52,Business,Economy,0,Mobile App,Middle,94,0
P4927,F1095,475.67,Leisure,Business,1,Mobile App,Window,30,0
P4928,F681,551.35,Business,Economy,4,Airport Kiosk,Middle,99,0
P4929,F4,368.57,Leisure,Economy,1,Online,Aisle,76,0
P4930,F1835,347.13,Leisure,Economy,1,Desk,Window,11,0
P4931,F1927,486.12,Business,Economy,0,Online,Middle,89,0
P4932,F268,501.84,Family,Economy,1,Desk,Window,77,0
P4933,F1532,364.0,Business,First,1,Mobile App,Middle,105,0
P4934,F680,144.03,Leisure,Economy,2,Airport Kiosk,Middle,71,0
P4935,F963,461.92,Business,Premium Economy,2,Mobile App,Window,66,0
P4936,F499,300.53,Business,Economy,2,Mobile App,Window,24,0
P4937,F1621,310.09,Emergency,Economy,1,Online,Window,100,0
P4938,F448,425.2,Emergency,Business,2,Desk,Window,16,0
P4939,F1258,471.45,Family,Economy,0,Airport Kiosk,Aisle,13,0
P4940,F1770,150.35,Leisure,Economy,0,Online,Middle,14,0
P4941,F468,192.08,Family,Economy,2,Mobile App,Middle,24,0
P4942,F987,320.58,Leisure,Business,0,Mobile App,Aisle,100,0
P4943,F1640,254.56,Emergency,Economy,2,Online,Middle,1,0
P4944,F327,396.56,Leisure,Economy,2,Mobile App,Aisle,60,0
P4945,F314,343.64,Leisure,Premium Economy,0,Online,Window,107,0
P4946,F1141,359.36,Emergency,Economy,0,Online,Aisle,0,0
P4947,F1277,437.12,Family,Economy,0,Desk,Aisle,40,0
P4948,F1518,316.26,Family,Economy,0,Desk,Aisle,1,1
P4949,F1109,415.03,Emergency,Economy,4,Mobile App,Window,108,0
P4950,F1575,256.48,Emergency,Economy,1,Desk,Middle,85,0
P4951,F1279,201.15,Family,First,0,Airport Kiosk,Aisle,66,0
P4952,F1952,402.21,Leisure,Premium Economy,2,Desk,Middle,101,0
P4953,F1143,458.61,Leisure,Premium Economy,0,Online,Middle,33,0
P4954,F1396,279.01,Business,Economy,0,Online,Middle,66,0
P4955,F532,449.21,Family,Economy,2,Desk,Window,50,0
P4956,F993,330.21,Family,Business,1,Airport Kiosk,Middle,81,1
P4957,F1862,267.48,Leisure,Economy,1,Online,Window,11,1
P4958,F295,246.17,Business,Economy,0,Mobile App,Aisle,73,1
P4959,F1493,361.98,Business,Economy,1,Mobile App,Middle,73,0
P4960,F353,373.13,Emergency,Premium Economy,1,Airport Kiosk,Aisle,62,0
P4961,F1842,375.88,Leisure,First,3,Desk,Window,38,0
P4962,F1906,212.73,Family,Business,0,Mobile App,Aisle,68,0
P4963,F1682,475.6,Leisure,Premium Economy,2,Mobile App,Window,83,0
P4964,F460,336.02,Business,Economy,1,Mobile App,Window,19,0
P4965,F336,151.34,Leisure,Economy,1,Online,Middle,65,0
P4966,F489,397.59,Business,Economy,1,Desk,Window,86,0
P4967,F1634,281.02,Emergency,Premium Economy,2,Airport Kiosk,Aisle,37,0
P4968,F1847,465.42,Family,Economy,0,Desk,Middle,86,0
P4969,F641,402.85,Family,First,0,Airport Kiosk,Window,20,0
P4970,F358,369.83,Leisure,Premium Economy,0,Desk,Window,77,0
P4971,F1869,154.94,Family,Economy,0,Desk,Aisle,7,0
P4972,F1543,391.83,Emergency,Economy,1,Mobile App,Middle,5,0
P4973,F970,289.19,Emergency,Business,1,Desk,Middle,102,0
P4974,F939,358.99,Business,Economy,4,Mobile App,Window,3,0
P4975,F383,500.11,Family,First,1,Online,Middle,71,0
P4976,F336,312.68,Emergency,First,0,Desk,Middle,25,0
P4977,F353,316.55,Family,Economy,0,Mobile App,Window,117,0
P4978,F1362,410.23,Family,First,3,Mobile App,Middle,118,0
P4979,F1732,363.79,Emergency,Premium Economy,1,Desk,Middle,82,0
P4980,F953,319.78,Emergency,Economy,1,Desk,Aisle,2,0
P4981,F1839,544.25,Business,Economy,2,Desk,Middle,10,0
P4982,F1440,303.3,Business,Premium Economy,0,Airport Kiosk,Aisle,102,0
P4983,F1862,388.61,Emergency,Business,1,Online,Aisle,89,0
P4984,F440,319.35,Family,First,0,Desk,Middle,37,0
P4985,F1207,337.38,Family,Economy,3,Mobile App,Window,50,0
P4986,F1823,242.66,Emergency,Business,0,Desk,Window,73,0
P4987,F1771,337.39,Emergency,Economy,0,Desk,Middle,98,0
P4988,F939,517.06,Family,Economy,0,Airport Kiosk,Middle,80,0
P4989,F1362,337.55,Leisure,Premium Economy,1,Airport Kiosk,Window,79,0
P4990,F1947,459.99,Leisure,Economy,1,Desk,Aisle,51,0
P4991,F1444,349.54,Leisure,Economy,0,Desk,Middle,38,0
P4992,F1548,378.95,Business,Business,1,Mobile App,Window,118,0
P4993,F857,245.54,Emergency,First,0,Mobile App,Window,29,0
P4994,F674,460.1,Business,First,0,Mobile App,Middle,104,0
P4995,F784,203.78,Emergency,Economy,0,Mobile App,Aisle,86,0
P4996,F24,262.86,Leisure,Economy,3,Mobile App,Aisle,13,0
P4997,F913,294.83,Emergency,Economy,4,Mobile App,Middle,69,0
P4998,F262,254.37,Emergency,Economy,0,Mobile App,Window,15,0
P4999,F1914,241.1,Business,Business,1,Airport Kiosk,Window,43,0
P5000,F313,356.81,Emergency,Economy,1,Airport Kiosk,Middle,1,0
P5001,F1036,441.32,Business,Economy,0,Online,Middle,7,0
P5002,F1981,421.68,Emergency,Economy,1,Airport Kiosk,Middle,37,0
P5003,F1077,377.86,Family,Premium Economy,1,Airport Kiosk,Aisle,85,0
P5004,F1117,373.84,Family,Economy,0,Desk,Middle,88,0
P5005,F312,209.83,Leisure,Economy,2,Online,Middle,40,0
P5006,F1742,391.13,Family,Economy,1,Online,Middle,59,0
P5007,F1231,443.0,Emergency,Economy,1,Online,Middle,77,0
P5008,F1047,263.49,Emergency,Economy,0,Mobile App,Window,15,0
P5009,F950,363.35,Leisure,Premium Economy,3,Desk,Window,14,0
P5010,F916,371.65,Emergency,Economy,1,Desk,Middle,59,0
P5011,F831,330.79,Business,First,1,Online,Window,86,0
P5012,F1192,216.01,Emergency,Economy,1,Desk,Middle,23,0
P5013,F1057,277.38,Leisure,Economy,2,Online,Window,45,0
P5014,F579,376.93,Emergency,Economy,0,Mobile App,Window,68,0
P5015,F588,517.12,Family,Economy,2,Online,Window,64,0
P5016,F514,350.78,Leisure,Economy,0,Airport Kiosk,Middle,93,0
P5017,F1802,419.97,Family,Economy,0,Mobile App,Aisle,15,0
P5018,F1825,379.93,Family,Economy,1,Mobile App,Middle,67,0
P5019,F1645,290.04,Business,Economy,0,Airport Kiosk,Window,111,0
P5020,F1382,287.73,Emergency,Premium Economy,0,Online,Middle,101,0
P5021,F1112,277.7,Family,Economy,2,Mobile App,Window,45,0
P5022,F1563,163.55,Leisure,Economy,1,Mobile App,Aisle,113,0
P5023,F1083,310.34,Emergency,Premium Economy,0,Online,Aisle,65,0
P5024,F578,257.94,Emergency,Economy,0,Desk,Aisle,37,0
P5025,F929,436.87,Leisure,Economy,0,Mobile App,Middle,67,0
P5026,F1771,463.17,Business,Business,0,Airport Kiosk,Window,90,0
P5027,F1572,424.6,Leisure,Economy,1,Airport Kiosk,Aisle,46,0
P5028,F1051,491.75,Business,Economy,1,Airport Kiosk,Aisle,43,0
P5029,F1934,515.43,Leisure,Economy,0,Airport Kiosk,Aisle,21,0
P5030,F691,41.96,Emergency,Premium Economy,0,Desk,Middle,119,0
P5031,F1055,341.26,Family,Premium Economy,0,Online,Aisle,88,0
P5032,F1596,341.89,Business,Economy,1,Mobile App,Middle,81,0
P5033,F1146,294.93,Business,Economy,1,Desk,Window,22,0
P5034,F890,331.48,Leisure,Economy,2,Mobile App,Aisle,100,0
P5035,F708,512.13,Business,Business,2,Airport Kiosk,Middle,1,0
P5036,F639,322.12,Family,Premium Economy,0,Online,Aisle,19,0
P5037,F446,362.25,Family,Economy,1,Desk,Aisle,43,0
P5038,F77,375.07,Leisure,Economy,0,Online,Window,109,0
P5039,F326,296.18,Leisure,Economy,1,Desk,Aisle,54,0
P5040,F653,315.36,Family,Premium Economy,2,Desk,Window,95,0
P5041,F827,389.31,Family,Economy,0,Online,Window,96,0
P5042,F569,249.85,Leisure,Premium Economy,1,Online,Window,20,0
P5043,F21,339.23,Family,Business,1,Online,Aisle,12,0
P5044,F36,249.01,Business,Premium Economy,0,Mobile App,Aisle,74,0
P5045,F899,250.88,Business,Premium Economy,1,Desk,Window,29,0
P5046,F816,399.3,Emergency,Economy,1,Desk,Window,16,0
P5047,F51,300.74,Leisure,Business,0,Desk,Window,67,0
P5048,F1217,206.5,Emergency,Premium Economy,0,Mobile App,Aisle,46,0
P5049,F588,378.88,Business,Economy,2,Online,Window,62,0
P5050,F72,396.29,Emergency,Economy,1,Airport Kiosk,Middle,12,0
P5051,F1062,164.16,Business,Economy,2,Airport Kiosk,Window,65,0
P5052,F1842,286.06,Leisure,Premium Economy,0,Desk,Window,118,0
P5053,F110,390.52,Emergency,Premium Economy,1,Airport Kiosk,Middle,62,0
P5054,F694,386.12,Emergency,Business,1,Online,Middle,108,0
P5055,F1554,412.5,Business,Economy,0,Airport Kiosk,Window,10,0
P5056,F1762,261.73,Leisure,Economy,2,Desk,Window,41,0
P5057,F1968,419.18,Leisure,Economy,2,Online,Aisle,12,0
P5058,F1676,227.41,Business,Economy,1,Online,Window,51,0
P5059,F1043,337.69,Emergency,Business,3,Desk,Window,49,0
P5060,F1457,381.1,Business,Economy,1,Airport Kiosk,Window,30,0
P5061,F1041,344.9,Leisure,Economy,1,Airport Kiosk,Aisle,31,1
P5062,F712,518.11,Leisure,Premium Economy,1,Online,Aisle,96,0
P5063,F583,433.41,Leisure,Economy,1,Mobile App,Aisle,101,0
P5064,F855,492.37,Family,First,1,Mobile App,Aisle,83,0
P5065,F268,511.2,Business,Premium Economy,0,Desk,Window,3,0
P5066,F1898,226.28,Business,Economy,1,Mobile App,Middle,71,0
P5067,F1145,313.84,Emergency,Business,0,Desk,Window,53,0
P5068,F972,325.45,Emergency,Economy,1,Mobile App,Middle,114,0
P5069,F678,371.73,Leisure,Business,2,Desk,Window,110,0
P5070,F422,374.99,Emergency,Premium Economy,0,Online,Window,78,0
P5071,F813,411.26,Family,Economy,1,Mobile App,Middle,115,0
P5072,F454,339.26,Leisure,Economy,0,Desk,Middle,51,0
P5073,F1879,264.5,Family,Economy,0,Desk,Window,45,0
P5074,F447,438.85,Family,Economy,1,Desk,Middle,10,0
P5075,F618,357.3,Family,Economy,0,Mobile App,Window,94,0
P5076,F203,491.11,Leisure,Premium Economy,1,Mobile App,Middle,45,0
P5077,F1800,210.19,Leisure,Premium Economy,0,Desk,Middle,102,0
P5078,F1748,332.48,Business,Economy,1,Online,Aisle,14,0
P5079,F287,162.1,Leisure,Premium Economy,2,Online,Window,68,0
P5080,F269,422.69,Emergency,Premium Economy,0,Airport Kiosk,Window,51,0
P5081,F1262,430.63,Family,Business,1,Mobile App,Window,13,0
P5082,F1038,689.74,Leisure,Economy,0,Airport Kiosk,Window,15,0
P5083,F73,261.12,Leisure,Premium Economy,0,Online,Window,21,0
P5084,F1149,295.25,Family,Economy,0,Desk,Aisle,99,0
P5085,F1512,299.86,Business,Economy,0,Mobile App,Middle,103,0
P5086,F1757,509.59,Business,Economy,1,Online,Middle,66,0
P5087,F1503,275.48,Business,Economy,0,Online,Middle,97,0
P5088,F1871,633.78,Business,Premium Economy,0,Mobile App,Aisle,67,0
P5089,F275,307.92,Emergency,Business,1,Airport Kiosk,Middle,116,0
P5090,F580,495.38,Emergency,Economy,1,Desk,Window,85,0
P5091,F1923,379.26,Leisure,Premium Economy,0,Online,Window,69,0
P5092,F1203,318.07,Business,Economy,0,Airport Kiosk,Window,72,0
P5093,F1939,365.59,Leisure,Economy,2,Online,Aisle,43,0
P5094,F1533,395.32,Business,Business,1,Desk,Aisle,71,0
P5095,F1497,439.6,Emergency,Economy,0,Desk,Middle,63,0
P5096,F176,483.98,Business,Economy,1,Desk,Window,109,0
P5097,F792,477.76,Business,Economy,2,Mobile App,Aisle,59,0
P5098,F802,267.37,Leisure,Economy,1,Desk,Middle,111,0
P5099,F964,669.5,Emergency,First,1,Online,Window,102,0
P5100,F1743,366.69,Emergency,Economy,2,Mobile App,Window,111,0
P5101,F1680,494.95,Business,Economy,0,Desk,Window,114,0
P5102,F180,555.4,Family,Business,2,Online,Middle,66,0
P5103,F1054,313.36,Emergency,Economy,1,Airport Kiosk,Middle,33,0
P5104,F1391,347.98,Leisure,Economy,3,Desk,Window,20,0
P5105,F1139,299.63,Leisure,Business,0,Mobile App,Aisle,70,0
P5106,F576,374.78,Emergency,Economy,3,Desk,Middle,101,0
P5107,F1089,365.67,Family,Economy,1,Airport Kiosk,Middle,14,0
P5108,F1336,307.71,Business,Premium Economy,0,Airport Kiosk,Middle,19,0
P5109,F1524,437.72,Business,Premium Economy,0,Desk,Window,54,0
P5110,F988,492.52,Family,Premium Economy,1,Mobile App,Aisle,3,0
P5111,F1413,240.8,Business,Premium Economy,3,Airport Kiosk,Window,43,0
P5112,F1524,327.37,Family,Economy,0,Mobile App,Window,118,0
P5113,F454,425.34,Leisure,Economy,0,Mobile App,Middle,107,0
P5114,F915,322.33,Business,Economy,1,Airport Kiosk,Middle,41,0
P5115,F587,346.72,Leisure,Premium Economy,1,Mobile App,Middle,71,0
P5116,F924,293.28,Leisure,Premium Economy,0,Mobile App,Aisle,87,1
P5117,F1903,323.95,Business,Premium Economy,0,Airport Kiosk,Aisle,42,0
P5118,F1666,317.51,Emergency,Economy,1,Desk,Aisle,72,1
P5119,F1316,316.89,Emergency,First,2,Airport Kiosk,Window,71,0
P5120,F1285,434.06,Emergency,Economy,0,Desk,Window,85,0
P5121,F917,229.1,Leisure,Premium Economy,1,Online,Aisle,65,0
P5122,F146,458.78,Emergency,Economy,1,Online,Aisle,66,1
P5123,F1560,337.07,Leisure,Economy,1,Mobile App,Middle,9,0
P5124,F599,346.83,Business,Economy,2,Online,Middle,67,0
P5125,F1955,247.14,Emergency,Economy,3,Desk,Middle,20,0
P5126,F1740,467.85,Emergency,Economy,1,Desk,Aisle,11,0
P5127,F311,375.94,Family,Premium Economy,0,Airport Kiosk,Middle,80,0
P5128,F8,511.62,Family,Economy,1,Online,Aisle,85,0
P5129,F746,405.6,Emergency,Business,0,Desk,Middle,82,0
P5130,F1787,393.6,Emergency,Premium Economy,0,Mobile App,Aisle,116,0
P5131,F1878,45.67,Leisure,Economy,2,Airport Kiosk,Window,81,0
P5132,F398,343.79,Emergency,Premium Economy,1,Mobile App,Window,106,0
P5133,F1410,379.7,Emergency,Economy,1,Online,Middle,63,0
P5134,F911,406.71,Family,Economy,0,Online,Middle,24,0
P5135,F803,237.11,Family,Economy,4,Mobile App,Aisle,83,0
P5136,F516,388.64,Emergency,Economy,0,Airport Kiosk,Aisle,66,0
P5137,F544,218.82,Leisure,Premium Economy,1,Desk,Aisle,22,0
P5138,F491,395.33,Emergency,Economy,0,Desk,Aisle,14,0
P5139,F646,352.96,Leisure,Economy,1,Airport Kiosk,Middle,53,0
P5140,F1660,203.68,Business,Economy,0,Mobile App,Middle,12,0
P5141,F1662,443.63,Family,Economy,0,Mobile App,Aisle,116,0
P5142,F914,359.74,Leisure,Premium Economy,0,Mobile App,Middle,11,0
P5143,F715,490.6,Family,Business,0,Desk,Middle,66,0
P5144,F200,502.7,Leisure,Economy,1,Desk,Window,102,0
P5145,F1109,605.55,Leisure,Economy,1,Airport Kiosk,Window,81,0
P5146,F1886,294.78,Leisure,Premium Economy,3,Desk,Window,4,1
P5147,F1178,273.22,Family,Business,0,Mobile App,Window,15,0
P5148,F1575,339.54,Family,Premium Economy,0,Online,Middle,15,0
P5149,F1484,437.91,Business,Economy,0,Airport Kiosk,Window,114,0
P5150,F493,592.43,Family,Economy,2,Airport Kiosk,Window,81,0
P5151,F1600,453.36,Business,Premium Economy,1,Online,Middle,82,0
P5152,F102,264.69,Emergency,Economy,1,Airport Kiosk,Aisle,62,0
P5153,F1773,487.36,Leisure,Economy,2,Desk,Window,58,1
P5154,F452,241.44,Business,Business,1,Desk,Aisle,95,0
P5155,F1721,359.32,Business,Premium Economy,2,Online,Aisle,26,0
P5156,F724,344.91,Business,Premium Economy,1,Online,Middle,6,0
P5157,F610,383.67,Business,Economy,1,Mobile App,Middle,32,0
P5158,F615,264.49,Emergency,First,3,Airport Kiosk,Middle,53,0
P5159,F1184,484.02,Emergency,Premium Economy,0,Desk,Aisle,52,0
P5160,F1541,436.16,Leisure,Economy,1,Desk,Aisle,70,0
P5161,F1917,475.44,Business,Economy,1,Airport Kiosk,Window,45,0
P5162,F287,294.06,Family,Economy,2,Online,Window,80,0
P5163,F1546,311.1,Leisure,Economy,3,Desk,Aisle,46,0
P5164,F1415,439.46,Leisure,Economy,0,Online,Window,59,0
P5165,F427,408.18,Business,Economy,3,Online,Aisle,46,0
P5166,F122,252.84,Business,Economy,0,Online,Window,92,0
P5167,F146,465.88,Emergency,Premium Economy,0,Desk,Middle,116,0
P5168,F1127,634.37,Emergency,Economy,4,Desk,Middle,25,0
P5169,F1291,645.47,Business,Premium Economy,1,Airport Kiosk,Aisle,21,0
P5170,F1313,415.45,Family,Economy,1,Online,Middle,29,0
P5171,F1716,227.77,Family,Economy,2,Airport Kiosk,Window,100,0
P5172,F543,291.77,Family,Business,1,Desk,Middle,89,0
P5173,F989,435.95,Family,Premium Economy,2,Online,Aisle,28,0
P5174,F529,160.67,Family,Economy,0,Desk,Aisle,29,0
P5175,F1530,424.16,Emergency,Business,3,Desk,Window,117,0
P5176,F119,454.11,Family,Economy,0,Online,Middle,11,0
P5177,F1796,341.9,Emergency,Economy,2,Mobile App,Aisle,93,0
P5178,F615,384.56,Business,Economy,4,Mobile App,Window,118,0
P5179,F330,417.59,Business,Business,2,Desk,Middle,63,0
P5180,F1894,437.24,Emergency,Economy,1,Online,Middle,77,0
P5181,F1290,214.49,Family,Economy,0,Mobile App,Middle,37,0
P5182,F1744,335.52,Leisure,Economy,1,Mobile App,Window,64,0
P5183,F618,376.52,Family,First,2,Mobile App,Middle,4,0
P5184,F21,369.47,Leisure,Business,0,Desk,Middle,53,1
P5185,F859,361.04,Emergency,Economy,2,Desk,Window,85,0
P5186,F889,347.3,Leisure,Economy,2,Online,Aisle,64,0
P5187,F718,135.19,Leisure,Premium Economy,0,Online,Aisle,32,0
P5188,F40,422.83,Emergency,Economy,0,Airport Kiosk,Window,12,0
P5189,F1948,324.39,Emergency,Economy,2,Online,Middle,5,0
P5190,F233,354.02,Emergency,Premium Economy,2,Mobile App,Aisle,62,0
P5191,F1668,271.91,Emergency,Economy,0,Online,Aisle,62,0
P5192,F1083,336.31,Emergency,Economy,2,Desk,Aisle,6,0
P5193,F500,291.58,Emergency,Economy,0,Desk,Middle,100,0
P5194,F1166,503.04,Leisure,First,3,Online,Middle,48,0
P5195,F1657,280.0,Business,Business,2,Mobile App,Aisle,88,0
P5196,F416,406.28,Family,Economy,1,Desk,Aisle,79,0
P5197,F876,324.17,Family,Business,2,Airport Kiosk,Window,54,1
P5198,F775,361.46,Business,First,1,Desk,Window,115,0
P5199,F98,346.07,Emergency,Economy,1,Desk,Window,95,0
P5200,F391,367.32,Emergency,Economy,0,Mobile App,Window,53,0
P5201,F497,390.26,Business,Economy,3,Airport Kiosk,Window,81,0
P5202,F1720,527.28,Family,Economy,2,Desk,Middle,100,0
P5203,F1909,457.38,Leisure,Economy,1,Online,Window,111,1
P5204,F1238,415.04,Leisure,Business,0,Desk,Middle,85,0
P5205,F1018,402.84,Emergency,Economy,1,Airport Kiosk,Window,35,0
P5206,F993,185.55,Emergency,Business,0,Mobile App,Window,106,0
P5207,F1010,328.24,Business,Economy,0,Online,Middle,8,0
P5208,F321,272.15,Leisure,Premium Economy,2,Desk,Middle,66,0
P5209,F1642,275.11,Leisure,First,0,Online,Middle,11,0
P5210,F1626,239.42,Family,Premium Economy,1,Online,Aisle,5,0
P5211,F1331,194.52,Business,Premium Economy,2,Online,Aisle,36,0
P5212,F300,379.05,Leisure,Business,0,Online,Middle,49,0
P5213,F463,448.52,Emergency,Economy,0,Airport Kiosk,Window,118,1
P5214,F1904,344.47,Leisure,Economy,0,Online,Window,95,0
P5215,F1754,280.36,Business,Premium Economy,2,Online,Middle,118,0
P5216,F1877,359.12,Family,Business,2,Airport Kiosk,Middle,78,0
P5217,F381,413.04,Business,Economy,1,Airport Kiosk,Middle,9,0
P5218,F1495,250.6,Emergency,Premium Economy,1,Desk,Middle,91,0
P5219,F835,256.99,Family,Economy,0,Desk,Middle,108,0
P5220,F78,271.7,Leisure,Premium Economy,0,Desk,Aisle,60,0
P5221,F102,214.68,Emergency,Premium Economy,1,Airport Kiosk,Aisle,29,0
P5222,F1794,293.69,Leisure,Premium Economy,0,Online,Middle,72,0
P5223,F860,250.25,Business,Economy,1,Airport Kiosk,Window,77,0
P5224,F1879,547.49,Leisure,Premium Economy,0,Online,Aisle,18,0
P5225,F1230,319.57,Business,Business,1,Online,Middle,55,0
P5226,F1915,309.83,Business,Business,2,Online,Aisle,16,0
P5227,F1049,353.42,Family,First,2,Airport Kiosk,Middle,119,0
P5228,F1963,317.45,Emergency,Economy,3,Airport Kiosk,Aisle,57,0
P5229,F1491,227.76,Family,Premium Economy,0,Online,Aisle,18,0
P5230,F208,397.31,Emergency,Business,0,Mobile App,Window,71,0
P5231,F34,389.36,Family,Economy,2,Online,Aisle,93,0
P5232,F68,232.24,Emergency,Economy,2,Mobile App,Window,17,0
P5233,F394,485.64,Emergency,Business,0,Online,Middle,18,0
P5234,F1853,378.07,Family,Premium Economy,0,Desk,Aisle,110,0
P5235,F1178,157.86,Family,Economy,2,Online,Aisle,70,1
P5236,F1449,345.8,Family,Business,1,Online,Middle,60,1
P5237,F743,340.81,Business,Economy,0,Mobile App,Middle,85,0
P5238,F557,378.38,Business,Economy,0,Online,Aisle,30,0
P5239,F1190,320.69,Emergency,Economy,0,Mobile App,Window,112,0
P5240,F517,502.32,Business,Economy,0,Mobile App,Aisle,9,0
P5241,F1056,471.72,Family,Economy,2,Desk,Window,107,1
P5242,F1099,336.66,Emergency,Economy,5,Airport Kiosk,Aisle,36,0
P5243,F969,606.7,Leisure,Economy,0,Desk,Window,4,0
P5244,F35,311.9,Leisure,Economy,2,Online,Window,12,0
P5245,F40,333.74,Family,Business,0,Online,Middle,8,0
P5246,F369,351.82,Emergency,Economy,0,Airport Kiosk,Window,81,0
P5247,F1492,351.59,Family,First,0,Airport Kiosk,Middle,71,0
P5248,F1985,241.53,Family,Premium Economy,1,Airport Kiosk,Window,12,1
P5249,F197,362.56,Leisure,First,1,Mobile App,Middle,100,0
P5250,F1370,452.69,Emergency,Premium Economy,0,Online,Middle,81,0
P5251,F1245,122.97,Leisure,Premium Economy,1,Airport Kiosk,Aisle,18,0
P5252,F1624,538.09,Emergency,Economy,1,Online,Middle,26,0
P5253,F250,239.52,Family,Economy,2,Mobile App,Window,2,0
P5254,F1063,230.15,Business,Economy,0,Desk,Middle,54,0
P5255,F290,269.2,Business,Economy,0,Airport Kiosk,Aisle,75,0
P5256,F682,388.4,Family,Economy,1,Desk,Aisle,97,0
P5257,F1528,338.98,Business,Economy,0,Online,Window,16,0
P5258,F524,341.29,Business,Economy,3,Online,Window,39,0
P5259,F543,351.62,Business,Business,0,Desk,Middle,79,0
P5260,F1010,264.48,Emergency,Premium Economy,1,Online,Window,97,0
P5261,F1179,301.92,Family,Economy,0,Desk,Middle,19,0
P5262,F1073,398.45,Business,Business,1,Desk,Middle,104,0
P5263,F1991,-14.92,Emergency,Economy,4,Airport Kiosk,Window,17,0
P5264,F355,460.77,Family,Economy,0,Online,Aisle,18,0
P5265,F675,332.7,Family,Premium Economy,1,Mobile App,Window,111,0
P5266,F138,91.63,Emergency,Economy,1,Airport Kiosk,Middle,3,0
P5267,F868,379.06,Business,Economy,2,Airport Kiosk,Aisle,71,0
P5268,F602,379.09,Family,Economy,2,Airport Kiosk,Middle,82,0
P5269,F633,138.28,Family,Economy,1,Airport Kiosk,Window,101,0
P5270,F1764,565.04,Emergency,Premium Economy,5,Airport Kiosk,Window,87,0
P5271,F270,-24.15,Emergency,Economy,0,Desk,Middle,66,0
P5272,F1326,434.41,Leisure,Economy,1,Desk,Middle,33,0
P5273,F745,419.22,Emergency,Business,1,Online,Window,21,0
P5274,F1633,280.57,Emergency,Economy,2,Desk,Middle,5,0
P5275,F405,314.77,Leisure,Premium Economy,0,Airport Kiosk,Aisle,47,0
P5276,F659,436.5,Business,Premium Economy,2,Online,Window,62,0
P5277,F627,183.02,Leisure,Economy,1,Airport Kiosk,Middle,8,0
P5278,F659,274.19,Business,Economy,1,Mobile App,Aisle,20,0
P5279,F1338,197.23,Family,Economy,0,Online,Middle,119,0
P5280,F1506,235.15,Family,Premium Economy,0,Mobile App,Aisle,58,0
P5281,F1388,367.71,Leisure,Economy,4,Online,Window,68,1
P5282,F497,224.19,Emergency,Economy,0,Mobile App,Aisle,44,0
P5283,F1868,411.52,Family,Economy,1,Online,Aisle,112,0
P5284,F1299,361.23,Family,Business,0,Online,Middle,67,0
P5285,F487,405.47,Emergency,Economy,1,Online,Middle,83,1
P5286,F993,404.71,Family,Premium Economy,0,Airport Kiosk,Aisle,18,0
P5287,F1249,191.03,Emergency,Economy,1,Mobile App,Aisle,92,0
P5288,F1432,135.49,Emergency,Economy,3,Airport Kiosk,Middle,92,0
P5289,F1474,454.5,Family,Economy,2,Airport Kiosk,Middle,42,0
P5290,F1443,376.78,Family,Economy,0,Airport Kiosk,Window,111,0
P5291,F511,437.78,Business,Economy,3,Mobile App,Middle,85,0
P5292,F307,363.97,Emergency,Business,0,Airport Kiosk,Middle,44,0
P5293,F1097,300.49,Leisure,Business,1,Desk,Middle,20,0
P5294,F152,166.02,Emergency,Economy,2,Mobile App,Aisle,107,0
P5295,F1513,363.75,Emergency,Economy,0,Airport Kiosk,Window,19,0
P5296,F844,348.69,Family,Economy,0,Online,Middle,101,0
P5297,F57,363.05,Emergency,Premium Economy,2,Desk,Middle,114,0
P5298,F1881,306.51,Family,Business,0,Mobile App,Aisle,42,0
P5299,F1410,312.3,Business,Economy,2,Desk,Window,16,0
P5300,F1972,388.21,Family,Economy,0,Online,Middle,109,0
P5301,F905,412.89,Emergency,Business,0,Online,Window,116,0
P5302,F1907,321.16,Leisure,Economy,2,Airport Kiosk,Middle,32,0
P5303,F1419,386.08,Family,Economy,0,Airport Kiosk,Middle,29,0
P5304,F1840,364.57,Leisure,Business,1,Desk,Middle,52,0
P5305,F1783,417.28,Emergency,Economy,2,Desk,Aisle,104,0
P5306,F864,534.04,Emergency,Economy,2,Online,Middle,14,0
P5307,F648,434.07,Family,Economy,1,Airport Kiosk,Middle,31,0
P5308,F1419,315.89,Leisure,Business,1,Airport Kiosk,Middle,114,0
P5309,F131,211.39,Business,Premium Economy,1,Desk,Window,1,0
P5310,F7,336.11,Leisure,Economy,1,Airport Kiosk,Window,27,0
P5311,F1047,173.11,Business,Economy,2,Mobile App,Window,47,0
P5312,F1308,269.07,Emergency,Business,1,Desk,Aisle,69,0
P5313,F1880,379.22,Emergency,Economy,0,Airport Kiosk,Window,35,0
P5314,F260,429.78,Family,Business,0,Airport Kiosk,Aisle,15,1
P5315,F687,289.91,Emergency,Premium Economy,3,Online,Middle,100,0
P5316,F1903,413.26,Family,Economy,1,Desk,Window,113,0
P5317,F941,303.32,Emergency,Business,1,Mobile App,Aisle,99,0
P5318,F574,334.39,Business,Economy,1,Airport Kiosk,Aisle,109,0
P5319,F1292,284.24,Leisure,Economy,2,Mobile App,Middle,1,0
P5320,F1582,484.99,Family,Economy,2,Desk,Aisle,42,0
P5321,F582,383.62,Family,Economy,0,Mobile App,Middle,25,0
P5322,F1058,232.76,Family,Economy,1,Online,Aisle,2,0
P5323,F1164,305.29,Emergency,Economy,0,Mobile App,Middle,50,0
P5324,F1020,245.73,Leisure,Economy,1,Online,Aisle,79,0
P5325,F1487,384.46,Family,Economy,2,Desk,Aisle,9,0
P5326,F590,308.24,Emergency,Economy,3,Online,Window,21,0
P5327,F746,376.45,Leisure,Premium Economy,0,Airport Kiosk,Window,45,0
P5328,F421,538.9,Business,First,1,Online,Middle,50,0
P5329,F921,212.83,Business,First,0,Desk,Aisle,117,0
P5330,F1981,210.79,Emergency,Economy,0,Airport Kiosk,Aisle,28,1
P5331,F1396,379.14,Emergency,Economy,2,Online,Window,43,0
P5332,F313,420.89,Emergency,Premium Economy,1,Airport Kiosk,Aisle,116,0
P5333,F1668,306.59,Emergency,Economy,0,Airport Kiosk,Window,47,0
P5334,F1357,308.84,Family,Premium Economy,0,Mobile App,Window,25,0
P5335,F100,322.85,Family,Premium Economy,1,Mobile App,Aisle,67,0
P5336,F1670,258.44,Leisure,Economy,0,Online,Aisle,99,0
P5337,F1783,394.52,Emergency,Economy,1,Online,Aisle,76,0
P5338,F1539,532.19,Family,Premium Economy,1,Desk,Window,80,0
P5339,F1469,489.48,Leisure,First,0,Desk,Middle,33,0
P5340,F814,291.59,Family,Economy,2,Desk,Middle,97,0
P5341,F683,605.74,Leisure,Economy,1,Airport Kiosk,Middle,0,0
P5342,F295,266.64,Leisure,First,1,Online,Window,90,0
P5343,F1652,370.86,Leisure,Premium Economy,1,Mobile App,Middle,0,0
P5344,F64,428.77,Leisure,Premium Economy,1,Online,Window,41,0
P5345,F1081,558.19,Emergency,Economy,0,Desk,Aisle,4,0
P5346,F1455,329.88,Leisure,Economy,1,Mobile App,Window,65,1
P5347,F1321,388.68,Leisure,Economy,1,Desk,Aisle,50,0
P5348,F459,263.44,Leisure,Economy,2,Online,Window,30,0
P5349,F1678,377.17,Business,Economy,0,Desk,Window,105,0
P5350,F1294,354.79,Family,Economy,1,Desk,Middle,87,0
P5351,F93,381.85,Emergency,Economy,1,Airport Kiosk,Aisle,102,0
P5352,F407,374.89,Family,Business,1,Mobile App,Middle,67,0
P5353,F386,241.55,Business,Economy,0,Airport Kiosk,Middle,44,0
P5354,F1443,386.97,Emergency,Economy,1,Online,Window,109,0
P5355,F840,251.61,Leisure,Economy,0,Desk,Aisle,80,0
P5356,F547,218.02,Leisure,Business,0,Airport Kiosk,Window,87,0
P5357,F1407,490.01,Family,Premium Economy,1,Airport Kiosk,Window,95,0
P5358,F825,413.28,Family,Economy,1,Online,Middle,51,0
P5359,F1076,258.62,Family,Economy,0,Mobile App,Aisle,32,0
P5360,F1032,316.79,Business,Economy,3,Online,Aisle,67,0
P5361,F1379,254.78,Emergency,Economy,1,Mobile App,Middle,4,0
P5362,F754,480.75,Leisure,Economy,0,Desk,Window,38,0
P5363,F607,264.3,Leisure,Premium Economy,1,Airport Kiosk,Window,16,1
P5364,F987,499.54,Emergency,Economy,1,Online,Middle,60,0
P5365,F1059,341.89,Leisure,Premium Economy,2,Mobile App,Middle,14,0
P5366,F1833,239.88,Business,Economy,0,Airport Kiosk,Aisle,32,0
P5367,F1222,403.41,Family,Economy,0,Airport Kiosk,Window,114,0
P5368,F1411,452.34,Business,Premium Economy,1,Desk,Middle,69,0
P5369,F951,334.95,Leisure,Economy,1,Mobile App,Window,91,0
P5370,F194,338.96,Leisure,Business,0,Mobile App,Middle,14,0
P5371,F1975,420.46,Family,Economy,1,Airport Kiosk,Aisle,50,0
P5372,F911,288.76,Business,Business,0,Mobile App,Middle,32,0
P5373,F747,357.58,Emergency,Premium Economy,0,Mobile App,Middle,73,0
P5374,F1591,281.75,Family,Economy,1,Airport Kiosk,Aisle,79,1
P5375,F743,385.07,Leisure,Economy,2,Airport Kiosk,Aisle,112,0
P5376,F1043,404.29,Family,Economy,1,Mobile App,Window,22,0
P5377,F1917,403.86,Emergency,Economy,2,Desk,Aisle,12,0
P5378,F1690,332.79,Family,Economy,0,Online,Aisle,16,0
P5379,F197,313.45,Emergency,Business,0,Airport Kiosk,Aisle,99,0
P5380,F1381,271.66,Emergency,Economy,0,Online,Aisle,72,0
P5381,F1927,259.57,Emergency,Economy,2,Mobile App,Aisle,75,0
P5382,F1186,576.14,Family,Premium Economy,2,Mobile App,Middle,13,1
P5383,F632,418.4,Leisure,Premium Economy,0,Desk,Middle,91,0
P5384,F263,385.64,Leisure,Economy,2,Airport Kiosk,Middle,3,0
P5385,F884,353.29,Business,Business,1,Online,Aisle,27,0
P5386,F1900,337.55,Leisure,Economy,1,Mobile App,Middle,82,0
P5387,F1521,293.57,Leisure,Business,0,Airport Kiosk,Window,115,0
P5388,F606,183.48,Emergency,Premium Economy,1,Online,Window,103,0
P5389,F1242,217.11,Leisure,Economy,1,Online,Window,107,0
P5390,F215,349.13,Emergency,Economy,1,Desk,Window,47,0
P5391,F45,435.96,Emergency,Economy,3,Airport Kiosk,Middle,72,0
P5392,F637,356.15,Business,Economy,0,Online,Window,88,0
P5393,F1985,318.02,Leisure,Premium Economy,0,Desk,Aisle,20,0
P5394,F1672,311.47,Emergency,Economy,0,Mobile App,Window,108,1
P5395,F361,327.59,Leisure,Economy,2,Airport Kiosk,Middle,22,0
P5396,F1371,318.3,Business,Economy,0,Online,Window,87,0
P5397,F466,333.69,Leisure,Economy,0,Desk,Window,17,0
P5398,F1307,551.23,Business,Economy,2,Desk,Aisle,0,0
P5399,F118,415.54,Family,Economy,1,Online,Middle,44,0
P5400,F34,433.38,Leisure,Business,0,Online,Middle,32,0
P5401,F646,138.66,Emergency,Business,1,Desk,Window,43,0
P5402,F605,350.16,Family,Economy,1,Mobile App,Window,22,0
P5403,F1259,245.27,Emergency,Economy,0,Airport Kiosk,Middle,23,0
P5404,F1608,521.07,Emergency,Premium Economy,3,Online,Window,106,0
P5405,F166,235.08,Family,Premium Economy,0,Mobile App,Aisle,67,0
P5406,F1077,219.48,Business,Economy,1,Mobile App,Aisle,52,0
P5407,F1531,327.2,Leisure,Economy,1,Airport Kiosk,Aisle,34,0
P5408,F1492,338.37,Emergency,Premium Economy,0,Online,Middle,92,0
P5409,F63,305.54,Family,Premium Economy,0,Online,Middle,22,0
P5410,F112,172.49,Business,Business,1,Desk,Aisle,81,0
P5411,F1805,287.42,Emergency,Business,1,Desk,Aisle,71,1
P5412,F347,338.64,Family,Economy,2,Mobile App,Window,46,0
P5413,F863,247.61,Business,Economy,1,Desk,Window,90,1
P5414,F1143,298.14,Family,Economy,1,Online,Aisle,55,0
P5415,F1117,417.54,Business,Premium Economy,2,Mobile App,Aisle,20,0
P5416,F1769,298.44,Emergency,Business,1,Mobile App,Aisle,80,1
P5417,F729,258.23,Emergency,Economy,2,Airport Kiosk,Window,32,0
P5418,F1783,417.53,Emergency,Business,0,Mobile App,Window,96,0
P5419,F1930,316.05,Family,Economy,2,Online,Aisle,47,0
P5420,F236,282.41,Emergency,Economy,0,Online,Aisle,112,0
P5421,F1896,243.17,Family,Economy,0,Desk,Middle,85,0
P5422,F1945,397.61,Leisure,Economy,1,Desk,Window,81,0
P5423,F865,430.8,Leisure,Economy,3,Desk,Window,44,0
P5424,F894,229.82,Family,Economy,0,Mobile App,Aisle,75,0
P5425,F936,277.61,Business,Economy,2,Desk,Window,105,0
P5426,F1030,177.24,Leisure,Economy,0,Online,Window,23,0
P5427,F976,495.28,Family,Economy,0,Online,Aisle,66,0
P5428,F1218,238.88,Emergency,Business,1,Desk,Middle,6,0
P5429,F836,294.01,Family,Economy,0,Airport Kiosk,Window,117,0
P5430,F1550,457.92,Leisure,Economy,0,Desk,Middle,7,0
P5431,F1045,497.47,Family,Premium Economy,3,Desk,Middle,52,0
P5432,F1222,506.17,Emergency,Economy,1,Mobile App,Middle,105,0
P5433,F1461,331.17,Emergency,Economy,0,Desk,Aisle,7,1
P5434,F397,454.5,Business,Economy,0,Online,Middle,1,0
P5435,F1944,319.86,Business,Economy,0,Desk,Aisle,40,0
P5436,F834,325.58,Leisure,Business,1,Airport Kiosk,Window,39,0
P5437,F1485,288.22,Family,Premium Economy,1,Airport Kiosk,Middle,119,0
P5438,F1539,349.2,Emergency,Economy,1,Airport Kiosk,Aisle,33,0
P5439,F841,495.26,Leisure,Economy,2,Mobile App,Window,77,1
P5440,F1408,455.15,Business,Premium Economy,0,Mobile App,Middle,116,0
P5441,F1651,445.26,Business,Economy,3,Mobile App,Window,56,0
P5442,F673,423.6,Family,Business,1,Mobile App,Window,26,0
P5443,F1083,296.41,Family,Economy,0,Airport Kiosk,Aisle,64,0
P5444,F993,163.75,Business,Economy,0,Mobile App,Middle,12,0
P5445,F676,494.68,Emergency,Economy,0,Online,Aisle,46,0
P5446,F1749,494.21,Emergency,Economy,0,Airport Kiosk,Window,100,0
P5447,F1803,412.4,Family,Economy,0,Mobile App,Middle,21,0
P5448,F838,317.83,Family,Business,0,Desk,Aisle,41,0
P5449,F1903,392.77,Emergency,First,2,Online,Window,99,1
P5450,F50,280.15,Family,Economy,0,Mobile App,Middle,17,0
P5451,F427,320.22,Business,Economy,0,Mobile App,Middle,28,0
P5452,F483,547.83,Business,Economy,2,Airport Kiosk,Aisle,54,1
P5453,F103,361.99,Emergency,Business,2,Airport Kiosk,Window,46,0
P5454,F986,665.65,Leisure,Economy,1,Desk,Aisle,58,0
P5455,F240,185.81,Business,First,0,Mobile App,Middle,35,0
P5456,F1543,424.76,Leisure,Business,0,Mobile App,Window,99,0
P5457,F1800,293.73,Emergency,Business,2,Airport Kiosk,Aisle,87,0
P5458,F1505,394.67,Emergency,Economy,1,Airport Kiosk,Window,100,0
P5459,F225,323.46,Emergency,Premium Economy,0,Desk,Aisle,99,0
P5460,F812,413.47,Leisure,Business,1,Online,Middle,91,0
P5461,F26,209.13,Family,Economy,1,Online,Aisle,45,0
P5462,F1625,415.57,Business,Economy,1,Online,Window,76,0
P5463,F1167,219.89,Leisure,Economy,0,Mobile App,Window,89,0
P5464,F1508,349.35,Family,Economy,2,Desk,Window,83,0
P5465,F750,253.31,Business,Business,1,Mobile App,Window,29,0
P5466,F1776,429.3,Emergency,Premium Economy,0,Online,Window,28,0
P5467,F1760,350.81,Leisure,Premium Economy,2,Online,Aisle,70,0
P5468,F778,485.16,Leisure,Business,1,Airport Kiosk,Middle,23,0
P5469,F209,261.96,Leisure,Economy,0,Desk,Aisle,21,0
P5470,F1336,289.3,Emergency,First,1,Mobile App,Aisle,1,0
P5471,F1877,411.02,Family,Premium Economy,4,Mobile App,Middle,6,0
P5472,F1169,274.83,Business,First,1,Online,Aisle,108,0
P5473,F1302,238.93,Business,Economy,1,Airport Kiosk,Aisle,97,0
P5474,F1687,490.86,Leisure,Economy,0,Mobile App,Window,2,0
P5475,F705,411.15,Business,Economy,2,Mobile App,Window,22,0
P5476,F81,250.55,Leisure,Premium Economy,2,Mobile App,Window,81,0
P5477,F502,534.99,Emergency,Economy,1,Online,Aisle,26,0
P5478,F444,505.57,Emergency,Economy,0,Online,Aisle,99,0
P5479,F108,448.05,Emergency,Premium Economy,0,Desk,Window,17,0
P5480,F471,366.74,Emergency,Economy,1,Online,Middle,54,0
P5481,F1530,259.27,Family,Economy,0,Desk,Middle,12,0
P5482,F431,436.92,Family,Economy,0,Airport Kiosk,Middle,31,0
P5483,F1164,116.2,Family,Premium Economy,2,Mobile App,Window,108,0
P5484,F1775,450.18,Family,Economy,1,Mobile App,Window,25,0
P5485,F651,203.92,Family,Economy,0,Mobile App,Middle,17,0
P5486,F1953,317.86,Emergency,Economy,0,Desk,Window,57,0
P5487,F927,335.25,Family,Premium Economy,2,Desk,Window,36,0
P5488,F23,445.88,Business,Economy,0,Airport Kiosk,Aisle,104,0
P5489,F1256,320.27,Business,Economy,0,Airport Kiosk,Aisle,54,0
P5490,F1930,312.49,Emergency,Economy,1,Desk,Window,82,0
P5491,F1354,296.76,Business,Premium Economy,0,Airport Kiosk,Aisle,6,0
P5492,F971,386.39,Business,Economy,1,Mobile App,Aisle,21,0
P5493,F1915,190.54,Business,Business,0,Desk,Middle,23,0
P5494,F1198,211.17,Leisure,Business,0,Online,Aisle,103,0
P5495,F1606,450.82,Emergency,Economy,1,Mobile App,Middle,107,0
P5496,F658,341.92,Leisure,Economy,0,Mobile App,Middle,93,0
P5497,F438,224.47,Business,Economy,0,Airport Kiosk,Window,53,0
P5498,F677,161.02,Leisure,Premium Economy,0,Airport Kiosk,Aisle,91,0
P5499,F1676,393.88,Business,Economy,1,Online,Window,107,0
P5500,F1583,197.55,Leisure,Premium Economy,2,Airport Kiosk,Window,0,0
P5501,F329,338.9,Family,Economy,0,Mobile App,Window,52,0
P5502,F666,361.1,Business,Economy,4,Online,Aisle,54,0
P5503,F1501,182.48,Family,Economy,0,Desk,Middle,45,0
P5504,F1969,230.49,Leisure,Economy,0,Airport Kiosk,Middle,25,0
P5505,F499,270.66,Family,Premium Economy,1,Airport Kiosk,Window,35,1
P5506,F850,385.31,Business,First,2,Desk,Window,69,0
P5507,F1733,302.28,Leisure,Economy,0,Airport Kiosk,Middle,98,0
P5508,F204,411.56,Leisure,Economy,1,Desk,Middle,42,0
P5509,F497,448.0,Family,Business,1,Online,Middle,8,0
P5510,F940,300.0,Business,Economy,2,Airport Kiosk,Aisle,9,0
P5511,F972,169.73,Business,First,1,Airport Kiosk,Window,95,0
P5512,F1545,286.8,Emergency,Economy,1,Online,Window,3,0
P5513,F1998,334.22,Business,Premium Economy,2,Online,Aisle,32,0
P5514,F1773,234.66,Leisure,Business,1,Mobile App,Middle,52,0
P5515,F150,255.0,Emergency,Premium Economy,1,Desk,Middle,17,0
P5516,F1294,237.03,Emergency,Economy,1,Airport Kiosk,Aisle,58,0
P5517,F1868,283.24,Leisure,Economy,0,Online,Middle,16,0
P5518,F1601,252.63,Family,Economy,1,Online,Window,15,0
P5519,F822,380.91,Emergency,Business,2,Online,Middle,51,0
P5520,F710,435.28,Emergency,Economy,0,Desk,Aisle,69,0
P5521,F1138,330.33,Leisure,Premium Economy,0,Desk,Middle,110,0
P5522,F1798,500.51,Business,Economy,1,Desk,Middle,80,0
P5523,F609,211.2,Family,Premium Economy,1,Airport Kiosk,Window,72,0
P5524,F362,382.12,Leisure,Business,1,Airport Kiosk,Middle,92,0
P5525,F1104,345.07,Emergency,Economy,1,Mobile App,Middle,23,1
P5526,F1853,218.06,Business,Premium Economy,1,Desk,Aisle,17,1
P5527,F1752,385.41,Business,Economy,2,Airport Kiosk,Window,10,0
P5528,F1289,412.3,Emergency,Economy,0,Airport Kiosk,Window,62,0
P5529,F251,388.09,Emergency,Premium Economy,0,Online,Aisle,74,0
P5530,F608,381.4,Business,Business,1,Airport Kiosk,Middle,117,0
P5531,F378,231.62,Family,Economy,0,Online,Middle,53,0
P5532,F1494,389.19,Leisure,Economy,0,Airport Kiosk,Window,116,0
P5533,F871,141.73,Business,Economy,0,Desk,Window,68,0
P5534,F1976,389.21,Family,Economy,2,Desk,Aisle,18,0
P5535,F1414,390.59,Leisure,Business,1,Online,Middle,34,0
P5536,F895,238.15,Family,Economy,0,Airport Kiosk,Aisle,12,0
P5537,F181,330.66,Family,First,0,Mobile App,Window,77,0
P5538,F1490,410.85,Leisure,Business,0,Mobile App,Window,41,0
P5539,F538,490.89,Business,Premium Economy,3,Online,Window,7,0
P5540,F1316,419.32,Leisure,Premium Economy,1,Online,Aisle,118,0
P5541,F292,229.73,Family,Business,0,Mobile App,Window,16,0
P5542,F1392,310.19,Leisure,Economy,2,Desk,Middle,77,0
P5543,F216,274.37,Business,Economy,1,Mobile App,Middle,51,0
P5544,F1328,309.86,Family,Premium Economy,2,Airport Kiosk,Aisle,80,0
P5545,F250,456.46,Emergency,First,0,Online,Aisle,51,0
P5546,F895,301.67,Leisure,Premium Economy,0,Mobile App,Aisle,119,0
P5547,F851,238.94,Business,Economy,2,Desk,Window,72,1
P5548,F1666,375.42,Leisure,Economy,1,Airport Kiosk,Window,12,0
P5549,F1798,445.42,Business,Economy,1,Airport Kiosk,Aisle,80,0
P5550,F772,208.53,Leisure,Economy,2,Desk,Window,51,0
P5551,F1551,116.27,Emergency,Economy,2,Online,Middle,91,0
P5552,F1963,441.06,Business,Business,1,Mobile App,Aisle,90,0
P5553,F1056,452.67,Emergency,Premium Economy,1,Online,Aisle,30,0
P5554,F1581,584.68,Business,Business,0,Mobile App,Aisle,116,0
P5555,F1107,362.54,Business,Economy,0,Airport Kiosk,Aisle,22,0
P5556,F182,576.43,Emergency,First,0,Airport Kiosk,Aisle,112,0
P5557,F42,362.62,Business,Economy,1,Airport Kiosk,Aisle,2,0
P5558,F420,439.47,Business,Economy,3,Desk,Middle,30,0
P5559,F483,304.57,Emergency,Economy,1,Online,Window,97,0
P5560,F314,505.76,Family,Premium Economy,1,Mobile App,Window,75,0
P5561,F161,441.41,Family,Business,1,Airport Kiosk,Middle,53,0
P5562,F1000,396.12,Emergency,Economy,1,Online,Window,109,1
P5563,F641,518.5,Business,Business,2,Mobile App,Window,69,0
P5564,F1691,264.22,Business,First,3,Online,Middle,69,0
P5565,F1074,212.77,Family,Economy,2,Desk,Aisle,75,0
P5566,F925,357.46,Emergency,Premium Economy,0,Online,Window,31,0
P5567,F1705,524.48,Business,Economy,1,Desk,Window,35,0
P5568,F1083,374.18,Emergency,Economy,0,Online,Aisle,78,0
P5569,F530,337.99,Emergency,Economy,0,Desk,Window,99,1
P5570,F1058,415.05,Business,Economy,1,Desk,Aisle,117,0
P5571,F1010,387.39,Emergency,Economy,1,Online,Aisle,47,0
P5572,F186,263.54,Emergency,Economy,1,Mobile App,Window,111,0
P5573,F1541,411.67,Business,Business,1,Airport Kiosk,Middle,73,0
P5574,F242,451.46,Family,Economy,0,Online,Aisle,114,0
P5575,F1981,470.47,Emergency,First,1,Mobile App,Window,23,0
P5576,F1076,399.61,Family,Economy,1,Desk,Middle,2,0
P5577,F570,326.33,Leisure,Premium Economy,1,Desk,Window,79,0
P5578,F455,460.83,Business,Economy,4,Online,Aisle,84,0
P5579,F745,296.23,Family,Business,0,Online,Window,5,0
P5580,F922,492.49,Emergency,Economy,2,Online,Middle,65,0
P5581,F315,321.07,Emergency,Economy,0,Online,Aisle,54,0
P5582,F1001,352.59,Emergency,Economy,1,Airport Kiosk,Middle,51,0
P5583,F1324,414.24,Family,Economy,0,Mobile App,Middle,70,0
P5584,F1805,295.7,Business,Premium Economy,2,Desk,Window,22,0
P5585,F282,438.59,Business,Economy,1,Mobile App,Middle,113,0
P5586,F1590,345.98,Emergency,First,0,Mobile App,Aisle,54,0
P5587,F1100,324.8,Emergency,Economy,1,Airport Kiosk,Middle,16,0
P5588,F1864,413.66,Leisure,Economy,0,Airport Kiosk,Middle,87,0
P5589,F216,352.75,Leisure,Economy,1,Mobile App,Aisle,41,0
P5590,F1480,455.8,Family,Premium Economy,2,Desk,Aisle,7,0
P5591,F211,636.53,Family,Economy,1,Online,Middle,26,0
P5592,F1588,235.53,Family,Premium Economy,2,Online,Middle,19,0
P5593,F1139,314.48,Emergency,Economy,0,Airport Kiosk,Aisle,24,0
P5594,F448,310.87,Leisure,Economy,2,Online,Middle,59,0
P5595,F1679,381.03,Emergency,Economy,0,Online,Middle,101,0
P5596,F60,561.96,Business,Economy,0,Mobile App,Middle,116,0
P5597,F1973,265.09,Business,Business,2,Mobile App,Window,80,1
P5598,F608,440.88,Emergency,Business,1,Online,Middle,45,0
P5599,F1504,364.02,Business,Business,0,Airport Kiosk,Window,100,0
P5600,F1508,249.3,Business,Economy,1,Online,Aisle,80,0
P5601,F892,325.46,Business,Business,0,Mobile App,Window,56,0
P5602,F24,231.2,Leisure,Business,1,Mobile App,Middle,117,0
P5603,F540,495.23,Business,Business,1,Airport Kiosk,Window,47,0
P5604,F493,308.38,Family,Economy,2,Airport Kiosk,Aisle,53,0
P5605,F1984,338.19,Business,Economy,0,Online,Window,98,0
P5606,F116,495.92,Emergency,Premium Economy,1,Online,Middle,71,0
P5607,F1726,463.18,Leisure,Premium Economy,0,Airport Kiosk,Window,74,0
P5608,F65,461.67,Family,Economy,1,Online,Middle,5,0
P5609,F323,355.7,Family,Business,1,Mobile App,Middle,30,0
P5610,F1296,299.45,Family,Premium Economy,2,Airport Kiosk,Middle,62,0
P5611,F1935,325.06,Emergency,Economy,0,Mobile App,Window,38,0
P5612,F1827,332.38,Emergency,Premium Economy,0,Online,Aisle,11,0
P5613,F1552,169.21,Leisure,Economy,2,Online,Window,63,0
P5614,F1995,457.59,Emergency,Business,0,Desk,Aisle,99,0
P5615,F1521,304.79,Family,Economy,0,Desk,Middle,57,0
P5616,F1913,123.16,Leisure,Premium Economy,0,Airport Kiosk,Window,61,0
P5617,F1608,366.4,Emergency,Business,1,Airport Kiosk,Aisle,81,0
P5618,F1142,221.75,Business,Premium Economy,1,Mobile App,Aisle,107,0
P5619,F156,377.81,Emergency,Economy,1,Airport Kiosk,Aisle,0,0
P5620,F1714,292.37,Business,Economy,0,Online,Aisle,56,0
P5621,F987,328.92,Family,Premium Economy,1,Desk,Aisle,102,0
P5622,F1771,432.12,Business,Premium Economy,0,Mobile App,Window,70,0
P5623,F205,404.58,Leisure,Economy,1,Online,Aisle,52,1
P5624,F1334,422.35,Family,Economy,0,Airport Kiosk,Middle,3,0
P5625,F1973,284.92,Emergency,Premium Economy,1,Airport Kiosk,Aisle,65,0
P5626,F391,387.95,Leisure,Economy,3,Mobile App,Aisle,106,0
P5627,F329,342.13,Family,Premium Economy,1,Desk,Aisle,40,0
P5628,F474,212.21,Business,Economy,0,Mobile App,Window,9,0
P5629,F1659,387.75,Emergency,Economy,1,Online,Window,83,0
P5630,F278,483.77,Leisure,Economy,2,Desk,Aisle,119,0
P5631,F964,194.58,Business,Premium Economy,2,Airport Kiosk,Middle,107,0
P5632,F508,187.6,Business,Economy,2,Desk,Window,2,0
P5633,F959,385.22,Leisure,Premium Economy,2,Desk,Aisle,98,0
P5634,F1648,287.73,Family,Economy,0,Desk,Aisle,55,0
P5635,F952,350.47,Leisure,Premium Economy,2,Desk,Window,96,0
P5636,F1334,484.69,Emergency,Premium Economy,0,Airport Kiosk,Window,114,0
P5637,F893,136.97,Emergency,Business,1,Online,Window,106,0
P5638,F760,284.54,Leisure,Economy,1,Airport Kiosk,Window,22,0
P5639,F1230,435.73,Family,Premium Economy,0,Online,Middle,34,0
P5640,F1033,176.84,Business,Business,1,Mobile App,Aisle,25,0
P5641,F1919,330.03,Family,Economy,1,Desk,Window,87,0
P5642,F1498,183.03,Family,Economy,0,Mobile App,Aisle,52,0
P5643,F335,343.77,Business,Premium Economy,1,Mobile App,Window,92,0
P5644,F616,238.07,Leisure,Economy,3,Airport Kiosk,Window,40,0
P5645,F987,234.28,Emergency,Business,1,Desk,Window,77,0
P5646,F1147,395.2,Family,Business,1,Online,Aisle,108,1
P5647,F853,370.84,Business,Premium Economy,0,Online,Window,10,0
P5648,F1038,287.78,Emergency,Economy,1,Desk,Aisle,48,0
P5649,F1202,316.82,Emergency,Economy,1,Airport Kiosk,Window,4,0
P5650,F369,366.48,Business,Economy,0,Online,Aisle,6,0
P5651,F1994,291.94,Leisure,Premium Economy,1,Mobile App,Middle,34,0
P5652,F1828,222.43,Business,Premium Economy,1,Desk,Middle,54,0
P5653,F1783,281.32,Business,Premium Economy,2,Online,Aisle,93,0
P5654,F1911,314.88,Family,Economy,0,Mobile App,Aisle,93,0
P5655,F1066,139.38,Leisure,Economy,1,Mobile App,Aisle,98,0
P5656,F210,142.99,Leisure,Economy,0,Desk,Aisle,80,0
P5657,F1325,316.26,Business,Premium Economy,0,Mobile App,Aisle,93,0
P5658,F505,417.67,Business,Economy,0,Online,Aisle,18,0
P5659,F1230,370.48,Emergency,Economy,1,Desk,Window,13,0
P5660,F421,393.85,Family,Economy,0,Online,Window,45,0
P5661,F58,304.14,Leisure,Business,1,Desk,Middle,79,0
P5662,F1130,304.37,Business,Economy,2,Desk,Window,2,0
P5663,F779,166.39,Leisure,Business,2,Desk,Window,33,0
P5664,F626,346.93,Leisure,Economy,1,Online,Aisle,81,0
P5665,F192,443.12,Family,Business,0,Online,Middle,43,0
P5666,F275,341.02,Business,Economy,0,Desk,Middle,23,0
P5667,F1791,449.88,Leisure,Economy,0,Desk,Window,48,0
P5668,F1562,249.87,Family,Economy,2,Desk,Aisle,66,0
P5669,F1791,254.13,Leisure,Premium Economy,3,Airport Kiosk,Aisle,31,0
P5670,F517,291.19,Leisure,Economy,1,Mobile App,Window,41,0
P5671,F466,480.15,Family,Economy,0,Mobile App,Aisle,98,0
P5672,F436,275.27,Leisure,Economy,1,Online,Middle,107,0
P5673,F1948,350.06,Leisure,Business,0,Online,Aisle,102,1
P5674,F1834,521.99,Leisure,Economy,0,Desk,Window,64,1
P5675,F372,500.37,Emergency,Economy,2,Desk,Aisle,13,0
P5676,F1781,485.3,Emergency,Premium Economy,1,Airport Kiosk,Middle,79,1
P5677,F1458,401.61,Emergency,Economy,1,Mobile App,Aisle,64,0
P5678,F583,340.16,Leisure,Economy,1,Online,Middle,66,0
P5679,F424,441.67,Business,Economy,1,Desk,Middle,87,0
P5680,F1765,163.27,Leisure,Premium Economy,0,Airport Kiosk,Middle,76,1
P5681,F1551,407.66,Leisure,Economy,1,Mobile App,Window,116,0
P5682,F1253,424.17,Business,Premium Economy,0,Online,Aisle,8,0
P5683,F1850,351.26,Emergency,Economy,5,Online,Aisle,77,0
P5684,F1583,208.02,Emergency,Business,0,Airport Kiosk,Aisle,86,0
P5685,F1542,279.41,Leisure,Premium Economy,2,Mobile App,Middle,23,0
P5686,F1623,437.38,Emergency,Economy,1,Online,Window,113,0
P5687,F1095,230.78,Family,Economy,2,Airport Kiosk,Aisle,103,0
P5688,F257,486.93,Family,Economy,3,Airport Kiosk,Window,57,0
P5689,F1324,548.77,Leisure,Business,0,Mobile App,Window,102,0
P5690,F1736,297.55,Emergency,Economy,1,Online,Middle,29,1
P5691,F471,292.59,Emergency,Business,1,Desk,Window,32,0
P5692,F681,263.73,Family,Business,1,Online,Window,2,0
P5693,F1968,273.96,Emergency,Economy,1,Airport Kiosk,Middle,14,0
P5694,F418,528.0,Leisure,Economy,0,Mobile App,Aisle,23,0
P5695,F1994,243.44,Emergency,Economy,0,Desk,Window,11,0
P5696,F1635,284.49,Business,Premium Economy,0,Airport Kiosk,Window,96,0
P5697,F1776,291.45,Emergency,Economy,2,Mobile App,Aisle,43,0
P5698,F275,268.82,Business,Economy,4,Mobile App,Aisle,9,0
P5699,F10,414.69,Business,Economy,0,Online,Middle,66,0
P5700,F1247,500.53,Leisure,Economy,1,Airport Kiosk,Window,18,0
P5701,F1357,297.68,Emergency,Economy,0,Desk,Middle,69,0
P5702,F338,313.15,Emergency,Economy,0,Desk,Window,89,0
P5703,F864,200.54,Emergency,Economy,1,Online,Window,52,0
P5704,F1009,362.24,Emergency,Business,4,Desk,Middle,14,0
P5705,F1785,437.6,Business,Premium Economy,2,Airport Kiosk,Window,78,0
P5706,F1113,430.77,Family,Economy,0,Desk,Middle,83,0
P5707,F992,455.65,Emergency,First,1,Mobile App,Window,91,0
P5708,F555,421.15,Emergency,Business,1,Mobile App,Middle,85,0
P5709,F1649,346.01,Emergency,Premium Economy,1,Desk,Middle,57,0
P5710,F1575,373.08,Business,First,0,Airport Kiosk,Window,92,0
P5711,F571,220.34,Family,Economy,1,Airport Kiosk,Window,115,0
P5712,F1280,406.48,Emergency,Business,2,Online,Window,67,0
P5713,F1096,204.87,Emergency,Premium Economy,1,Desk,Window,59,0
P5714,F29,480.73,Family,Economy,1,Online,Aisle,107,0
P5715,F1432,404.52,Business,Premium Economy,1,Airport Kiosk,Middle,9,0
P5716,F1752,300.71,Emergency,Economy,0,Mobile App,Window,35,0
P5717,F1850,311.65,Business,Business,1,Desk,Aisle,62,0
P5718,F1106,306.4,Business,Economy,1,Online,Middle,38,0
P5719,F1575,188.5,Family,Economy,1,Desk,Aisle,20,0
P5720,F331,496.61,Business,First,0,Mobile App,Aisle,18,0
P5721,F564,384.2,Family,Business,1,Mobile App,Middle,18,0
P5722,F1850,364.29,Emergency,Premium Economy,3,Desk,Middle,74,0
P5723,F307,343.02,Emergency,Economy,0,Online,Window,12,0
P5724,F1547,280.02,Emergency,Economy,0,Airport Kiosk,Aisle,33,0
P5725,F852,218.97,Leisure,Economy,0,Airport Kiosk,Aisle,38,0
P5726,F392,486.55,Emergency,Economy,1,Desk,Middle,82,0
P5727,F710,360.37,Business,Business,0,Airport Kiosk,Aisle,67,0
P5728,F1140,396.09,Emergency,Economy,1,Desk,Middle,87,1
P5729,F689,596.85,Family,Economy,2,Desk,Window,51,0
P5730,F1974,123.32,Emergency,Economy,1,Airport Kiosk,Window,118,0
P5731,F1910,239.75,Family,Economy,0,Online,Aisle,52,0
P5732,F97,227.34,Business,Premium Economy,0,Desk,Aisle,119,0
P5733,F1260,211.99,Leisure,Business,2,Airport Kiosk,Middle,20,0
P5734,F1557,413.27,Business,Economy,0,Mobile App,Aisle,97,0
P5735,F381,391.7,Family,Business,0,Airport Kiosk,Middle,22,1
P5736,F1630,242.55,Emergency,Economy,2,Airport Kiosk,Window,94,0
P5737,F285,353.58,Leisure,Economy,1,Desk,Window,32,0
P5738,F1604,387.52,Emergency,Economy,1,Desk,Middle,45,0
P5739,F22,323.81,Emergency,Economy,1,Airport Kiosk,Window,91,0
P5740,F214,205.66,Family,Economy,0,Mobile App,Window,91,0
P5741,F385,414.83,Business,Economy,0,Online,Aisle,12,0
P5742,F1786,339.94,Family,Economy,3,Desk,Middle,1,0
P5743,F1790,324.51,Business,Economy,0,Mobile App,Window,111,0
P5744,F155,269.25,Leisure,First,1,Desk,Aisle,84,0
P5745,F196,307.69,Leisure,Economy,1,Airport Kiosk,Aisle,51,0
P5746,F332,594.63,Family,Economy,0,Airport Kiosk,Window,98,0
P5747,F1254,539.88,Emergency,Premium Economy,1,Desk,Middle,70,0
P5748,F893,377.18,Business,First,0,Airport Kiosk,Window,89,0
P5749,F974,256.6,Leisure,Economy,1,Online,Window,57,0
P5750,F1738,350.42,Emergency,Business,0,Mobile App,Window,80,0
P5751,F724,348.77,Family,Economy,0,Mobile App,Middle,114,0
P5752,F300,325.69,Leisure,Premium Economy,0,Desk,Aisle,101,0
P5753,F974,285.73,Business,Premium Economy,1,Online,Aisle,109,0
P5754,F639,379.38,Business,Economy,1,Mobile App,Middle,79,0
P5755,F1255,533.59,Leisure,Economy,0,Airport Kiosk,Middle,27,0
P5756,F578,471.7,Family,Business,1,Desk,Aisle,60,0
P5757,F920,303.54,Family,Economy,0,Online,Aisle,22,0
P5758,F1553,368.67,Emergency,First,0,Airport Kiosk,Aisle,63,0
P5759,F1288,367.9,Business,Business,2,Airport Kiosk,Window,96,0
P5760,F586,340.97,Leisure,Economy,1,Mobile App,Middle,15,0
P5761,F1530,424.75,Family,Economy,1,Desk,Window,100,0
P5762,F1820,437.08,Business,Premium Economy,1,Online,Aisle,47,0
P5763,F306,530.84,Leisure,Economy,2,Mobile App,Window,8,0
P5764,F986,326.23,Leisure,Business,2,Mobile App,Aisle,101,0
P5765,F701,301.96,Family,Economy,0,Mobile App,Window,23,0
P5766,F1743,256.01,Business,First,1,Online,Aisle,62,0
P5767,F109,351.02,Family,First,0,Desk,Middle,6,0
P5768,F549,503.39,Family,Economy,1,Online,Window,27,0
P5769,F822,384.3,Family,Economy,1,Mobile App,Window,26,0
P5770,F937,294.7,Emergency,Premium Economy,1,Airport Kiosk,Middle,0,0
P5771,F1612,324.6,Business,Economy,0,Online,Window,33,0
P5772,F1000,356.37,Family,Economy,0,Online,Window,39,0
P5773,F195,503.49,Emergency,Premium Economy,0,Desk,Middle,12,1
P5774,F82,382.17,Family,Economy,1,Mobile App,Middle,117,0
P5775,F430,295.99,Leisure,Economy,1,Desk,Middle,65,1
P5776,F667,325.95,Family,Economy,1,Airport Kiosk,Aisle,118,0
P5777,F1122,217.91,Emergency,Premium Economy,3,Desk,Aisle,81,0
P5778,F793,332.7,Family,Economy,1,Mobile App,Middle,41,0
P5779,F812,466.15,Emergency,Economy,1,Desk,Middle,51,0
P5780,F1992,497.94,Family,Economy,1,Online,Aisle,118,0
P5781,F494,373.18,Leisure,Economy,0,Mobile App,Aisle,88,0
P5782,F563,499.9,Leisure,Economy,0,Desk,Window,41,1
P5783,F971,422.47,Business,Economy,2,Desk,Aisle,99,0
P5784,F808,464.87,Business,First,1,Mobile App,Aisle,50,0
P5785,F148,516.73,Emergency,Premium Economy,1,Mobile App,Middle,94,0
P5786,F375,262.05,Leisure,Economy,1,Online,Aisle,38,0
P5787,F107,368.74,Leisure,Premium Economy,3,Desk,Middle,9,0
P5788,F696,436.69,Family,Business,0,Airport Kiosk,Middle,116,0
P5789,F248,390.77,Family,Economy,2,Desk,Aisle,104,0
P5790,F472,289.2,Business,First,1,Mobile App,Window,15,0
P5791,F375,453.95,Emergency,Economy,1,Airport Kiosk,Middle,22,0
P5792,F397,559.37,Leisure,Economy,2,Online,Aisle,87,0
P5793,F1599,399.35,Leisure,Business,2,Mobile App,Middle,63,1
P5794,F1946,471.89,Business,Economy,0,Airport Kiosk,Window,2,0
P5795,F852,386.26,Leisure,First,1,Online,Middle,87,0
P5796,F964,155.34,Family,Business,1,Desk,Aisle,0,0
P5797,F31,445.12,Business,Business,1,Mobile App,Aisle,68,0
P5798,F1468,304.7,Business,Economy,2,Online,Window,68,0
P5799,F1636,182.97,Leisure,Economy,1,Desk,Window,117,0
P5800,F298,279.48,Emergency,Economy,1,Online,Window,61,0
P5801,F848,303.31,Emergency,Economy,1,Mobile App,Window,29,0
P5802,F1744,349.16,Family,Business,0,Mobile App,Window,76,0
P5803,F975,348.19,Business,Economy,1,Desk,Aisle,92,0
P5804,F1637,418.75,Family,Premium Economy,2,Desk,Middle,61,0
P5805,F1094,366.91,Business,Economy,0,Desk,Middle,46,0
P5806,F814,382.39,Emergency,Economy,1,Desk,Middle,116,0
P5807,F1032,373.7,Leisure,Economy,1,Airport Kiosk,Window,46,0
P5808,F313,440.86,Business,Economy,2,Online,Window,33,0
P5809,F549,394.23,Emergency,Economy,0,Mobile App,Middle,13,0
P5810,F1024,442.57,Leisure,Economy,1,Airport Kiosk,Window,22,0
P5811,F422,330.49,Leisure,Economy,2,Airport Kiosk,Window,40,0
P5812,F1554,208.78,Leisure,Economy,0,Mobile App,Middle,13,0
P5813,F322,458.06,Emergency,Economy,1,Online,Window,99,0
P5814,F780,345.25,Emergency,Economy,2,Mobile App,Middle,59,1
P5815,F1432,478.17,Family,First,0,Airport Kiosk,Middle,117,0
P5816,F1704,554.29,Family,Economy,0,Online,Window,90,0
P5817,F289,453.16,Emergency,Economy,0,Desk,Middle,94,0
P5818,F1742,453.47,Emergency,Premium Economy,0,Airport Kiosk,Middle,38,0
P5819,F1073,218.15,Family,Economy,2,Online,Middle,4,0
P5820,F1628,211.5,Family,Business,1,Mobile App,Window,59,0
P5821,F71,435.47,Emergency,Premium Economy,1,Mobile App,Middle,117,0
P5822,F1882,487.16,Business,Economy,1,Online,Middle,81,0
P5823,F193,387.63,Business,Business,0,Airport Kiosk,Aisle,29,0
P5824,F260,337.42,Leisure,Economy,0,Desk,Aisle,9,0
P5825,F975,352.42,Business,Economy,1,Online,Aisle,78,0
P5826,F946,453.4,Family,Business,0,Desk,Middle,53,0
P5827,F772,259.77,Business,Economy,3,Online,Middle,80,0
P5828,F1915,531.06,Leisure,Economy,2,Mobile App,Window,70,0
P5829,F72,467.52,Business,Economy,0,Mobile App,Aisle,93,0
P5830,F1364,414.43,Emergency,Economy,1,Online,Aisle,82,0
P5831,F1550,424.79,Family,Economy,1,Airport Kiosk,Window,36,0
P5832,F787,375.59,Emergency,Premium Economy,1,Mobile App,Middle,105,0
P5833,F1260,489.58,Family,Economy,1,Online,Middle,103,0
P5834,F301,453.78,Family,Premium Economy,2,Airport Kiosk,Aisle,24,0
P5835,F39,274.84,Business,Economy,1,Airport Kiosk,Aisle,77,0
P5836,F822,337.51,Business,Economy,1,Mobile App,Middle,41,0
P5837,F446,406.99,Family,Economy,0,Online,Aisle,104,0
P5838,F918,304.99,Emergency,Economy,0,Mobile App,Aisle,77,0
P5839,F686,460.84,Leisure,Economy,2,Mobile App,Aisle,2,0
P5840,F664,408.75,Emergency,Economy,2,Desk,Aisle,64,0
P5841,F781,411.35,Leisure,Business,2,Mobile App,Window,3,0
P5842,F895,283.63,Family,Business,2,Desk,Aisle,49,0
P5843,F1537,141.55,Family,Business,1,Airport Kiosk,Aisle,5,0
P5844,F323,264.56,Emergency,First,1,Airport Kiosk,Aisle,32,0
P5845,F1958,437.61,Leisure,Premium Economy,2,Desk,Window,53,0
P5846,F1104,340.64,Leisure,Business,1,Mobile App,Window,74,0
P5847,F480,236.51,Emergency,Premium Economy,0,Mobile App,Window,9,0
P5848,F376,400.54,Business,Economy,0,Desk,Window,86,0
P5849,F1801,281.45,Leisure,Premium Economy,1,Mobile App,Window,97,0
P5850,F1451,226.82,Leisure,Economy,2,Mobile App,Aisle,8,1
P5851,F1144,479.35,Family,Business,0,Mobile App,Middle,15,0
P5852,F490,261.64,Family,Economy,1,Desk,Aisle,14,0
P5853,F1940,462.9,Family,Business,0,Desk,Window,78,0
P5854,F59,404.61,Family,Business,1,Mobile App,Window,20,0
P5855,F1932,397.08,Emergency,Premium Economy,0,Mobile App,Aisle,38,0
P5856,F759,447.05,Emergency,First,0,Mobile App,Window,34,0
P5857,F1922,329.72,Emergency,Premium Economy,2,Airport Kiosk,Middle,89,1
P5858,F377,344.9,Business,Economy,3,Desk,Middle,25,0
P5859,F845,373.52,Emergency,Business,0,Online,Aisle,63,0
P5860,F1686,285.74,Family,Economy,3,Airport Kiosk,Middle,42,0
P5861,F253,495.68,Family,Premium Economy,0,Airport Kiosk,Aisle,25,0
P5862,F738,463.5,Business,Business,0,Desk,Window,82,0
P5863,F195,270.21,Leisure,Economy,1,Mobile App,Aisle,25,0
P5864,F1938,249.67,Family,Premium Economy,2,Online,Aisle,26,0
P5865,F770,380.49,Family,Economy,0,Airport Kiosk,Aisle,70,0
P5866,F1893,528.64,Family,Premium Economy,1,Online,Window,14,0
P5867,F1255,354.88,Emergency,Economy,1,Mobile App,Middle,4,0
P5868,F1574,335.2,Emergency,Economy,1,Mobile App,Middle,89,0
P5869,F84,470.7,Family,Business,0,Desk,Middle,24,0
P5870,F631,258.24,Leisure,Business,1,Airport Kiosk,Middle,47,0
P5871,F797,170.25,Emergency,Business,0,Desk,Aisle,41,0
P5872,F1403,153.37,Business,Premium Economy,1,Mobile App,Middle,15,0
P5873,F1420,422.64,Business,Premium Economy,1,Mobile App,Window,15,0
P5874,F81,367.16,Leisure,Economy,2,Mobile App,Aisle,12,0
P5875,F161,235.96,Business,Economy,0,Airport Kiosk,Middle,118,0
P5876,F1823,300.57,Business,Economy,2,Online,Window,47,0
P5877,F1172,348.43,Emergency,Premium Economy,0,Online,Aisle,56,0
P5878,F1362,441.18,Family,Economy,0,Mobile App,Middle,71,0
P5879,F69,286.39,Emergency,Economy,0,Mobile App,Aisle,77,0
P5880,F1710,385.11,Emergency,Economy,4,Desk,Window,67,0
P5881,F94,502.97,Leisure,Economy,1,Mobile App,Window,97,0
P5882,F11,307.11,Emergency,Premium Economy,1,Airport Kiosk,Middle,87,0
P5883,F1177,490.49,Business,Business,0,Online,Aisle,61,0
P5884,F1475,382.26,Leisure,Economy,1,Desk,Window,5,0
P5885,F1254,375.54,Business,Economy,0,Airport Kiosk,Aisle,100,0
P5886,F751,405.88,Business,Premium Economy,1,Desk,Aisle,94,0
P5887,F518,367.61,Emergency,First,0,Mobile App,Middle,23,0
P5888,F900,277.18,Family,Economy,3,Desk,Window,101,0
P5889,F1370,325.06,Family,Premium Economy,2,Mobile App,Middle,115,0
P5890,F1420,366.6,Leisure,Premium Economy,1,Desk,Middle,92,0
P5891,F1877,316.6,Leisure,Economy,3,Online,Aisle,51,0
P5892,F34,497.02,Emergency,Economy,2,Mobile App,Aisle,62,0
P5893,F1146,298.52,Business,Premium Economy,2,Airport Kiosk,Middle,67,0
P5894,F1718,297.07,Family,Business,2,Online,Window,38,0
P5895,F582,312.62,Business,Economy,0,Airport Kiosk,Middle,87,0
P5896,F1535,300.0,Business,Economy,0,Airport Kiosk,Window,41,0
P5897,F787,340.41,Business,Economy,0,Desk,Window,45,0
P5898,F504,374.73,Emergency,Economy,1,Online,Middle,107,0
P5899,F591,287.78,Business,Economy,0,Airport Kiosk,Middle,51,0
P5900,F1084,509.16,Business,Economy,0,Airport Kiosk,Window,65,1
P5901,F1046,489.36,Business,Economy,0,Desk,Middle,23,0
P5902,F1968,350.5,Family,Economy,0,Airport Kiosk,Aisle,106,0
P5903,F889,457.95,Leisure,Economy,2,Mobile App,Window,37,0
P5904,F1556,430.56,Emergency,Economy,0,Mobile App,Window,110,0
P5905,F597,268.56,Business,Economy,0,Mobile App,Middle,12,0
P5906,F310,231.29,Emergency,First,1,Desk,Aisle,14,0
P5907,F1502,330.86,Business,First,1,Online,Middle,99,0
P5908,F507,461.46,Leisure,Premium Economy,0,Airport Kiosk,Middle,104,0
P5909,F1972,357.06,Business,Economy,0,Online,Aisle,72,0
P5910,F984,337.46,Emergency,Economy,2,Airport Kiosk,Aisle,67,0
P5911,F1083,399.15,Emergency,Economy,2,Desk,Middle,44,0
P5912,F1671,288.96,Family,Economy,1,Desk,Window,33,0
P5913,F356,519.58,Leisure,First,0,Desk,Aisle,109,0
P5914,F179,190.29,Family,Economy,0,Airport Kiosk,Window,12,0
P5915,F431,139.31,Family,Economy,0,Online,Middle,18,0
P5916,F782,386.63,Business,Economy,0,Online,Middle,95,0
P5917,F1796,426.1,Emergency,First,0,Desk,Aisle,50,0
P5918,F1070,402.5,Business,Premium Economy,2,Airport Kiosk,Aisle,14,0
P5919,F1263,276.45,Emergency,Premium Economy,3,Online,Window,65,0
P5920,F629,419.98,Leisure,Economy,1,Airport Kiosk,Window,51,1
P5921,F962,368.84,Family,Economy,1,Desk,Window,29,0
P5922,F1687,419.34,Business,Economy,2,Airport Kiosk,Aisle,89,0
P5923,F1474,318.09,Family,Economy,1,Desk,Aisle,38,0
P5924,F1924,437.31,Business,Economy,0,Mobile App,Middle,64,0
P5925,F488,337.05,Emergency,First,0,Online,Window,86,0
P5926,F892,127.36,Business,Premium Economy,0,Online,Middle,116,0
P5927,F634,184.1,Business,Economy,0,Desk,Aisle,70,0
P5928,F372,519.6,Leisure,Business,1,Airport Kiosk,Middle,20,0
P5929,F1645,482.24,Business,Economy,2,Desk,Middle,113,0
P5930,F1710,437.07,Family,Economy,1,Online,Middle,79,0
P5931,F1280,374.88,Leisure,Economy,1,Mobile App,Aisle,20,0
P5932,F405,432.18,Leisure,Economy,1,Online,Window,35,0
P5933,F503,445.92,Family,Business,5,Online,Window,83,0
P5934,F1570,399.26,Family,Economy,1,Online,Aisle,13,0
P5935,F341,175.26,Emergency,Business,0,Desk,Middle,113,0
P5936,F646,317.32,Emergency,Premium Economy,3,Mobile App,Aisle,58,0
P5937,F295,437.67,Emergency,Business,0,Mobile App,Middle,78,0
P5938,F1613,393.93,Family,Economy,2,Airport Kiosk,Aisle,43,0
P5939,F1328,428.71,Family,Economy,4,Online,Aisle,40,0
P5940,F775,356.44,Emergency,Business,0,Mobile App,Window,15,0
P5941,F510,345.11,Family,Premium Economy,0,Airport Kiosk,Window,28,0
P5942,F1156,264.24,Leisure,Business,1,Online,Aisle,66,0
P5943,F273,504.52,Business,Business,2,Desk,Window,37,0
P5944,F1443,301.35,Family,Economy,0,Desk,Aisle,70,0
P5945,F188,302.13,Emergency,Premium Economy,1,Airport Kiosk,Middle,41,0
P5946,F784,58.64,Business,Premium Economy,1,Online,Middle,66,1
P5947,F1180,401.74,Business,Economy,0,Airport Kiosk,Window,29,0
P5948,F836,224.6,Emergency,Economy,0,Desk,Middle,29,0
P5949,F1554,203.28,Emergency,Economy,2,Online,Middle,119,0
P5950,F174,424.88,Leisure,Business,1,Online,Middle,25,0
P5951,F1581,392.73,Business,Economy,2,Desk,Aisle,29,0
P5952,F1410,413.23,Business,Economy,1,Mobile App,Window,28,0
P5953,F597,418.82,Emergency,Premium Economy,2,Online,Middle,33,0
P5954,F1867,160.57,Business,Economy,0,Desk,Aisle,49,0
P5955,F1823,461.3,Business,Economy,1,Airport Kiosk,Window,67,0
P5956,F1765,551.02,Leisure,Economy,0,Desk,Window,78,0
P5957,F936,204.18,Family,Economy,1,Mobile App,Middle,71,0
P5958,F594,271.18,Family,Economy,3,Desk,Middle,12,0
P5959,F811,292.81,Family,Economy,0,Desk,Window,13,0
P5960,F1269,257.04,Family,Economy,3,Mobile App,Middle,92,0
P5961,F1525,394.99,Emergency,First,2,Desk,Aisle,52,0
P5962,F797,438.02,Business,Business,1,Desk,Window,114,0
P5963,F1559,251.27,Family,Economy,2,Desk,Middle,82,0
P5964,F488,482.75,Business,Economy,1,Online,Middle,67,0
P5965,F1948,293.73,Business,Economy,1,Mobile App,Middle,1,0
P5966,F1294,276.89,Family,Economy,0,Online,Middle,47,0
P5967,F1091,541.23,Business,Economy,2,Airport Kiosk,Window,16,0
P5968,F1579,373.43,Emergency,Business,1,Desk,Window,94,0
P5969,F1483,269.03,Business,Premium Economy,0,Airport Kiosk,Middle,71,0
P5970,F198,380.01,Family,Premium Economy,0,Online,Middle,34,1
P5971,F1002,381.24,Emergency,Economy,0,Online,Window,38,0
P5972,F633,524.82,Family,Premium Economy,2,Airport Kiosk,Aisle,12,0
P5973,F357,224.56,Leisure,Business,1,Desk,Middle,44,0
P5974,F1997,309.68,Emergency,Business,0,Mobile App,Middle,35,0
P5975,F1547,180.69,Family,Economy,0,Online,Middle,17,0
P5976,F1551,528.4,Family,Economy,1,Mobile App,Window,42,1
P5977,F1189,353.41,Emergency,Economy,0,Online,Middle,97,0
P5978,F1150,470.19,Family,Premium Economy,0,Mobile App,Window,104,0
P5979,F283,408.1,Business,Economy,0,Desk,Middle,30,0
P5980,F1255,451.48,Family,Economy,0,Desk,Middle,58,0
P5981,F439,554.69,Leisure,Economy,0,Airport Kiosk,Aisle,26,0
P5982,F459,338.83,Emergency,Economy,2,Online,Window,48,0
P5983,F1250,165.06,Business,Business,1,Desk,Middle,31,0
P5984,F780,490.88,Leisure,Economy,0,Airport Kiosk,Aisle,34,0
P5985,F862,165.78,Business,Economy,0,Desk,Aisle,33,0
P5986,F1425,374.64,Business,Economy,0,Desk,Middle,18,0
P5987,F578,321.5,Business,Economy,0,Mobile App,Middle,38,0
P5988,F932,366.08,Business,Premium Economy,0,Airport Kiosk,Window,11,0
P5989,F1622,394.53,Leisure,Economy,2,Airport Kiosk,Aisle,48,0
P5990,F823,375.02,Emergency,Business,1,Online,Middle,95,0
P5991,F1868,431.49,Business,Economy,0,Desk,Middle,81,0
P5992,F1717,374.78,Family,Economy,0,Mobile App,Aisle,43,0
P5993,F970,368.31,Leisure,Premium Economy,1,Online,Window,8,0
P5994,F147,440.82,Leisure,Economy,1,Airport Kiosk,Window,97,0
P5995,F952,100.39,Family,First,0,Online,Aisle,116,0
P5996,F167,321.8,Business,Economy,2,Desk,Window,53,0
P5997,F1461,360.07,Emergency,Premium Economy,0,Desk,Aisle,101,0
P5998,F851,425.03,Emergency,Economy,0,Mobile App,Window,24,0
P5999,F868,573.3,Business,Premium Economy,0,Airport Kiosk,Middle,63,0
P6000,F640,307.94,Emergency,Premium Economy,1,Online,Middle,90,0
P6001,F466,331.05,Business,Economy,0,Airport Kiosk,Aisle,31,0
P6002,F1163,282.58,Family,Premium Economy,3,Desk,Aisle,18,0
P6003,F383,348.32,Leisure,Economy,0,Online,Window,119,0
P6004,F1116,366.29,Emergency,Premium Economy,0,Desk,Aisle,47,0
P6005,F1985,171.08,Business,Economy,0,Mobile App,Middle,15,0
P6006,F72,413.53,Emergency,Economy,1,Airport Kiosk,Middle,106,0
P6007,F1683,288.59,Business,Premium Economy,1,Online,Aisle,59,0
P6008,F1115,429.73,Business,Economy,1,Online,Middle,119,0
P6009,F1599,392.86,Leisure,Economy,1,Airport Kiosk,Middle,110,1
P6010,F1217,292.12,Leisure,Business,2,Airport Kiosk,Middle,76,0
P6011,F1668,246.06,Family,Economy,2,Mobile App,Middle,97,0
P6012,F1265,454.56,Business,Economy,1,Desk,Window,15,0
P6013,F1392,178.63,Emergency,Business,2,Desk,Middle,113,0
P6014,F175,266.68,Leisure,Business,0,Online,Window,85,0
P6015,F1927,414.21,Leisure,Economy,0,Mobile App,Aisle,5,0
P6016,F804,319.56,Leisure,Economy,1,Online,Aisle,86,0
P6017,F1007,376.44,Emergency,Economy,0,Airport Kiosk,Window,102,1
P6018,F1719,520.82,Leisure,Economy,1,Online,Aisle,31,0
P6019,F807,266.2,Leisure,Premium Economy,1,Airport Kiosk,Aisle,15,0
P6020,F356,334.51,Emergency,Premium Economy,0,Online,Middle,64,0
P6021,F1696,232.75,Business,Economy,0,Desk,Aisle,43,0
P6022,F897,174.99,Family,Business,0,Desk,Window,10,0
P6023,F10,543.06,Business,Economy,2,Mobile App,Aisle,42,0
P6024,F1463,356.18,Business,Premium Economy,1,Desk,Aisle,46,0
P6025,F363,477.27,Business,Economy,1,Online,Aisle,13,0
P6026,F746,323.78,Business,Business,0,Online,Window,61,0
P6027,F1037,342.35,Leisure,Business,1,Desk,Window,63,1
P6028,F1814,386.2,Family,Economy,0,Airport Kiosk,Middle,33,0
P6029,F861,370.84,Emergency,Premium Economy,3,Desk,Window,71,0
P6030,F1494,411.83,Family,Business,1,Online,Aisle,108,0
P6031,F393,395.1,Leisure,Economy,0,Airport Kiosk,Middle,68,1
P6032,F319,262.78,Family,Economy,0,Online,Aisle,85,0
P6033,F1484,388.9,Emergency,First,1,Online,Middle,30,1
P6034,F1003,343.53,Emergency,Economy,1,Desk,Middle,36,0
P6035,F198,293.43,Leisure,Economy,0,Airport Kiosk,Aisle,58,0
P6036,F1391,350.25,Leisure,Economy,0,Online,Aisle,43,0
P6037,F363,425.92,Emergency,Economy,1,Airport Kiosk,Aisle,52,0
P6038,F517,315.5,Business,Economy,0,Airport Kiosk,Aisle,118,0
P6039,F1441,362.99,Leisure,Economy,0,Airport Kiosk,Window,106,0
P6040,F88,426.27,Emergency,Economy,1,Mobile App,Middle,79,0
P6041,F260,343.85,Business,Premium Economy,0,Desk,Middle,63,0
P6042,F1836,395.19,Business,Economy,2,Airport Kiosk,Aisle,65,0
P6043,F129,346.08,Business,First,0,Online,Aisle,48,0
P6044,F1933,377.56,Emergency,Economy,0,Desk,Aisle,3,0
P6045,F710,361.34,Leisure,Economy,0,Online,Middle,1,0
P6046,F306,260.44,Family,Economy,3,Desk,Middle,61,0
P6047,F205,394.68,Business,Economy,2,Airport Kiosk,Aisle,25,0
P6048,F295,295.51,Leisure,Economy,1,Desk,Aisle,75,0
P6049,F188,482.14,Business,Business,2,Desk,Window,67,0
P6050,F1499,402.63,Emergency,Economy,0,Airport Kiosk,Window,54,0
P6051,F95,242.15,Emergency,Business,0,Online,Aisle,29,0
P6052,F1173,289.51,Business,Economy,1,Airport Kiosk,Window,18,0
P6053,F29,482.65,Business,Business,2,Airport Kiosk,Window,33,0
P6054,F1712,77.12,Business,Business,2,Mobile App,Window,40,0
P6055,F779,288.27,Business,Economy,1,Mobile App,Window,77,0
P6056,F1301,383.85,Business,Business,3,Desk,Window,58,0
P6057,F571,270.36,Leisure,Economy,0,Airport Kiosk,Window,114,0
P6058,F676,162.12,Business,Premium Economy,3,Mobile App,Middle,15,0
P6059,F83,258.28,Family,Economy,0,Online,Middle,110,0
P6060,F1027,324.81,Business,Premium Economy,2,Desk,Window,113,0
P6061,F898,271.25,Leisure,Economy,1,Desk,Middle,78,0
P6062,F1182,440.13,Emergency,Economy,1,Airport Kiosk,Window,73,0
P6063,F1538,279.07,Family,Economy,2,Online,Window,18,0
P6064,F248,220.67,Business,Business,1,Mobile App,Middle,49,0
P6065,F579,306.53,Business,Economy,1,Desk,Aisle,56,0
P6066,F414,296.68,Emergency,Economy,0,Airport Kiosk,Window,58,0
P6067,F706,340.66,Leisure,Economy,0,Online,Aisle,65,0
P6068,F346,487.56,Leisure,Economy,2,Online,Aisle,84,0
P6069,F1455,247.53,Emergency,Economy,2,Desk,Window,38,0
P6070,F1303,325.15,Emergency,Economy,0,Mobile App,Window,24,0
P6071,F238,332.69,Leisure,Premium Economy,1,Online,Middle,66,0
P6072,F1776,329.65,Business,Economy,0,Desk,Aisle,46,0
P6073,F398,268.75,Family,Economy,1,Mobile App,Middle,111,0
P6074,F1492,314.21,Family,Economy,2,Desk,Aisle,93,0
P6075,F778,415.62,Business,Premium Economy,2,Online,Window,95,0
P6076,F1244,416.35,Leisure,Premium Economy,1,Airport Kiosk,Middle,93,0
P6077,F1735,395.86,Leisure,Economy,0,Desk,Middle,97,0
P6078,F894,158.69,Emergency,Premium Economy,2,Mobile App,Window,12,0
P6079,F113,507.2,Emergency,Economy,2,Mobile App,Window,15,0
P6080,F408,456.23,Leisure,Economy,1,Online,Aisle,19,0
P6081,F722,275.61,Business,Premium Economy,0,Online,Window,109,0
P6082,F678,469.11,Family,Economy,0,Desk,Aisle,30,0
P6083,F1310,363.91,Emergency,First,1,Online,Window,82,1
P6084,F1728,275.55,Emergency,First,0,Online,Window,81,0
P6085,F780,363.72,Business,Economy,2,Mobile App,Window,95,0
P6086,F566,317.1,Emergency,Economy,1,Online,Middle,25,0
P6087,F242,319.99,Family,Economy,1,Airport Kiosk,Window,81,0
P6088,F1346,472.69,Business,First,2,Desk,Middle,31,0
P6089,F951,297.0,Business,Economy,0,Online,Window,19,0
P6090,F1122,372.13,Family,Economy,2,Mobile App,Middle,90,0
P6091,F1163,208.93,Business,Economy,1,Desk,Window,41,0
P6092,F1666,208.12,Business,Economy,2,Mobile App,Aisle,50,0
P6093,F1968,371.0,Emergency,Economy,0,Mobile App,Aisle,96,0
P6094,F703,266.83,Leisure,Economy,1,Mobile App,Middle,17,0
P6095,F1255,356.19,Emergency,Premium Economy,0,Mobile App,Aisle,111,0
P6096,F709,312.4,Emergency,Economy,3,Airport Kiosk,Aisle,113,0
P6097,F415,338.74,Business,Premium Economy,0,Mobile App,Window,54,0
P6098,F476,215.93,Emergency,Premium Economy,1,Mobile App,Middle,101,0
P6099,F1469,498.45,Business,Business,2,Airport Kiosk,Middle,111,0
P6100,F1757,317.16,Family,Premium Economy,0,Mobile App,Window,80,0
P6101,F202,146.92,Emergency,Economy,2,Desk,Aisle,85,0
P6102,F1555,237.63,Business,Premium Economy,1,Desk,Middle,83,0
P6103,F629,336.52,Business,Economy,1,Airport Kiosk,Aisle,108,0
P6104,F1156,308.5,Family,Economy,1,Airport Kiosk,Middle,39,0
P6105,F1504,439.88,Leisure,Economy,0,Airport Kiosk,Middle,56,0
P6106,F639,332.76,Business,Economy,2,Airport Kiosk,Window,54,0
P6107,F1898,294.0,Leisure,Economy,0,Online,Window,117,0
P6108,F373,346.11,Leisure,Economy,1,Online,Aisle,118,0
P6109,F1115,251.34,Leisure,Economy,1,Mobile App,Aisle,26,0
P6110,F673,328.01,Business,Economy,1,Mobile App,Window,13,0
P6111,F1824,339.57,Emergency,Economy,1,Online,Aisle,110,0
P6112,F1954,352.5,Leisure,Premium Economy,0,Desk,Aisle,88,0
P6113,F535,402.09,Leisure,Business,0,Desk,Window,66,0
P6114,F1196,398.7,Business,Economy,2,Airport Kiosk,Aisle,65,0
P6115,F279,385.4,Family,Business,2,Online,Aisle,78,0
P6116,F1564,416.68,Leisure,Premium Economy,2,Airport Kiosk,Aisle,4,0
P6117,F1707,377.27,Business,Economy,0,Desk,Window,95,0
P6118,F1832,48.18,Emergency,Economy,1,Online,Middle,19,0
P6119,F665,365.65,Emergency,Economy,0,Airport Kiosk,Middle,103,0
P6120,F1058,308.01,Emergency,Economy,2,Airport Kiosk,Middle,72,1
P6121,F1345,342.73,Emergency,Economy,2,Airport Kiosk,Middle,89,0
P6122,F351,229.72,Business,Premium Economy,3,Desk,Window,73,0
P6123,F885,461.4,Leisure,Economy,0,Mobile App,Middle,12,0
P6124,F821,341.98,Leisure,Economy,4,Desk,Window,26,0
P6125,F1654,264.75,Emergency,Economy,0,Mobile App,Middle,93,0
P6126,F356,315.96,Business,Economy,1,Mobile App,Window,48,0
P6127,F1864,330.13,Family,Economy,1,Desk,Middle,92,0
P6128,F375,259.57,Business,Business,0,Mobile App,Window,37,0
P6129,F1496,341.08,Business,Premium Economy,2,Airport Kiosk,Middle,70,0
P6130,F841,413.15,Leisure,First,3,Desk,Aisle,102,0
P6131,F82,329.65,Business,Economy,0,Mobile App,Middle,0,0
P6132,F711,297.56,Emergency,Economy,1,Mobile App,Middle,110,0
P6133,F328,287.5,Leisure,Premium Economy,2,Mobile App,Middle,36,0
P6134,F1827,335.79,Leisure,Economy,0,Mobile App,Aisle,29,0
P6135,F547,336.21,Leisure,Economy,1,Mobile App,Middle,107,1
P6136,F851,483.39,Business,Economy,1,Desk,Window,114,0
P6137,F1743,406.57,Family,Economy,0,Online,Window,30,0
P6138,F1248,384.61,Leisure,Economy,1,Desk,Middle,111,0
P6139,F98,637.18,Family,Economy,0,Airport Kiosk,Window,44,0
P6140,F1768,362.71,Business,Business,0,Mobile App,Window,15,0
P6141,F1558,243.8,Emergency,Economy,0,Desk,Middle,37,0
P6142,F366,463.53,Business,Premium Economy,1,Desk,Window,107,0
P6143,F1606,388.25,Business,Business,2,Airport Kiosk,Middle,0,0
P6144,F1988,261.53,Business,Premium Economy,1,Mobile App,Aisle,6,1
P6145,F620,425.49,Emergency,Economy,1,Desk,Aisle,0,0
P6146,F559,472.05,Emergency,Economy,1,Desk,Middle,81,0
P6147,F863,329.23,Business,Economy,2,Desk,Aisle,38,0
P6148,F901,533.07,Family,Economy,1,Online,Aisle,85,0
P6149,F1292,236.06,Business,First,0,Online,Window,33,0
P6150,F1244,383.32,Leisure,Premium Economy,3,Online,Aisle,50,0
P6151,F1271,344.1,Emergency,Economy,0,Desk,Aisle,96,0
P6152,F1152,491.75,Emergency,First,2,Desk,Middle,83,0
P6153,F280,425.38,Family,Business,0,Airport Kiosk,Window,98,0
P6154,F896,196.43,Business,Economy,2,Online,Aisle,87,0
P6155,F837,340.56,Emergency,Economy,3,Online,Aisle,59,0
P6156,F1011,475.57,Family,Premium Economy,3,Online,Aisle,68,0
P6157,F1263,175.75,Emergency,Economy,2,Desk,Aisle,58,0
P6158,F1455,305.79,Family,Economy,0,Online,Aisle,43,0
P6159,F915,263.75,Emergency,Economy,0,Online,Aisle,72,0
P6160,F123,167.99,Leisure,Economy,3,Online,Window,51,0
P6161,F1813,322.0,Business,Business,3,Mobile App,Aisle,33,0
P6162,F1477,430.73,Leisure,Business,0,Mobile App,Middle,107,0
P6163,F1830,446.48,Family,Economy,1,Mobile App,Window,35,0
P6164,F848,322.13,Business,Business,2,Desk,Window,109,0
P6165,F1189,90.9,Emergency,Economy,0,Online,Aisle,83,0
P6166,F1249,456.48,Leisure,Premium Economy,1,Mobile App,Middle,60,0
P6167,F330,367.12,Business,Economy,0,Mobile App,Aisle,10,0
P6168,F1993,286.54,Leisure,Economy,2,Mobile App,Window,100,0
P6169,F848,390.91,Emergency,Economy,3,Online,Middle,80,0
P6170,F1614,382.11,Leisure,Economy,1,Mobile App,Aisle,60,0
P6171,F340,322.94,Leisure,Business,0,Desk,Aisle,110,0
P6172,F550,340.44,Family,Economy,0,Airport Kiosk,Middle,62,0
P6173,F526,251.75,Emergency,Business,2,Mobile App,Window,58,0
P6174,F116,443.24,Leisure,Economy,1,Mobile App,Aisle,39,0
P6175,F408,322.33,Family,Economy,1,Airport Kiosk,Aisle,105,0
P6176,F1161,463.85,Business,Economy,1,Mobile App,Window,60,0
P6177,F1798,290.59,Emergency,Economy,1,Mobile App,Aisle,4,0
P6178,F1067,323.38,Emergency,Economy,3,Online,Window,71,0
P6179,F1474,282.86,Family,Business,1,Online,Middle,37,0
P6180,F88,132.3,Family,Economy,1,Online,Window,9,0
P6181,F1828,308.19,Business,Premium Economy,2,Mobile App,Middle,39,1
P6182,F1216,331.77,Leisure,Premium Economy,2,Mobile App,Middle,1,0
P6183,F180,335.11,Business,Economy,2,Mobile App,Middle,6,0
P6184,F210,376.03,Business,Business,0,Airport Kiosk,Window,64,0
P6185,F1635,449.76,Family,Economy,2,Airport Kiosk,Middle,77,0
P6186,F244,274.73,Emergency,Economy,0,Desk,Window,118,0
P6187,F1914,448.96,Emergency,First,1,Desk,Aisle,19,0
P6188,F1276,297.08,Emergency,Economy,2,Airport Kiosk,Window,72,0
P6189,F1976,411.41,Emergency,Economy,3,Airport Kiosk,Window,105,0
P6190,F1925,398.24,Emergency,Economy,1,Mobile App,Aisle,62,0
P6191,F1346,365.71,Leisure,Business,0,Airport Kiosk,Window,29,0
P6192,F1366,487.02,Emergency,Economy,3,Mobile App,Window,107,0
P6193,F722,274.89,Business,Economy,0,Online,Aisle,24,0
P6194,F1952,367.49,Business,First,1,Mobile App,Window,113,0
P6195,F822,202.51,Emergency,Economy,2,Online,Middle,31,0
P6196,F324,337.2,Business,Economy,0,Desk,Window,7,0
P6197,F1988,202.2,Leisure,Premium Economy,2,Mobile App,Middle,107,0
P6198,F878,289.88,Family,Economy,0,Mobile App,Middle,117,0
P6199,F1674,315.1,Business,Economy,3,Airport Kiosk,Middle,25,0
P6200,F1950,474.9,Family,Business,2,Mobile App,Middle,115,1
P6201,F1894,459.45,Leisure,Economy,2,Desk,Aisle,31,1
P6202,F351,311.5,Emergency,Economy,1,Mobile App,Aisle,57,0
P6203,F1832,491.16,Family,Economy,0,Desk,Window,84,0
P6204,F1216,481.22,Family,Business,0,Airport Kiosk,Aisle,78,0
P6205,F717,408.67,Emergency,Business,2,Desk,Window,78,0
P6206,F178,262.55,Business,Business,2,Airport Kiosk,Window,116,0
P6207,F1092,468.9,Family,Economy,1,Online,Aisle,61,0
P6208,F1710,206.67,Family,Business,0,Airport Kiosk,Middle,41,0
P6209,F1314,331.49,Business,Economy,2,Mobile App,Aisle,81,0
P6210,F1068,578.19,Emergency,Economy,0,Mobile App,Aisle,108,0
P6211,F78,499.48,Business,Economy,0,Airport Kiosk,Middle,62,0
P6212,F1586,426.45,Family,Economy,0,Airport Kiosk,Aisle,88,0
P6213,F1018,251.32,Leisure,Economy,2,Airport Kiosk,Middle,106,0
P6214,F1123,426.19,Leisure,Business,2,Online,Aisle,94,0
P6215,F1031,412.86,Business,Economy,2,Online,Aisle,8,0
P6216,F1037,381.34,Leisure,Business,0,Airport Kiosk,Aisle,95,0
P6217,F1555,388.65,Business,Premium Economy,1,Airport Kiosk,Window,49,0
P6218,F382,426.67,Family,Premium Economy,0,Online,Window,71,0
P6219,F1414,118.26,Family,Economy,1,Online,Middle,67,0
P6220,F1959,368.66,Leisure,Economy,1,Mobile App,Aisle,114,0
P6221,F925,288.93,Business,Economy,2,Airport Kiosk,Aisle,73,0
P6222,F808,264.19,Emergency,Economy,1,Airport Kiosk,Middle,67,0
P6223,F1048,178.9,Business,First,0,Online,Aisle,85,1
P6224,F1077,247.91,Leisure,Business,1,Airport Kiosk,Window,79,0
P6225,F766,393.79,Family,Premium Economy,3,Mobile App,Middle,32,0
P6226,F96,381.65,Emergency,Economy,1,Online,Middle,74,1
P6227,F1907,359.68,Emergency,Economy,1,Airport Kiosk,Middle,114,0
P6228,F1442,299.94,Leisure,Premium Economy,0,Airport Kiosk,Aisle,7,0
P6229,F115,507.0,Emergency,Economy,0,Mobile App,Aisle,97,0
P6230,F265,417.6,Leisure,Premium Economy,0,Airport Kiosk,Aisle,50,0
P6231,F1744,330.75,Leisure,Business,1,Online,Window,69,0
P6232,F1431,400.43,Emergency,Business,2,Airport Kiosk,Window,80,0
P6233,F1545,376.66,Family,Economy,2,Airport Kiosk,Window,80,0
P6234,F1754,289.71,Business,Economy,1,Airport Kiosk,Middle,33,0
P6235,F485,456.62,Family,Economy,0,Online,Window,23,0
P6236,F937,276.25,Family,Economy,1,Mobile App,Window,92,0
P6237,F1867,343.46,Business,Economy,0,Desk,Window,28,0
P6238,F704,383.08,Leisure,Premium Economy,1,Airport Kiosk,Window,49,0
P6239,F1884,399.41,Business,Premium Economy,4,Mobile App,Aisle,110,0
P6240,F1247,432.74,Leisure,Economy,2,Desk,Aisle,43,0
P6241,F1433,312.15,Leisure,Economy,2,Online,Aisle,42,0
P6242,F35,310.36,Leisure,Economy,1,Mobile App,Middle,118,0
P6243,F1044,363.82,Business,Economy,1,Mobile App,Middle,67,0
P6244,F975,397.79,Emergency,Premium Economy,0,Mobile App,Middle,12,0
P6245,F1009,471.83,Business,Economy,5,Online,Aisle,11,0
P6246,F964,390.54,Family,Business,2,Mobile App,Middle,74,0
P6247,F1080,456.22,Family,Economy,0,Mobile App,Middle,85,0
P6248,F1694,350.1,Family,Economy,3,Airport Kiosk,Window,67,0
P6249,F1042,233.55,Leisure,Economy,2,Desk,Middle,74,0
P6250,F1518,329.41,Family,Business,2,Desk,Aisle,112,0
P6251,F1598,376.54,Family,Premium Economy,2,Airport Kiosk,Window,116,0
P6252,F988,448.22,Family,Economy,1,Mobile App,Window,95,1
P6253,F1184,312.51,Leisure,Economy,0,Online,Aisle,19,0
P6254,F975,376.43,Leisure,Economy,1,Online,Window,22,0
P6255,F264,408.21,Emergency,Business,0,Airport Kiosk,Window,56,0
P6256,F520,197.91,Leisure,Economy,1,Desk,Window,5,0
P6257,F1878,435.79,Emergency,Economy,1,Desk,Middle,77,0
P6258,F817,367.78,Business,Premium Economy,2,Mobile App,Middle,44,0
P6259,F79,404.12,Emergency,Premium Economy,0,Airport Kiosk,Window,29,0
P6260,F1392,356.75,Business,Economy,1,Desk,Window,91,0
P6261,F1430,426.45,Family,Economy,1,Desk,Window,13,0
P6262,F1796,362.47,Emergency,First,0,Airport Kiosk,Middle,16,0
P6263,F209,112.71,Emergency,Premium Economy,2,Online,Middle,118,0
P6264,F626,275.22,Leisure,Premium Economy,1,Mobile App,Window,64,0
P6265,F1626,330.26,Family,Economy,0,Airport Kiosk,Middle,14,0
P6266,F973,408.92,Emergency,Economy,0,Online,Aisle,28,0
P6267,F1105,439.4,Family,Business,4,Airport Kiosk,Middle,18,0
P6268,F1838,441.75,Business,Economy,2,Online,Window,5,1
P6269,F958,275.13,Family,Economy,1,Desk,Middle,28,0
P6270,F1952,250.41,Business,Economy,1,Mobile App,Middle,23,0
P6271,F568,415.44,Business,Premium Economy,1,Mobile App,Aisle,13,0
P6272,F659,374.52,Family,Economy,1,Airport Kiosk,Middle,97,0
P6273,F242,205.98,Leisure,Business,0,Mobile App,Window,21,0
P6274,F1297,363.23,Emergency,Economy,2,Desk,Aisle,94,0
P6275,F1350,317.88,Business,Business,0,Mobile App,Window,19,0
P6276,F742,263.62,Business,Premium Economy,2,Airport Kiosk,Aisle,85,1
P6277,F39,338.8,Emergency,Economy,2,Online,Middle,94,0
P6278,F287,391.59,Emergency,Economy,2,Mobile App,Middle,7,0
P6279,F1973,249.72,Emergency,Economy,0,Online,Window,85,0
P6280,F584,268.83,Leisure,Economy,1,Desk,Middle,106,0
P6281,F1301,234.49,Emergency,Economy,0,Desk,Middle,111,0
P6282,F1541,391.99,Business,Economy,2,Desk,Window,34,0
P6283,F1090,321.55,Business,First,0,Online,Window,85,0
P6284,F946,363.38,Family,Economy,0,Mobile App,Window,48,0
P6285,F796,199.86,Emergency,Business,0,Airport Kiosk,Window,50,0
P6286,F1980,327.88,Business,Economy,1,Airport Kiosk,Middle,3,1
P6287,F1193,278.8,Emergency,Premium Economy,1,Desk,Window,14,0
P6288,F890,476.58,Leisure,Economy,0,Online,Middle,84,0
P6289,F1696,387.18,Business,Economy,1,Desk,Aisle,10,0
P6290,F173,226.86,Leisure,Economy,1,Airport Kiosk,Window,87,0
P6291,F1903,381.94,Leisure,Economy,0,Desk,Middle,65,0
P6292,F1236,286.77,Family,Economy,2,Desk,Window,82,0
P6293,F289,351.89,Leisure,Economy,0,Airport Kiosk,Window,14,0
P6294,F210,400.85,Emergency,Economy,0,Mobile App,Middle,79,0
P6295,F1169,339.86,Leisure,Economy,0,Airport Kiosk,Middle,97,0
P6296,F1340,507.8,Emergency,Premium Economy,1,Mobile App,Window,18,0
P6297,F1993,362.85,Leisure,Premium Economy,1,Mobile App,Window,110,0
P6298,F1080,352.19,Emergency,Premium Economy,0,Airport Kiosk,Middle,58,0
P6299,F1335,316.34,Business,Economy,2,Mobile App,Window,107,0
P6300,F622,441.63,Leisure,Economy,3,Mobile App,Window,78,0
P6301,F1018,293.76,Family,Economy,1,Mobile App,Window,28,0
P6302,F782,451.46,Leisure,Premium Economy,1,Mobile App,Window,97,0
P6303,F320,320.91,Emergency,Economy,1,Mobile App,Middle,18,0
P6304,F1401,297.36,Emergency,Premium Economy,0,Desk,Window,7,0
P6305,F200,252.68,Family,Economy,1,Mobile App,Middle,91,0
P6306,F110,303.55,Leisure,First,0,Airport Kiosk,Aisle,87,0
P6307,F374,372.67,Business,Economy,0,Airport Kiosk,Window,46,0
P6308,F133,429.76,Family,Business,1,Mobile App,Middle,5,0
P6309,F1023,461.22,Leisure,Economy,3,Airport Kiosk,Window,85,0
P6310,F1758,552.45,Emergency,Business,4,Desk,Aisle,57,0
P6311,F846,349.88,Business,Economy,2,Online,Middle,9,0
P6312,F313,298.46,Emergency,Business,1,Airport Kiosk,Aisle,111,0
P6313,F1467,355.18,Leisure,Economy,0,Mobile App,Window,88,0
P6314,F1651,229.04,Emergency,Business,0,Airport Kiosk,Window,39,0
P6315,F1302,325.96,Business,Economy,1,Online,Window,102,0
P6316,F931,370.98,Leisure,Premium Economy,2,Mobile App,Middle,33,0
P6317,F1024,540.86,Leisure,Economy,2,Airport Kiosk,Middle,39,0
P6318,F448,403.49,Leisure,Economy,1,Airport Kiosk,Window,15,0
P6319,F1154,443.19,Leisure,Economy,1,Online,Aisle,5,0
P6320,F54,516.4,Business,Economy,0,Online,Middle,21,0
P6321,F515,458.2,Business,Economy,2,Mobile App,Aisle,116,0
P6322,F1630,422.93,Emergency,Premium Economy,1,Online,Window,21,0
P6323,F1941,326.28,Emergency,Premium Economy,1,Desk,Middle,11,0
P6324,F228,496.92,Business,Premium Economy,2,Desk,Aisle,73,0
P6325,F307,289.67,Family,Premium Economy,1,Desk,Aisle,6,0
P6326,F476,389.71,Family,Business,0,Desk,Window,43,0
P6327,F523,256.41,Business,First,2,Airport Kiosk,Aisle,74,0
P6328,F1086,335.25,Business,Premium Economy,0,Airport Kiosk,Window,74,0
P6329,F331,295.68,Leisure,Economy,0,Online,Aisle,6,0
P6330,F1839,374.09,Family,Business,0,Online,Aisle,39,0
P6331,F1439,263.03,Business,Premium Economy,1,Mobile App,Aisle,68,0
P6332,F699,334.63,Family,Premium Economy,0,Airport Kiosk,Middle,117,0
P6333,F1679,291.49,Leisure,Business,0,Desk,Middle,108,0
P6334,F707,276.78,Emergency,Economy,1,Desk,Middle,24,0
P6335,F1113,361.5,Family,Premium Economy,0,Mobile App,Window,36,0
P6336,F1353,339.87,Emergency,Economy,1,Desk,Aisle,19,0
P6337,F739,570.78,Family,Economy,0,Online,Aisle,56,0
P6338,F1329,358.43,Business,Economy,2,Airport Kiosk,Middle,46,1
P6339,F1265,395.47,Leisure,Premium Economy,1,Airport Kiosk,Aisle,84,0
P6340,F1689,526.28,Family,Premium Economy,1,Online,Window,44,0
P6341,F977,421.66,Business,Business,2,Online,Window,46,0
P6342,F1579,461.76,Emergency,Business,1,Online,Aisle,2,0
P6343,F224,512.28,Leisure,Economy,0,Airport Kiosk,Window,34,0
P6344,F1293,418.94,Business,Economy,2,Online,Middle,81,0
P6345,F1369,357.29,Business,Premium Economy,0,Mobile App,Window,66,0
P6346,F28,578.09,Emergency,Economy,0,Desk,Window,34,1
P6347,F747,443.76,Family,Economy,0,Online,Window,20,0
P6348,F715,308.28,Emergency,Economy,0,Desk,Middle,82,0
P6349,F1489,438.42,Family,Economy,0,Online,Middle,89,0
P6350,F106,293.15,Leisure,Economy,0,Online,Middle,30,0
P6351,F1867,317.3,Business,Premium Economy,1,Mobile App,Window,65,0
P6352,F38,384.5,Leisure,Economy,0,Airport Kiosk,Aisle,113,0
P6353,F1632,327.96,Family,Economy,1,Desk,Aisle,97,0
P6354,F1959,337.41,Family,Economy,0,Airport Kiosk,Middle,112,0
P6355,F1178,469.51,Business,Economy,0,Online,Window,96,0
P6356,F1115,295.79,Business,Business,1,Desk,Aisle,18,0
P6357,F636,375.98,Family,Business,1,Airport Kiosk,Middle,106,0
P6358,F1300,473.67,Business,Economy,3,Online,Middle,107,0
P6359,F213,332.51,Leisure,Economy,4,Airport Kiosk,Aisle,93,0
P6360,F1903,420.82,Leisure,Premium Economy,1,Airport Kiosk,Window,93,0
P6361,F652,262.7,Family,First,1,Online,Middle,11,0
P6362,F1771,289.21,Business,Economy,0,Mobile App,Aisle,118,0
P6363,F1681,474.2,Family,Business,2,Desk,Middle,98,0
P6364,F698,327.36,Business,Economy,1,Desk,Middle,106,0
P6365,F129,259.32,Emergency,Economy,1,Desk,Aisle,12,0
P6366,F104,219.18,Emergency,Economy,3,Online,Aisle,19,0
P6367,F1008,219.41,Family,Economy,2,Desk,Window,52,0
P6368,F1094,294.4,Leisure,Business,0,Online,Middle,56,0
P6369,F907,417.05,Family,Premium Economy,2,Airport Kiosk,Aisle,83,0
P6370,F1324,277.05,Leisure,Premium Economy,0,Desk,Aisle,98,0
P6371,F1800,451.58,Leisure,Premium Economy,0,Desk,Middle,107,0
P6372,F306,245.0,Business,Economy,0,Mobile App,Aisle,29,0
P6373,F1166,250.62,Family,Economy,0,Mobile App,Middle,90,0
P6374,F44,322.39,Family,Economy,2,Mobile App,Window,85,0
P6375,F1629,338.2,Leisure,Economy,0,Airport Kiosk,Aisle,32,0
P6376,F1707,409.94,Business,Business,1,Online,Middle,24,0
P6377,F1491,433.6,Leisure,Economy,3,Online,Middle,51,0
P6378,F1099,407.06,Business,Economy,0,Desk,Aisle,0,0
P6379,F821,400.49,Business,Economy,0,Mobile App,Aisle,109,0
P6380,F813,507.47,Emergency,Economy,0,Desk,Aisle,39,0
P6381,F1460,472.02,Leisure,Economy,0,Airport Kiosk,Aisle,97,0
P6382,F1226,320.36,Business,Economy,1,Online,Middle,84,0
P6383,F595,381.57,Leisure,Economy,1,Desk,Aisle,74,0
P6384,F869,443.34,Family,Economy,0,Desk,Aisle,59,0
P6385,F985,447.99,Business,Economy,1,Mobile App,Middle,29,0
P6386,F137,512.63,Family,Premium Economy,3,Airport Kiosk,Window,39,0
P6387,F872,349.91,Emergency,First,0,Mobile App,Window,73,0
P6388,F901,405.9,Leisure,First,0,Mobile App,Window,91,0
P6389,F1200,431.49,Business,Economy,1,Desk,Aisle,4,0
P6390,F1985,232.06,Business,Economy,0,Online,Aisle,44,0
P6391,F509,333.56,Family,Economy,1,Airport Kiosk,Middle,117,0
P6392,F503,417.59,Business,Business,1,Mobile App,Middle,60,0
P6393,F321,237.48,Emergency,Business,1,Mobile App,Aisle,17,0
P6394,F1568,375.77,Leisure,Economy,0,Online,Aisle,6,0
P6395,F1236,332.06,Family,Economy,2,Mobile App,Aisle,32,0
P6396,F1632,235.86,Emergency,First,1,Desk,Middle,11,0
P6397,F688,433.09,Leisure,First,2,Mobile App,Window,61,0
P6398,F1195,197.95,Business,Business,1,Desk,Middle,5,0
P6399,F1616,545.01,Leisure,Business,0,Online,Aisle,115,0
P6400,F143,407.46,Emergency,Premium Economy,3,Desk,Aisle,46,0
P6401,F430,413.34,Emergency,First,3,Mobile App,Aisle,92,0
P6402,F646,349.38,Family,Economy,4,Desk,Window,39,0
P6403,F801,419.35,Emergency,Economy,2,Online,Window,21,1
P6404,F124,325.1,Family,Economy,1,Airport Kiosk,Middle,12,0
P6405,F218,184.39,Family,Economy,1,Online,Middle,20,0
P6406,F1153,377.87,Business,Economy,0,Airport Kiosk,Middle,41,0
P6407,F543,242.62,Family,Premium Economy,0,Mobile App,Aisle,103,0
P6408,F1524,228.44,Business,Economy,1,Mobile App,Middle,48,0
P6409,F977,244.99,Family,Economy,0,Mobile App,Aisle,67,0
P6410,F1898,304.94,Leisure,Economy,2,Airport Kiosk,Window,13,0
P6411,F933,268.75,Emergency,Business,1,Online,Window,45,0
P6412,F1070,633.79,Leisure,Economy,2,Desk,Middle,50,0
P6413,F1754,321.42,Emergency,Economy,1,Mobile App,Middle,63,0
P6414,F538,444.19,Family,Economy,2,Airport Kiosk,Window,47,0
P6415,F185,500.42,Emergency,Economy,0,Airport Kiosk,Aisle,59,0
P6416,F1276,329.99,Family,Premium Economy,2,Airport Kiosk,Aisle,32,0
P6417,F508,439.78,Emergency,Premium Economy,0,Airport Kiosk,Aisle,107,0
P6418,F764,262.08,Business,First,3,Desk,Aisle,45,0
P6419,F1502,530.35,Leisure,Economy,4,Online,Window,100,0
P6420,F1668,126.64,Family,Economy,1,Mobile App,Aisle,79,0
P6421,F1669,462.1,Business,Premium Economy,4,Desk,Middle,1,0
P6422,F976,441.3,Family,Economy,2,Airport Kiosk,Aisle,49,0
P6423,F1454,447.97,Leisure,Economy,2,Mobile App,Window,50,0
P6424,F1845,186.57,Family,Economy,1,Airport Kiosk,Aisle,73,0
P6425,F891,289.14,Leisure,Economy,2,Airport Kiosk,Window,87,1
P6426,F1639,313.98,Business,First,1,Online,Window,49,0
P6427,F1586,424.98,Emergency,Business,0,Mobile App,Aisle,43,0
P6428,F1293,221.3,Emergency,Premium Economy,1,Desk,Window,66,0
P6429,F1709,335.65,Emergency,Premium Economy,1,Airport Kiosk,Aisle,48,0
P6430,F1710,250.03,Emergency,Economy,1,Airport Kiosk,Aisle,37,0
P6431,F246,449.68,Leisure,Economy,0,Online,Middle,39,0
P6432,F861,425.97,Leisure,Economy,0,Airport Kiosk,Window,90,0
P6433,F827,287.09,Family,Economy,1,Online,Middle,103,0
P6434,F1827,234.99,Business,First,1,Mobile App,Aisle,97,0
P6435,F1689,318.26,Business,Economy,3,Desk,Middle,5,0
P6436,F1945,513.43,Emergency,Economy,1,Desk,Aisle,36,0
P6437,F1422,308.17,Business,Economy,1,Airport Kiosk,Window,80,0
P6438,F1913,166.41,Business,Business,1,Airport Kiosk,Window,96,0
P6439,F242,371.42,Leisure,Economy,2,Mobile App,Middle,43,0
P6440,F1589,175.36,Business,Premium Economy,2,Desk,Window,95,0
P6441,F717,114.32,Emergency,Economy,0,Mobile App,Window,36,0
P6442,F1033,398.3,Family,Economy,0,Mobile App,Window,106,0
P6443,F1748,418.13,Leisure,Economy,1,Mobile App,Middle,36,0
P6444,F1462,381.83,Family,Business,1,Online,Aisle,53,0
P6445,F1116,535.28,Family,Economy,1,Online,Window,22,0
P6446,F1885,237.62,Emergency,Premium Economy,1,Desk,Window,24,0
P6447,F630,277.29,Emergency,Economy,0,Desk,Aisle,15,0
P6448,F984,349.75,Family,Premium Economy,0,Online,Aisle,104,0
P6449,F632,389.45,Leisure,First,2,Airport Kiosk,Window,94,1
P6450,F740,373.11,Leisure,Economy,0,Desk,Aisle,79,0
P6451,F1987,330.56,Family,Business,2,Online,Aisle,30,0
P6452,F525,362.47,Emergency,Economy,0,Desk,Window,70,0
P6453,F141,408.97,Leisure,Business,2,Mobile App,Middle,45,0
P6454,F1829,416.11,Leisure,Economy,0,Desk,Aisle,119,0
P6455,F1512,432.59,Leisure,Economy,1,Mobile App,Window,97,0
P6456,F1734,179.97,Emergency,Business,2,Mobile App,Window,22,0
P6457,F910,335.45,Family,Economy,2,Airport Kiosk,Middle,105,0
P6458,F1605,329.61,Family,Economy,2,Mobile App,Aisle,63,1
P6459,F1265,224.03,Family,Economy,0,Airport Kiosk,Aisle,111,0
P6460,F1063,336.84,Leisure,Economy,2,Mobile App,Middle,90,1
P6461,F136,306.38,Business,Economy,1,Airport Kiosk,Aisle,106,0
P6462,F1772,410.88,Leisure,First,1,Mobile App,Aisle,51,0
P6463,F821,560.73,Leisure,Premium Economy,0,Mobile App,Middle,109,0
P6464,F83,250.88,Family,Business,1,Desk,Aisle,56,0
P6465,F352,258.29,Emergency,Economy,0,Airport Kiosk,Aisle,105,0
P6466,F617,224.98,Emergency,Premium Economy,1,Online,Middle,68,0
P6467,F1157,260.53,Leisure,Economy,0,Mobile App,Aisle,111,0
P6468,F1152,426.17,Leisure,Economy,0,Airport Kiosk,Middle,107,0
P6469,F1574,313.58,Emergency,Business,2,Airport Kiosk,Aisle,89,0
P6470,F486,251.93,Emergency,Economy,0,Airport Kiosk,Window,105,0
P6471,F1937,339.85,Leisure,Business,3,Online,Aisle,31,0
P6472,F1745,309.71,Business,Economy,3,Airport Kiosk,Window,64,0
P6473,F801,487.2,Leisure,Business,1,Airport Kiosk,Middle,111,0
P6474,F1543,365.83,Business,Economy,0,Airport Kiosk,Aisle,61,0
P6475,F221,296.36,Emergency,Economy,4,Mobile App,Aisle,111,0
P6476,F1977,402.72,Leisure,Economy,4,Mobile App,Window,51,0
P6477,F1992,269.56,Leisure,Economy,0,Airport Kiosk,Window,110,0
P6478,F216,138.28,Emergency,Economy,1,Airport Kiosk,Middle,7,0
P6479,F1530,342.29,Leisure,Premium Economy,1,Online,Middle,2,0
P6480,F1709,362.72,Family,Economy,1,Online,Aisle,89,0
P6481,F905,320.14,Leisure,Business,0,Mobile App,Aisle,95,0
P6482,F315,333.36,Business,Premium Economy,0,Online,Aisle,39,0
P6483,F197,410.28,Family,Economy,3,Desk,Aisle,53,0
P6484,F1160,286.88,Emergency,Premium Economy,0,Online,Aisle,118,0
P6485,F311,448.15,Leisure,Economy,0,Online,Middle,35,0
P6486,F485,497.83,Family,Economy,2,Desk,Middle,80,0
P6487,F1266,353.98,Leisure,Economy,0,Online,Aisle,92,0
P6488,F1172,471.39,Business,First,2,Desk,Window,117,0
P6489,F1175,332.54,Business,Premium Economy,1,Mobile App,Window,24,0
P6490,F1214,135.47,Family,Economy,0,Desk,Aisle,30,1
P6491,F1420,286.34,Emergency,Economy,3,Airport Kiosk,Middle,6,0
P6492,F1525,520.07,Emergency,Economy,2,Online,Aisle,93,0
P6493,F1362,386.14,Business,Economy,2,Airport Kiosk,Window,51,0
P6494,F1832,447.21,Business,Premium Economy,3,Mobile App,Aisle,10,0
P6495,F1988,478.22,Emergency,Premium Economy,1,Mobile App,Middle,69,0
P6496,F855,336.11,Family,Economy,2,Mobile App,Aisle,20,0
P6497,F294,309.91,Leisure,Economy,0,Desk,Aisle,31,0
P6498,F1207,179.64,Leisure,Economy,2,Desk,Middle,58,0
P6499,F1201,203.0,Family,Economy,0,Online,Aisle,114,0
P6500,F1110,484.66,Leisure,Economy,3,Airport Kiosk,Window,46,0
P6501,F1736,350.42,Family,Premium Economy,2,Mobile App,Window,63,0
P6502,F1163,269.05,Family,Business,0,Online,Aisle,79,0
P6503,F1992,276.23,Business,Economy,0,Desk,Aisle,65,0
P6504,F1784,377.67,Business,First,1,Mobile App,Middle,70,0
P6505,F617,532.19,Leisure,First,0,Airport Kiosk,Middle,58,0
P6506,F646,332.33,Business,Economy,2,Mobile App,Window,68,0
P6507,F1253,356.47,Emergency,Economy,3,Airport Kiosk,Window,69,0
P6508,F888,359.19,Family,Economy,1,Airport Kiosk,Middle,117,0
P6509,F1071,267.73,Family,Economy,1,Online,Aisle,103,0
P6510,F634,529.31,Leisure,Business,2,Online,Window,101,0
P6511,F629,352.76,Emergency,Economy,1,Mobile App,Window,35,0
P6512,F1953,400.25,Leisure,Economy,2,Online,Middle,11,0
P6513,F406,244.53,Business,Economy,1,Online,Window,0,0
P6514,F841,276.53,Emergency,Economy,3,Mobile App,Middle,23,0
P6515,F1917,446.08,Emergency,Business,1,Airport Kiosk,Aisle,58,0
P6516,F1780,291.32,Family,Economy,2,Desk,Window,100,0
P6517,F1797,298.72,Leisure,Economy,2,Mobile App,Window,36,0
P6518,F1978,460.63,Business,Economy,0,Desk,Aisle,103,0
P6519,F973,407.92,Family,Economy,1,Mobile App,Aisle,18,0
P6520,F857,352.26,Leisure,Premium Economy,0,Mobile App,Window,14,0
P6521,F1337,335.92,Business,Business,0,Online,Middle,105,0
P6522,F396,318.24,Emergency,Economy,1,Airport Kiosk,Aisle,18,0
P6523,F878,296.47,Family,Economy,0,Mobile App,Aisle,109,0
P6524,F1619,408.78,Emergency,Premium Economy,1,Mobile App,Window,10,0
P6525,F867,360.73,Family,First,1,Desk,Window,21,0
P6526,F943,416.15,Leisure,Economy,1,Mobile App,Middle,50,0
P6527,F933,334.53,Business,Business,0,Airport Kiosk,Middle,105,0
P6528,F643,203.05,Family,Economy,2,Mobile App,Window,107,0
P6529,F1586,335.39,Family,Business,1,Mobile App,Middle,41,0
P6530,F1916,395.03,Business,Business,0,Mobile App,Window,58,0
P6531,F1321,304.37,Business,Premium Economy,0,Airport Kiosk,Middle,65,0
P6532,F70,355.19,Leisure,Business,0,Mobile App,Window,36,0
P6533,F760,425.87,Emergency,Premium Economy,1,Online,Middle,104,0
P6534,F1359,540.99,Business,Economy,1,Mobile App,Window,58,0
P6535,F491,386.35,Business,Economy,3,Online,Window,81,0
P6536,F1777,256.23,Business,Premium Economy,1,Mobile App,Window,102,0
P6537,F524,496.95,Business,Economy,0,Online,Aisle,53,0
P6538,F185,302.5,Leisure,Economy,1,Desk,Aisle,118,0
P6539,F905,540.39,Leisure,Premium Economy,0,Desk,Middle,70,1
P6540,F703,357.43,Emergency,Economy,0,Airport Kiosk,Aisle,29,0
P6541,F703,183.35,Business,Economy,1,Airport Kiosk,Aisle,3,0
P6542,F399,380.57,Emergency,Economy,3,Online,Window,8,0
P6543,F429,419.89,Business,Premium Economy,0,Desk,Aisle,16,0
P6544,F1369,262.17,Business,Premium Economy,1,Online,Window,10,0
P6545,F642,347.26,Family,Economy,0,Online,Aisle,16,1
P6546,F784,336.98,Emergency,Premium Economy,0,Desk,Window,36,0
P6547,F1683,523.02,Family,Economy,0,Mobile App,Middle,23,0
P6548,F544,433.22,Business,Economy,2,Mobile App,Middle,48,0
P6549,F494,280.6,Business,Premium Economy,1,Airport Kiosk,Middle,10,0
P6550,F1153,341.14,Business,Economy,1,Mobile App,Middle,114,0
P6551,F270,362.31,Emergency,Economy,1,Online,Aisle,60,0
P6552,F1298,222.96,Family,Economy,1,Desk,Aisle,50,0
P6553,F302,403.43,Family,Economy,1,Desk,Aisle,105,0
P6554,F1222,341.96,Leisure,Business,0,Online,Middle,114,0
P6555,F303,317.38,Emergency,Business,0,Mobile App,Window,22,0
P6556,F1264,393.48,Business,First,0,Mobile App,Aisle,114,0
P6557,F893,354.96,Family,Economy,0,Airport Kiosk,Window,45,0
P6558,F1141,454.46,Leisure,Economy,1,Airport Kiosk,Middle,69,0
P6559,F1536,293.92,Leisure,Economy,1,Airport Kiosk,Middle,56,0
P6560,F354,318.26,Leisure,Economy,1,Airport Kiosk,Window,41,0
P6561,F268,534.98,Leisure,Economy,1,Desk,Middle,118,1
P6562,F857,215.43,Emergency,Economy,1,Desk,Middle,35,0
P6563,F41,423.25,Family,Economy,1,Online,Middle,44,0
P6564,F1526,352.19,Business,Economy,1,Airport Kiosk,Window,21,0
P6565,F1081,468.28,Business,First,3,Online,Middle,45,0
P6566,F735,303.8,Family,Economy,1,Online,Window,105,0
P6567,F57,289.12,Emergency,Economy,1,Online,Aisle,21,0
P6568,F744,471.92,Emergency,Business,1,Airport Kiosk,Aisle,56,0
P6569,F1699,302.08,Business,Economy,0,Airport Kiosk,Middle,111,0
P6570,F198,323.33,Family,Business,4,Mobile App,Aisle,77,0
P6571,F373,349.33,Leisure,Business,1,Online,Middle,46,1
P6572,F258,284.82,Business,Economy,1,Airport Kiosk,Aisle,20,0
P6573,F1824,276.21,Business,Economy,1,Airport Kiosk,Middle,62,0
P6574,F866,331.36,Leisure,Business,1,Desk,Window,68,0
P6575,F1148,314.23,Emergency,Business,0,Desk,Window,104,0
P6576,F1358,350.73,Emergency,Economy,0,Desk,Aisle,60,0
P6577,F504,342.65,Emergency,Economy,2,Desk,Middle,36,1
P6578,F57,127.11,Business,Business,0,Online,Middle,68,0
P6579,F1811,274.53,Family,Economy,1,Desk,Window,69,0
P6580,F770,350.95,Emergency,Economy,1,Airport Kiosk,Aisle,100,0
P6581,F1513,394.36,Leisure,Business,0,Airport Kiosk,Aisle,46,0
P6582,F832,200.22,Business,Economy,1,Online,Aisle,53,0
P6583,F338,350.68,Business,Business,1,Airport Kiosk,Window,107,0
P6584,F1530,421.61,Leisure,Economy,1,Mobile App,Middle,69,0
P6585,F1610,461.99,Family,Premium Economy,1,Online,Window,100,0
P6586,F647,502.12,Family,Premium Economy,1,Mobile App,Aisle,98,0
P6587,F1045,283.83,Family,Premium Economy,3,Airport Kiosk,Middle,99,0
P6588,F1200,358.04,Emergency,Economy,1,Airport Kiosk,Middle,27,0
P6589,F306,332.38,Emergency,Premium Economy,2,Airport Kiosk,Aisle,48,0
P6590,F41,436.68,Business,Economy,0,Airport Kiosk,Window,33,0
P6591,F866,378.94,Leisure,Economy,1,Mobile App,Middle,61,0
P6592,F1184,454.24,Business,Business,0,Desk,Aisle,113,0
P6593,F687,418.74,Business,Economy,0,Mobile App,Aisle,31,0
P6594,F1986,602.71,Business,First,1,Desk,Aisle,101,0
P6595,F204,296.96,Emergency,Business,2,Mobile App,Window,47,0
P6596,F1159,459.27,Business,Economy,2,Online,Middle,0,1
P6597,F1927,306.91,Family,Economy,3,Mobile App,Middle,16,0
P6598,F1594,198.2,Emergency,Economy,0,Online,Aisle,18,0
P6599,F821,305.03,Leisure,Economy,0,Desk,Middle,80,0
P6600,F1818,357.46,Emergency,Business,1,Online,Aisle,21,1
P6601,F1513,206.64,Leisure,Economy,1,Online,Middle,19,0
P6602,F1503,329.45,Business,Economy,1,Desk,Window,47,0
P6603,F578,181.8,Leisure,Economy,0,Online,Window,117,0
P6604,F1037,415.01,Emergency,Economy,2,Online,Aisle,59,0
P6605,F630,369.04,Family,Economy,2,Desk,Middle,110,0
P6606,F1938,287.98,Business,First,1,Mobile App,Window,61,0
P6607,F1603,422.6,Business,Business,0,Airport Kiosk,Window,32,0
P6608,F1324,354.1,Business,Economy,1,Online,Window,47,0
P6609,F1302,373.14,Family,Economy,1,Online,Aisle,43,0
P6610,F1919,276.77,Business,Economy,0,Online,Window,114,0
P6611,F416,333.38,Family,Economy,2,Airport Kiosk,Middle,53,0
P6612,F856,514.54,Leisure,Economy,1,Online,Window,14,0
P6613,F1009,295.16,Emergency,Economy,1,Airport Kiosk,Middle,119,0
P6614,F1083,344.97,Emergency,Economy,0,Desk,Middle,101,0
P6615,F1685,196.91,Business,Economy,0,Desk,Window,67,0
P6616,F1274,400.61,Business,Economy,0,Mobile App,Aisle,105,0
P6617,F163,283.72,Family,Premium Economy,0,Online,Aisle,66,0
P6618,F1118,445.48,Leisure,Business,1,Mobile App,Window,55,0
P6619,F536,458.2,Leisure,Economy,0,Desk,Aisle,90,0
P6620,F1050,466.49,Business,Business,1,Airport Kiosk,Middle,62,0
P6621,F977,401.29,Emergency,Economy,0,Online,Middle,49,0
P6622,F631,324.7,Leisure,Business,1,Mobile App,Aisle,72,0
P6623,F181,319.22,Emergency,Premium Economy,0,Desk,Middle,7,0
P6624,F956,326.67,Leisure,Economy,2,Airport Kiosk,Aisle,53,0
P6625,F171,275.49,Family,Business,1,Airport Kiosk,Window,9,0
P6626,F1857,252.14,Emergency,Premium Economy,0,Desk,Window,72,0
P6627,F1933,284.61,Business,Economy,0,Airport Kiosk,Middle,46,0
P6628,F183,284.81,Emergency,Premium Economy,3,Desk,Middle,47,0
P6629,F107,361.27,Family,Economy,2,Desk,Window,76,1
P6630,F1170,421.9,Business,Premium Economy,0,Airport Kiosk,Aisle,54,0
P6631,F1104,304.8,Business,Economy,1,Airport Kiosk,Window,78,0
P6632,F23,374.66,Business,Economy,1,Airport Kiosk,Aisle,42,0
P6633,F914,272.85,Family,Business,0,Mobile App,Middle,37,0
P6634,F816,497.95,Business,Economy,0,Airport Kiosk,Window,15,0
P6635,F1680,264.14,Family,Business,0,Airport Kiosk,Window,103,0
P6636,F827,410.51,Business,Economy,2,Mobile App,Middle,62,0
P6637,F474,139.8,Business,First,0,Online,Window,53,0
P6638,F304,373.26,Business,Economy,0,Desk,Aisle,51,0
P6639,F295,250.37,Leisure,Economy,0,Mobile App,Window,1,0
P6640,F1056,281.29,Emergency,Economy,3,Online,Middle,74,0
P6641,F1320,322.41,Family,Economy,1,Airport Kiosk,Window,1,0
P6642,F85,312.99,Business,Business,2,Airport Kiosk,Aisle,31,0
P6643,F77,196.12,Business,Economy,0,Mobile App,Middle,54,0
P6644,F410,480.42,Leisure,Premium Economy,0,Online,Aisle,46,0
P6645,F1166,409.02,Emergency,Economy,0,Airport Kiosk,Aisle,89,0
P6646,F1406,373.36,Business,Economy,1,Airport Kiosk,Window,47,0
P6647,F1588,354.15,Family,Economy,1,Online,Middle,107,0
P6648,F1862,372.47,Leisure,Premium Economy,2,Mobile App,Window,110,0
P6649,F1965,318.77,Leisure,Economy,0,Airport Kiosk,Middle,72,0
P6650,F1440,385.88,Family,Economy,1,Airport Kiosk,Aisle,37,0
P6651,F1599,492.92,Family,Economy,1,Online,Aisle,13,0
P6652,F1917,309.1,Emergency,Economy,1,Desk,Aisle,58,0
P6653,F690,403.51,Business,Economy,1,Mobile App,Middle,66,0
P6654,F544,305.71,Emergency,Premium Economy,0,Desk,Window,10,0
P6655,F542,371.54,Business,Business,0,Desk,Window,104,0
P6656,F1738,545.46,Leisure,Economy,0,Online,Window,95,0
P6657,F940,282.76,Family,Economy,0,Airport Kiosk,Window,97,0
P6658,F58,357.16,Emergency,First,0,Desk,Middle,87,0
P6659,F1749,258.26,Family,Premium Economy,2,Desk,Middle,98,0
P6660,F1312,283.26,Family,Premium Economy,0,Airport Kiosk,Window,106,0
P6661,F17,392.36,Business,Economy,2,Online,Middle,32,0
P6662,F524,208.94,Business,Economy,1,Airport Kiosk,Aisle,93,0
P6663,F1706,368.76,Leisure,Economy,2,Online,Middle,107,0
P6664,F1339,324.67,Business,Economy,2,Online,Aisle,30,0
P6665,F462,371.76,Business,Economy,1,Online,Middle,84,0
P6666,F404,300.93,Leisure,Economy,0,Airport Kiosk,Aisle,54,0
P6667,F907,390.38,Leisure,Economy,0,Online,Aisle,27,0
P6668,F149,267.14,Family,Business,0,Online,Window,92,0
P6669,F95,519.2,Emergency,Economy,1,Online,Middle,16,0
P6670,F942,407.02,Emergency,Business,0,Online,Aisle,12,0
P6671,F1408,412.09,Family,Economy,1,Mobile App,Aisle,116,0
P6672,F362,342.99,Family,Economy,0,Online,Middle,84,0
P6673,F1611,374.69,Leisure,Economy,0,Mobile App,Window,46,0
P6674,F525,423.66,Leisure,Economy,3,Desk,Window,10,0
P6675,F1501,309.58,Emergency,Premium Economy,2,Online,Middle,95,0
P6676,F1539,454.77,Leisure,Economy,0,Mobile App,Window,21,0
P6677,F1053,374.26,Business,Economy,2,Airport Kiosk,Middle,63,0
P6678,F1241,261.81,Business,Economy,1,Mobile App,Aisle,97,0
P6679,F957,216.5,Business,Economy,2,Airport Kiosk,Window,95,0
P6680,F318,232.0,Leisure,Premium Economy,3,Desk,Window,34,0
P6681,F1235,231.61,Business,Economy,0,Mobile App,Window,48,0
P6682,F1951,226.88,Emergency,Economy,2,Online,Window,80,0
P6683,F1421,500.26,Family,Economy,0,Mobile App,Aisle,57,0
P6684,F1256,185.13,Business,Business,0,Online,Window,102,0
P6685,F1977,273.26,Emergency,Economy,2,Desk,Middle,20,0
P6686,F1714,353.14,Family,Economy,1,Desk,Window,80,0
P6687,F1635,288.4,Emergency,Economy,3,Mobile App,Middle,112,0
P6688,F841,422.35,Leisure,Premium Economy,1,Online,Aisle,23,0
P6689,F1723,220.27,Emergency,Economy,2,Online,Window,15,0
P6690,F1204,322.57,Family,Economy,2,Mobile App,Window,7,0
P6691,F1254,430.33,Emergency,Economy,1,Desk,Aisle,72,0
P6692,F1962,341.8,Emergency,Economy,0,Desk,Middle,47,0
P6693,F226,316.94,Leisure,Economy,2,Desk,Middle,2,0
P6694,F959,354.87,Business,Business,0,Mobile App,Window,48,0
P6695,F1999,469.1,Emergency,Economy,1,Mobile App,Aisle,33,0
P6696,F1563,284.57,Leisure,Economy,1,Mobile App,Aisle,14,0
P6697,F825,352.79,Leisure,Economy,1,Desk,Aisle,50,0
P6698,F1006,531.77,Family,Economy,0,Mobile App,Middle,40,0
P6699,F1519,412.39,Business,Economy,1,Desk,Middle,3,0
P6700,F751,479.15,Emergency,Economy,1,Online,Window,48,0
P6701,F1821,271.3,Leisure,Business,2,Desk,Aisle,78,0
P6702,F1913,317.55,Emergency,Premium Economy,1,Mobile App,Middle,27,0
P6703,F341,382.44,Family,Economy,3,Online,Aisle,82,0
P6704,F1039,503.91,Emergency,Business,1,Online,Middle,63,0
P6705,F5,78.71,Family,Economy,1,Airport Kiosk,Middle,32,0
P6706,F1542,480.78,Leisure,Premium Economy,0,Airport Kiosk,Middle,59,0
P6707,F670,258.91,Business,Economy,4,Desk,Aisle,93,0
P6708,F1722,407.62,Emergency,Economy,0,Airport Kiosk,Window,86,0
P6709,F1541,483.75,Leisure,First,0,Online,Middle,33,0
P6710,F1511,383.31,Family,First,2,Airport Kiosk,Window,98,0
P6711,F1150,490.05,Family,Economy,1,Mobile App,Middle,43,0
P6712,F433,446.78,Family,Premium Economy,1,Desk,Window,69,0
P6713,F1889,377.08,Leisure,Economy,3,Airport Kiosk,Aisle,20,0
P6714,F258,332.73,Emergency,Economy,1,Desk,Window,58,0
P6715,F1307,502.8,Leisure,Business,1,Online,Window,103,0
P6716,F217,397.05,Leisure,Economy,1,Desk,Middle,109,0
P6717,F1497,164.72,Leisure,Business,1,Desk,Window,90,0
P6718,F1235,238.26,Emergency,Premium Economy,1,Desk,Middle,42,0
P6719,F226,264.61,Emergency,Business,0,Desk,Aisle,90,0
P6720,F612,325.3,Emergency,Economy,2,Airport Kiosk,Aisle,43,0
P6721,F1442,300.17,Emergency,Premium Economy,0,Airport Kiosk,Window,99,0
P6722,F995,590.38,Family,Premium Economy,3,Online,Aisle,13,0
P6723,F1159,434.15,Business,Economy,0,Airport Kiosk,Middle,77,0
P6724,F860,474.74,Emergency,Economy,0,Online,Aisle,99,0
P6725,F834,277.8,Leisure,Premium Economy,0,Online,Window,55,0
P6726,F684,261.2,Emergency,Economy,2,Mobile App,Middle,18,0
P6727,F1348,560.09,Emergency,Premium Economy,0,Online,Window,15,0
P6728,F751,497.1,Business,Economy,1,Airport Kiosk,Aisle,32,0
P6729,F1857,384.99,Leisure,Economy,2,Airport Kiosk,Window,6,0
P6730,F1344,347.45,Business,Premium Economy,1,Online,Middle,99,0
P6731,F1653,215.65,Family,Economy,1,Desk,Middle,113,0
P6732,F1316,318.5,Emergency,First,1,Desk,Middle,105,0
P6733,F693,343.73,Emergency,Economy,1,Desk,Window,25,0
P6734,F404,317.44,Leisure,Economy,0,Desk,Window,43,0
P6735,F1190,502.14,Leisure,Business,0,Airport Kiosk,Aisle,86,0
P6736,F1833,327.91,Leisure,Economy,2,Desk,Middle,77,0
P6737,F477,316.26,Business,Business,0,Desk,Window,108,0
P6738,F1429,336.28,Emergency,First,3,Online,Middle,87,0
P6739,F1371,441.53,Leisure,First,2,Online,Aisle,59,0
P6740,F1254,519.24,Family,Economy,0,Online,Middle,13,0
P6741,F1841,332.11,Family,Premium Economy,0,Airport Kiosk,Window,55,0
P6742,F195,371.27,Business,Business,3,Mobile App,Middle,79,0
P6743,F1421,246.0,Leisure,Business,1,Online,Aisle,49,0
P6744,F596,401.94,Emergency,Economy,0,Desk,Window,21,0
P6745,F203,393.69,Emergency,Economy,0,Desk,Aisle,90,0
P6746,F288,276.64,Emergency,Premium Economy,1,Desk,Aisle,99,1
P6747,F1460,481.29,Family,Economy,0,Online,Aisle,86,0
P6748,F1990,596.94,Emergency,Premium Economy,0,Mobile App,Window,15,0
P6749,F1348,345.67,Emergency,Economy,1,Airport Kiosk,Window,82,0
P6750,F631,460.56,Emergency,First,1,Mobile App,Aisle,117,0
P6751,F1983,341.69,Business,Premium Economy,3,Airport Kiosk,Aisle,104,0
P6752,F56,378.0,Emergency,Business,1,Online,Window,63,0
P6753,F444,308.38,Family,Premium Economy,0,Airport Kiosk,Aisle,47,0
P6754,F43,296.35,Emergency,Economy,0,Desk,Middle,82,0
P6755,F217,349.38,Family,Economy,0,Airport Kiosk,Window,56,0
P6756,F1455,388.01,Business,Economy,2,Desk,Middle,77,0
P6757,F1884,381.47,Business,Business,0,Desk,Window,79,0
P6758,F944,421.57,Leisure,Economy,0,Online,Window,115,0
P6759,F796,161.91,Leisure,Economy,1,Online,Aisle,49,0
P6760,F1451,323.85,Emergency,Economy,0,Desk,Aisle,81,0
P6761,F541,419.96,Emergency,Premium Economy,1,Online,Window,60,0
P6762,F695,358.5,Leisure,Economy,2,Desk,Aisle,31,0
P6763,F1817,240.9,Family,Economy,1,Desk,Aisle,46,0
P6764,F984,368.93,Leisure,Economy,0,Online,Window,45,0
P6765,F1578,559.17,Leisure,Economy,3,Airport Kiosk,Window,49,0
P6766,F560,428.83,Business,Economy,0,Airport Kiosk,Window,66,0
P6767,F932,478.05,Business,Economy,2,Airport Kiosk,Window,52,0
P6768,F471,380.51,Business,Economy,1,Desk,Window,88,0
P6769,F1006,370.06,Leisure,Economy,1,Online,Aisle,117,0
P6770,F644,322.33,Emergency,Economy,0,Airport Kiosk,Aisle,117,0
P6771,F640,269.91,Business,Economy,1,Desk,Window,20,0
P6772,F1693,284.52,Leisure,Business,2,Desk,Window,83,0
P6773,F1999,403.51,Emergency,Premium Economy,0,Mobile App,Middle,79,0
P6774,F1245,365.18,Family,Economy,2,Desk,Middle,15,0
P6775,F1715,383.78,Family,Economy,1,Online,Window,59,0
P6776,F200,303.41,Leisure,Premium Economy,1,Airport Kiosk,Aisle,45,0
P6777,F1534,173.93,Emergency,Economy,1,Mobile App,Window,43,0
P6778,F1581,337.69,Leisure,First,2,Mobile App,Window,119,0
P6779,F88,330.31,Business,Economy,0,Desk,Middle,114,0
P6780,F1064,254.28,Leisure,Premium Economy,4,Desk,Middle,116,0
P6781,F114,382.85,Family,Economy,0,Online,Window,105,0
P6782,F1471,235.2,Emergency,Economy,3,Desk,Middle,67,0
P6783,F572,472.88,Emergency,Economy,0,Mobile App,Aisle,40,0
P6784,F1155,190.97,Business,Economy,1,Online,Window,73,0
P6785,F811,299.92,Leisure,Economy,2,Desk,Window,116,0
P6786,F460,345.15,Business,Economy,1,Desk,Middle,71,0
P6787,F931,290.65,Leisure,Economy,0,Online,Window,84,0
P6788,F1464,289.46,Business,Economy,0,Mobile App,Window,103,0
P6789,F1365,450.29,Leisure,Economy,2,Mobile App,Aisle,78,0
P6790,F1754,374.74,Business,Economy,3,Online,Aisle,83,0
P6791,F963,331.4,Family,Economy,0,Online,Aisle,114,0
P6792,F458,489.06,Family,Economy,2,Airport Kiosk,Aisle,90,0
P6793,F1235,315.36,Business,Economy,1,Mobile App,Aisle,41,0
P6794,F451,400.91,Business,Economy,1,Online,Window,106,0
P6795,F816,534.78,Leisure,Economy,0,Online,Middle,54,0
P6796,F1424,306.33,Emergency,Economy,1,Airport Kiosk,Aisle,81,0
P6797,F570,364.41,Family,Premium Economy,2,Mobile App,Middle,0,0
P6798,F1229,156.48,Business,Economy,3,Mobile App,Middle,108,0
P6799,F1909,378.73,Emergency,Economy,2,Airport Kiosk,Aisle,53,0
P6800,F1957,273.22,Leisure,Economy,0,Mobile App,Aisle,84,0
P6801,F1340,251.08,Leisure,Premium Economy,0,Airport Kiosk,Window,41,0
P6802,F379,266.35,Leisure,Economy,0,Desk,Middle,14,0
P6803,F1942,24.52,Business,Business,0,Airport Kiosk,Aisle,98,0
P6804,F1428,424.15,Family,Economy,0,Mobile App,Window,90,0
P6805,F241,366.59,Family,Business,0,Desk,Window,50,0
P6806,F653,198.04,Business,Premium Economy,3,Online,Middle,49,0
P6807,F1019,355.71,Leisure,Economy,0,Mobile App,Aisle,76,0
P6808,F1781,434.63,Leisure,Business,2,Desk,Aisle,72,0
P6809,F1436,389.61,Leisure,Economy,0,Online,Aisle,34,0
P6810,F1068,230.81,Business,Economy,0,Desk,Window,103,0
P6811,F792,329.19,Business,Economy,1,Mobile App,Aisle,107,0
P6812,F1818,382.3,Business,Premium Economy,2,Desk,Middle,4,0
P6813,F1975,414.38,Family,Business,2,Online,Aisle,32,0
P6814,F1018,188.13,Emergency,Economy,0,Desk,Middle,78,0
P6815,F1585,282.85,Leisure,First,0,Online,Aisle,48,0
P6816,F539,313.65,Leisure,Economy,0,Online,Middle,59,0
P6817,F171,234.94,Family,Economy,3,Desk,Middle,88,0
P6818,F1920,367.76,Leisure,Economy,1,Online,Window,5,0
P6819,F1168,459.1,Emergency,Economy,0,Online,Aisle,16,0
P6820,F804,402.68,Leisure,First,2,Online,Window,94,0
P6821,F1081,443.72,Emergency,Economy,1,Mobile App,Aisle,52,0
P6822,F522,285.08,Emergency,Economy,0,Airport Kiosk,Middle,15,0
P6823,F380,470.74,Emergency,Premium Economy,4,Mobile App,Middle,46,0
P6824,F838,430.32,Family,Economy,2,Airport Kiosk,Middle,51,0
P6825,F1478,330.54,Business,Economy,0,Online,Aisle,60,0
P6826,F1128,439.21,Family,Economy,1,Online,Aisle,13,0
P6827,F731,343.36,Emergency,Economy,0,Airport Kiosk,Window,98,1
P6828,F1548,419.18,Business,Premium Economy,2,Desk,Window,24,0
P6829,F1387,446.64,Business,Economy,1,Airport Kiosk,Middle,9,0
P6830,F1558,422.34,Business,Business,1,Airport Kiosk,Aisle,97,0
P6831,F1670,458.02,Leisure,Economy,1,Online,Window,72,0
P6832,F410,237.97,Business,Economy,2,Online,Middle,104,0
P6833,F448,408.73,Emergency,Economy,2,Online,Aisle,52,0
P6834,F316,304.84,Family,Premium Economy,4,Mobile App,Window,71,0
P6835,F1412,394.58,Emergency,Economy,1,Mobile App,Aisle,110,0
P6836,F334,136.79,Leisure,Economy,1,Mobile App,Aisle,72,0
P6837,F1976,337.0,Business,Economy,1,Online,Aisle,99,0
P6838,F1114,459.06,Family,Economy,1,Mobile App,Window,27,0
P6839,F1244,261.32,Emergency,Economy,2,Desk,Window,17,0
P6840,F1092,258.98,Family,Premium Economy,2,Online,Middle,73,0
P6841,F73,359.41,Family,Economy,1,Online,Aisle,60,0
P6842,F365,395.59,Emergency,Economy,0,Online,Aisle,109,1
P6843,F1442,226.4,Leisure,Economy,0,Mobile App,Middle,61,0
P6844,F1305,323.72,Business,Economy,2,Online,Middle,70,0
P6845,F1017,255.32,Leisure,First,0,Online,Aisle,19,0
P6846,F967,293.48,Emergency,Economy,1,Desk,Aisle,95,0
P6847,F324,386.31,Emergency,Premium Economy,1,Mobile App,Middle,33,0
P6848,F1571,428.72,Emergency,Economy,1,Airport Kiosk,Aisle,95,0
P6849,F952,327.27,Leisure,Economy,2,Desk,Aisle,90,0
P6850,F1358,240.34,Business,First,1,Airport Kiosk,Aisle,25,0
P6851,F1146,239.92,Family,Economy,2,Mobile App,Aisle,113,0
P6852,F807,358.06,Family,Economy,3,Online,Window,97,1
P6853,F1640,365.65,Business,Economy,0,Airport Kiosk,Window,74,0
P6854,F1182,669.74,Emergency,Business,1,Airport Kiosk,Middle,86,0
P6855,F1337,168.2,Business,First,0,Airport Kiosk,Middle,107,0
P6856,F918,196.2,Family,Economy,0,Airport Kiosk,Aisle,55,0
P6857,F430,485.27,Business,Premium Economy,1,Desk,Window,8,0
P6858,F1001,335.27,Leisure,First,2,Mobile App,Window,56,0
P6859,F76,428.3,Emergency,Business,1,Online,Aisle,23,0
P6860,F1579,415.41,Family,Business,0,Airport Kiosk,Aisle,67,0
P6861,F1222,308.87,Leisure,Economy,0,Desk,Window,19,0
P6862,F1237,510.9,Leisure,Economy,0,Airport Kiosk,Aisle,98,0
P6863,F942,310.31,Business,Economy,2,Desk,Middle,115,0
P6864,F364,397.65,Business,Economy,0,Online,Window,6,0
P6865,F1964,239.12,Family,Premium Economy,0,Airport Kiosk,Window,50,0
P6866,F1122,354.17,Emergency,Economy,0,Mobile App,Aisle,58,0
P6867,F514,182.08,Business,Economy,0,Desk,Aisle,17,0
P6868,F1194,280.48,Emergency,Economy,0,Mobile App,Aisle,90,0
P6869,F147,391.81,Leisure,Economy,2,Desk,Aisle,48,0
P6870,F1863,493.33,Business,Business,0,Online,Window,91,1
P6871,F1029,374.96,Leisure,Economy,1,Desk,Middle,11,0
P6872,F401,500.28,Emergency,Business,0,Desk,Window,86,0
P6873,F1316,430.39,Emergency,Economy,1,Airport Kiosk,Window,0,0
P6874,F984,340.26,Emergency,Premium Economy,0,Online,Aisle,10,0
P6875,F705,319.82,Emergency,Premium Economy,4,Airport Kiosk,Window,117,0
P6876,F889,467.24,Emergency,Economy,1,Online,Window,79,0
P6877,F752,223.68,Emergency,Economy,1,Airport Kiosk,Aisle,7,0
P6878,F1913,232.79,Leisure,Economy,3,Airport Kiosk,Aisle,38,0
P6879,F782,418.54,Leisure,Economy,3,Mobile App,Middle,95,0
P6880,F1969,587.87,Business,Business,1,Online,Aisle,113,0
P6881,F507,418.7,Family,Economy,0,Airport Kiosk,Middle,14,0
P6882,F100,398.08,Emergency,Economy,2,Desk,Middle,29,0
P6883,F1525,306.42,Leisure,Economy,1,Online,Window,52,0
P6884,F1092,315.66,Business,Economy,0,Airport Kiosk,Middle,89,0
P6885,F1598,482.78,Leisure,Business,0,Online,Window,13,0
P6886,F77,371.11,Emergency,Economy,0,Mobile App,Aisle,117,0
P6887,F1792,151.04,Business,Economy,3,Airport Kiosk,Middle,10,0
P6888,F606,322.16,Emergency,Economy,1,Mobile App,Window,68,0
P6889,F602,202.25,Leisure,Economy,0,Online,Middle,67,0
P6890,F1163,383.85,Family,Economy,1,Mobile App,Middle,57,0
P6891,F220,389.16,Emergency,Premium Economy,1,Online,Aisle,113,0
P6892,F404,415.11,Leisure,Economy,0,Mobile App,Aisle,23,0
P6893,F945,298.31,Emergency,Economy,1,Airport Kiosk,Window,94,0
P6894,F1324,305.52,Business,Economy,0,Mobile App,Window,80,0
P6895,F144,360.5,Business,Economy,1,Online,Middle,54,1
P6896,F1394,376.26,Business,Premium Economy,1,Online,Middle,66,0
P6897,F1902,341.31,Leisure,Economy,1,Online,Window,34,0
P6898,F1865,261.9,Leisure,Economy,2,Online,Aisle,31,0
P6899,F182,398.16,Business,Economy,2,Desk,Middle,83,0
P6900,F703,431.88,Leisure,Economy,3,Online,Middle,87,0
P6901,F1769,273.27,Emergency,Premium Economy,0,Airport Kiosk,Window,91,0
P6902,F1852,536.46,Leisure,Economy,1,Desk,Middle,80,0
P6903,F1646,352.45,Leisure,Economy,1,Mobile App,Aisle,85,0
P6904,F228,286.68,Emergency,Economy,1,Airport Kiosk,Aisle,8,0
P6905,F753,374.75,Leisure,Economy,1,Mobile App,Window,98,0
P6906,F1418,371.54,Emergency,Economy,0,Online,Window,109,0
P6907,F1450,455.53,Family,Business,4,Online,Aisle,42,0
P6908,F212,401.21,Business,Economy,1,Mobile App,Middle,81,0
P6909,F509,406.22,Emergency,Economy,1,Online,Window,12,0
P6910,F105,389.79,Leisure,Economy,3,Desk,Window,28,0
P6911,F659,315.21,Business,Economy,1,Desk,Middle,67,0
P6912,F1672,594.07,Leisure,Economy,1,Mobile App,Window,119,0
P6913,F1662,322.6,Family,Economy,0,Online,Window,9,0
P6914,F114,409.89,Family,Business,0,Desk,Middle,6,1
P6915,F302,317.8,Business,Business,0,Online,Middle,98,0
P6916,F278,203.61,Leisure,Economy,3,Mobile App,Aisle,79,0
P6917,F1337,255.6,Family,Economy,1,Mobile App,Middle,84,0
P6918,F1622,212.55,Leisure,Premium Economy,2,Mobile App,Window,99,0
P6919,F1117,374.35,Family,Economy,2,Mobile App,Middle,29,0
P6920,F1025,422.32,Family,Economy,1,Mobile App,Aisle,74,0
P6921,F1826,353.24,Leisure,Economy,1,Online,Middle,7,0
P6922,F382,323.22,Business,Business,0,Desk,Aisle,59,0
P6923,F643,366.65,Leisure,Premium Economy,1,Online,Aisle,119,0
P6924,F1096,280.82,Family,Economy,0,Airport Kiosk,Middle,64,0
P6925,F441,214.68,Leisure,Economy,1,Desk,Aisle,32,0
P6926,F1856,268.19,Business,Economy,1,Desk,Aisle,78,0
P6927,F473,418.85,Business,Economy,1,Mobile App,Middle,89,0
P6928,F251,272.27,Business,Economy,1,Mobile App,Aisle,58,0
P6929,F1387,307.95,Emergency,Economy,0,Airport Kiosk,Middle,16,0
P6930,F311,288.91,Emergency,Economy,3,Desk,Aisle,17,0
P6931,F413,283.8,Family,Economy,1,Desk,Middle,16,0
P6932,F1713,397.23,Emergency,Economy,0,Airport Kiosk,Window,0,0
P6933,F392,190.45,Leisure,Economy,0,Desk,Aisle,71,0
P6934,F1937,256.02,Family,Premium Economy,0,Online,Window,39,0
P6935,F280,319.41,Family,Economy,0,Online,Window,108,0
P6936,F1267,369.27,Leisure,First,0,Airport Kiosk,Middle,34,0
P6937,F1094,152.08,Family,Economy,4,Desk,Window,97,0
P6938,F968,295.53,Business,Economy,1,Mobile App,Middle,27,0
P6939,F1716,321.16,Family,Economy,1,Online,Aisle,51,0
P6940,F403,312.81,Family,Business,3,Desk,Aisle,107,0
P6941,F517,352.38,Leisure,Premium Economy,0,Desk,Aisle,83,0
P6942,F465,426.94,Emergency,Economy,2,Desk,Aisle,110,0
P6943,F1635,334.64,Leisure,Economy,0,Desk,Window,25,0
P6944,F515,212.21,Business,Business,1,Mobile App,Middle,38,0
P6945,F1682,347.56,Leisure,Business,1,Mobile App,Window,94,0
P6946,F874,179.21,Emergency,Economy,3,Mobile App,Middle,78,0
P6947,F264,312.46,Business,Premium Economy,1,Airport Kiosk,Window,32,0
P6948,F1920,280.18,Business,Business,3,Online,Window,88,0
P6949,F1046,394.8,Business,Economy,4,Online,Middle,27,0
P6950,F410,65.98,Leisure,Premium Economy,1,Desk,Aisle,116,0
P6951,F1430,310.04,Family,Economy,1,Airport Kiosk,Middle,68,0
P6952,F559,367.76,Emergency,Economy,1,Airport Kiosk,Aisle,81,0
P6953,F1575,297.9,Emergency,Premium Economy,1,Airport Kiosk,Window,113,0
P6954,F398,349.17,Business,Economy,0,Airport Kiosk,Middle,99,0
P6955,F1835,267.14,Leisure,Economy,0,Desk,Window,80,0
P6956,F967,240.78,Business,Economy,0,Online,Middle,77,0
P6957,F221,340.95,Business,Economy,1,Online,Window,52,0
P6958,F486,384.03,Leisure,Premium Economy,1,Mobile App,Middle,16,0
P6959,F658,265.05,Business,Economy,1,Desk,Window,87,0
P6960,F695,315.29,Business,Economy,1,Desk,Aisle,66,0
P6961,F277,361.71,Leisure,Economy,2,Online,Middle,66,0
P6962,F79,377.96,Business,Business,0,Airport Kiosk,Aisle,43,0
P6963,F1984,325.57,Business,Economy,1,Airport Kiosk,Aisle,58,0
P6964,F138,188.16,Family,Economy,1,Online,Middle,91,0
P6965,F77,361.3,Emergency,Business,0,Online,Aisle,73,0
P6966,F1840,407.48,Leisure,Premium Economy,0,Online,Window,46,1
P6967,F144,234.35,Business,Economy,1,Online,Middle,64,0
P6968,F634,420.28,Leisure,Economy,1,Mobile App,Middle,91,0
P6969,F1676,290.56,Leisure,Economy,1,Online,Aisle,2,0
P6970,F1675,296.16,Leisure,Economy,0,Desk,Window,60,0
P6971,F815,303.24,Family,Economy,0,Airport Kiosk,Aisle,24,0
P6972,F127,193.05,Leisure,Economy,1,Airport Kiosk,Aisle,30,0
P6973,F1905,400.71,Emergency,Premium Economy,1,Mobile App,Window,35,0
P6974,F606,248.11,Business,Business,1,Online,Middle,38,0
P6975,F1588,373.58,Emergency,Economy,2,Mobile App,Middle,112,0
P6976,F1108,462.68,Leisure,Premium Economy,3,Airport Kiosk,Window,39,0
P6977,F811,420.9,Leisure,Business,3,Online,Middle,0,0
P6978,F431,347.34,Business,Premium Economy,3,Desk,Middle,95,0
P6979,F1767,300.31,Emergency,Economy,0,Desk,Middle,62,0
P6980,F1158,347.81,Business,Economy,1,Mobile App,Window,55,0
P6981,F1870,194.65,Leisure,Economy,1,Desk,Aisle,87,0
P6982,F1942,363.13,Business,Economy,0,Online,Aisle,72,0
P6983,F1638,390.76,Family,Economy,1,Airport Kiosk,Aisle,93,0
P6984,F1806,299.6,Family,Economy,1,Mobile App,Aisle,90,0
P6985,F1367,244.35,Business,Economy,0,Mobile App,Aisle,118,0
P6986,F966,481.8,Emergency,Business,2,Airport Kiosk,Aisle,46,0
P6987,F429,327.25,Family,Economy,0,Mobile App,Middle,30,0
P6988,F1828,263.95,Leisure,Premium Economy,0,Mobile App,Middle,14,0
P6989,F1710,337.67,Leisure,Business,1,Online,Window,119,0
P6990,F1368,282.88,Emergency,Economy,2,Mobile App,Window,105,0
P6991,F1990,267.67,Family,Premium Economy,3,Desk,Window,4,1
P6992,F1427,508.48,Emergency,Economy,4,Online,Middle,108,0
P6993,F1712,438.17,Leisure,Economy,0,Desk,Window,73,0
P6994,F1292,395.3,Emergency,Economy,1,Online,Middle,30,0
P6995,F1886,269.16,Business,Premium Economy,2,Online,Aisle,82,0
P6996,F667,354.1,Emergency,Business,2,Desk,Middle,88,0
P6997,F59,224.88,Family,First,0,Mobile App,Middle,61,0
P6998,F818,227.04,Business,Economy,1,Desk,Aisle,117,0
P6999,F1391,463.71,Emergency,Economy,1,Online,Middle,27,0
P7000,F1462,340.84,Emergency,Economy,1,Mobile App,Aisle,3,0
P7001,F1461,293.03,Emergency,Economy,0,Online,Middle,32,0
P7002,F483,365.18,Family,Premium Economy,1,Mobile App,Window,119,0
P7003,F662,339.74,Business,Economy,0,Mobile App,Middle,108,0
P7004,F1621,397.93,Leisure,Premium Economy,0,Desk,Window,100,0
P7005,F1016,482.16,Business,First,0,Online,Middle,2,0
P7006,F721,289.68,Emergency,Premium Economy,0,Desk,Window,44,0
P7007,F928,354.55,Emergency,Economy,1,Online,Aisle,97,0
P7008,F1904,273.41,Emergency,Economy,0,Online,Middle,96,0
P7009,F1390,229.95,Leisure,Economy,0,Mobile App,Aisle,119,0
P7010,F250,355.01,Business,Premium Economy,1,Mobile App,Window,106,0
P7011,F632,220.61,Emergency,Business,0,Airport Kiosk,Window,88,0
P7012,F1623,346.15,Family,Economy,1,Airport Kiosk,Window,94,0
P7013,F1181,316.08,Leisure,Economy,3,Airport Kiosk,Window,35,0
P7014,F1779,312.98,Emergency,Economy,0,Mobile App,Aisle,59,0
P7015,F1723,441.16,Leisure,Premium Economy,0,Desk,Aisle,65,0
P7016,F54,269.3,Emergency,Premium Economy,2,Online,Window,28,0
P7017,F1853,403.6,Emergency,Business,1,Desk,Aisle,23,0
P7018,F775,313.04,Family,Economy,1,Airport Kiosk,Window,94,1
P7019,F1055,291.87,Business,Premium Economy,0,Airport Kiosk,Middle,53,0
P7020,F556,343.32,Leisure,Premium Economy,0,Online,Aisle,82,0
P7021,F1925,447.6,Leisure,Economy,0,Online,Window,47,0
P7022,F559,202.17,Family,Economy,1,Airport Kiosk,Window,48,0
P7023,F63,422.18,Business,Premium Economy,1,Desk,Middle,5,0
P7024,F1481,318.75,Family,Premium Economy,1,Desk,Window,48,0
P7025,F181,429.68,Leisure,Economy,1,Mobile App,Window,26,0
P7026,F1946,332.23,Leisure,Economy,1,Online,Window,98,0
P7027,F1582,267.64,Family,Business,0,Mobile App,Aisle,97,0
P7028,F1222,316.63,Family,Economy,0,Desk,Aisle,30,0
P7029,F1107,309.81,Business,Premium Economy,3,Mobile App,Window,101,0
P7030,F660,503.19,Leisure,First,2,Mobile App,Window,29,0
P7031,F749,371.65,Emergency,First,0,Desk,Middle,86,0
P7032,F1825,414.84,Leisure,Premium Economy,3,Desk,Aisle,106,0
P7033,F1657,292.37,Family,Economy,1,Desk,Middle,109,0
P7034,F988,358.62,Business,Economy,0,Desk,Middle,19,0
P7035,F324,510.65,Emergency,Economy,0,Desk,Aisle,66,0
P7036,F1143,267.87,Emergency,Economy,0,Online,Middle,51,1
P7037,F36,468.99,Leisure,Economy,1,Airport Kiosk,Middle,91,0
P7038,F1414,390.01,Emergency,Premium Economy,2,Airport Kiosk,Aisle,26,0
P7039,F886,290.91,Business,Economy,0,Airport Kiosk,Aisle,5,0
P7040,F765,383.9,Leisure,Economy,0,Airport Kiosk,Window,24,0
P7041,F451,199.97,Business,Economy,1,Online,Aisle,42,0
P7042,F613,277.44,Business,Economy,0,Desk,Window,72,0
P7043,F1885,512.17,Family,Economy,1,Desk,Window,118,0
P7044,F1752,490.4,Emergency,Business,2,Online,Window,105,0
P7045,F1109,154.72,Emergency,Premium Economy,1,Desk,Middle,1,0
P7046,F1292,329.1,Emergency,Economy,0,Airport Kiosk,Window,37,0
P7047,F374,388.63,Emergency,Business,1,Online,Middle,75,0
P7048,F817,241.54,Leisure,Economy,0,Mobile App,Window,33,0
P7049,F483,323.07,Leisure,Economy,0,Online,Window,103,0
P7050,F82,395.44,Family,Business,1,Mobile App,Middle,14,0
P7051,F1520,268.71,Business,Economy,2,Mobile App,Window,75,0
P7052,F1176,424.68,Business,Economy,2,Online,Aisle,43,0
P7053,F362,439.93,Emergency,Economy,1,Desk,Window,39,0
P7054,F228,440.38,Family,Economy,1,Mobile App,Window,43,0
P7055,F530,183.34,Leisure,Economy,1,Airport Kiosk,Window,116,0
P7056,F815,386.12,Leisure,Economy,0,Desk,Middle,100,0
P7057,F445,241.12,Leisure,Economy,0,Mobile App,Middle,97,0
P7058,F647,392.12,Business,Premium Economy,0,Airport Kiosk,Aisle,74,0
P7059,F1569,336.95,Business,Premium Economy,1,Airport Kiosk,Middle,75,0
P7060,F718,321.42,Emergency,Business,0,Mobile App,Window,56,0
P7061,F671,253.65,Emergency,Economy,1,Desk,Middle,69,0
P7062,F60,261.96,Business,First,1,Airport Kiosk,Middle,115,0
P7063,F1508,273.35,Business,Economy,1,Desk,Window,79,0
P7064,F1592,203.1,Leisure,Economy,1,Desk,Middle,25,0
P7065,F1747,345.87,Emergency,Premium Economy,0,Desk,Middle,112,0
P7066,F850,109.56,Family,Economy,1,Online,Aisle,18,0
P7067,F1482,297.48,Family,Economy,2,Airport Kiosk,Middle,23,0
P7068,F4,321.77,Family,Premium Economy,0,Airport Kiosk,Middle,80,0
P7069,F937,238.68,Business,Premium Economy,1,Desk,Window,12,0
P7070,F52,167.22,Family,Premium Economy,1,Mobile App,Aisle,40,0
P7071,F1486,276.44,Business,Economy,2,Online,Window,56,0
P7072,F1327,284.87,Family,Economy,1,Online,Middle,63,0
P7073,F661,356.74,Family,Economy,2,Airport Kiosk,Aisle,100,0
P7074,F1812,415.83,Business,Business,0,Mobile App,Middle,92,0
P7075,F473,478.65,Emergency,Premium Economy,2,Airport Kiosk,Middle,113,0
P7076,F993,315.49,Leisure,Economy,4,Online,Middle,112,0
P7077,F1739,368.41,Business,Economy,2,Online,Middle,46,0
P7078,F17,250.37,Emergency,First,2,Mobile App,Window,23,0
P7079,F1025,161.55,Family,Economy,1,Mobile App,Middle,66,0
P7080,F1787,443.11,Leisure,Economy,1,Airport Kiosk,Aisle,61,0
P7081,F1241,351.65,Leisure,Economy,0,Desk,Aisle,70,0
P7082,F547,408.57,Emergency,Economy,2,Mobile App,Window,49,0
P7083,F1655,493.79,Leisure,Economy,1,Airport Kiosk,Middle,112,0
P7084,F1374,298.96,Business,Economy,3,Mobile App,Window,118,0
P7085,F1488,215.37,Business,Economy,2,Online,Aisle,37,0
P7086,F99,400.37,Family,Premium Economy,2,Airport Kiosk,Aisle,89,0
P7087,F763,264.79,Business,Economy,2,Online,Window,6,0
P7088,F1946,249.25,Family,Economy,1,Online,Window,85,0
P7089,F227,170.83,Leisure,Business,0,Airport Kiosk,Aisle,40,0
P7090,F1768,203.38,Business,Premium Economy,1,Airport Kiosk,Aisle,64,0
P7091,F517,422.84,Leisure,Economy,1,Desk,Aisle,104,0
P7092,F1296,337.65,Emergency,Economy,2,Desk,Middle,36,0
P7093,F991,310.31,Family,Premium Economy,1,Desk,Middle,15,0
P7094,F346,482.05,Emergency,Economy,1,Airport Kiosk,Middle,82,0
P7095,F380,304.5,Leisure,Economy,1,Desk,Middle,86,0
P7096,F1905,422.2,Family,Economy,0,Desk,Middle,63,0
P7097,F1129,248.74,Emergency,First,2,Airport Kiosk,Window,39,0
P7098,F1487,525.44,Business,Economy,4,Airport Kiosk,Aisle,13,0
P7099,F149,308.81,Family,Premium Economy,1,Desk,Middle,107,0
P7100,F1919,343.54,Leisure,Economy,1,Desk,Aisle,5,0
P7101,F1919,308.78,Business,Business,0,Airport Kiosk,Middle,14,0
P7102,F1342,423.47,Business,Economy,1,Online,Aisle,45,0
P7103,F1314,435.12,Business,Economy,0,Mobile App,Aisle,7,0
P7104,F1661,362.7,Emergency,Business,1,Online,Aisle,7,0
P7105,F668,408.49,Emergency,Business,3,Airport Kiosk,Middle,88,0
P7106,F304,282.98,Leisure,Economy,1,Desk,Window,24,0
P7107,F662,196.28,Leisure,Economy,0,Airport Kiosk,Aisle,55,0
P7108,F921,330.38,Family,Premium Economy,1,Desk,Aisle,108,0
P7109,F1085,273.25,Leisure,Economy,2,Mobile App,Window,97,0
P7110,F1439,336.19,Leisure,Economy,0,Airport Kiosk,Aisle,110,0
P7111,F1939,252.99,Emergency,Premium Economy,0,Airport Kiosk,Middle,115,0
P7112,F490,285.55,Family,Business,1,Desk,Aisle,66,0
P7113,F684,456.88,Leisure,Business,0,Mobile App,Window,72,0
P7114,F625,379.8,Business,Economy,1,Online,Aisle,67,0
P7115,F1124,362.69,Business,Business,1,Airport Kiosk,Window,89,0
P7116,F1966,601.87,Leisure,Premium Economy,0,Desk,Window,36,0
P7117,F1658,423.26,Business,Economy,0,Desk,Window,34,0
P7118,F409,409.52,Emergency,Economy,2,Desk,Middle,4,0
P7119,F1503,293.06,Business,Premium Economy,0,Desk,Middle,1,0
P7120,F1303,570.21,Emergency,Economy,3,Desk,Window,63,0
P7121,F1819,270.54,Leisure,Economy,1,Mobile App,Aisle,36,0
P7122,F208,444.99,Family,Economy,0,Mobile App,Aisle,112,0
P7123,F580,200.12,Leisure,First,1,Mobile App,Middle,20,0
P7124,F242,483.16,Leisure,First,0,Airport Kiosk,Middle,72,0
P7125,F1311,198.8,Leisure,First,1,Desk,Aisle,78,0
P7126,F549,476.87,Leisure,Economy,1,Airport Kiosk,Window,84,0
P7127,F923,371.37,Emergency,Economy,2,Online,Window,1,0
P7128,F469,324.75,Leisure,Economy,1,Mobile App,Middle,71,0
P7129,F805,212.52,Family,Economy,1,Mobile App,Aisle,97,0
P7130,F596,473.25,Family,Economy,1,Online,Window,73,0
P7131,F1738,164.53,Leisure,Economy,0,Mobile App,Aisle,101,0
P7132,F888,252.88,Emergency,Premium Economy,2,Airport Kiosk,Middle,11,0
P7133,F149,268.39,Emergency,Economy,2,Airport Kiosk,Aisle,106,0
P7134,F1428,364.26,Leisure,Economy,2,Online,Aisle,46,0
P7135,F1869,212.49,Family,Premium Economy,1,Airport Kiosk,Aisle,19,0
P7136,F816,344.78,Leisure,Economy,0,Desk,Window,76,0
P7137,F781,366.89,Business,Business,0,Desk,Window,113,0
P7138,F1557,284.32,Family,Business,2,Online,Middle,60,0
P7139,F1290,281.52,Leisure,Economy,0,Airport Kiosk,Aisle,33,0
P7140,F756,95.32,Family,Economy,1,Mobile App,Window,72,0
P7141,F1833,135.83,Business,Economy,0,Airport Kiosk,Window,43,0
P7142,F1633,276.09,Leisure,Economy,3,Desk,Middle,108,0
P7143,F145,430.75,Emergency,Premium Economy,1,Airport Kiosk,Aisle,32,0
P7144,F853,601.39,Family,Premium Economy,2,Desk,Middle,102,0
P7145,F833,505.62,Leisure,Business,0,Airport Kiosk,Middle,73,0
P7146,F1182,425.48,Emergency,Premium Economy,1,Mobile App,Window,86,0
P7147,F678,281.09,Family,Premium Economy,0,Mobile App,Window,39,0
P7148,F1337,316.11,Family,Economy,0,Online,Middle,55,0
P7149,F921,282.18,Family,Business,2,Airport Kiosk,Aisle,84,0
P7150,F1676,420.72,Leisure,Business,1,Airport Kiosk,Middle,116,0
P7151,F1958,310.18,Leisure,Economy,0,Mobile App,Middle,73,0
P7152,F1408,238.21,Family,Economy,0,Online,Window,44,0
P7153,F893,328.63,Leisure,Economy,1,Mobile App,Middle,83,0
P7154,F1240,298.75,Emergency,Economy,0,Airport Kiosk,Middle,1,0
P7155,F1697,297.39,Emergency,Economy,2,Desk,Window,4,0
P7156,F1308,249.84,Leisure,Economy,2,Airport Kiosk,Middle,68,0
P7157,F260,459.32,Emergency,Economy,1,Airport Kiosk,Aisle,98,0
P7158,F1717,394.07,Family,Business,1,Desk,Window,13,1
P7159,F1349,497.86,Family,Economy,0,Airport Kiosk,Aisle,81,0
P7160,F1708,362.53,Leisure,Economy,2,Desk,Window,16,0
P7161,F476,498.13,Business,First,3,Mobile App,Aisle,36,0
P7162,F105,419.27,Emergency,Premium Economy,1,Desk,Window,76,0
P7163,F591,380.29,Emergency,Economy,0,Mobile App,Window,110,0
P7164,F982,243.08,Emergency,Business,2,Airport Kiosk,Window,7,0
P7165,F1207,520.43,Family,Business,0,Online,Window,64,0
P7166,F533,440.5,Emergency,Economy,0,Mobile App,Window,113,0
P7167,F637,419.92,Family,Premium Economy,2,Mobile App,Aisle,49,0
P7168,F716,484.18,Family,Premium Economy,1,Online,Middle,108,0
P7169,F191,366.37,Leisure,Premium Economy,1,Online,Aisle,29,0
P7170,F124,297.47,Business,First,1,Mobile App,Window,46,0
P7171,F955,440.42,Leisure,Economy,3,Online,Middle,117,0
P7172,F1871,352.63,Family,Premium Economy,0,Desk,Aisle,55,0
P7173,F1415,328.42,Business,Economy,1,Airport Kiosk,Middle,66,0
P7174,F1884,68.25,Business,Economy,0,Mobile App,Window,61,0
P7175,F1433,415.04,Leisure,Economy,1,Online,Middle,64,0
P7176,F760,216.61,Leisure,Economy,2,Airport Kiosk,Aisle,76,0
P7177,F88,129.31,Business,Premium Economy,0,Desk,Aisle,25,0
P7178,F1378,407.97,Business,Economy,0,Online,Window,32,0
P7179,F1745,447.85,Family,Business,2,Airport Kiosk,Aisle,88,0
P7180,F1069,398.74,Family,Premium Economy,1,Mobile App,Middle,118,0
P7181,F1646,456.82,Emergency,Premium Economy,0,Airport Kiosk,Middle,105,0
P7182,F1755,329.93,Emergency,Premium Economy,1,Airport Kiosk,Aisle,105,0
P7183,F881,408.46,Emergency,First,0,Desk,Aisle,10,0
P7184,F1142,246.22,Emergency,Economy,1,Desk,Aisle,2,0
P7185,F1775,367.76,Leisure,Economy,5,Desk,Window,13,0
P7186,F500,423.77,Business,Economy,0,Desk,Middle,41,0
P7187,F1469,220.82,Business,Economy,1,Desk,Middle,1,0
P7188,F50,334.04,Emergency,Economy,2,Online,Window,93,0
P7189,F1645,364.2,Business,Economy,2,Online,Aisle,101,0
P7190,F788,349.89,Leisure,Economy,2,Airport Kiosk,Window,83,0
P7191,F1100,390.7,Business,First,0,Airport Kiosk,Window,50,0
P7192,F157,449.75,Family,Economy,1,Online,Middle,74,0
P7193,F282,398.64,Business,Economy,1,Mobile App,Aisle,68,0
P7194,F1536,484.88,Leisure,Premium Economy,3,Airport Kiosk,Middle,73,0
P7195,F610,354.02,Business,Economy,0,Desk,Middle,78,0
P7196,F1395,359.54,Emergency,Business,1,Airport Kiosk,Middle,51,0
P7197,F1069,528.89,Business,Premium Economy,2,Airport Kiosk,Window,30,0
P7198,F991,395.04,Leisure,Economy,0,Desk,Middle,113,0
P7199,F1721,494.56,Family,Economy,1,Online,Window,38,0
P7200,F679,454.49,Emergency,Economy,1,Desk,Window,87,0
P7201,F1993,336.17,Family,Economy,1,Desk,Middle,80,0
P7202,F451,391.87,Family,Premium Economy,0,Airport Kiosk,Window,92,0
P7203,F1664,399.27,Emergency,Economy,1,Mobile App,Aisle,35,0
P7204,F1954,449.0,Emergency,Premium Economy,2,Airport Kiosk,Aisle,81,0
P7205,F10,552.76,Business,Economy,0,Mobile App,Middle,13,0
P7206,F1343,484.45,Business,Premium Economy,2,Airport Kiosk,Middle,89,0
P7207,F1275,524.0,Business,Economy,2,Online,Aisle,51,0
P7208,F1085,429.6,Emergency,Economy,0,Mobile App,Window,22,0
P7209,F1174,336.22,Business,First,0,Mobile App,Aisle,80,0
P7210,F200,363.97,Leisure,Economy,1,Airport Kiosk,Aisle,10,0
P7211,F1702,326.97,Emergency,Economy,2,Mobile App,Middle,51,0
P7212,F687,402.19,Business,Economy,1,Airport Kiosk,Middle,55,0
P7213,F275,286.11,Leisure,Economy,1,Airport Kiosk,Window,98,0
P7214,F1756,255.85,Leisure,Premium Economy,1,Desk,Window,87,0
P7215,F716,349.13,Emergency,Premium Economy,0,Airport Kiosk,Middle,116,0
P7216,F1879,470.18,Leisure,Economy,0,Online,Middle,119,0
P7217,F30,343.65,Business,Premium Economy,4,Airport Kiosk,Window,118,0
P7218,F627,205.18,Business,Economy,3,Online,Middle,46,0
P7219,F1231,298.09,Emergency,Economy,0,Desk,Aisle,85,0
P7220,F1310,177.33,Business,Premium Economy,0,Airport Kiosk,Aisle,105,0
P7221,F1824,195.76,Leisure,Economy,2,Online,Window,40,0
P7222,F1110,301.02,Business,Business,2,Desk,Window,101,0
P7223,F1564,341.4,Emergency,Premium Economy,0,Online,Window,59,0
P7224,F181,331.04,Emergency,Premium Economy,3,Online,Window,71,0
P7225,F643,312.72,Family,Premium Economy,0,Airport Kiosk,Aisle,32,0
P7226,F1221,267.23,Leisure,Economy,2,Mobile App,Window,2,0
P7227,F1557,258.78,Business,Economy,2,Mobile App,Window,43,0
P7228,F126,443.48,Family,Economy,0,Desk,Aisle,8,1
P7229,F273,302.87,Family,Premium Economy,1,Desk,Middle,93,1
P7230,F1802,287.57,Business,Premium Economy,1,Desk,Aisle,12,0
P7231,F543,327.24,Leisure,Economy,2,Online,Aisle,73,0
P7232,F756,373.17,Family,Economy,1,Airport Kiosk,Aisle,29,0
P7233,F723,309.24,Business,Economy,2,Desk,Window,115,0
P7234,F400,201.33,Emergency,Economy,0,Online,Middle,16,1
P7235,F1516,182.22,Business,Economy,1,Desk,Aisle,49,0
P7236,F250,410.4,Business,Economy,0,Online,Aisle,116,0
P7237,F689,269.36,Family,Economy,0,Mobile App,Middle,32,0
P7238,F1664,288.87,Family,Economy,1,Mobile App,Middle,114,0
P7239,F850,255.72,Business,Economy,2,Desk,Middle,106,0
P7240,F1894,414.95,Family,Economy,0,Mobile App,Window,65,0
P7241,F1174,515.86,Business,Economy,0,Desk,Middle,15,0
P7242,F144,396.89,Emergency,Economy,1,Airport Kiosk,Window,22,0
P7243,F1700,286.47,Business,Premium Economy,0,Online,Aisle,51,0
P7244,F1908,182.97,Emergency,Economy,0,Online,Window,70,0
P7245,F1657,557.77,Leisure,Economy,1,Online,Aisle,104,0
P7246,F525,452.29,Leisure,Economy,2,Desk,Window,116,0
P7247,F1024,363.32,Leisure,Economy,0,Airport Kiosk,Window,63,0
P7248,F322,271.13,Business,Premium Economy,0,Desk,Aisle,86,0
P7249,F1796,438.28,Family,Business,2,Desk,Window,71,0
P7250,F1313,390.66,Family,Economy,2,Airport Kiosk,Aisle,47,0
P7251,F1172,366.72,Family,Economy,1,Desk,Aisle,22,0
P7252,F1153,369.16,Leisure,Premium Economy,1,Airport Kiosk,Aisle,97,0
P7253,F1247,400.25,Leisure,Economy,2,Airport Kiosk,Window,101,0
P7254,F491,306.64,Emergency,Economy,2,Online,Aisle,35,0
P7255,F1056,274.61,Family,Economy,1,Desk,Aisle,66,0
P7256,F113,329.26,Leisure,Economy,0,Online,Middle,99,0
P7257,F712,366.82,Leisure,Economy,3,Airport Kiosk,Window,26,0
P7258,F1087,355.4,Leisure,Premium Economy,0,Airport Kiosk,Window,79,0
P7259,F184,483.79,Family,Economy,1,Online,Window,56,0
P7260,F1995,230.82,Business,Premium Economy,2,Online,Window,96,0
P7261,F650,327.26,Emergency,Economy,3,Online,Aisle,80,0
P7262,F1537,241.34,Emergency,Business,1,Desk,Middle,3,0
P7263,F934,363.97,Family,Economy,1,Airport Kiosk,Middle,91,0
P7264,F1667,307.93,Emergency,Premium Economy,1,Mobile App,Middle,62,0
P7265,F148,343.02,Leisure,Economy,0,Desk,Aisle,10,0
P7266,F157,343.84,Business,Economy,0,Airport Kiosk,Middle,2,0
P7267,F1561,502.91,Family,Premium Economy,0,Mobile App,Middle,67,0
P7268,F1565,437.97,Emergency,Economy,3,Online,Aisle,30,0
P7269,F345,474.75,Business,Economy,1,Online,Aisle,72,0
P7270,F1189,316.18,Leisure,Premium Economy,0,Airport Kiosk,Middle,115,0
P7271,F982,509.64,Family,Premium Economy,1,Mobile App,Aisle,33,0
P7272,F188,370.29,Emergency,Business,1,Airport Kiosk,Window,34,0
P7273,F396,320.02,Family,Economy,0,Airport Kiosk,Middle,103,0
P7274,F25,331.39,Emergency,Economy,2,Desk,Aisle,62,0
P7275,F952,448.15,Family,Economy,1,Desk,Aisle,80,0
P7276,F1728,514.26,Family,Economy,0,Online,Window,101,0
P7277,F1248,274.52,Leisure,Economy,0,Mobile App,Aisle,118,1
P7278,F161,272.41,Family,Premium Economy,2,Mobile App,Window,5,0
P7279,F77,250.52,Family,Economy,0,Airport Kiosk,Aisle,34,1
P7280,F1636,291.51,Leisure,Economy,0,Mobile App,Window,38,0
P7281,F1616,171.65,Leisure,Economy,0,Online,Window,39,0
P7282,F1342,217.58,Emergency,Economy,1,Mobile App,Middle,29,0
P7283,F1495,500.57,Family,Economy,1,Mobile App,Middle,103,0
P7284,F92,227.14,Emergency,Economy,2,Online,Middle,4,0
P7285,F79,428.97,Business,Business,2,Desk,Middle,63,0
P7286,F1459,233.09,Business,Business,1,Mobile App,Aisle,13,0
P7287,F233,383.17,Business,Economy,0,Online,Middle,59,1
P7288,F22,250.47,Emergency,Economy,2,Airport Kiosk,Middle,12,0
P7289,F1116,297.55,Family,Economy,1,Airport Kiosk,Middle,104,0
P7290,F1718,422.91,Family,Economy,3,Desk,Aisle,51,0
P7291,F1649,395.54,Family,Premium Economy,0,Online,Window,76,0
P7292,F164,382.7,Leisure,Economy,0,Mobile App,Middle,79,0
P7293,F474,440.78,Family,Economy,0,Airport Kiosk,Middle,100,0
P7294,F1582,417.17,Business,Business,1,Online,Middle,111,0
P7295,F565,322.22,Family,Business,0,Desk,Middle,4,0
P7296,F1439,383.22,Business,Economy,0,Mobile App,Window,99,0
P7297,F1537,279.91,Emergency,Economy,3,Airport Kiosk,Middle,66,0
P7298,F224,318.01,Family,Economy,0,Online,Middle,80,0
P7299,F526,419.4,Leisure,Premium Economy,1,Desk,Middle,95,0
P7300,F875,297.92,Business,Business,1,Mobile App,Middle,113,0
P7301,F304,233.68,Emergency,Economy,2,Desk,Middle,83,0
P7302,F1104,174.43,Family,Economy,0,Online,Window,33,0
P7303,F1766,382.65,Leisure,Economy,0,Airport Kiosk,Aisle,66,0
P7304,F1021,183.97,Emergency,Economy,1,Online,Aisle,67,0
P7305,F1427,281.76,Leisure,Economy,0,Online,Window,116,0
P7306,F1282,147.94,Business,Economy,4,Airport Kiosk,Window,83,0
P7307,F1744,309.18,Emergency,Economy,2,Mobile App,Aisle,99,0
P7308,F999,295.08,Emergency,Economy,3,Desk,Aisle,104,0
P7309,F186,440.86,Business,Economy,1,Mobile App,Middle,95,0
P7310,F759,312.17,Emergency,Economy,0,Desk,Middle,19,0
P7311,F463,247.25,Business,Premium Economy,1,Desk,Window,70,0
P7312,F1703,193.84,Business,Economy,1,Mobile App,Middle,56,0
P7313,F1498,351.22,Business,Premium Economy,0,Mobile App,Middle,89,0
P7314,F1100,462.47,Family,Business,3,Airport Kiosk,Aisle,51,0
P7315,F925,419.33,Family,Economy,0,Mobile App,Aisle,18,0
P7316,F313,436.46,Business,Economy,2,Desk,Middle,99,0
P7317,F1311,296.4,Family,Economy,2,Desk,Window,33,0
P7318,F724,351.93,Family,Economy,1,Desk,Window,6,0
P7319,F686,329.1,Leisure,Business,3,Online,Window,48,0
P7320,F148,427.56,Business,Economy,0,Airport Kiosk,Window,65,0
P7321,F1023,228.77,Business,Economy,0,Mobile App,Middle,102,0
P7322,F29,346.65,Leisure,Economy,2,Online,Window,19,0
P7323,F639,258.61,Family,Economy,2,Online,Middle,42,0
P7324,F1140,388.57,Business,Premium Economy,1,Online,Aisle,6,0
P7325,F1053,216.0,Emergency,Economy,1,Desk,Window,43,0
P7326,F1034,407.0,Emergency,Economy,0,Desk,Middle,98,0
P7327,F444,340.95,Leisure,Economy,1,Airport Kiosk,Window,83,0
P7328,F1135,236.0,Emergency,Economy,1,Mobile App,Window,22,0
P7329,F544,367.3,Emergency,Economy,1,Desk,Middle,53,0
P7330,F16,151.94,Emergency,Premium Economy,0,Desk,Aisle,24,0
P7331,F1321,243.37,Family,Economy,0,Online,Aisle,32,0
P7332,F965,461.54,Business,Business,1,Online,Middle,109,0
P7333,F742,232.68,Leisure,Economy,0,Desk,Aisle,53,0
P7334,F1656,472.87,Business,Business,1,Desk,Middle,60,0
P7335,F741,304.91,Business,Premium Economy,1,Desk,Aisle,101,0
P7336,F767,379.94,Emergency,Economy,1,Mobile App,Middle,56,0
P7337,F1384,442.28,Family,Economy,1,Online,Window,65,0
P7338,F1326,556.16,Leisure,Economy,0,Airport Kiosk,Middle,66,0
P7339,F1667,359.12,Family,Economy,0,Online,Middle,106,0
P7340,F1046,278.53,Emergency,Economy,1,Mobile App,Aisle,87,0
P7341,F1978,309.42,Leisure,Economy,0,Desk,Aisle,88,0
P7342,F1883,296.18,Leisure,Business,0,Online,Aisle,41,0
P7343,F1156,418.83,Business,Economy,1,Mobile App,Middle,72,1
P7344,F15,315.14,Family,First,0,Online,Aisle,50,0
P7345,F1953,296.67,Family,Premium Economy,0,Desk,Middle,94,0
P7346,F926,333.91,Leisure,Economy,2,Mobile App,Middle,60,0
P7347,F1000,452.2,Family,Business,0,Airport Kiosk,Middle,15,0
P7348,F1224,399.46,Business,Economy,0,Airport Kiosk,Aisle,78,0
P7349,F1162,347.17,Emergency,Economy,1,Airport Kiosk,Window,10,0
P7350,F1466,175.35,Family,Economy,1,Airport Kiosk,Aisle,111,0
P7351,F1659,348.18,Family,Premium Economy,1,Online,Window,54,1
P7352,F553,326.64,Family,Economy,0,Mobile App,Window,84,0
P7353,F1293,395.68,Leisure,Economy,2,Mobile App,Window,12,0
P7354,F686,457.08,Family,Premium Economy,2,Mobile App,Middle,115,0
P7355,F700,349.28,Emergency,Business,1,Mobile App,Window,66,0
P7356,F103,451.9,Emergency,Premium Economy,1,Airport Kiosk,Aisle,24,0
P7357,F718,530.0,Business,Economy,0,Mobile App,Aisle,88,0
P7358,F325,181.05,Leisure,Economy,2,Mobile App,Aisle,16,1
P7359,F189,178.19,Emergency,Economy,1,Airport Kiosk,Middle,50,0
P7360,F734,356.62,Emergency,Economy,0,Desk,Window,102,0
P7361,F1306,413.39,Family,Economy,0,Desk,Window,112,0
P7362,F416,483.28,Business,Economy,1,Online,Middle,92,0
P7363,F111,276.41,Family,Economy,1,Airport Kiosk,Window,85,0
P7364,F1114,441.4,Emergency,First,0,Desk,Middle,30,0
P7365,F812,328.02,Leisure,Business,1,Mobile App,Aisle,2,0
P7366,F239,257.81,Leisure,Premium Economy,2,Mobile App,Middle,36,0
P7367,F236,245.58,Business,Premium Economy,2,Online,Middle,87,0
P7368,F384,311.77,Leisure,Economy,0,Desk,Window,112,0
P7369,F769,265.64,Emergency,Business,1,Airport Kiosk,Middle,103,0
P7370,F459,425.03,Emergency,Economy,3,Mobile App,Window,2,0
P7371,F983,426.39,Emergency,First,0,Mobile App,Aisle,27,0
P7372,F385,286.68,Family,Economy,1,Online,Middle,62,0
P7373,F1348,385.22,Business,Economy,0,Desk,Middle,113,0
P7374,F1662,285.12,Leisure,Economy,3,Desk,Window,24,0
P7375,F1964,300.06,Family,Economy,2,Desk,Aisle,71,0
P7376,F1842,263.29,Emergency,Premium Economy,1,Mobile App,Aisle,101,0
P7377,F1487,385.68,Business,Premium Economy,1,Desk,Middle,91,0
P7378,F1827,295.88,Family,Economy,0,Online,Middle,102,0
P7379,F328,379.34,Emergency,Business,1,Airport Kiosk,Middle,96,0
P7380,F829,112.56,Emergency,Economy,0,Mobile App,Aisle,85,0
P7381,F107,500.45,Family,Premium Economy,1,Desk,Aisle,98,0
P7382,F913,358.82,Family,Premium Economy,1,Desk,Window,95,0
P7383,F1709,188.44,Business,Economy,2,Airport Kiosk,Middle,10,0
P7384,F452,293.5,Family,Premium Economy,0,Online,Aisle,97,0
P7385,F1228,285.07,Business,Business,2,Mobile App,Middle,9,0
P7386,F332,213.27,Family,Business,0,Desk,Middle,83,0
P7387,F1814,338.88,Family,Premium Economy,0,Desk,Window,8,1
P7388,F733,308.35,Emergency,Economy,1,Online,Window,72,0
P7389,F1287,387.51,Business,Premium Economy,1,Airport Kiosk,Aisle,61,1
P7390,F425,380.42,Emergency,Economy,0,Airport Kiosk,Middle,14,0
P7391,F1639,196.63,Business,Economy,1,Desk,Window,51,0
P7392,F232,390.36,Leisure,First,1,Mobile App,Aisle,77,0
P7393,F1360,334.48,Family,Economy,2,Desk,Aisle,55,0
P7394,F298,440.85,Family,Economy,0,Desk,Aisle,5,0
P7395,F1078,357.41,Business,Business,0,Desk,Window,14,0
P7396,F792,288.34,Business,Business,0,Online,Middle,103,0
P7397,F1699,246.02,Leisure,Economy,2,Desk,Aisle,72,0
P7398,F1674,393.69,Business,Premium Economy,0,Online,Window,16,0
P7399,F1365,268.96,Business,Economy,1,Online,Aisle,0,0
P7400,F900,343.15,Business,Economy,1,Airport Kiosk,Window,8,0
P7401,F535,456.55,Leisure,Economy,1,Airport Kiosk,Window,15,0
P7402,F119,304.3,Leisure,Economy,1,Mobile App,Aisle,33,0
P7403,F1685,198.2,Leisure,Economy,1,Desk,Window,64,0
P7404,F897,386.8,Family,Economy,0,Mobile App,Middle,3,0
P7405,F1143,232.02,Emergency,Economy,2,Mobile App,Middle,27,0
P7406,F1067,397.79,Emergency,Economy,0,Mobile App,Window,55,0
P7407,F413,356.98,Business,Economy,1,Online,Aisle,116,1
P7408,F938,476.2,Emergency,Premium Economy,1,Desk,Middle,23,0
P7409,F644,383.95,Family,First,2,Online,Middle,72,0
P7410,F1870,551.78,Emergency,Business,2,Mobile App,Aisle,4,0
P7411,F1323,256.94,Emergency,Economy,0,Mobile App,Middle,35,0
P7412,F722,328.77,Family,Economy,1,Airport Kiosk,Window,114,0
P7413,F1217,296.4,Leisure,Business,2,Mobile App,Aisle,45,0
P7414,F1931,322.01,Leisure,Economy,3,Online,Aisle,33,0
P7415,F1979,375.55,Leisure,Economy,0,Airport Kiosk,Middle,18,0
P7416,F1928,508.35,Emergency,Economy,0,Online,Window,106,0
P7417,F217,431.06,Family,Economy,1,Online,Middle,9,0
P7418,F1150,316.16,Emergency,Business,2,Online,Window,67,0
P7419,F1599,365.85,Family,Economy,1,Airport Kiosk,Window,1,0
P7420,F1152,438.43,Business,Business,2,Desk,Middle,106,0
P7421,F1037,372.09,Leisure,Economy,0,Desk,Middle,19,0
P7422,F227,327.19,Business,Economy,0,Airport Kiosk,Middle,64,0
P7423,F832,378.62,Business,Economy,1,Online,Middle,36,0
P7424,F1638,188.36,Emergency,Economy,2,Desk,Middle,103,0
P7425,F1842,450.16,Business,Economy,1,Desk,Window,40,0
P7426,F1712,332.91,Family,Economy,1,Airport Kiosk,Middle,64,0
P7427,F1608,358.62,Business,First,2,Desk,Window,117,0
P7428,F1918,393.57,Leisure,First,0,Desk,Window,28,0
P7429,F1538,228.74,Family,Economy,1,Desk,Window,3,0
P7430,F1755,447.0,Emergency,Business,0,Online,Window,8,1
P7431,F1045,478.73,Leisure,Economy,2,Mobile App,Window,17,0
P7432,F1132,401.99,Emergency,Business,0,Mobile App,Aisle,44,0
P7433,F892,466.93,Family,Economy,0,Online,Middle,51,0
P7434,F1404,371.92,Business,Economy,1,Desk,Window,51,0
P7435,F1150,328.74,Leisure,Economy,1,Airport Kiosk,Window,24,0
P7436,F1812,294.12,Family,Economy,0,Airport Kiosk,Middle,73,0
P7437,F468,391.29,Family,First,2,Mobile App,Aisle,114,0
P7438,F651,403.97,Family,Economy,2,Desk,Middle,59,0
P7439,F1911,334.66,Emergency,Economy,1,Airport Kiosk,Window,85,0
P7440,F1938,384.56,Business,Business,1,Online,Aisle,12,1
P7441,F964,249.51,Leisure,Economy,1,Airport Kiosk,Window,94,0
P7442,F1940,582.53,Emergency,Premium Economy,2,Desk,Aisle,119,0
P7443,F1942,367.51,Business,Economy,0,Airport Kiosk,Middle,97,0
P7444,F1527,243.78,Business,Premium Economy,0,Mobile App,Middle,35,0
P7445,F1278,312.69,Business,Economy,0,Online,Middle,103,0
P7446,F1478,398.16,Business,Economy,1,Online,Middle,61,0
P7447,F1527,412.3,Business,Economy,0,Mobile App,Aisle,39,0
P7448,F1200,350.66,Leisure,Premium Economy,0,Airport Kiosk,Aisle,30,0
P7449,F1538,385.27,Leisure,Economy,0,Mobile App,Middle,92,0
P7450,F1641,267.55,Family,Economy,1,Desk,Aisle,86,0
P7451,F81,223.59,Emergency,Economy,1,Airport Kiosk,Aisle,39,0
P7452,F704,230.58,Emergency,Economy,2,Desk,Window,42,0
P7453,F1533,386.17,Emergency,Premium Economy,0,Mobile App,Window,61,0
P7454,F1438,120.61,Business,Economy,1,Online,Aisle,69,0
P7455,F164,280.31,Family,Economy,0,Airport Kiosk,Middle,57,0
P7456,F772,273.35,Family,Economy,1,Airport Kiosk,Middle,22,0
P7457,F1820,260.73,Business,Premium Economy,1,Desk,Window,101,0
P7458,F1933,284.32,Family,Premium Economy,0,Online,Middle,67,0
P7459,F309,506.59,Emergency,Business,1,Mobile App,Middle,14,0
P7460,F613,360.28,Leisure,Economy,3,Online,Middle,95,0
P7461,F1900,345.29,Family,Economy,0,Mobile App,Aisle,89,0
P7462,F854,325.43,Leisure,Economy,1,Mobile App,Window,106,0
P7463,F1219,351.01,Family,Premium Economy,1,Desk,Aisle,35,0
P7464,F1650,148.55,Family,Economy,3,Desk,Window,77,0
P7465,F494,477.56,Leisure,Business,0,Online,Middle,20,1
P7466,F539,261.8,Family,Economy,2,Online,Aisle,69,0
P7467,F279,271.25,Business,Economy,2,Desk,Middle,5,0
P7468,F1816,446.8,Business,Economy,1,Online,Window,5,0
P7469,F1029,500.42,Leisure,Premium Economy,1,Online,Window,15,0
P7470,F1172,545.38,Emergency,Economy,3,Online,Aisle,35,0
P7471,F948,343.06,Family,Premium Economy,0,Online,Window,67,0
P7472,F1877,453.36,Family,Economy,1,Desk,Window,86,0
P7473,F36,345.29,Family,Economy,0,Online,Window,76,0
P7474,F1,379.66,Business,Premium Economy,1,Desk,Window,75,0
P7475,F1499,326.73,Business,Economy,1,Airport Kiosk,Aisle,118,0
P7476,F908,625.19,Family,Economy,0,Desk,Window,6,0
P7477,F346,306.52,Family,Economy,0,Online,Middle,58,0
P7478,F1269,283.96,Emergency,Economy,1,Airport Kiosk,Aisle,76,0
P7479,F726,486.47,Emergency,Premium Economy,0,Mobile App,Middle,81,0
P7480,F1017,387.49,Family,Economy,0,Online,Window,27,0
P7481,F841,314.43,Family,Economy,3,Airport Kiosk,Window,29,0
P7482,F1953,324.91,Family,Premium Economy,1,Airport Kiosk,Aisle,98,0
P7483,F1041,313.38,Business,Business,2,Desk,Middle,86,0
P7484,F1502,335.55,Leisure,Business,2,Airport Kiosk,Aisle,24,0
P7485,F1736,381.34,Family,Business,0,Desk,Middle,90,0
P7486,F215,314.4,Emergency,Economy,2,Mobile App,Window,29,0
P7487,F1958,365.54,Business,Business,1,Airport Kiosk,Window,112,0
P7488,F1336,500.25,Business,Economy,0,Mobile App,Middle,115,0
P7489,F211,281.16,Leisure,Economy,0,Airport Kiosk,Window,71,0
P7490,F1825,329.35,Family,Economy,1,Airport Kiosk,Aisle,57,0
P7491,F717,299.71,Family,Business,0,Mobile App,Aisle,60,1
P7492,F1885,404.35,Family,Business,0,Mobile App,Aisle,98,0
P7493,F139,278.24,Leisure,Premium Economy,0,Airport Kiosk,Middle,58,0
P7494,F1180,314.71,Emergency,Economy,1,Online,Aisle,4,0
P7495,F1315,227.08,Emergency,Economy,2,Desk,Aisle,116,0
P7496,F114,309.34,Business,Economy,0,Online,Aisle,39,0
P7497,F971,381.37,Family,Premium Economy,3,Airport Kiosk,Window,45,0
P7498,F13,326.68,Business,Economy,2,Mobile App,Middle,21,0
P7499,F659,373.94,Emergency,Economy,0,Online,Window,87,0
P7500,F401,190.63,Family,Business,3,Airport Kiosk,Aisle,56,0
P7501,F1553,128.81,Leisure,Economy,2,Desk,Aisle,6,0
P7502,F60,334.34,Business,Economy,2,Airport Kiosk,Middle,66,0
P7503,F1776,355.61,Business,Economy,1,Mobile App,Middle,1,0
P7504,F1382,454.98,Family,Economy,1,Desk,Aisle,37,0
P7505,F1997,216.51,Business,Premium Economy,1,Online,Aisle,100,0
P7506,F1060,458.42,Emergency,Economy,1,Airport Kiosk,Aisle,53,0
P7507,F1048,262.68,Business,Premium Economy,1,Airport Kiosk,Aisle,58,0
P7508,F1454,349.8,Emergency,Economy,1,Mobile App,Middle,4,0
P7509,F1222,262.07,Business,Premium Economy,0,Desk,Aisle,21,0
P7510,F1384,308.04,Business,Premium Economy,0,Online,Middle,3,0
P7511,F180,340.07,Business,Economy,1,Airport Kiosk,Middle,65,0
P7512,F1386,366.17,Family,Economy,1,Online,Aisle,37,0
P7513,F636,365.66,Family,Economy,0,Airport Kiosk,Middle,115,0
P7514,F1860,336.97,Business,Premium Economy,4,Online,Middle,46,0
P7515,F71,332.48,Business,Economy,0,Airport Kiosk,Aisle,98,0
P7516,F1050,350.09,Business,Economy,1,Mobile App,Aisle,76,0
P7517,F837,413.67,Family,Business,0,Online,Middle,36,0
P7518,F1951,329.89,Leisure,Economy,0,Online,Aisle,55,0
P7519,F97,486.93,Leisure,Premium Economy,2,Desk,Aisle,0,0
P7520,F1095,328.11,Business,Economy,0,Online,Middle,66,0
P7521,F1328,398.35,Emergency,Economy,3,Desk,Aisle,91,0
P7522,F480,222.96,Leisure,Economy,0,Airport Kiosk,Middle,42,0
P7523,F304,440.61,Business,Economy,1,Airport Kiosk,Aisle,110,0
P7524,F1729,272.26,Emergency,Economy,1,Online,Aisle,89,0
P7525,F1942,290.07,Leisure,Economy,0,Online,Window,118,1
P7526,F29,499.27,Business,Economy,0,Mobile App,Window,113,0
P7527,F1307,359.95,Family,Economy,2,Mobile App,Aisle,90,0
P7528,F32,406.05,Family,Economy,1,Desk,Middle,99,0
P7529,F1753,373.95,Family,Economy,2,Online,Middle,66,0
P7530,F1194,185.14,Business,Economy,2,Desk,Window,74,0
P7531,F931,160.57,Family,Economy,0,Online,Window,117,0
P7532,F1125,512.91,Leisure,Economy,0,Online,Aisle,100,0
P7533,F1985,263.42,Emergency,Premium Economy,0,Mobile App,Aisle,102,0
P7534,F1215,382.99,Emergency,Economy,2,Desk,Window,80,0
P7535,F192,354.8,Family,Premium Economy,0,Desk,Aisle,95,0
P7536,F583,500.92,Business,Business,0,Airport Kiosk,Aisle,84,0
P7537,F1808,384.28,Emergency,Economy,0,Online,Middle,76,0
P7538,F1243,251.43,Emergency,Economy,1,Online,Middle,115,0
P7539,F771,336.98,Leisure,Economy,1,Airport Kiosk,Middle,64,0
P7540,F756,385.85,Family,Economy,0,Desk,Middle,84,0
P7541,F1179,482.8,Emergency,Premium Economy,1,Mobile App,Middle,42,0
P7542,F663,369.24,Emergency,Economy,1,Airport Kiosk,Aisle,32,0
P7543,F491,315.88,Emergency,Economy,3,Online,Window,101,0
P7544,F1185,481.02,Business,Business,0,Airport Kiosk,Window,113,0
P7545,F1913,257.31,Business,Economy,1,Airport Kiosk,Aisle,111,0
P7546,F530,374.78,Business,Economy,2,Online,Window,38,0
P7547,F195,501.01,Business,Economy,0,Mobile App,Middle,35,0
P7548,F1789,120.25,Business,Premium Economy,2,Airport Kiosk,Middle,12,0
P7549,F683,124.5,Leisure,Economy,1,Mobile App,Middle,90,0
P7550,F1333,386.97,Emergency,Economy,1,Mobile App,Window,113,0
P7551,F3,430.74,Family,Economy,1,Mobile App,Window,0,0
P7552,F110,292.7,Business,First,2,Airport Kiosk,Aisle,25,0
P7553,F1577,377.09,Emergency,Economy,2,Airport Kiosk,Aisle,36,1
P7554,F998,302.0,Emergency,Economy,2,Online,Aisle,15,0
P7555,F1363,278.17,Leisure,Economy,0,Mobile App,Aisle,43,0
P7556,F1972,437.24,Leisure,Economy,0,Mobile App,Window,93,0
P7557,F1925,516.66,Family,Economy,2,Mobile App,Middle,38,0
P7558,F660,363.49,Business,Economy,1,Mobile App,Window,69,0
P7559,F1827,359.51,Business,Economy,0,Airport Kiosk,Window,5,0
P7560,F1848,437.24,Business,Premium Economy,0,Mobile App,Aisle,82,0
P7561,F252,187.76,Emergency,Business,1,Online,Window,87,0
P7562,F1940,423.17,Family,Economy,1,Desk,Aisle,46,0
P7563,F46,415.38,Emergency,Premium Economy,3,Online,Aisle,9,0
P7564,F1689,237.02,Emergency,Premium Economy,0,Online,Window,106,0
P7565,F852,289.16,Leisure,Economy,2,Mobile App,Aisle,5,0
P7566,F565,367.96,Leisure,Economy,1,Online,Aisle,76,0
P7567,F1979,395.59,Family,Economy,1,Desk,Window,99,1
P7568,F1692,472.05,Business,Premium Economy,0,Mobile App,Window,44,0
P7569,F1901,310.92,Leisure,Economy,0,Desk,Aisle,55,0
P7570,F1567,286.93,Business,Economy,1,Airport Kiosk,Window,37,0
P7571,F743,155.31,Leisure,Business,1,Mobile App,Window,89,0
P7572,F983,236.78,Leisure,Business,0,Airport Kiosk,Window,10,0
P7573,F1144,256.28,Emergency,Economy,0,Online,Aisle,47,0
P7574,F611,441.27,Business,Economy,2,Desk,Window,34,0
P7575,F1410,252.9,Leisure,Economy,0,Online,Aisle,17,0
P7576,F580,412.56,Emergency,Premium Economy,2,Desk,Window,16,0
P7577,F237,282.59,Business,Economy,1,Airport Kiosk,Aisle,35,0
P7578,F618,229.1,Emergency,Economy,2,Desk,Middle,92,0
P7579,F1335,350.23,Family,Premium Economy,0,Desk,Window,41,0
P7580,F699,283.4,Leisure,Economy,0,Airport Kiosk,Aisle,110,0
P7581,F291,279.6,Family,Economy,4,Desk,Window,102,0
P7582,F996,599.1,Business,Business,2,Online,Window,69,0
P7583,F1970,407.53,Business,Economy,4,Online,Middle,87,0
P7584,F1763,413.78,Leisure,Business,1,Mobile App,Aisle,20,0
P7585,F1888,316.88,Business,Premium Economy,0,Online,Window,83,0
P7586,F1825,177.41,Leisure,Premium Economy,1,Desk,Window,38,0
P7587,F563,231.1,Leisure,Economy,1,Online,Middle,46,0
P7588,F1261,349.38,Family,Premium Economy,1,Online,Aisle,31,0
P7589,F101,439.32,Business,Economy,1,Mobile App,Aisle,71,0
P7590,F1675,374.39,Business,Business,2,Airport Kiosk,Aisle,28,0
P7591,F211,283.76,Emergency,Premium Economy,0,Online,Window,38,0
P7592,F1433,243.38,Family,Premium Economy,0,Desk,Middle,11,0
P7593,F1014,376.0,Leisure,Economy,2,Online,Middle,111,0
P7594,F205,270.56,Emergency,Economy,0,Online,Window,45,0
P7595,F522,503.66,Business,Economy,1,Airport Kiosk,Aisle,41,0
P7596,F743,278.47,Business,Premium Economy,0,Mobile App,Aisle,104,1
P7597,F1506,366.2,Business,Economy,1,Mobile App,Window,39,0
P7598,F927,195.46,Family,Economy,1,Mobile App,Window,29,0
P7599,F496,321.83,Emergency,Economy,1,Airport Kiosk,Window,24,0
P7600,F815,296.17,Leisure,Business,3,Mobile App,Aisle,53,0
P7601,F359,272.5,Family,Premium Economy,0,Mobile App,Aisle,55,0
P7602,F1420,517.74,Leisure,Economy,2,Online,Middle,89,0
P7603,F738,367.08,Emergency,Economy,1,Online,Middle,31,0
P7604,F1811,207.41,Family,Business,1,Airport Kiosk,Middle,105,0
P7605,F1931,457.43,Leisure,Economy,2,Airport Kiosk,Aisle,73,0
P7606,F128,396.17,Emergency,Business,0,Desk,Aisle,93,0
P7607,F27,388.36,Family,Economy,0,Mobile App,Aisle,25,0
P7608,F1964,288.74,Leisure,Premium Economy,2,Airport Kiosk,Aisle,51,0
P7609,F760,97.21,Business,Business,0,Mobile App,Window,21,0
P7610,F257,416.35,Emergency,Economy,0,Mobile App,Middle,44,0
P7611,F1643,262.05,Business,Economy,0,Desk,Middle,50,0
P7612,F1837,262.32,Leisure,Economy,0,Desk,Window,109,0
P7613,F1973,232.46,Family,Business,0,Airport Kiosk,Window,3,0
P7614,F565,279.25,Leisure,Business,2,Online,Aisle,0,0
P7615,F249,312.0,Leisure,Premium Economy,0,Online,Aisle,83,0
P7616,F1560,338.31,Business,Economy,0,Online,Aisle,99,0
P7617,F880,585.74,Family,Economy,0,Mobile App,Middle,32,1
P7618,F240,469.63,Leisure,Economy,0,Mobile App,Middle,84,0
P7619,F1869,513.92,Emergency,Economy,1,Online,Aisle,89,0
P7620,F716,254.5,Leisure,Economy,1,Desk,Middle,75,0
P7621,F26,305.56,Emergency,Economy,1,Desk,Window,57,0
P7622,F833,391.89,Leisure,Economy,0,Airport Kiosk,Window,43,0
P7623,F1957,514.51,Emergency,Business,1,Online,Middle,87,0
P7624,F843,409.99,Leisure,Business,3,Airport Kiosk,Middle,25,0
P7625,F1723,342.94,Family,Economy,0,Online,Middle,2,0
P7626,F1062,238.9,Emergency,First,1,Airport Kiosk,Window,28,0
P7627,F1969,479.44,Leisure,Economy,0,Airport Kiosk,Window,27,0
P7628,F269,464.42,Emergency,Premium Economy,2,Desk,Middle,34,0
P7629,F1888,249.92,Business,Premium Economy,0,Online,Middle,44,0
P7630,F1012,411.17,Family,Economy,0,Airport Kiosk,Window,45,0
P7631,F129,316.4,Leisure,Premium Economy,1,Desk,Middle,91,0
P7632,F44,425.46,Leisure,Economy,3,Online,Window,96,0
P7633,F571,272.07,Business,Economy,0,Online,Middle,89,0
P7634,F794,260.98,Family,Economy,2,Desk,Middle,28,0
P7635,F571,300.93,Leisure,Economy,1,Mobile App,Aisle,2,0
P7636,F351,149.58,Business,Premium Economy,0,Desk,Aisle,68,1
P7637,F750,459.85,Business,Economy,3,Mobile App,Window,75,0
P7638,F1389,180.05,Emergency,Economy,0,Desk,Window,31,0
P7639,F569,514.23,Family,Premium Economy,1,Mobile App,Window,26,0
P7640,F600,337.5,Leisure,Economy,1,Desk,Aisle,119,0
P7641,F1595,339.32,Emergency,Economy,1,Airport Kiosk,Middle,115,0
P7642,F534,405.05,Emergency,Economy,2,Mobile App,Aisle,85,0
P7643,F797,353.66,Emergency,Premium Economy,1,Desk,Aisle,57,0
P7644,F57,269.91,Emergency,Economy,2,Online,Aisle,46,0
P7645,F1994,301.37,Family,First,1,Online,Aisle,101,0
P7646,F620,254.62,Family,Premium Economy,1,Airport Kiosk,Middle,22,0
P7647,F1190,363.92,Leisure,Economy,0,Airport Kiosk,Window,25,0
P7648,F604,402.44,Business,Premium Economy,1,Desk,Middle,5,1
P7649,F384,399.55,Family,Economy,1,Airport Kiosk,Window,11,0
P7650,F606,251.97,Leisure,Premium Economy,0,Airport Kiosk,Window,98,0
P7651,F142,298.03,Business,Economy,1,Online,Aisle,38,1
P7652,F1362,286.19,Family,Economy,0,Mobile App,Middle,62,0
P7653,F1541,170.12,Leisure,Premium Economy,1,Desk,Window,41,0
P7654,F354,308.83,Family,Premium Economy,1,Mobile App,Window,93,0
P7655,F776,318.44,Family,Premium Economy,4,Desk,Aisle,113,0
P7656,F824,346.72,Business,Economy,3,Desk,Window,18,0
P7657,F271,339.16,Business,Economy,0,Desk,Aisle,35,0
P7658,F188,370.76,Emergency,Economy,1,Mobile App,Middle,88,0
P7659,F1656,310.85,Business,Business,1,Online,Window,69,0
P7660,F122,323.55,Emergency,Economy,2,Mobile App,Window,118,1
P7661,F1904,396.38,Leisure,Economy,0,Mobile App,Aisle,32,0
P7662,F1362,279.36,Emergency,Economy,1,Mobile App,Window,78,0
P7663,F664,464.37,Emergency,Economy,1,Online,Window,3,0
P7664,F1937,238.08,Family,Economy,2,Desk,Aisle,41,0
P7665,F136,266.18,Emergency,Business,3,Airport Kiosk,Middle,50,0
P7666,F1211,261.86,Business,Premium Economy,1,Online,Window,105,0
P7667,F1695,420.54,Business,Economy,2,Online,Aisle,21,0
P7668,F1547,466.66,Leisure,Economy,0,Mobile App,Window,59,1
P7669,F179,470.67,Emergency,Business,4,Desk,Aisle,117,0
P7670,F950,397.25,Leisure,Economy,0,Airport Kiosk,Middle,116,0
P7671,F1851,388.19,Emergency,Economy,2,Mobile App,Aisle,98,0
P7672,F1900,272.19,Family,Business,2,Airport Kiosk,Aisle,102,0
P7673,F975,234.21,Business,Business,0,Airport Kiosk,Window,93,0
P7674,F1141,293.75,Emergency,Premium Economy,0,Airport Kiosk,Middle,94,0
P7675,F1082,351.87,Leisure,Premium Economy,3,Airport Kiosk,Middle,41,0
P7676,F1747,417.62,Business,Economy,2,Mobile App,Middle,80,0
P7677,F1899,462.04,Emergency,Economy,2,Online,Window,63,0
P7678,F1769,392.72,Family,Economy,0,Airport Kiosk,Middle,118,0
P7679,F820,322.17,Emergency,Economy,0,Online,Middle,39,0
P7680,F1760,310.93,Business,Premium Economy,2,Mobile App,Aisle,100,0
P7681,F1107,346.73,Leisure,Economy,2,Desk,Aisle,27,0
P7682,F213,396.9,Business,Economy,3,Mobile App,Middle,91,0
P7683,F85,352.05,Emergency,First,1,Airport Kiosk,Window,37,0
P7684,F544,26.91,Leisure,Economy,0,Online,Aisle,35,0
P7685,F630,404.72,Business,Economy,1,Online,Window,118,0
P7686,F1725,249.15,Emergency,Premium Economy,0,Mobile App,Window,113,0
P7687,F1169,436.86,Leisure,Economy,0,Desk,Aisle,57,0
P7688,F1755,349.96,Business,Premium Economy,0,Online,Aisle,82,0
P7689,F1449,581.85,Emergency,Economy,3,Mobile App,Middle,28,0
P7690,F11,352.6,Emergency,First,2,Desk,Window,27,0
P7691,F161,519.14,Leisure,Premium Economy,2,Desk,Window,8,0
P7692,F1651,276.8,Family,Economy,1,Desk,Window,6,0
P7693,F1893,428.48,Emergency,Economy,3,Desk,Aisle,97,1
P7694,F1515,503.81,Family,Premium Economy,1,Airport Kiosk,Window,40,0
P7695,F886,303.08,Business,Premium Economy,0,Airport Kiosk,Aisle,90,0
P7696,F494,323.47,Emergency,Economy,0,Online,Middle,29,0
P7697,F869,279.64,Emergency,Business,3,Mobile App,Window,76,0
P7698,F1173,232.44,Emergency,Business,1,Desk,Middle,26,0
P7699,F1205,255.61,Emergency,Business,2,Desk,Middle,11,0
P7700,F1622,155.06,Leisure,Economy,0,Desk,Aisle,117,0
P7701,F249,312.87,Leisure,Premium Economy,2,Desk,Window,92,0
P7702,F1341,295.7,Leisure,Business,1,Online,Aisle,66,0
P7703,F550,600.18,Leisure,Economy,0,Airport Kiosk,Aisle,41,0
P7704,F544,369.44,Business,Economy,2,Airport Kiosk,Middle,27,0
P7705,F1775,289.4,Business,Economy,1,Mobile App,Aisle,114,0
P7706,F1055,261.19,Business,Economy,0,Airport Kiosk,Middle,106,0
P7707,F1503,349.55,Family,Economy,3,Desk,Aisle,90,0
P7708,F1538,256.24,Emergency,Premium Economy,1,Mobile App,Aisle,92,0
P7709,F503,371.74,Business,Economy,1,Online,Window,114,0
P7710,F749,496.29,Family,Economy,2,Airport Kiosk,Middle,62,0
P7711,F1503,272.24,Leisure,Business,1,Mobile App,Window,73,1
P7712,F369,200.25,Emergency,Economy,1,Online,Window,13,0
P7713,F1085,366.42,Business,Premium Economy,1,Airport Kiosk,Middle,2,0
P7714,F1439,208.01,Emergency,Economy,0,Airport Kiosk,Window,98,0
P7715,F1665,407.21,Emergency,Business,2,Desk,Window,67,0
P7716,F907,340.22,Leisure,Economy,1,Mobile App,Window,95,0
P7717,F939,392.07,Emergency,Economy,0,Online,Window,54,0
P7718,F786,494.62,Family,Premium Economy,1,Mobile App,Middle,46,0
P7719,F1662,420.67,Leisure,Economy,1,Mobile App,Middle,8,0
P7720,F1590,553.25,Emergency,Economy,1,Online,Window,6,0
P7721,F1044,419.79,Family,Economy,1,Airport Kiosk,Aisle,74,0
P7722,F1777,367.77,Business,Economy,0,Desk,Aisle,64,0
P7723,F203,196.88,Leisure,Economy,2,Mobile App,Middle,87,0
P7724,F1489,396.56,Business,Business,1,Mobile App,Aisle,56,0
P7725,F888,213.34,Leisure,Economy,0,Airport Kiosk,Window,29,0
P7726,F861,106.39,Business,Business,0,Airport Kiosk,Aisle,97,0
P7727,F332,359.69,Emergency,Business,0,Mobile App,Window,30,0
P7728,F1652,243.47,Emergency,Economy,0,Online,Window,41,0
P7729,F184,537.67,Family,Economy,0,Desk,Middle,21,0
P7730,F162,303.52,Leisure,Business,1,Mobile App,Middle,98,0
P7731,F1497,324.07,Emergency,Business,2,Mobile App,Middle,87,0
P7732,F883,417.73,Business,Premium Economy,2,Desk,Window,117,0
P7733,F607,274.23,Leisure,Economy,3,Desk,Aisle,7,0
P7734,F1441,315.01,Family,First,1,Mobile App,Window,81,0
P7735,F557,427.54,Leisure,Economy,2,Online,Middle,70,1
P7736,F711,440.22,Emergency,First,1,Desk,Window,87,0
P7737,F1361,223.73,Business,Premium Economy,2,Desk,Window,109,0
P7738,F921,299.73,Leisure,Economy,2,Online,Aisle,118,0
P7739,F136,531.2,Family,Premium Economy,3,Online,Middle,57,0
P7740,F838,376.48,Business,Premium Economy,2,Mobile App,Middle,35,0
P7741,F1069,341.44,Emergency,Economy,1,Airport Kiosk,Window,28,0
P7742,F264,136.41,Family,Economy,1,Airport Kiosk,Aisle,17,0
P7743,F262,397.29,Family,Economy,0,Online,Window,2,0
P7744,F676,343.28,Leisure,First,1,Online,Window,72,0
P7745,F1506,362.04,Family,Premium Economy,2,Airport Kiosk,Window,60,1
P7746,F368,366.81,Leisure,Business,2,Airport Kiosk,Aisle,55,0
P7747,F1416,296.17,Emergency,First,1,Desk,Aisle,108,0
P7748,F1673,291.92,Family,Business,1,Mobile App,Aisle,102,0
P7749,F1373,433.42,Emergency,Economy,1,Desk,Aisle,46,0
P7750,F1617,118.66,Family,Economy,0,Mobile App,Aisle,30,0
P7751,F1161,317.29,Family,Economy,4,Airport Kiosk,Window,0,0
P7752,F183,521.42,Business,Economy,0,Airport Kiosk,Aisle,21,0
P7753,F886,355.58,Family,Premium Economy,0,Online,Aisle,61,0
P7754,F353,485.23,Leisure,Premium Economy,1,Mobile App,Aisle,32,0
P7755,F969,307.25,Emergency,Economy,0,Online,Window,85,0
P7756,F1548,521.39,Business,Economy,0,Airport Kiosk,Aisle,46,0
P7757,F1292,288.28,Emergency,Economy,1,Mobile App,Aisle,80,0
P7758,F1043,530.67,Business,Economy,2,Airport Kiosk,Aisle,23,1
P7759,F1560,328.1,Family,Business,1,Online,Window,28,0
P7760,F1027,347.06,Business,Premium Economy,2,Online,Middle,52,0
P7761,F1939,266.99,Emergency,Premium Economy,0,Desk,Middle,77,0
P7762,F302,426.92,Leisure,Economy,1,Desk,Aisle,117,0
P7763,F223,328.58,Business,Economy,3,Online,Window,18,0
P7764,F1635,360.16,Leisure,First,1,Desk,Aisle,33,0
P7765,F808,153.4,Emergency,Economy,0,Mobile App,Window,94,0
P7766,F1988,492.13,Leisure,Premium Economy,3,Mobile App,Aisle,83,0
P7767,F1933,269.96,Emergency,Economy,0,Airport Kiosk,Window,15,0
P7768,F239,205.6,Business,Economy,1,Mobile App,Middle,83,0
P7769,F217,365.88,Business,Premium Economy,2,Airport Kiosk,Middle,106,0
P7770,F1085,386.93,Leisure,Economy,2,Mobile App,Window,50,1
P7771,F69,439.84,Business,Economy,1,Online,Window,102,0
P7772,F998,271.76,Leisure,Premium Economy,2,Online,Aisle,60,0
P7773,F1737,430.57,Leisure,Premium Economy,0,Desk,Aisle,5,0
P7774,F573,249.91,Business,Business,1,Desk,Middle,42,0
P7775,F225,191.57,Emergency,Economy,0,Desk,Aisle,97,0
P7776,F1956,218.44,Family,Premium Economy,1,Airport Kiosk,Window,63,0
P7777,F1040,442.64,Emergency,Economy,1,Desk,Middle,49,0
P7778,F1892,335.04,Emergency,Premium Economy,0,Online,Window,94,0
P7779,F1759,311.47,Emergency,Economy,1,Airport Kiosk,Middle,118,0
P7780,F456,473.09,Leisure,Economy,0,Online,Window,44,0
P7781,F691,424.25,Family,Economy,2,Desk,Middle,65,0
P7782,F1138,288.26,Emergency,Economy,1,Online,Window,97,0
P7783,F1292,518.63,Leisure,Economy,2,Desk,Window,112,0
P7784,F1331,452.0,Emergency,Economy,0,Desk,Aisle,79,0
P7785,F1298,388.12,Leisure,Premium Economy,2,Airport Kiosk,Window,94,0
P7786,F1385,379.21,Family,Economy,0,Online,Window,50,0
P7787,F802,544.17,Business,Premium Economy,0,Airport Kiosk,Window,54,0
P7788,F1207,437.27,Family,Premium Economy,0,Online,Aisle,65,0
P7789,F376,180.4,Emergency,Business,3,Mobile App,Aisle,32,0
P7790,F1146,285.69,Leisure,Economy,1,Airport Kiosk,Window,6,0
P7791,F1505,385.79,Leisure,Economy,2,Airport Kiosk,Middle,40,0
P7792,F1818,182.63,Emergency,Premium Economy,2,Airport Kiosk,Window,99,0
P7793,F1890,463.34,Business,Economy,1,Airport Kiosk,Window,118,0
P7794,F1048,150.07,Emergency,Economy,1,Desk,Window,42,0
P7795,F209,321.39,Emergency,First,0,Online,Middle,113,0
P7796,F1375,441.95,Family,Economy,1,Mobile App,Window,88,0
P7797,F1096,328.56,Leisure,Premium Economy,2,Mobile App,Aisle,111,0
P7798,F1643,297.14,Emergency,First,0,Online,Aisle,92,0
P7799,F859,425.28,Business,Premium Economy,0,Online,Window,100,0
P7800,F1964,295.11,Family,Business,0,Airport Kiosk,Window,20,0
P7801,F1768,476.71,Leisure,Economy,2,Mobile App,Middle,81,0
P7802,F1243,354.86,Leisure,Premium Economy,0,Online,Aisle,68,0
P7803,F1247,341.62,Family,Premium Economy,0,Mobile App,Aisle,87,0
P7804,F1147,339.28,Leisure,Business,0,Mobile App,Middle,76,0
P7805,F1563,414.11,Emergency,Economy,2,Mobile App,Window,79,1
P7806,F1121,478.46,Emergency,Economy,0,Mobile App,Window,45,0
P7807,F364,343.05,Family,Premium Economy,1,Online,Window,52,0
P7808,F508,342.05,Emergency,Economy,1,Airport Kiosk,Aisle,18,1
P7809,F552,415.83,Business,Economy,1,Airport Kiosk,Aisle,43,0
P7810,F713,435.86,Family,Economy,1,Desk,Window,47,0
P7811,F872,540.72,Family,Economy,1,Airport Kiosk,Window,51,0
P7812,F530,182.64,Leisure,Economy,1,Airport Kiosk,Aisle,2,0
P7813,F1167,294.04,Emergency,Economy,0,Mobile App,Aisle,93,0
P7814,F724,369.03,Family,Economy,0,Online,Middle,96,0
P7815,F426,263.28,Business,Economy,1,Desk,Window,18,0
P7816,F84,490.66,Leisure,Premium Economy,1,Mobile App,Window,6,0
P7817,F1597,553.9,Family,First,0,Airport Kiosk,Window,20,0
P7818,F502,246.19,Business,Business,1,Online,Middle,63,0
P7819,F362,451.28,Leisure,Economy,0,Desk,Window,25,0
P7820,F34,300.4,Family,Economy,0,Airport Kiosk,Middle,89,0
P7821,F1797,346.59,Family,Premium Economy,0,Online,Aisle,38,0
P7822,F1853,308.6,Business,Premium Economy,0,Online,Window,54,0
P7823,F1470,512.94,Family,Business,0,Online,Window,97,0
P7824,F1302,359.77,Family,Economy,2,Desk,Window,13,0
P7825,F1926,434.87,Leisure,Economy,0,Airport Kiosk,Aisle,88,0
P7826,F884,305.25,Leisure,Economy,1,Mobile App,Window,0,0
P7827,F239,506.81,Business,Economy,0,Airport Kiosk,Middle,74,0
P7828,F207,153.63,Family,Business,0,Airport Kiosk,Window,46,0
P7829,F1689,462.31,Emergency,Premium Economy,0,Desk,Middle,94,0
P7830,F502,337.68,Business,First,1,Desk,Window,60,0
P7831,F350,311.76,Family,Economy,2,Airport Kiosk,Window,62,0
P7832,F1816,394.89,Business,Business,1,Online,Middle,74,0
P7833,F746,285.32,Family,Economy,3,Mobile App,Window,18,0
P7834,F1224,445.01,Business,Economy,0,Airport Kiosk,Window,39,0
P7835,F1959,285.96,Emergency,Economy,1,Airport Kiosk,Aisle,19,0
P7836,F670,402.54,Family,Business,2,Mobile App,Aisle,23,0
P7837,F947,166.52,Family,First,2,Airport Kiosk,Aisle,13,0
P7838,F190,522.64,Leisure,First,0,Online,Window,81,0
P7839,F1132,442.57,Business,Premium Economy,1,Airport Kiosk,Aisle,78,0
P7840,F226,246.85,Emergency,Economy,1,Desk,Aisle,78,0
P7841,F1576,482.36,Family,Economy,1,Mobile App,Middle,39,0
P7842,F645,493.89,Emergency,Premium Economy,2,Desk,Window,1,0
P7843,F903,266.76,Family,Economy,1,Desk,Aisle,69,0
P7844,F980,213.32,Emergency,Economy,1,Mobile App,Aisle,15,1
P7845,F1425,485.62,Leisure,Economy,0,Mobile App,Aisle,71,0
P7846,F163,439.9,Leisure,Business,0,Mobile App,Middle,44,0
P7847,F425,197.06,Family,Economy,2,Mobile App,Aisle,86,0
P7848,F10,615.77,Business,Premium Economy,2,Mobile App,Window,86,0
P7849,F1156,71.1,Family,Premium Economy,1,Online,Middle,102,0
P7850,F1362,496.81,Business,Economy,0,Mobile App,Middle,76,0
P7851,F487,300.58,Business,Economy,2,Online,Aisle,109,0
P7852,F1423,213.05,Emergency,Economy,2,Mobile App,Middle,75,0
P7853,F597,286.28,Business,Business,1,Airport Kiosk,Aisle,94,0
P7854,F225,297.6,Family,Business,4,Mobile App,Window,112,0
P7855,F717,434.32,Emergency,Premium Economy,1,Online,Aisle,97,0
P7856,F1103,299.58,Leisure,Economy,0,Online,Aisle,39,0
P7857,F1018,482.29,Leisure,Premium Economy,0,Airport Kiosk,Middle,37,0
P7858,F1220,354.35,Leisure,Business,1,Airport Kiosk,Aisle,1,0
P7859,F1465,221.89,Business,Business,1,Online,Window,47,0
P7860,F1922,369.8,Family,Economy,0,Mobile App,Middle,59,0
P7861,F1410,417.69,Emergency,Economy,0,Online,Middle,116,0
P7862,F1706,165.31,Family,Economy,0,Online,Middle,9,0
P7863,F208,493.21,Emergency,Business,1,Mobile App,Aisle,40,0
P7864,F1463,295.68,Leisure,Business,1,Online,Middle,98,0
P7865,F1530,332.01,Business,Premium Economy,2,Online,Window,60,0
P7866,F929,264.03,Family,Business,3,Airport Kiosk,Window,22,0
P7867,F1528,396.68,Leisure,Premium Economy,0,Airport Kiosk,Middle,53,0
P7868,F1992,322.91,Business,Economy,0,Online,Window,107,0
P7869,F486,301.81,Emergency,Economy,1,Airport Kiosk,Aisle,4,0
P7870,F716,394.49,Family,Economy,0,Airport Kiosk,Aisle,0,0
P7871,F1937,398.32,Family,Economy,1,Desk,Aisle,47,0
P7872,F719,409.49,Emergency,Premium Economy,1,Desk,Window,20,0
P7873,F1534,408.85,Leisure,Economy,1,Online,Middle,2,0
P7874,F1608,374.03,Family,Economy,0,Mobile App,Window,72,0
P7875,F461,399.82,Leisure,Premium Economy,0,Mobile App,Middle,94,0
P7876,F294,225.93,Emergency,Premium Economy,0,Desk,Middle,103,0
P7877,F1222,299.61,Emergency,Premium Economy,1,Desk,Aisle,96,0
P7878,F756,241.75,Emergency,Economy,2,Airport Kiosk,Window,6,0
P7879,F401,385.83,Family,Economy,2,Desk,Aisle,38,0
P7880,F1638,244.91,Emergency,Premium Economy,1,Mobile App,Middle,62,0
P7881,F496,382.12,Leisure,Economy,0,Mobile App,Window,9,0
P7882,F1839,426.35,Business,Economy,0,Airport Kiosk,Window,106,0
P7883,F134,168.22,Family,Economy,1,Online,Aisle,104,0
P7884,F1576,400.96,Leisure,Economy,0,Mobile App,Middle,96,0
P7885,F625,409.82,Leisure,Economy,1,Online,Aisle,38,0
P7886,F1302,306.51,Emergency,Economy,1,Mobile App,Middle,34,0
P7887,F309,479.65,Emergency,Economy,0,Online,Aisle,28,0
P7888,F706,293.86,Leisure,Economy,0,Desk,Middle,35,0
P7889,F1406,197.26,Business,Economy,2,Online,Window,101,0
P7890,F188,453.5,Business,Economy,1,Online,Window,106,0
P7891,F1180,361.5,Family,Economy,0,Mobile App,Aisle,79,0
P7892,F871,327.26,Business,Business,0,Mobile App,Window,114,0
P7893,F1826,353.52,Family,Premium Economy,1,Mobile App,Middle,34,1
P7894,F1818,249.83,Business,Economy,2,Mobile App,Middle,72,0
P7895,F559,501.97,Business,Economy,2,Mobile App,Middle,8,0
P7896,F1945,444.39,Leisure,Premium Economy,1,Airport Kiosk,Aisle,55,0
P7897,F496,523.39,Family,Business,0,Mobile App,Aisle,15,0
P7898,F1291,386.64,Leisure,Business,1,Desk,Window,46,0
P7899,F1642,500.08,Business,Business,1,Online,Aisle,58,0
P7900,F965,199.98,Leisure,Economy,1,Online,Window,49,0
P7901,F1519,352.39,Leisure,Premium Economy,0,Airport Kiosk,Window,5,0
P7902,F1174,413.34,Emergency,Economy,1,Desk,Aisle,69,0
P7903,F1506,320.68,Business,Economy,1,Mobile App,Middle,38,0
P7904,F1435,424.9,Family,Economy,1,Airport Kiosk,Window,13,0
P7905,F1718,486.02,Leisure,Economy,1,Online,Middle,109,0
P7906,F1924,378.43,Business,Economy,0,Online,Middle,88,0
P7907,F1837,282.31,Leisure,Premium Economy,0,Online,Aisle,35,0
P7908,F667,293.39,Leisure,Economy,2,Mobile App,Aisle,66,1
P7909,F959,498.55,Family,Business,1,Desk,Window,69,0
P7910,F61,457.52,Leisure,Business,0,Online,Window,36,0
P7911,F1368,321.02,Leisure,Economy,1,Airport Kiosk,Window,104,1
P7912,F1739,295.29,Leisure,Economy,1,Online,Middle,18,0
P7913,F1649,435.08,Business,Business,1,Online,Window,29,0
P7914,F401,368.99,Emergency,Economy,0,Airport Kiosk,Window,114,1
P7915,F1963,356.38,Leisure,Economy,2,Airport Kiosk,Window,99,0
P7916,F1545,349.76,Business,Premium Economy,0,Online,Aisle,81,0
P7917,F623,409.86,Family,Economy,2,Online,Middle,49,0
P7918,F1638,621.73,Leisure,Economy,0,Mobile App,Aisle,12,0
P7919,F721,520.73,Family,Economy,0,Desk,Aisle,70,0
P7920,F1724,358.77,Family,Economy,0,Online,Middle,72,0
P7921,F902,359.46,Family,Business,0,Online,Window,97,0
P7922,F1730,434.8,Emergency,Economy,1,Airport Kiosk,Window,54,0
P7923,F458,371.13,Emergency,Economy,0,Airport Kiosk,Window,69,0
P7924,F1849,364.42,Family,Business,0,Airport Kiosk,Aisle,104,0
P7925,F1795,348.87,Business,Premium Economy,0,Desk,Window,117,0
P7926,F241,538.69,Emergency,Economy,2,Airport Kiosk,Aisle,35,0
P7927,F1507,205.44,Leisure,Economy,1,Desk,Window,1,0
P7928,F1240,250.82,Family,Economy,3,Online,Aisle,57,0
P7929,F136,238.96,Leisure,Premium Economy,1,Airport Kiosk,Window,53,0
P7930,F1940,383.58,Emergency,First,1,Airport Kiosk,Middle,20,0
P7931,F680,232.28,Leisure,Economy,2,Desk,Middle,0,0
P7932,F711,345.15,Leisure,Premium Economy,1,Online,Window,55,0
P7933,F1738,372.79,Business,Premium Economy,0,Airport Kiosk,Middle,20,0
P7934,F940,303.89,Emergency,First,1,Online,Window,45,0
P7935,F379,362.36,Family,Business,0,Airport Kiosk,Aisle,106,0
P7936,F518,242.11,Leisure,Premium Economy,1,Online,Window,104,0
P7937,F1131,559.5,Family,Business,2,Online,Aisle,8,0
P7938,F414,368.96,Family,Economy,0,Desk,Window,18,0
P7939,F1305,228.45,Emergency,Business,2,Desk,Middle,67,0
P7940,F1810,405.38,Leisure,Economy,1,Online,Aisle,108,0
P7941,F1266,402.44,Emergency,Economy,2,Online,Aisle,23,0
P7942,F1411,339.37,Leisure,Economy,0,Mobile App,Window,115,0
P7943,F812,267.18,Business,Economy,0,Mobile App,Aisle,116,0
P7944,F1276,347.07,Business,Economy,1,Airport Kiosk,Window,18,0
P7945,F511,486.58,Business,Economy,1,Airport Kiosk,Middle,84,0
P7946,F994,258.9,Leisure,Economy,0,Online,Window,21,0
P7947,F1177,302.68,Business,Economy,0,Mobile App,Aisle,105,0
P7948,F1178,361.4,Emergency,Economy,0,Mobile App,Middle,57,0
P7949,F600,332.1,Business,Economy,0,Desk,Aisle,43,0
P7950,F23,206.74,Emergency,Economy,3,Online,Window,77,0
P7951,F1184,465.66,Business,Business,1,Mobile App,Middle,111,0
P7952,F815,687.95,Family,Economy,1,Airport Kiosk,Aisle,50,0
P7953,F1809,259.64,Business,Business,1,Airport Kiosk,Aisle,55,0
P7954,F1156,288.53,Business,Economy,0,Online,Window,70,0
P7955,F691,501.88,Leisure,Economy,1,Airport Kiosk,Window,8,0
P7956,F263,417.57,Leisure,Economy,0,Mobile App,Middle,67,0
P7957,F1533,307.47,Family,Economy,2,Desk,Aisle,95,0
P7958,F1906,239.43,Business,Economy,1,Online,Window,110,0
P7959,F1924,334.13,Business,Economy,0,Mobile App,Aisle,80,0
P7960,F1159,176.46,Family,Economy,1,Airport Kiosk,Aisle,53,0
P7961,F554,229.17,Leisure,First,1,Online,Middle,71,0
P7962,F1321,355.9,Business,Economy,2,Desk,Aisle,109,0
P7963,F1673,276.15,Emergency,Economy,1,Desk,Window,8,0
P7964,F294,390.61,Leisure,Economy,0,Desk,Window,53,0
P7965,F1541,371.98,Leisure,Premium Economy,0,Mobile App,Middle,63,0
P7966,F1817,251.79,Family,Economy,0,Mobile App,Middle,37,0
P7967,F1974,333.88,Emergency,Premium Economy,0,Mobile App,Aisle,119,1
P7968,F1797,281.05,Leisure,First,0,Desk,Aisle,30,1
P7969,F206,275.73,Business,Economy,2,Mobile App,Window,6,1
P7970,F1775,118.62,Business,First,0,Airport Kiosk,Aisle,95,0
P7971,F1863,243.32,Emergency,Economy,1,Desk,Aisle,84,0
P7972,F267,474.91,Family,Economy,1,Desk,Window,115,0
P7973,F1242,165.01,Emergency,Premium Economy,1,Desk,Middle,69,0
P7974,F993,318.81,Leisure,Premium Economy,0,Online,Window,103,0
P7975,F1555,365.55,Business,Economy,0,Online,Window,49,0
P7976,F316,414.07,Emergency,Premium Economy,2,Online,Aisle,112,0
P7977,F387,419.82,Family,Business,1,Airport Kiosk,Window,9,0
P7978,F659,441.71,Leisure,Premium Economy,2,Mobile App,Middle,101,0
P7979,F12,429.2,Business,Business,0,Online,Window,109,0
P7980,F939,162.19,Business,Economy,3,Desk,Middle,23,0
P7981,F1579,403.74,Family,Premium Economy,2,Airport Kiosk,Middle,112,0
P7982,F1982,252.38,Family,Premium Economy,1,Online,Aisle,86,0
P7983,F291,370.34,Emergency,Business,0,Online,Window,62,0
P7984,F1165,507.22,Leisure,Economy,0,Airport Kiosk,Middle,79,0
P7985,F1909,308.24,Emergency,Business,1,Airport Kiosk,Middle,14,0
P7986,F529,221.04,Family,Economy,1,Online,Aisle,41,0
P7987,F1825,436.77,Emergency,Economy,0,Online,Window,114,0
P7988,F789,520.86,Family,Premium Economy,1,Mobile App,Aisle,119,0
P7989,F1847,318.76,Family,Economy,1,Airport Kiosk,Middle,35,0
P7990,F1241,403.43,Business,Economy,1,Airport Kiosk,Middle,25,0
P7991,F218,399.86,Family,Economy,0,Mobile App,Middle,7,0
P7992,F503,494.13,Leisure,Economy,2,Online,Middle,73,0
P7993,F473,288.17,Business,Economy,1,Airport Kiosk,Middle,18,0
P7994,F1382,384.31,Business,Premium Economy,0,Airport Kiosk,Aisle,13,0
P7995,F840,405.69,Business,Economy,1,Desk,Aisle,73,0
P7996,F1091,327.54,Emergency,Economy,0,Online,Aisle,84,0
P7997,F1625,376.13,Business,Business,0,Desk,Middle,73,0
P7998,F1994,373.96,Business,Business,3,Mobile App,Window,40,0
P7999,F540,282.63,Emergency,Business,1,Desk,Middle,1,0
P8000,F1865,341.39,Leisure,Premium Economy,0,Airport Kiosk,Window,32,0
P8001,F1430,404.87,Business,Business,2,Mobile App,Aisle,100,0
P8002,F1686,435.17,Leisure,Economy,2,Airport Kiosk,Window,9,0
P8003,F1211,233.75,Emergency,Economy,0,Mobile App,Middle,116,0
P8004,F1100,468.41,Emergency,Economy,2,Mobile App,Window,70,0
P8005,F1863,359.17,Family,Business,1,Mobile App,Window,78,0
P8006,F1899,341.32,Leisure,Premium Economy,1,Mobile App,Middle,17,0
P8007,F488,300.59,Emergency,Economy,2,Mobile App,Window,104,0
P8008,F497,303.52,Business,Premium Economy,1,Online,Window,52,0
P8009,F777,320.03,Leisure,Economy,2,Desk,Aisle,67,0
P8010,F540,384.44,Family,Economy,1,Mobile App,Aisle,98,1
P8011,F1473,384.08,Business,Economy,2,Desk,Middle,2,0
P8012,F583,362.28,Family,Economy,1,Desk,Middle,81,0
P8013,F566,370.9,Family,Economy,0,Mobile App,Middle,102,0
P8014,F1880,364.49,Family,Economy,0,Airport Kiosk,Aisle,12,1
P8015,F231,371.69,Emergency,Economy,0,Mobile App,Middle,63,0
P8016,F1412,258.89,Family,Business,0,Mobile App,Middle,81,0
P8017,F791,375.93,Emergency,Economy,0,Desk,Aisle,35,0
P8018,F121,317.35,Leisure,Economy,1,Desk,Aisle,51,0
P8019,F1945,182.62,Emergency,Economy,1,Mobile App,Window,90,0
P8020,F1943,511.34,Family,Economy,1,Online,Middle,90,0
P8021,F1932,402.11,Family,Premium Economy,3,Online,Window,40,0
P8022,F856,386.93,Leisure,Premium Economy,0,Online,Window,86,0
P8023,F1882,525.14,Business,Economy,1,Mobile App,Middle,115,0
P8024,F1605,351.18,Business,Economy,3,Online,Aisle,80,0
P8025,F875,335.81,Leisure,Economy,0,Desk,Middle,105,0
P8026,F1366,440.16,Family,Economy,1,Mobile App,Middle,114,0
P8027,F1651,297.65,Emergency,Premium Economy,3,Mobile App,Middle,56,0
P8028,F921,415.3,Leisure,Economy,1,Airport Kiosk,Window,107,0
P8029,F1674,478.73,Family,Economy,1,Mobile App,Aisle,72,0
P8030,F1740,263.05,Emergency,First,2,Mobile App,Middle,119,0
P8031,F282,481.16,Emergency,Business,0,Desk,Middle,64,0
P8032,F469,238.9,Business,Economy,0,Online,Aisle,105,0
P8033,F88,213.17,Family,Premium Economy,3,Desk,Aisle,57,0
P8034,F1653,453.41,Family,Premium Economy,0,Desk,Window,5,0
P8035,F446,460.84,Emergency,Economy,3,Desk,Middle,100,0
P8036,F690,449.57,Leisure,Premium Economy,2,Desk,Window,62,0
P8037,F436,397.84,Leisure,Economy,1,Airport Kiosk,Middle,43,0
P8038,F144,219.52,Business,Economy,1,Desk,Middle,20,1
P8039,F964,284.74,Business,Economy,1,Airport Kiosk,Aisle,53,0
P8040,F1365,279.44,Family,Premium Economy,1,Desk,Middle,94,0
P8041,F620,399.23,Emergency,Economy,2,Mobile App,Middle,54,0
P8042,F1289,354.51,Leisure,Premium Economy,3,Mobile App,Middle,119,0
P8043,F996,271.64,Business,Business,0,Online,Aisle,20,0
P8044,F1810,342.39,Family,Economy,2,Desk,Aisle,12,0
P8045,F801,212.07,Business,Economy,0,Mobile App,Window,6,0
P8046,F786,422.69,Family,Economy,0,Airport Kiosk,Middle,25,0
P8047,F1385,295.86,Family,Economy,1,Mobile App,Aisle,48,0
P8048,F980,450.01,Emergency,Economy,1,Desk,Window,90,0
P8049,F768,305.31,Family,Premium Economy,0,Mobile App,Aisle,58,0
P8050,F1943,234.69,Emergency,Economy,1,Airport Kiosk,Aisle,71,0
P8051,F1194,328.47,Business,Economy,0,Online,Window,52,0
P8052,F504,360.43,Leisure,Business,2,Desk,Middle,11,0
P8053,F1848,393.06,Family,Economy,1,Desk,Middle,67,0
P8054,F1711,246.93,Business,Business,0,Desk,Aisle,48,0
P8055,F20,414.78,Business,Economy,0,Desk,Aisle,101,0
P8056,F137,251.52,Family,Economy,0,Mobile App,Aisle,56,0
P8057,F657,144.26,Emergency,Economy,0,Desk,Aisle,105,0
P8058,F1585,500.71,Business,Economy,1,Online,Aisle,108,0
P8059,F1117,414.46,Family,Economy,2,Airport Kiosk,Window,51,0
P8060,F1744,541.4,Business,First,1,Airport Kiosk,Window,67,0
P8061,F1997,265.38,Family,Economy,1,Mobile App,Window,0,0
P8062,F1659,387.28,Leisure,Economy,0,Online,Window,33,0
P8063,F764,352.09,Leisure,Economy,1,Desk,Aisle,60,0
P8064,F1177,265.17,Emergency,Economy,1,Desk,Window,90,0
P8065,F686,534.61,Emergency,Economy,1,Desk,Aisle,83,0
P8066,F1169,385.55,Business,Business,0,Desk,Middle,52,0
P8067,F211,372.62,Leisure,Economy,1,Airport Kiosk,Window,9,0
P8068,F882,517.76,Business,Economy,2,Desk,Aisle,39,0
P8069,F1168,456.66,Leisure,Economy,1,Airport Kiosk,Window,22,1
P8070,F486,315.06,Emergency,Economy,0,Airport Kiosk,Window,22,0
P8071,F798,343.64,Business,Economy,0,Desk,Middle,34,0
P8072,F422,324.34,Business,Economy,1,Desk,Middle,56,0
P8073,F1990,405.91,Emergency,First,1,Online,Aisle,65,0
P8074,F1152,425.06,Family,Economy,1,Online,Middle,31,0
P8075,F1192,123.69,Emergency,Premium Economy,1,Online,Window,13,0
P8076,F1168,356.72,Emergency,Economy,1,Airport Kiosk,Aisle,72,0
P8077,F1539,373.27,Business,Premium Economy,0,Online,Aisle,15,0
P8078,F93,315.07,Family,Economy,2,Desk,Aisle,87,0
P8079,F978,425.16,Family,Economy,1,Online,Window,22,0
P8080,F166,101.21,Leisure,Economy,3,Airport Kiosk,Aisle,20,0
P8081,F1473,549.71,Family,Economy,0,Desk,Window,87,0
P8082,F813,426.34,Family,Premium Economy,1,Mobile App,Middle,55,0
P8083,F1677,57.22,Family,Economy,3,Mobile App,Aisle,45,0
P8084,F599,217.56,Business,Economy,0,Online,Middle,95,0
P8085,F316,449.23,Emergency,Business,3,Online,Aisle,40,0
P8086,F680,330.81,Emergency,Economy,1,Online,Aisle,2,0
P8087,F265,377.03,Family,Business,0,Airport Kiosk,Middle,99,0
P8088,F669,369.01,Business,Premium Economy,1,Desk,Aisle,17,0
P8089,F239,352.32,Emergency,Economy,0,Online,Aisle,40,0
P8090,F442,245.64,Emergency,Economy,2,Airport Kiosk,Window,27,0
P8091,F802,286.09,Leisure,Economy,3,Airport Kiosk,Window,25,0
P8092,F1560,203.53,Business,Business,1,Mobile App,Window,109,0
P8093,F771,340.56,Family,Premium Economy,1,Online,Middle,58,0
P8094,F1957,351.8,Leisure,Premium Economy,2,Online,Aisle,45,0
P8095,F737,399.5,Leisure,Premium Economy,0,Desk,Window,65,0
P8096,F805,334.18,Business,Economy,1,Desk,Aisle,98,0
P8097,F716,215.35,Leisure,Economy,0,Mobile App,Middle,81,0
P8098,F1036,282.09,Leisure,Economy,0,Online,Window,116,0
P8099,F1914,358.11,Emergency,Economy,0,Mobile App,Aisle,30,0
P8100,F595,512.68,Family,Economy,0,Desk,Window,80,0
P8101,F1653,308.6,Business,First,0,Mobile App,Window,43,0
P8102,F788,247.76,Business,Economy,0,Mobile App,Middle,119,1
P8103,F1164,271.77,Family,Economy,3,Desk,Middle,87,0
P8104,F1048,441.98,Business,Economy,2,Airport Kiosk,Window,111,0
P8105,F1257,141.23,Emergency,Economy,0,Desk,Aisle,8,0
P8106,F1796,234.13,Business,Business,1,Mobile App,Aisle,43,0
P8107,F1741,295.84,Family,Economy,1,Mobile App,Window,20,0
P8108,F1644,503.9,Family,Economy,1,Airport Kiosk,Aisle,15,0
P8109,F1497,218.56,Emergency,Economy,2,Desk,Aisle,68,0
P8110,F142,410.99,Leisure,Business,0,Airport Kiosk,Window,31,0
P8111,F48,366.55,Leisure,First,2,Airport Kiosk,Aisle,36,0
P8112,F627,430.11,Family,Economy,1,Airport Kiosk,Window,34,0
P8113,F448,211.04,Family,Economy,1,Mobile App,Window,27,0
P8114,F1452,375.34,Family,Economy,0,Online,Aisle,37,0
P8115,F15,311.97,Emergency,Economy,2,Online,Middle,88,0
P8116,F728,195.41,Business,Economy,1,Online,Aisle,48,0
P8117,F1133,250.5,Leisure,Economy,0,Online,Middle,115,0
P8118,F723,332.78,Leisure,Business,2,Airport Kiosk,Aisle,14,0
P8119,F238,393.28,Business,Economy,0,Mobile App,Window,105,0
P8120,F1016,343.67,Family,Premium Economy,1,Airport Kiosk,Window,56,0
P8121,F1075,287.57,Leisure,First,0,Mobile App,Aisle,76,0
P8122,F552,353.74,Business,Business,2,Mobile App,Window,22,0
P8123,F596,252.84,Leisure,Premium Economy,0,Desk,Window,3,1
P8124,F1509,220.03,Business,Economy,1,Desk,Aisle,113,0
P8125,F1894,413.04,Business,Business,1,Desk,Window,116,0
P8126,F1825,306.13,Emergency,Economy,0,Online,Aisle,82,0
P8127,F1471,420.38,Leisure,Economy,0,Online,Aisle,56,0
P8128,F1796,278.48,Emergency,Premium Economy,1,Airport Kiosk,Window,77,0
P8129,F609,417.91,Family,Business,0,Airport Kiosk,Aisle,9,0
P8130,F792,229.79,Emergency,Economy,0,Online,Window,68,1
P8131,F1118,327.23,Emergency,Economy,1,Mobile App,Window,49,0
P8132,F1049,317.64,Emergency,Economy,0,Online,Aisle,94,0
P8133,F805,509.88,Family,Business,3,Desk,Aisle,52,0
P8134,F1132,445.46,Leisure,Economy,2,Online,Aisle,71,0
P8135,F57,392.97,Leisure,Business,1,Airport Kiosk,Middle,27,0
P8136,F379,63.43,Business,Economy,3,Airport Kiosk,Aisle,60,1
P8137,F980,334.49,Leisure,Premium Economy,2,Desk,Middle,74,0
P8138,F215,270.3,Business,Economy,0,Desk,Window,33,0
P8139,F983,231.61,Emergency,Economy,0,Online,Aisle,5,0
P8140,F896,221.27,Emergency,Premium Economy,1,Desk,Window,39,0
P8141,F967,226.46,Leisure,Economy,2,Mobile App,Middle,42,0
P8142,F325,156.32,Business,Premium Economy,0,Desk,Window,102,0
P8143,F822,255.95,Business,Economy,0,Online,Window,103,0
P8144,F249,397.23,Emergency,Premium Economy,2,Online,Middle,14,0
P8145,F420,272.26,Family,Economy,1,Online,Middle,99,0
P8146,F21,412.34,Leisure,Economy,0,Online,Aisle,26,0
P8147,F1067,247.01,Emergency,Economy,1,Desk,Middle,109,0
P8148,F1028,279.81,Family,Premium Economy,0,Airport Kiosk,Aisle,57,0
P8149,F806,475.33,Business,Economy,1,Airport Kiosk,Middle,103,0
P8150,F1730,359.17,Emergency,Premium Economy,3,Airport Kiosk,Middle,103,0
P8151,F1671,549.08,Family,Premium Economy,0,Mobile App,Window,103,0
P8152,F1887,259.46,Family,Business,1,Desk,Window,29,0
P8153,F894,218.6,Leisure,Economy,4,Desk,Aisle,93,0
P8154,F547,535.16,Family,Economy,2,Online,Middle,56,0
P8155,F308,398.84,Leisure,Economy,1,Mobile App,Middle,104,0
P8156,F633,486.43,Family,Economy,0,Desk,Window,116,0
P8157,F803,465.08,Family,First,0,Airport Kiosk,Middle,12,0
P8158,F1277,289.64,Emergency,Economy,3,Mobile App,Window,7,0
P8159,F12,297.28,Business,Premium Economy,1,Desk,Aisle,35,0
P8160,F1162,242.81,Leisure,Business,0,Desk,Window,0,0
P8161,F1733,261.12,Emergency,Economy,1,Mobile App,Aisle,43,1
P8162,F11,321.56,Emergency,Economy,0,Desk,Window,113,0
P8163,F1450,470.43,Emergency,First,1,Desk,Aisle,116,0
P8164,F50,450.17,Emergency,Economy,1,Mobile App,Window,118,0
P8165,F1122,314.41,Family,First,2,Mobile App,Window,29,0
P8166,F1826,234.41,Family,Premium Economy,3,Desk,Window,96,0
P8167,F901,362.92,Emergency,Economy,1,Airport Kiosk,Window,11,0
P8168,F629,454.38,Family,Economy,3,Mobile App,Aisle,112,0
P8169,F1155,389.18,Family,Economy,1,Mobile App,Aisle,16,0
P8170,F1658,500.2,Leisure,Premium Economy,1,Desk,Window,20,0
P8171,F1749,266.02,Emergency,Economy,2,Mobile App,Window,43,0
P8172,F849,238.61,Leisure,Business,0,Mobile App,Aisle,33,0
P8173,F770,490.16,Leisure,Economy,2,Airport Kiosk,Window,73,0
P8174,F1806,236.19,Business,Economy,0,Airport Kiosk,Window,67,0
P8175,F1340,164.68,Leisure,First,2,Desk,Middle,13,0
P8176,F172,235.02,Leisure,Economy,2,Mobile App,Middle,17,0
P8177,F310,374.18,Business,Premium Economy,3,Online,Aisle,58,0
P8178,F371,408.87,Leisure,Premium Economy,2,Airport Kiosk,Window,26,1
P8179,F1824,355.9,Business,Economy,2,Mobile App,Aisle,55,0
P8180,F1827,457.69,Business,Economy,1,Online,Aisle,93,0
P8181,F653,394.26,Business,Premium Economy,0,Desk,Middle,119,0
P8182,F753,402.38,Emergency,Business,1,Desk,Window,79,0
P8183,F590,570.18,Family,Premium Economy,1,Mobile App,Aisle,43,1
P8184,F1960,326.7,Family,Premium Economy,1,Online,Window,28,1
P8185,F1632,334.74,Business,Economy,4,Desk,Aisle,90,0
P8186,F1673,343.87,Business,Economy,1,Mobile App,Window,18,0
P8187,F1419,473.75,Leisure,Economy,1,Airport Kiosk,Aisle,63,0
P8188,F163,483.61,Emergency,Economy,2,Mobile App,Middle,66,0
P8189,F753,560.19,Family,Economy,1,Desk,Middle,12,0
P8190,F1875,369.06,Business,Premium Economy,1,Desk,Window,42,0
P8191,F1952,327.19,Business,Economy,0,Desk,Middle,57,0
P8192,F1174,374.72,Family,Business,0,Mobile App,Window,103,1
P8193,F1300,301.93,Family,Economy,1,Airport Kiosk,Aisle,4,0
P8194,F242,188.36,Leisure,Business,1,Online,Window,111,0
P8195,F1631,299.5,Emergency,Economy,1,Mobile App,Window,46,0
P8196,F701,379.6,Emergency,Economy,1,Online,Window,2,0
P8197,F1715,479.99,Leisure,Economy,0,Online,Window,66,0
P8198,F249,395.01,Family,First,1,Airport Kiosk,Window,104,0
P8199,F1599,361.0,Business,Economy,0,Airport Kiosk,Aisle,111,0
P8200,F604,385.38,Business,Premium Economy,1,Online,Middle,20,0
P8201,F817,466.95,Business,Economy,0,Desk,Window,66,0
P8202,F1549,337.26,Leisure,Economy,1,Online,Window,0,0
P8203,F6,213.54,Business,First,1,Desk,Window,118,0
P8204,F232,446.97,Emergency,Premium Economy,0,Online,Window,39,0
P8205,F679,378.93,Leisure,Business,3,Desk,Middle,51,0
P8206,F16,444.96,Family,Business,0,Airport Kiosk,Middle,94,0
P8207,F978,427.73,Emergency,Premium Economy,0,Desk,Window,49,0
P8208,F414,334.15,Family,First,0,Airport Kiosk,Aisle,90,0
P8209,F1058,360.02,Family,Economy,0,Mobile App,Aisle,39,0
P8210,F1155,294.35,Business,Economy,0,Airport Kiosk,Middle,82,0
P8211,F1486,323.27,Leisure,Economy,1,Mobile App,Window,88,0
P8212,F1804,247.33,Family,Premium Economy,0,Mobile App,Middle,109,0
P8213,F1628,363.76,Leisure,Economy,0,Mobile App,Window,15,0
P8214,F130,303.26,Leisure,Economy,3,Desk,Window,32,0
P8215,F985,401.24,Family,Economy,1,Online,Aisle,69,0
P8216,F888,361.65,Family,Economy,2,Online,Aisle,30,0
P8217,F899,228.9,Business,Economy,2,Airport Kiosk,Aisle,79,0
P8218,F1510,376.46,Emergency,Economy,0,Mobile App,Window,19,0
P8219,F296,472.17,Business,Premium Economy,0,Mobile App,Middle,60,0
P8220,F399,388.13,Business,Economy,1,Mobile App,Aisle,50,0
P8221,F699,398.32,Business,Premium Economy,0,Online,Middle,74,0
P8222,F1413,238.18,Leisure,Economy,1,Desk,Aisle,85,0
P8223,F1798,344.86,Business,Premium Economy,1,Online,Window,88,0
P8224,F386,321.22,Family,Economy,0,Mobile App,Aisle,3,0
P8225,F313,225.4,Leisure,Premium Economy,1,Mobile App,Aisle,3,0
P8226,F1414,232.63,Emergency,Economy,0,Mobile App,Window,77,0
P8227,F1211,138.71,Emergency,Business,0,Desk,Middle,90,0
P8228,F391,484.94,Emergency,Economy,1,Airport Kiosk,Middle,38,0
P8229,F1712,196.6,Business,Economy,1,Mobile App,Aisle,33,0
P8230,F615,281.03,Emergency,Business,1,Desk,Window,4,0
P8231,F958,234.26,Business,Economy,1,Desk,Window,108,0
P8232,F1328,445.49,Family,Premium Economy,1,Desk,Middle,29,0
P8233,F632,238.68,Business,Business,1,Airport Kiosk,Middle,75,0
P8234,F28,287.71,Emergency,Economy,0,Desk,Middle,31,0
P8235,F607,176.61,Family,Economy,1,Online,Window,53,0
P8236,F1948,471.85,Emergency,Economy,0,Mobile App,Aisle,82,0
P8237,F1700,249.1,Emergency,Economy,1,Desk,Aisle,73,0
P8238,F271,333.23,Emergency,First,2,Mobile App,Middle,76,0
P8239,F163,207.91,Emergency,Business,2,Mobile App,Aisle,103,0
P8240,F373,383.77,Business,Premium Economy,1,Online,Middle,62,0
P8241,F472,419.18,Family,Business,3,Online,Window,20,0
P8242,F975,273.97,Business,Business,2,Mobile App,Window,13,0
P8243,F913,209.11,Leisure,First,1,Desk,Window,58,0
P8244,F138,270.51,Business,Premium Economy,0,Online,Middle,75,0
P8245,F801,65.23,Leisure,Premium Economy,2,Mobile App,Aisle,16,0
P8246,F1889,358.91,Family,Premium Economy,1,Airport Kiosk,Middle,40,0
P8247,F1482,375.48,Emergency,Business,1,Airport Kiosk,Aisle,38,0
P8248,F803,229.12,Leisure,Economy,0,Desk,Window,94,1
P8249,F291,307.28,Family,Premium Economy,0,Online,Window,36,0
P8250,F293,445.4,Emergency,Economy,2,Online,Middle,63,0
P8251,F1092,286.95,Family,Economy,1,Mobile App,Window,104,0
P8252,F1696,471.03,Family,Economy,0,Mobile App,Window,83,0
P8253,F1965,192.04,Business,Economy,3,Mobile App,Middle,106,0
P8254,F1992,390.11,Business,Business,1,Airport Kiosk,Middle,67,0
P8255,F332,374.72,Business,Economy,0,Mobile App,Window,79,0
P8256,F509,317.96,Emergency,Business,0,Desk,Window,49,0
P8257,F1743,400.49,Business,Economy,1,Mobile App,Middle,94,0
P8258,F1219,201.9,Emergency,Economy,0,Mobile App,Window,33,0
P8259,F1893,287.94,Emergency,First,0,Desk,Aisle,17,1
P8260,F1491,290.39,Family,Economy,3,Desk,Window,0,0
P8261,F280,370.72,Leisure,Economy,1,Desk,Middle,84,0
P8262,F222,535.55,Leisure,Premium Economy,2,Desk,Middle,101,0
P8263,F857,382.13,Family,First,1,Desk,Middle,70,0
P8264,F685,469.28,Family,Premium Economy,0,Airport Kiosk,Window,86,0
P8265,F1171,295.19,Family,Economy,1,Online,Aisle,2,0
P8266,F958,591.32,Leisure,Premium Economy,0,Mobile App,Middle,81,0
P8267,F619,458.18,Business,Business,0,Desk,Window,23,0
P8268,F1456,351.12,Leisure,Business,0,Airport Kiosk,Aisle,13,0
P8269,F1463,339.44,Business,Premium Economy,3,Airport Kiosk,Middle,48,0
P8270,F582,160.99,Business,Business,1,Online,Middle,12,0
P8271,F1910,616.79,Business,Premium Economy,0,Mobile App,Middle,11,0
P8272,F686,279.93,Business,First,1,Airport Kiosk,Middle,50,0
P8273,F126,360.51,Leisure,Premium Economy,1,Airport Kiosk,Aisle,105,1
P8274,F1152,434.51,Leisure,Economy,0,Desk,Window,117,0
P8275,F889,413.84,Leisure,Business,1,Mobile App,Middle,21,0
P8276,F1041,321.6,Leisure,Business,2,Desk,Middle,33,0
P8277,F524,424.69,Family,Economy,1,Online,Aisle,98,0
P8278,F1482,319.97,Family,Premium Economy,1,Airport Kiosk,Middle,107,0
P8279,F1188,197.13,Family,Economy,3,Desk,Aisle,58,0
P8280,F1060,379.14,Leisure,Economy,1,Airport Kiosk,Middle,81,0
P8281,F799,357.03,Emergency,Economy,1,Airport Kiosk,Window,66,0
P8282,F810,380.99,Emergency,Business,1,Desk,Window,72,0
P8283,F918,129.54,Leisure,Economy,2,Desk,Window,68,1
P8284,F14,483.2,Family,Economy,1,Mobile App,Aisle,0,0
P8285,F403,288.14,Emergency,Economy,1,Mobile App,Aisle,83,0
P8286,F1466,253.88,Emergency,Premium Economy,1,Mobile App,Window,101,0
P8287,F430,479.34,Family,Economy,1,Desk,Window,81,1
P8288,F1875,531.92,Leisure,Economy,2,Desk,Aisle,6,0
P8289,F602,261.64,Family,Business,0,Mobile App,Window,29,0
P8290,F1497,327.36,Leisure,Economy,1,Mobile App,Middle,5,1
P8291,F331,320.16,Emergency,Economy,0,Mobile App,Middle,32,0
P8292,F35,386.99,Business,Business,1,Desk,Window,60,0
P8293,F65,302.79,Family,Economy,0,Airport Kiosk,Middle,76,0
P8294,F395,390.48,Leisure,Premium Economy,2,Mobile App,Aisle,0,0
P8295,F1143,228.88,Family,Business,0,Desk,Middle,99,0
P8296,F1167,326.04,Emergency,Economy,3,Airport Kiosk,Window,23,0
P8297,F272,391.02,Business,Economy,1,Airport Kiosk,Middle,31,0
P8298,F940,337.46,Family,Economy,0,Airport Kiosk,Aisle,75,1
P8299,F929,312.4,Leisure,Premium Economy,2,Online,Middle,104,0
P8300,F35,396.74,Leisure,First,1,Desk,Window,71,0
P8301,F1797,463.61,Family,Economy,0,Airport Kiosk,Aisle,55,0
P8302,F331,451.42,Business,Economy,0,Online,Middle,75,0
P8303,F1513,494.44,Business,Economy,0,Mobile App,Aisle,73,0
P8304,F1357,438.97,Business,Business,0,Online,Middle,64,0
P8305,F1389,219.5,Leisure,Economy,1,Airport Kiosk,Aisle,116,0
P8306,F1074,407.05,Business,Economy,0,Online,Aisle,68,0
P8307,F1006,437.0,Family,Premium Economy,2,Online,Aisle,16,0
P8308,F342,406.29,Emergency,Premium Economy,0,Online,Aisle,25,0
P8309,F1089,471.63,Business,Economy,2,Airport Kiosk,Middle,34,0
P8310,F951,373.78,Leisure,Economy,0,Online,Middle,19,0
P8311,F1275,528.59,Leisure,Economy,1,Desk,Window,47,0
P8312,F1698,341.07,Leisure,Economy,1,Online,Window,102,0
P8313,F1252,284.72,Emergency,Premium Economy,1,Desk,Aisle,113,0
P8314,F1848,246.53,Leisure,Economy,3,Airport Kiosk,Middle,38,0
P8315,F995,291.86,Family,Business,0,Mobile App,Window,110,0
P8316,F1335,484.21,Business,Business,1,Airport Kiosk,Middle,37,0
P8317,F546,547.32,Business,Economy,0,Airport Kiosk,Window,24,0
P8318,F63,423.03,Family,Economy,1,Airport Kiosk,Window,24,0
P8319,F628,655.21,Leisure,Premium Economy,1,Mobile App,Window,40,0
P8320,F845,335.9,Family,Premium Economy,0,Online,Aisle,117,0
P8321,F1188,246.48,Emergency,Economy,5,Airport Kiosk,Middle,46,0
P8322,F1395,337.26,Leisure,Business,1,Airport Kiosk,Middle,28,0
P8323,F661,368.04,Business,Premium Economy,1,Airport Kiosk,Aisle,119,0
P8324,F1347,424.43,Family,Economy,2,Online,Middle,59,0
P8325,F1819,531.71,Business,Economy,1,Online,Middle,103,0
P8326,F378,379.29,Business,First,1,Online,Aisle,6,0
P8327,F1045,463.9,Family,Economy,2,Mobile App,Window,36,0
P8328,F1771,355.13,Leisure,Economy,0,Mobile App,Aisle,115,0
P8329,F1589,270.96,Family,First,1,Airport Kiosk,Middle,113,0
P8330,F608,330.95,Emergency,Business,0,Desk,Window,89,0
P8331,F1502,387.55,Emergency,Economy,0,Mobile App,Window,92,0
P8332,F470,277.61,Business,Premium Economy,0,Online,Aisle,7,0
P8333,F17,301.72,Emergency,Economy,0,Desk,Aisle,21,0
P8334,F783,346.28,Leisure,Business,1,Desk,Middle,75,0
P8335,F108,352.71,Emergency,Economy,1,Online,Middle,103,0
P8336,F381,415.68,Family,Economy,1,Airport Kiosk,Window,74,0
P8337,F1708,333.26,Business,Business,2,Airport Kiosk,Aisle,69,1
P8338,F1694,358.54,Business,Business,0,Mobile App,Middle,92,0
P8339,F125,456.94,Leisure,Business,1,Desk,Window,118,0
P8340,F452,427.63,Emergency,Economy,2,Desk,Middle,59,0
P8341,F954,291.87,Business,Economy,2,Airport Kiosk,Middle,18,0
P8342,F981,231.79,Family,Business,1,Online,Middle,69,0
P8343,F1156,376.83,Leisure,Premium Economy,1,Desk,Window,20,0
P8344,F255,351.52,Family,Economy,3,Airport Kiosk,Window,65,0
P8345,F1325,399.22,Leisure,Business,0,Desk,Window,19,0
P8346,F1059,400.48,Family,Economy,3,Online,Window,42,0
P8347,F1082,495.81,Emergency,Economy,2,Airport Kiosk,Middle,70,0
P8348,F470,355.03,Business,Economy,0,Desk,Middle,0,0
P8349,F817,214.75,Family,Business,1,Online,Aisle,18,0
P8350,F1044,275.57,Leisure,Premium Economy,2,Desk,Window,13,0
P8351,F1866,455.93,Family,Premium Economy,2,Online,Window,116,0
P8352,F1967,514.98,Business,Business,1,Airport Kiosk,Aisle,87,0
P8353,F1537,267.09,Leisure,Economy,2,Online,Window,103,0
P8354,F757,360.91,Emergency,Economy,0,Mobile App,Window,50,0
P8355,F1830,86.83,Emergency,Business,0,Online,Window,72,0
P8356,F644,333.25,Leisure,Premium Economy,0,Mobile App,Window,60,0
P8357,F1621,197.7,Business,Business,1,Online,Window,52,0
P8358,F854,502.06,Family,Economy,1,Airport Kiosk,Middle,64,0
P8359,F374,336.97,Leisure,Premium Economy,0,Online,Middle,30,0
P8360,F98,565.7,Family,Economy,1,Airport Kiosk,Aisle,74,0
P8361,F761,147.83,Family,First,0,Airport Kiosk,Middle,59,0
P8362,F1301,429.32,Business,Economy,1,Desk,Window,80,0
P8363,F1143,284.97,Leisure,Premium Economy,0,Online,Aisle,48,0
P8364,F1802,428.1,Emergency,Economy,0,Mobile App,Window,63,0
P8365,F1495,489.8,Family,Economy,2,Online,Window,115,0
P8366,F824,470.27,Family,Economy,2,Online,Aisle,62,0
P8367,F1418,393.96,Family,Business,1,Desk,Aisle,96,0
P8368,F500,354.87,Business,Economy,1,Airport Kiosk,Aisle,9,0
P8369,F194,364.9,Family,Premium Economy,0,Mobile App,Window,34,0
P8370,F372,429.94,Emergency,Economy,0,Mobile App,Window,102,0
P8371,F328,433.94,Business,Economy,1,Mobile App,Aisle,6,0
P8372,F1676,310.7,Emergency,Premium Economy,0,Desk,Middle,46,0
P8373,F563,315.61,Family,Economy,1,Desk,Middle,38,0
P8374,F1497,384.36,Leisure,Business,1,Online,Middle,117,0
P8375,F1981,388.39,Leisure,Business,3,Online,Window,118,0
P8376,F1844,183.62,Emergency,Economy,0,Mobile App,Aisle,48,1
P8377,F215,330.61,Family,Economy,0,Airport Kiosk,Aisle,39,0
P8378,F1011,272.76,Leisure,Economy,0,Mobile App,Window,27,0
P8379,F1015,354.39,Business,Economy,0,Airport Kiosk,Window,27,0
P8380,F1420,390.37,Family,Economy,0,Mobile App,Middle,88,0
P8381,F318,402.75,Leisure,Economy,3,Airport Kiosk,Aisle,67,0
P8382,F1317,559.85,Emergency,Economy,0,Online,Aisle,27,0
P8383,F1507,454.24,Family,Premium Economy,0,Online,Aisle,51,0
P8384,F654,394.32,Leisure,Premium Economy,1,Mobile App,Window,75,0
P8385,F1125,116.28,Business,Economy,2,Online,Window,109,0
P8386,F1133,144.46,Business,First,1,Desk,Middle,64,0
P8387,F450,330.32,Business,Economy,0,Airport Kiosk,Window,46,0
P8388,F648,403.76,Family,Economy,1,Desk,Aisle,58,0
P8389,F1409,381.69,Leisure,Economy,1,Mobile App,Window,5,0
P8390,F636,364.16,Emergency,Economy,0,Online,Middle,16,0
P8391,F306,449.97,Business,Premium Economy,2,Airport Kiosk,Aisle,105,0
P8392,F1971,492.07,Leisure,Economy,0,Airport Kiosk,Middle,38,0
P8393,F1857,421.41,Business,Economy,0,Airport Kiosk,Aisle,71,0
P8394,F1036,352.74,Leisure,Economy,0,Mobile App,Middle,103,0
P8395,F232,373.33,Emergency,Economy,1,Desk,Window,111,0
P8396,F683,425.46,Leisure,Economy,0,Airport Kiosk,Aisle,71,0
P8397,F1464,226.49,Family,Economy,1,Desk,Middle,33,0
P8398,F744,498.79,Leisure,Economy,0,Mobile App,Aisle,37,0
P8399,F103,230.2,Leisure,Premium Economy,1,Online,Aisle,19,0
P8400,F1788,277.72,Family,Economy,1,Online,Middle,104,1
P8401,F1109,393.88,Family,Premium Economy,1,Online,Window,25,0
P8402,F725,385.79,Leisure,First,1,Mobile App,Window,24,0
P8403,F836,501.55,Emergency,First,1,Mobile App,Middle,30,0
P8404,F1889,527.29,Family,Economy,0,Mobile App,Middle,0,0
P8405,F1482,126.17,Emergency,Economy,2,Online,Window,118,0
P8406,F248,364.65,Family,Economy,0,Mobile App,Aisle,84,0
P8407,F801,382.81,Family,Economy,1,Airport Kiosk,Aisle,65,0
P8408,F1414,375.82,Business,Economy,1,Online,Window,6,0
P8409,F334,497.7,Emergency,Economy,0,Airport Kiosk,Middle,84,0
P8410,F1354,340.43,Leisure,Economy,0,Mobile App,Aisle,51,0
P8411,F1858,515.47,Leisure,Economy,0,Airport Kiosk,Window,116,0
P8412,F1539,289.25,Leisure,First,0,Online,Window,101,0
P8413,F1725,467.9,Emergency,Economy,1,Airport Kiosk,Aisle,32,0
P8414,F1305,219.82,Emergency,Economy,0,Desk,Aisle,55,0
P8415,F77,403.98,Business,Business,1,Airport Kiosk,Middle,22,0
P8416,F1192,278.34,Family,Economy,0,Mobile App,Aisle,32,0
P8417,F963,385.95,Family,Economy,3,Desk,Middle,7,1
P8418,F1313,536.24,Family,Economy,2,Airport Kiosk,Aisle,64,0
P8419,F597,461.88,Business,Premium Economy,0,Mobile App,Aisle,25,0
P8420,F966,413.89,Emergency,Business,0,Airport Kiosk,Middle,4,0
P8421,F888,384.16,Family,Business,0,Desk,Window,61,0
P8422,F440,446.24,Business,Economy,0,Mobile App,Window,32,1
P8423,F323,352.8,Emergency,Economy,0,Airport Kiosk,Middle,27,0
P8424,F23,221.22,Leisure,Economy,1,Airport Kiosk,Middle,7,0
P8425,F1112,259.2,Emergency,Economy,0,Desk,Window,37,0
P8426,F435,237.01,Leisure,Business,1,Online,Middle,50,0
P8427,F1556,235.17,Emergency,Premium Economy,0,Airport Kiosk,Middle,99,0
P8428,F400,196.17,Business,Economy,1,Mobile App,Window,85,0
P8429,F1001,377.99,Leisure,Premium Economy,0,Desk,Aisle,96,0
P8430,F1372,292.2,Business,Economy,0,Mobile App,Window,20,0
P8431,F1804,298.79,Emergency,First,2,Online,Window,10,1
P8432,F1249,394.3,Business,Economy,1,Mobile App,Middle,65,0
P8433,F1083,343.64,Emergency,Premium Economy,1,Online,Middle,0,0
P8434,F1500,241.63,Leisure,Economy,0,Online,Aisle,76,0
P8435,F1831,324.17,Business,Economy,1,Mobile App,Aisle,1,0
P8436,F983,350.1,Family,Premium Economy,1,Online,Middle,114,0
P8437,F1548,226.68,Leisure,Premium Economy,1,Desk,Window,16,0
P8438,F1265,422.35,Leisure,Economy,1,Mobile App,Middle,101,0
P8439,F800,222.48,Family,Premium Economy,1,Online,Window,53,0
P8440,F915,208.11,Family,Business,1,Airport Kiosk,Middle,115,0
P8441,F669,437.07,Business,Economy,2,Airport Kiosk,Window,34,0
P8442,F1104,463.96,Emergency,Business,1,Online,Middle,119,0
P8443,F663,438.03,Family,Premium Economy,1,Mobile App,Middle,3,0
P8444,F1425,340.93,Leisure,Economy,1,Online,Aisle,66,0
P8445,F1576,142.03,Business,Premium Economy,1,Online,Middle,106,0
P8446,F1065,282.7,Business,Premium Economy,0,Online,Aisle,61,0
P8447,F890,427.64,Family,First,1,Mobile App,Aisle,82,0
P8448,F1634,491.32,Family,Economy,0,Online,Aisle,79,0
P8449,F816,214.66,Family,Premium Economy,1,Mobile App,Aisle,50,1
P8450,F763,424.32,Emergency,Economy,2,Airport Kiosk,Middle,107,0
P8451,F431,203.53,Family,Economy,4,Online,Aisle,112,1
P8452,F625,183.74,Emergency,Economy,1,Mobile App,Window,106,0
P8453,F1184,373.33,Emergency,Economy,0,Mobile App,Middle,58,0
P8454,F738,282.24,Leisure,Business,0,Online,Aisle,83,0
P8455,F913,365.76,Family,Premium Economy,2,Airport Kiosk,Window,60,0
P8456,F1234,274.31,Business,Premium Economy,3,Airport Kiosk,Middle,50,0
P8457,F588,295.77,Emergency,Economy,1,Desk,Aisle,105,0
P8458,F1280,231.52,Family,Economy,3,Online,Aisle,7,0
P8459,F1192,555.06,Emergency,Business,1,Airport Kiosk,Middle,91,0
P8460,F1040,221.01,Leisure,Economy,1,Desk,Window,101,0
P8461,F1375,352.23,Business,Premium Economy,0,Online,Aisle,5,0
P8462,F392,139.97,Family,Business,3,Desk,Aisle,99,0
P8463,F92,367.16,Leisure,Business,1,Desk,Middle,10,0
P8464,F1175,591.74,Business,Economy,2,Mobile App,Middle,79,0
P8465,F429,344.47,Family,Business,2,Online,Aisle,6,0
P8466,F545,315.16,Emergency,Economy,2,Mobile App,Aisle,12,0
P8467,F1080,265.17,Family,Economy,2,Online,Aisle,101,0
P8468,F1812,191.23,Leisure,Economy,0,Airport Kiosk,Middle,21,0
P8469,F1314,201.51,Business,Business,0,Desk,Window,20,0
P8470,F909,461.36,Emergency,Economy,0,Mobile App,Window,116,0
P8471,F140,99.27,Business,Business,2,Airport Kiosk,Middle,72,0
P8472,F806,218.45,Business,Premium Economy,2,Desk,Aisle,82,0
P8473,F1402,394.4,Family,Economy,1,Mobile App,Middle,20,0
P8474,F1118,369.59,Emergency,Economy,1,Desk,Aisle,63,0
P8475,F1922,302.28,Family,Premium Economy,0,Online,Window,98,0
P8476,F1259,328.16,Family,First,3,Airport Kiosk,Aisle,73,0
P8477,F1848,466.24,Emergency,Premium Economy,0,Airport Kiosk,Window,35,0
P8478,F350,411.1,Family,First,3,Online,Aisle,73,0
P8479,F1064,365.78,Family,Economy,1,Desk,Window,38,0
P8480,F1736,482.94,Emergency,Economy,0,Mobile App,Aisle,69,0
P8481,F220,301.6,Business,Economy,1,Airport Kiosk,Middle,20,0
P8482,F652,411.81,Business,First,0,Desk,Aisle,96,0
P8483,F202,339.02,Family,First,0,Online,Window,33,0
P8484,F194,464.61,Business,Economy,2,Online,Window,4,0
P8485,F1907,339.41,Family,Premium Economy,4,Online,Aisle,29,0
P8486,F986,308.35,Emergency,Economy,1,Desk,Window,9,0
P8487,F64,221.99,Family,Economy,0,Online,Middle,28,0
P8488,F1796,406.12,Emergency,Economy,0,Online,Aisle,91,0
P8489,F261,437.61,Business,Business,0,Airport Kiosk,Window,21,1
P8490,F1118,412.06,Leisure,Business,1,Online,Middle,64,0
P8491,F1427,272.74,Emergency,Premium Economy,2,Mobile App,Window,5,0
P8492,F1536,392.3,Emergency,Business,2,Airport Kiosk,Aisle,72,0
P8493,F1442,392.68,Business,Business,0,Desk,Aisle,72,0
P8494,F1523,329.35,Family,Economy,0,Desk,Aisle,16,0
P8495,F120,420.29,Leisure,Economy,2,Mobile App,Aisle,79,1
P8496,F362,206.44,Business,Economy,1,Desk,Window,28,0
P8497,F143,408.32,Leisure,Economy,0,Airport Kiosk,Window,29,0
P8498,F320,391.71,Family,Economy,2,Desk,Aisle,37,0
P8499,F952,326.66,Business,Economy,0,Airport Kiosk,Middle,12,0
P8500,F1013,227.28,Family,Economy,0,Desk,Window,32,0
P8501,F1735,115.2,Family,Economy,0,Mobile App,Window,25,0
P8502,F609,365.17,Emergency,Business,1,Online,Window,20,0
P8503,F34,348.21,Family,Economy,3,Mobile App,Middle,0,1
P8504,F868,365.59,Family,Economy,2,Online,Aisle,110,0
P8505,F1156,264.25,Business,Economy,1,Mobile App,Aisle,36,0
P8506,F846,275.56,Leisure,Economy,1,Online,Window,51,0
P8507,F1468,389.51,Business,Premium Economy,1,Airport Kiosk,Middle,72,0
P8508,F1857,452.56,Leisure,Economy,2,Online,Window,64,1
P8509,F1633,286.67,Business,Economy,2,Online,Aisle,36,0
P8510,F508,326.27,Family,Premium Economy,3,Desk,Aisle,72,0
P8511,F1117,476.52,Business,Economy,1,Online,Middle,60,0
P8512,F903,189.76,Family,Economy,1,Desk,Aisle,9,0
P8513,F999,193.82,Leisure,Economy,2,Online,Aisle,68,0
P8514,F1690,348.79,Leisure,Premium Economy,0,Airport Kiosk,Middle,117,0
P8515,F510,281.49,Leisure,Economy,2,Mobile App,Middle,97,0
P8516,F426,308.05,Leisure,Business,0,Mobile App,Aisle,49,0
P8517,F1795,496.95,Business,Economy,2,Airport Kiosk,Aisle,27,0
P8518,F1246,412.36,Family,Economy,2,Online,Window,76,0
P8519,F1490,375.11,Family,Economy,1,Mobile App,Middle,62,0
P8520,F1198,206.94,Business,Economy,4,Desk,Aisle,34,0
P8521,F690,326.49,Leisure,Economy,0,Online,Window,23,1
P8522,F433,499.14,Emergency,Economy,1,Mobile App,Window,51,0
P8523,F1866,488.99,Emergency,Economy,0,Online,Aisle,31,0
P8524,F1643,290.57,Emergency,Economy,1,Airport Kiosk,Aisle,14,0
P8525,F1346,396.34,Emergency,Business,3,Airport Kiosk,Window,50,0
P8526,F1434,384.56,Leisure,First,1,Desk,Window,29,1
P8527,F1420,531.85,Leisure,First,1,Airport Kiosk,Aisle,54,0
P8528,F909,432.62,Business,Economy,1,Desk,Aisle,116,0
P8529,F1105,383.99,Emergency,Economy,3,Desk,Window,111,0
P8530,F1620,450.42,Business,Economy,1,Mobile App,Aisle,30,0
P8531,F620,418.58,Emergency,Business,0,Desk,Aisle,26,0
P8532,F1692,393.45,Leisure,Economy,1,Airport Kiosk,Aisle,19,1
P8533,F693,355.04,Emergency,Business,1,Mobile App,Window,61,0
P8534,F834,286.87,Emergency,Economy,2,Online,Window,107,0
P8535,F1032,289.52,Emergency,Economy,1,Desk,Middle,60,0
P8536,F1387,567.91,Business,First,1,Mobile App,Aisle,77,0
P8537,F191,350.97,Business,Economy,1,Mobile App,Window,55,0
P8538,F1372,482.66,Family,Economy,1,Mobile App,Aisle,48,0
P8539,F1472,477.25,Business,Premium Economy,1,Mobile App,Middle,88,0
P8540,F852,193.62,Emergency,First,2,Online,Window,90,0
P8541,F244,349.39,Family,Business,1,Mobile App,Window,73,0
P8542,F804,439.39,Leisure,Economy,1,Airport Kiosk,Window,62,0
P8543,F709,239.46,Emergency,Economy,0,Mobile App,Window,98,0
P8544,F1736,363.03,Leisure,Economy,1,Airport Kiosk,Middle,93,1
P8545,F1546,441.07,Leisure,Premium Economy,0,Desk,Window,99,0
P8546,F1189,501.9,Business,Economy,1,Airport Kiosk,Aisle,36,0
P8547,F1035,610.42,Family,Business,2,Mobile App,Aisle,26,0
P8548,F1471,444.53,Business,Premium Economy,0,Airport Kiosk,Window,47,0
P8549,F1046,357.95,Emergency,Premium Economy,1,Mobile App,Window,25,0
P8550,F1202,456.54,Business,First,0,Mobile App,Window,28,0
P8551,F1586,281.87,Emergency,Economy,1,Online,Middle,67,0
P8552,F1194,276.3,Business,Premium Economy,1,Desk,Window,62,0
P8553,F1945,219.36,Emergency,Premium Economy,0,Desk,Middle,55,0
P8554,F531,146.71,Business,Premium Economy,0,Airport Kiosk,Window,76,0
P8555,F121,439.03,Leisure,Economy,4,Mobile App,Aisle,3,0
P8556,F510,467.7,Business,Economy,0,Airport Kiosk,Aisle,75,0
P8557,F269,329.99,Leisure,First,1,Desk,Window,6,0
P8558,F1742,238.37,Family,Economy,2,Online,Aisle,13,0
P8559,F1535,412.65,Business,Economy,0,Desk,Window,41,0
P8560,F1040,391.69,Leisure,First,1,Desk,Aisle,16,0
P8561,F1271,349.33,Emergency,Economy,1,Airport Kiosk,Window,95,0
P8562,F817,426.97,Leisure,Economy,1,Online,Window,72,0
P8563,F1242,412.93,Family,Economy,1,Desk,Middle,68,0
P8564,F938,398.5,Emergency,Business,0,Mobile App,Middle,31,0
P8565,F775,431.19,Leisure,Economy,0,Airport Kiosk,Aisle,79,0
P8566,F254,440.64,Business,Economy,1,Airport Kiosk,Middle,11,0
P8567,F553,637.81,Business,Economy,0,Mobile App,Window,39,0
P8568,F1826,501.85,Business,Economy,1,Airport Kiosk,Aisle,17,0
P8569,F1469,534.73,Leisure,Premium Economy,1,Airport Kiosk,Window,86,0
P8570,F936,338.63,Leisure,Economy,2,Desk,Aisle,8,0
P8571,F1046,305.99,Family,Premium Economy,3,Desk,Middle,106,0
P8572,F339,283.6,Family,Economy,0,Mobile App,Window,0,0
P8573,F7,308.17,Business,Premium Economy,1,Mobile App,Aisle,1,0
P8574,F1841,200.0,Business,Business,0,Online,Window,36,1
P8575,F1699,395.9,Emergency,Economy,0,Mobile App,Aisle,110,0
P8576,F97,276.93,Emergency,Business,0,Desk,Middle,93,0
P8577,F687,479.09,Emergency,Economy,2,Desk,Window,20,0
P8578,F1832,267.29,Business,Economy,1,Online,Middle,13,0
P8579,F762,400.62,Leisure,Economy,0,Desk,Middle,81,0
P8580,F648,373.18,Leisure,Economy,0,Mobile App,Aisle,114,0
P8581,F1672,392.87,Family,Economy,1,Mobile App,Window,9,0
P8582,F1125,300.97,Leisure,Economy,2,Mobile App,Window,35,0
P8583,F1571,271.28,Emergency,Economy,0,Online,Middle,13,0
P8584,F1464,295.05,Business,Economy,1,Airport Kiosk,Window,3,0
P8585,F738,281.18,Family,Business,2,Mobile App,Aisle,71,0
P8586,F1788,599.38,Business,Business,0,Online,Window,86,0
P8587,F1985,497.65,Emergency,Premium Economy,0,Online,Aisle,103,0
P8588,F115,298.14,Family,Economy,0,Online,Middle,119,0
P8589,F1592,143.35,Family,Premium Economy,2,Desk,Window,90,0
P8590,F780,423.25,Family,Premium Economy,1,Online,Aisle,61,0
P8591,F214,363.58,Business,Premium Economy,1,Mobile App,Middle,54,0
P8592,F8,375.54,Family,Economy,2,Online,Window,46,0
P8593,F1047,442.77,Business,Economy,1,Desk,Window,6,0
P8594,F122,257.96,Leisure,Economy,1,Mobile App,Window,60,0
P8595,F1600,270.09,Leisure,Economy,3,Desk,Aisle,28,0
P8596,F1874,200.31,Business,Premium Economy,1,Airport Kiosk,Middle,33,0
P8597,F1277,642.24,Emergency,Economy,2,Desk,Middle,90,0
P8598,F260,396.35,Leisure,Economy,2,Mobile App,Window,68,0
P8599,F1836,326.73,Business,Economy,1,Mobile App,Middle,18,0
P8600,F1021,350.36,Emergency,Premium Economy,1,Desk,Aisle,44,0
P8601,F603,342.51,Emergency,Business,0,Online,Window,23,0
P8602,F1597,467.33,Family,Economy,1,Desk,Middle,34,0
P8603,F55,370.45,Emergency,Economy,0,Desk,Middle,70,0
P8604,F775,312.54,Family,Economy,0,Mobile App,Window,76,0
P8605,F1759,231.37,Emergency,Economy,0,Online,Middle,33,0
P8606,F1951,406.94,Business,Economy,0,Mobile App,Middle,33,0
P8607,F1692,235.09,Business,Business,1,Mobile App,Middle,30,0
P8608,F227,193.86,Leisure,Premium Economy,0,Online,Middle,84,0
P8609,F198,600.42,Leisure,Business,0,Online,Middle,98,0
P8610,F127,411.09,Business,First,2,Mobile App,Aisle,18,0
P8611,F1523,289.71,Leisure,Premium Economy,2,Mobile App,Middle,60,0
P8612,F127,519.8,Family,Economy,0,Desk,Aisle,0,0
P8613,F1137,386.79,Leisure,Economy,1,Online,Aisle,53,0
P8614,F1110,430.96,Leisure,Premium Economy,1,Airport Kiosk,Window,53,0
P8615,F1417,308.35,Family,Premium Economy,0,Desk,Aisle,32,1
P8616,F674,277.44,Leisure,Economy,1,Airport Kiosk,Middle,13,0
P8617,F583,467.5,Emergency,Economy,0,Online,Middle,115,0
P8618,F1771,430.57,Emergency,Business,0,Online,Window,64,0
P8619,F16,408.79,Leisure,Business,1,Online,Window,74,0
P8620,F28,455.69,Family,Economy,0,Mobile App,Aisle,68,0
P8621,F476,395.5,Leisure,Premium Economy,0,Desk,Middle,103,0
P8622,F949,294.78,Leisure,Economy,2,Desk,Window,40,0
P8623,F853,310.23,Leisure,First,0,Airport Kiosk,Window,105,0
P8624,F993,350.45,Family,Economy,0,Mobile App,Middle,60,0
P8625,F1728,399.89,Family,Business,2,Airport Kiosk,Window,37,0
P8626,F1487,356.45,Leisure,Economy,0,Airport Kiosk,Aisle,95,0
P8627,F809,204.86,Leisure,Business,0,Desk,Middle,1,0
P8628,F1519,142.82,Business,Economy,1,Mobile App,Aisle,38,0
P8629,F445,300.33,Family,Economy,1,Mobile App,Window,89,0
P8630,F480,236.05,Business,Economy,0,Airport Kiosk,Aisle,31,0
P8631,F113,379.01,Family,Economy,0,Airport Kiosk,Aisle,73,1
P8632,F1071,138.66,Emergency,Economy,3,Online,Middle,47,0
P8633,F1434,401.71,Leisure,Business,0,Mobile App,Middle,43,0
P8634,F1251,401.59,Business,Economy,0,Airport Kiosk,Middle,3,0
P8635,F1359,405.51,Business,Economy,1,Airport Kiosk,Window,91,0
P8636,F1166,435.24,Emergency,Economy,2,Desk,Window,55,0
P8637,F1836,402.87,Leisure,Premium Economy,0,Desk,Aisle,35,0
P8638,F1123,383.83,Family,Business,0,Online,Aisle,12,0
P8639,F148,260.84,Business,Economy,1,Online,Aisle,21,0
P8640,F483,326.74,Leisure,Business,2,Online,Middle,29,0
P8641,F1107,337.55,Leisure,Premium Economy,2,Online,Aisle,107,0
P8642,F1153,250.12,Family,Business,3,Online,Window,58,0
P8643,F499,329.51,Business,First,1,Mobile App,Middle,62,0
P8644,F1851,260.88,Leisure,Economy,1,Mobile App,Middle,24,0
P8645,F1189,461.06,Family,Economy,1,Airport Kiosk,Middle,31,0
P8646,F38,343.73,Leisure,Economy,0,Desk,Window,10,0
P8647,F1535,194.41,Family,Economy,0,Desk,Window,102,0
P8648,F991,505.41,Business,Business,0,Airport Kiosk,Middle,7,0
P8649,F1939,466.75,Emergency,Economy,0,Online,Middle,42,0
P8650,F1788,262.1,Family,Premium Economy,1,Desk,Middle,49,0
P8651,F1801,474.14,Leisure,Economy,0,Airport Kiosk,Aisle,51,0
P8652,F24,421.47,Family,Economy,0,Online,Window,62,0
P8653,F547,336.65,Family,Premium Economy,1,Airport Kiosk,Middle,16,0
P8654,F613,471.12,Family,Economy,1,Desk,Aisle,36,0
P8655,F1045,351.84,Business,Economy,1,Desk,Aisle,4,0
P8656,F1472,303.61,Business,First,0,Airport Kiosk,Aisle,54,0
P8657,F899,287.64,Business,Premium Economy,1,Desk,Middle,38,0
P8658,F1605,392.26,Leisure,Premium Economy,1,Online,Aisle,65,0
P8659,F1601,375.57,Family,Economy,0,Mobile App,Aisle,4,0
P8660,F1298,251.06,Leisure,Economy,2,Airport Kiosk,Window,14,0
P8661,F1781,341.27,Business,Economy,1,Online,Middle,46,0
P8662,F1972,431.76,Family,Economy,0,Airport Kiosk,Window,82,0
P8663,F800,422.79,Business,Economy,0,Desk,Middle,93,0
P8664,F1140,302.2,Business,Business,2,Desk,Window,74,0
P8665,F58,342.21,Leisure,Business,0,Online,Window,103,0
P8666,F1177,466.19,Business,First,2,Mobile App,Middle,25,1
P8667,F288,364.37,Emergency,Economy,0,Desk,Window,71,0
P8668,F1838,381.05,Leisure,Business,4,Mobile App,Window,98,1
P8669,F1160,256.77,Family,Economy,0,Desk,Aisle,118,0
P8670,F1429,319.26,Leisure,Premium Economy,1,Airport Kiosk,Aisle,31,0
P8671,F1254,394.1,Emergency,Economy,1,Online,Middle,52,0
P8672,F1309,290.72,Business,Premium Economy,1,Online,Middle,95,0
P8673,F1160,278.6,Business,Economy,1,Mobile App,Aisle,2,0
P8674,F1384,315.07,Emergency,Economy,1,Online,Aisle,76,0
P8675,F526,407.45,Leisure,Premium Economy,1,Desk,Middle,22,0
P8676,F1965,368.55,Business,First,0,Mobile App,Middle,94,0
P8677,F49,439.27,Emergency,Premium Economy,0,Mobile App,Middle,72,0
P8678,F1751,224.27,Emergency,Economy,0,Mobile App,Aisle,50,0
P8679,F1311,260.38,Business,Economy,1,Online,Aisle,72,0
P8680,F175,350.26,Emergency,Economy,1,Airport Kiosk,Window,88,0
P8681,F1109,373.94,Emergency,Premium Economy,0,Airport Kiosk,Middle,9,0
P8682,F1325,299.68,Business,Economy,0,Desk,Middle,19,0
P8683,F1863,373.28,Leisure,Premium Economy,3,Airport Kiosk,Window,51,0
P8684,F1999,407.32,Business,Economy,0,Desk,Middle,17,0
P8685,F624,353.34,Family,Economy,2,Online,Window,1,0
P8686,F582,380.67,Emergency,Premium Economy,1,Mobile App,Window,81,0
P8687,F708,395.65,Family,Economy,0,Mobile App,Middle,88,0
P8688,F954,417.72,Family,Business,2,Airport Kiosk,Window,97,0
P8689,F870,301.65,Leisure,Economy,0,Airport Kiosk,Middle,17,0
P8690,F912,163.92,Family,Economy,0,Mobile App,Window,61,0
P8691,F930,480.58,Family,Economy,3,Online,Window,40,0
P8692,F2000,282.87,Emergency,Economy,2,Airport Kiosk,Window,81,0
P8693,F264,368.19,Emergency,Economy,2,Desk,Middle,113,0
P8694,F729,273.53,Family,Economy,1,Mobile App,Middle,6,0
P8695,F210,244.05,Business,Economy,1,Mobile App,Window,87,0
P8696,F1528,257.66,Emergency,Economy,2,Mobile App,Aisle,99,0
P8697,F1895,473.18,Emergency,Business,1,Mobile App,Middle,104,0
P8698,F992,486.88,Emergency,Business,0,Airport Kiosk,Middle,87,0
P8699,F1476,527.96,Emergency,First,0,Mobile App,Aisle,18,0
P8700,F309,226.59,Business,Premium Economy,2,Mobile App,Window,97,0
P8701,F945,435.08,Business,Economy,3,Airport Kiosk,Aisle,66,0
P8702,F1520,454.9,Leisure,Business,1,Airport Kiosk,Middle,66,0
P8703,F1444,339.77,Business,Business,0,Airport Kiosk,Aisle,10,0
P8704,F1069,258.08,Leisure,Economy,2,Desk,Window,89,0
P8705,F1774,233.25,Family,Business,0,Mobile App,Middle,13,0
P8706,F1949,286.7,Emergency,Business,0,Online,Middle,51,0
P8707,F1046,177.49,Family,First,1,Desk,Middle,91,0
P8708,F986,501.65,Family,Business,2,Online,Middle,105,0
P8709,F1912,378.57,Leisure,Economy,0,Airport Kiosk,Window,94,0
P8710,F1268,403.04,Family,Premium Economy,1,Desk,Middle,38,0
P8711,F401,519.16,Emergency,Economy,1,Online,Middle,83,0
P8712,F971,641.23,Leisure,Business,1,Airport Kiosk,Window,103,0
P8713,F944,329.81,Leisure,Economy,3,Online,Window,118,0
P8714,F1369,272.26,Emergency,Premium Economy,0,Desk,Middle,82,0
P8715,F1145,329.81,Leisure,Economy,0,Desk,Aisle,112,0
P8716,F782,345.37,Family,Premium Economy,1,Desk,Aisle,104,0
P8717,F215,171.01,Emergency,Premium Economy,0,Online,Window,67,0
P8718,F330,223.35,Leisure,Business,0,Airport Kiosk,Aisle,72,0
P8719,F416,226.64,Family,Business,1,Mobile App,Middle,69,0
P8720,F427,301.53,Emergency,Economy,2,Mobile App,Middle,65,0
P8721,F331,383.85,Family,Economy,2,Mobile App,Aisle,52,0
P8722,F1202,400.3,Emergency,Economy,1,Airport Kiosk,Middle,42,0
P8723,F608,366.93,Leisure,Economy,1,Mobile App,Aisle,112,0
P8724,F1879,344.8,Leisure,Premium Economy,1,Mobile App,Aisle,66,0
P8725,F982,295.19,Family,Economy,0,Airport Kiosk,Aisle,109,0
P8726,F1762,383.04,Business,Premium Economy,1,Airport Kiosk,Middle,95,0
P8727,F128,451.49,Family,Premium Economy,2,Online,Window,109,0
P8728,F593,121.91,Business,Economy,1,Online,Middle,107,1
P8729,F856,289.32,Emergency,Economy,0,Desk,Window,117,0
P8730,F641,323.68,Emergency,Economy,3,Airport Kiosk,Aisle,33,0
P8731,F1564,304.29,Leisure,Economy,0,Mobile App,Window,97,0
P8732,F1334,431.1,Business,Premium Economy,1,Mobile App,Middle,3,0
P8733,F1081,205.87,Leisure,Economy,0,Airport Kiosk,Aisle,5,0
P8734,F494,372.38,Emergency,Economy,2,Airport Kiosk,Aisle,57,0
P8735,F423,392.39,Family,Premium Economy,1,Mobile App,Window,95,0
P8736,F1301,386.49,Family,Business,0,Mobile App,Aisle,64,0
P8737,F1162,299.66,Leisure,Economy,3,Desk,Aisle,112,0
P8738,F998,352.82,Leisure,Premium Economy,1,Mobile App,Middle,110,0
P8739,F1440,541.83,Family,Economy,0,Desk,Aisle,43,0
P8740,F1891,467.97,Business,Economy,0,Desk,Middle,104,1
P8741,F1173,189.2,Leisure,Economy,2,Desk,Aisle,107,0
P8742,F1408,367.08,Leisure,First,1,Online,Middle,12,0
P8743,F1222,450.57,Emergency,Economy,1,Desk,Window,46,0
P8744,F1098,531.84,Family,Business,0,Online,Aisle,19,0
P8745,F664,330.31,Family,Economy,0,Desk,Middle,19,0
P8746,F75,316.01,Business,Economy,0,Desk,Aisle,107,0
P8747,F225,357.62,Emergency,Business,3,Airport Kiosk,Aisle,101,0
P8748,F616,329.86,Leisure,Premium Economy,2,Airport Kiosk,Window,106,0
P8749,F612,412.02,Leisure,Economy,1,Airport Kiosk,Aisle,21,0
P8750,F1373,358.53,Leisure,Economy,1,Desk,Aisle,64,0
P8751,F1774,279.48,Emergency,Business,1,Online,Window,88,0
P8752,F526,427.03,Emergency,First,2,Desk,Middle,89,0
P8753,F1343,136.56,Leisure,Premium Economy,0,Airport Kiosk,Aisle,33,0
P8754,F1427,415.4,Family,Economy,1,Mobile App,Window,40,0
P8755,F1441,375.34,Leisure,Economy,0,Desk,Window,98,0
P8756,F162,337.59,Emergency,Premium Economy,0,Online,Middle,69,0
P8757,F1392,393.36,Emergency,Economy,1,Desk,Middle,42,0
P8758,F1018,527.34,Business,Economy,1,Mobile App,Aisle,26,0
P8759,F1184,500.53,Leisure,Premium Economy,0,Desk,Aisle,58,0
P8760,F1196,299.37,Leisure,Economy,0,Online,Window,78,0
P8761,F572,500.41,Leisure,Economy,1,Online,Aisle,50,0
P8762,F745,337.1,Leisure,Economy,3,Online,Middle,53,0
P8763,F1486,408.03,Emergency,Economy,2,Mobile App,Aisle,53,0
P8764,F1016,211.4,Leisure,Economy,1,Mobile App,Window,104,0
P8765,F1761,293.6,Leisure,Economy,0,Mobile App,Middle,116,0
P8766,F813,185.31,Business,Premium Economy,3,Mobile App,Middle,85,0
P8767,F1688,253.63,Family,Premium Economy,2,Desk,Window,15,1
P8768,F1819,336.0,Leisure,Economy,0,Mobile App,Middle,80,0
P8769,F1269,386.07,Emergency,Economy,1,Desk,Window,95,0
P8770,F38,412.11,Leisure,Economy,1,Online,Middle,119,0
P8771,F1436,334.32,Emergency,Economy,1,Desk,Window,25,0
P8772,F1514,342.96,Family,Economy,1,Desk,Aisle,49,0
P8773,F106,323.04,Business,Business,3,Desk,Middle,85,0
P8774,F503,212.88,Family,Economy,3,Desk,Aisle,107,0
P8775,F48,384.89,Family,Economy,0,Online,Aisle,3,0
P8776,F1183,402.77,Business,Premium Economy,1,Airport Kiosk,Aisle,82,1
P8777,F132,317.47,Business,Economy,2,Desk,Window,20,0
P8778,F1865,309.56,Business,Premium Economy,2,Airport Kiosk,Window,35,0
P8779,F1909,336.61,Business,Business,1,Desk,Aisle,44,0
P8780,F1903,433.19,Emergency,First,0,Airport Kiosk,Aisle,46,0
P8781,F1757,20.05,Business,Economy,1,Desk,Aisle,9,0
P8782,F1168,474.69,Emergency,Economy,2,Airport Kiosk,Middle,60,0
P8783,F1556,367.61,Business,Economy,3,Online,Aisle,23,0
P8784,F1586,469.66,Leisure,Business,2,Desk,Window,19,0
P8785,F1455,419.41,Business,Business,1,Online,Window,45,0
P8786,F380,394.75,Business,Economy,0,Online,Window,87,0
P8787,F1227,384.62,Leisure,Business,2,Airport Kiosk,Middle,102,0
P8788,F1470,365.41,Business,Business,1,Mobile App,Window,93,0
P8789,F1319,398.85,Emergency,Economy,2,Desk,Aisle,74,1
P8790,F1604,552.43,Leisure,Economy,0,Online,Window,103,0
P8791,F1010,565.99,Family,Economy,0,Desk,Window,16,0
P8792,F284,414.74,Emergency,Premium Economy,1,Online,Window,5,0
P8793,F1204,517.48,Leisure,Premium Economy,4,Desk,Middle,34,0
P8794,F629,420.77,Family,Economy,0,Airport Kiosk,Middle,110,0
P8795,F981,443.86,Family,Economy,0,Mobile App,Window,1,0
P8796,F458,312.1,Family,Business,2,Airport Kiosk,Middle,31,0
P8797,F14,313.91,Business,Premium Economy,0,Mobile App,Middle,41,0
P8798,F228,317.01,Family,Premium Economy,1,Airport Kiosk,Aisle,67,0
P8799,F262,338.52,Leisure,Premium Economy,0,Mobile App,Aisle,88,0
P8800,F1100,354.0,Emergency,Economy,2,Mobile App,Middle,93,0
P8801,F920,359.74,Leisure,Premium Economy,1,Desk,Aisle,16,0
P8802,F1350,397.65,Business,Premium Economy,1,Online,Aisle,112,0
P8803,F1275,459.57,Leisure,Premium Economy,1,Desk,Aisle,31,0
P8804,F1848,285.95,Emergency,Premium Economy,1,Online,Window,51,0
P8805,F1058,344.34,Emergency,Economy,1,Online,Aisle,54,0
P8806,F1919,344.76,Business,Economy,0,Online,Middle,63,0
P8807,F710,264.95,Emergency,Economy,2,Airport Kiosk,Aisle,55,0
P8808,F311,407.05,Family,Economy,0,Mobile App,Middle,99,0
P8809,F1788,289.6,Emergency,Business,0,Desk,Middle,117,0
P8810,F1233,322.47,Emergency,Business,1,Mobile App,Aisle,99,0
P8811,F1329,324.69,Leisure,Economy,1,Mobile App,Aisle,30,0
P8812,F1452,553.01,Leisure,First,0,Airport Kiosk,Window,39,0
P8813,F474,326.35,Family,First,0,Online,Middle,92,0
P8814,F240,428.36,Emergency,Economy,0,Mobile App,Middle,81,0
P8815,F1767,469.06,Leisure,Economy,1,Airport Kiosk,Aisle,117,0
P8816,F700,407.26,Family,Economy,1,Desk,Window,52,0
P8817,F1602,311.08,Leisure,Premium Economy,1,Mobile App,Middle,115,0
P8818,F990,245.39,Leisure,Premium Economy,0,Airport Kiosk,Middle,88,0
P8819,F1073,432.03,Leisure,Economy,2,Airport Kiosk,Window,96,1
P8820,F1576,381.48,Leisure,First,0,Online,Window,70,0
P8821,F1693,342.89,Emergency,Premium Economy,0,Airport Kiosk,Middle,40,0
P8822,F1083,315.59,Family,Economy,2,Airport Kiosk,Window,22,0
P8823,F326,292.66,Business,Premium Economy,2,Mobile App,Window,116,0
P8824,F113,349.12,Business,Economy,1,Online,Middle,45,0
P8825,F1651,315.48,Emergency,Premium Economy,2,Airport Kiosk,Window,28,0
P8826,F583,544.72,Family,Economy,0,Airport Kiosk,Middle,89,0
P8827,F763,270.71,Emergency,Premium Economy,0,Airport Kiosk,Middle,30,1
P8828,F397,279.19,Business,Economy,3,Online,Window,31,0
P8829,F159,301.93,Leisure,Premium Economy,0,Online,Aisle,93,0
P8830,F275,303.36,Family,Business,0,Desk,Window,91,0
P8831,F122,360.34,Emergency,Economy,0,Online,Middle,113,0
P8832,F532,470.56,Emergency,Economy,1,Online,Middle,84,0
P8833,F435,395.44,Emergency,Economy,1,Mobile App,Middle,12,0
P8834,F1678,453.9,Family,Economy,0,Airport Kiosk,Middle,99,0
P8835,F1054,461.17,Emergency,Business,0,Airport Kiosk,Aisle,117,0
P8836,F300,252.65,Business,Economy,1,Online,Middle,111,0
P8837,F1158,348.94,Family,Economy,0,Mobile App,Window,33,0
P8838,F1837,264.93,Business,Premium Economy,2,Mobile App,Window,93,0
P8839,F1128,364.72,Family,Economy,1,Airport Kiosk,Window,9,0
P8840,F884,432.67,Leisure,Economy,0,Online,Aisle,62,0
P8841,F249,377.52,Leisure,Economy,0,Online,Aisle,11,0
P8842,F1066,380.77,Business,Economy,0,Online,Aisle,108,0
P8843,F1721,288.76,Leisure,Premium Economy,1,Mobile App,Window,72,0
P8844,F262,537.85,Business,Premium Economy,0,Mobile App,Window,84,0
P8845,F25,293.42,Emergency,Economy,0,Mobile App,Middle,69,0
P8846,F711,309.75,Business,Economy,1,Airport Kiosk,Middle,112,0
P8847,F795,172.06,Business,Economy,1,Airport Kiosk,Window,116,0
P8848,F118,526.86,Emergency,Premium Economy,2,Desk,Middle,8,0
P8849,F73,353.73,Business,Economy,3,Online,Window,4,0
P8850,F1416,295.98,Emergency,Business,2,Online,Aisle,6,0
P8851,F615,421.88,Family,Economy,1,Airport Kiosk,Aisle,24,0
P8852,F412,353.69,Emergency,Economy,2,Online,Aisle,119,0
P8853,F1479,352.22,Business,Economy,0,Desk,Aisle,108,0
P8854,F1957,237.97,Business,Business,0,Mobile App,Aisle,71,0
P8855,F1637,571.77,Business,Economy,1,Mobile App,Middle,50,0
P8856,F1084,360.12,Emergency,Economy,1,Online,Window,82,0
P8857,F957,243.79,Family,Economy,1,Airport Kiosk,Aisle,45,0
P8858,F640,323.38,Emergency,First,1,Desk,Aisle,108,0
P8859,F539,449.03,Business,Business,1,Airport Kiosk,Window,82,0
P8860,F408,313.62,Emergency,Economy,0,Desk,Window,38,0
P8861,F1265,374.43,Emergency,Business,1,Airport Kiosk,Middle,23,0
P8862,F1131,276.94,Emergency,Premium Economy,0,Desk,Aisle,82,0
P8863,F1652,296.64,Leisure,Premium Economy,0,Online,Window,115,0
P8864,F129,524.27,Leisure,Premium Economy,0,Desk,Window,2,0
P8865,F1255,270.1,Leisure,Economy,0,Airport Kiosk,Window,119,0
P8866,F1366,245.83,Leisure,Business,0,Online,Window,6,0
P8867,F1803,331.32,Leisure,Premium Economy,1,Airport Kiosk,Window,3,0
P8868,F800,568.59,Business,Premium Economy,0,Airport Kiosk,Window,0,0
P8869,F1110,334.02,Leisure,Business,0,Airport Kiosk,Window,6,0
P8870,F46,274.91,Leisure,Economy,2,Airport Kiosk,Middle,57,0
P8871,F619,320.62,Leisure,First,1,Desk,Middle,14,0
P8872,F1391,404.58,Emergency,Economy,1,Airport Kiosk,Aisle,40,0
P8873,F600,257.58,Family,Economy,1,Online,Aisle,113,0
P8874,F1770,388.2,Business,Economy,1,Airport Kiosk,Aisle,61,1
P8875,F1962,366.93,Leisure,Business,1,Mobile App,Window,36,0
P8876,F1493,228.35,Emergency,Premium Economy,1,Online,Middle,34,0
P8877,F366,403.47,Leisure,Economy,1,Mobile App,Middle,77,0
P8878,F1780,344.64,Business,Economy,0,Mobile App,Window,46,0
P8879,F1924,199.17,Emergency,Economy,1,Airport Kiosk,Aisle,57,0
P8880,F874,315.72,Leisure,Economy,0,Desk,Aisle,92,0
P8881,F822,313.39,Business,Economy,0,Desk,Middle,78,0
P8882,F1800,143.92,Leisure,Economy,0,Mobile App,Window,99,0
P8883,F1453,384.12,Family,Economy,3,Online,Window,77,0
P8884,F1151,330.38,Family,Premium Economy,2,Mobile App,Window,102,0
P8885,F762,270.83,Leisure,Premium Economy,0,Mobile App,Middle,82,0
P8886,F1909,426.87,Leisure,Economy,0,Airport Kiosk,Aisle,63,0
P8887,F1201,452.92,Business,Premium Economy,1,Mobile App,Window,86,0
P8888,F1716,347.64,Leisure,Business,1,Desk,Window,68,0
P8889,F379,430.36,Emergency,Economy,0,Online,Middle,81,0
P8890,F1442,422.4,Emergency,Premium Economy,2,Mobile App,Aisle,116,0
P8891,F1205,410.45,Business,Business,1,Mobile App,Middle,9,0
P8892,F682,320.97,Leisure,Economy,1,Desk,Window,54,0
P8893,F185,372.87,Family,Premium Economy,1,Mobile App,Aisle,52,0
P8894,F1621,248.37,Business,Economy,1,Mobile App,Window,82,0
P8895,F1889,342.78,Emergency,Economy,0,Mobile App,Aisle,26,0
P8896,F1657,274.17,Emergency,Economy,1,Airport Kiosk,Aisle,106,0
P8897,F1425,364.57,Family,Economy,1,Online,Aisle,54,0
P8898,F50,142.76,Business,Economy,0,Desk,Aisle,83,1
P8899,F82,343.35,Emergency,Premium Economy,1,Online,Middle,97,0
P8900,F1621,344.08,Emergency,Business,4,Mobile App,Middle,1,0
P8901,F1236,319.08,Business,Economy,0,Online,Window,88,0
P8902,F285,217.79,Emergency,Economy,1,Desk,Aisle,11,0
P8903,F526,322.09,Emergency,Business,2,Online,Aisle,98,0
P8904,F296,405.58,Family,Economy,1,Mobile App,Aisle,92,0
P8905,F664,231.34,Business,Economy,2,Mobile App,Middle,117,0
P8906,F401,367.05,Family,Economy,1,Airport Kiosk,Window,21,0
P8907,F554,302.8,Business,Economy,1,Airport Kiosk,Aisle,19,0
P8908,F652,337.36,Leisure,Economy,1,Desk,Window,40,0
P8909,F1849,378.33,Emergency,Economy,3,Desk,Window,96,0
P8910,F1334,332.37,Leisure,Business,2,Mobile App,Window,63,0
P8911,F1333,396.06,Business,Economy,0,Desk,Aisle,0,0
P8912,F1763,201.43,Emergency,Economy,1,Mobile App,Window,91,0
P8913,F135,329.0,Business,Economy,0,Desk,Window,104,0
P8914,F369,228.33,Family,Economy,0,Online,Aisle,81,0
P8915,F333,142.51,Emergency,Business,2,Online,Middle,54,0
P8916,F595,398.36,Emergency,Premium Economy,2,Online,Aisle,10,0
P8917,F1213,367.84,Family,Economy,0,Mobile App,Middle,39,0
P8918,F440,397.47,Leisure,Business,2,Airport Kiosk,Middle,56,0
P8919,F239,232.91,Family,Economy,0,Mobile App,Window,69,1
P8920,F1124,58.44,Emergency,Economy,0,Online,Window,32,0
P8921,F227,439.94,Leisure,Premium Economy,1,Mobile App,Window,115,0
P8922,F840,297.4,Leisure,Economy,1,Online,Middle,88,0
P8923,F1126,186.64,Family,Economy,0,Airport Kiosk,Middle,99,0
P8924,F997,482.89,Family,Business,0,Online,Aisle,52,0
P8925,F1254,421.88,Emergency,Business,0,Mobile App,Middle,84,0
P8926,F1241,276.81,Leisure,Business,2,Airport Kiosk,Aisle,94,0
P8927,F416,435.9,Emergency,Economy,0,Desk,Window,90,0
P8928,F105,390.03,Leisure,Business,0,Online,Window,110,0
P8929,F578,260.51,Leisure,Premium Economy,0,Airport Kiosk,Middle,114,0
P8930,F1519,475.47,Family,Business,0,Mobile App,Aisle,88,0
P8931,F474,222.13,Leisure,Economy,1,Mobile App,Middle,117,0
P8932,F458,292.0,Emergency,Economy,0,Airport Kiosk,Window,84,0
P8933,F1176,466.31,Leisure,First,1,Desk,Aisle,25,0
P8934,F716,413.27,Family,Premium Economy,0,Online,Window,97,0
P8935,F846,387.04,Family,Economy,0,Airport Kiosk,Middle,23,1
P8936,F1513,380.2,Emergency,Premium Economy,2,Online,Middle,102,0
P8937,F569,260.39,Leisure,Business,0,Desk,Window,54,0
P8938,F1652,500.47,Family,Economy,0,Airport Kiosk,Window,1,0
P8939,F1583,195.6,Family,Premium Economy,0,Airport Kiosk,Window,100,0
P8940,F225,361.89,Family,Economy,1,Airport Kiosk,Middle,96,0
P8941,F1985,346.86,Leisure,Economy,0,Desk,Middle,56,0
P8942,F1691,430.99,Leisure,Premium Economy,1,Desk,Middle,100,0
P8943,F1282,352.9,Business,Economy,1,Desk,Window,114,0
P8944,F564,561.93,Emergency,Premium Economy,3,Mobile App,Middle,27,0
P8945,F1968,248.66,Family,Premium Economy,2,Desk,Aisle,3,0
P8946,F532,287.54,Emergency,Economy,1,Mobile App,Window,85,0
P8947,F927,260.52,Leisure,Business,3,Desk,Aisle,108,0
P8948,F1549,396.32,Business,Business,1,Airport Kiosk,Window,97,0
P8949,F551,378.17,Emergency,Economy,1,Airport Kiosk,Aisle,24,0
P8950,F786,208.43,Emergency,First,0,Online,Middle,93,0
P8951,F796,497.04,Business,Premium Economy,0,Online,Window,81,1
P8952,F1042,220.99,Emergency,Economy,1,Desk,Middle,94,0
P8953,F1594,316.21,Emergency,Economy,1,Mobile App,Middle,35,0
P8954,F1654,482.78,Business,Economy,1,Desk,Aisle,105,0
P8955,F833,239.35,Family,Economy,0,Online,Window,47,0
P8956,F34,227.17,Family,Economy,0,Airport Kiosk,Aisle,38,0
P8957,F1963,560.91,Business,Economy,1,Airport Kiosk,Middle,49,0
P8958,F1182,299.91,Leisure,Premium Economy,1,Airport Kiosk,Middle,75,0
P8959,F1531,456.43,Emergency,Business,0,Online,Aisle,96,0
P8960,F1304,321.71,Leisure,Premium Economy,1,Online,Aisle,11,0
P8961,F1780,89.19,Family,Business,1,Online,Aisle,11,0
P8962,F113,419.15,Emergency,Economy,0,Online,Middle,47,0
P8963,F619,321.54,Business,Premium Economy,1,Desk,Aisle,29,1
P8964,F908,470.88,Emergency,First,2,Airport Kiosk,Aisle,83,0
P8965,F1982,331.08,Family,Premium Economy,0,Mobile App,Middle,83,0
P8966,F1711,453.89,Business,Economy,1,Mobile App,Window,83,0
P8967,F506,485.6,Business,Premium Economy,0,Airport Kiosk,Window,105,0
P8968,F200,317.01,Family,Business,1,Mobile App,Window,30,0
P8969,F1357,290.3,Family,Economy,1,Online,Middle,22,0
P8970,F868,369.89,Emergency,Economy,0,Airport Kiosk,Middle,87,0
P8971,F1900,285.61,Leisure,Economy,1,Online,Aisle,115,0
P8972,F684,224.77,Family,Economy,2,Mobile App,Middle,97,0
P8973,F662,279.12,Emergency,Premium Economy,0,Airport Kiosk,Aisle,93,0
P8974,F1655,412.08,Leisure,Economy,1,Mobile App,Middle,73,0
P8975,F1619,339.08,Leisure,Business,0,Airport Kiosk,Middle,98,0
P8976,F239,348.57,Family,Economy,1,Online,Aisle,50,0
P8977,F1143,339.52,Family,Economy,1,Airport Kiosk,Middle,80,1
P8978,F374,131.97,Emergency,Economy,0,Airport Kiosk,Aisle,55,0
P8979,F1068,349.42,Business,Economy,2,Online,Middle,108,0
P8980,F1249,337.9,Family,Economy,2,Desk,Aisle,58,0
P8981,F1868,242.67,Leisure,Economy,1,Online,Window,93,0
P8982,F1917,191.05,Leisure,Economy,0,Online,Middle,81,0
P8983,F490,202.01,Leisure,Economy,1,Desk,Window,115,0
P8984,F1693,357.96,Business,Premium Economy,0,Mobile App,Middle,97,1
P8985,F482,406.09,Family,Economy,2,Airport Kiosk,Window,72,1
P8986,F1484,250.73,Leisure,First,0,Mobile App,Aisle,43,0
P8987,F1983,372.52,Family,First,0,Online,Aisle,30,1
P8988,F824,572.47,Business,Premium Economy,1,Desk,Window,36,0
P8989,F1399,321.63,Family,Business,1,Airport Kiosk,Window,64,1
P8990,F1267,340.64,Family,Premium Economy,1,Desk,Middle,5,0
P8991,F148,207.13,Family,First,3,Airport Kiosk,Window,9,0
P8992,F1202,259.35,Business,Economy,0,Airport Kiosk,Middle,53,0
P8993,F1534,245.57,Leisure,Business,1,Desk,Window,42,0
P8994,F806,202.52,Business,Premium Economy,2,Airport Kiosk,Aisle,60,0
P8995,F589,330.21,Leisure,Business,0,Desk,Middle,103,0
P8996,F1939,518.74,Family,Economy,0,Mobile App,Window,43,0
P8997,F1251,201.37,Family,Economy,0,Online,Middle,72,0
P8998,F1564,348.71,Business,Economy,0,Airport Kiosk,Aisle,100,0
P8999,F1308,498.64,Leisure,Economy,0,Mobile App,Middle,105,0
P9000,F871,269.45,Emergency,Premium Economy,0,Mobile App,Middle,100,0
P9001,F815,546.39,Leisure,Premium Economy,1,Desk,Window,36,0
P9002,F1677,387.11,Family,Economy,1,Airport Kiosk,Window,102,0
P9003,F1626,330.5,Emergency,Economy,1,Mobile App,Window,23,0
P9004,F982,250.34,Leisure,Business,0,Desk,Aisle,112,0
P9005,F1674,341.01,Emergency,Economy,1,Airport Kiosk,Aisle,81,0
P9006,F1374,445.45,Emergency,Economy,0,Online,Aisle,43,0
P9007,F1741,454.74,Business,Premium Economy,1,Airport Kiosk,Window,56,0
P9008,F1758,376.01,Leisure,Premium Economy,0,Desk,Middle,119,0
P9009,F1319,301.32,Emergency,Economy,1,Airport Kiosk,Middle,90,0
P9010,F1342,255.52,Emergency,Economy,0,Mobile App,Middle,17,0
P9011,F1704,314.62,Business,Premium Economy,0,Online,Middle,89,0
P9012,F958,369.82,Family,Economy,1,Desk,Aisle,28,0
P9013,F1374,369.81,Business,Economy,2,Mobile App,Window,104,0
P9014,F983,353.36,Leisure,Premium Economy,0,Online,Window,95,0
P9015,F1923,370.67,Emergency,Economy,1,Airport Kiosk,Window,50,0
P9016,F419,552.54,Emergency,Economy,0,Airport Kiosk,Window,105,0
P9017,F1506,529.11,Family,Economy,1,Online,Aisle,2,0
P9018,F1470,298.38,Emergency,Economy,1,Mobile App,Middle,23,0
P9019,F1952,434.31,Family,Economy,0,Desk,Aisle,112,0
P9020,F1896,172.04,Family,Premium Economy,1,Mobile App,Middle,28,0
P9021,F1479,296.7,Leisure,Premium Economy,0,Mobile App,Middle,20,0
P9022,F1972,173.68,Business,First,1,Online,Window,28,0
P9023,F564,243.16,Business,Business,0,Online,Window,100,0
P9024,F708,492.02,Business,Premium Economy,0,Airport Kiosk,Aisle,49,0
P9025,F1469,414.41,Business,Economy,0,Desk,Aisle,110,0
P9026,F1419,428.07,Family,Premium Economy,1,Mobile App,Middle,76,0
P9027,F1393,256.73,Leisure,Business,0,Airport Kiosk,Window,61,0
P9028,F543,307.93,Business,Business,1,Online,Middle,96,0
P9029,F667,414.45,Emergency,Economy,0,Airport Kiosk,Window,99,0
P9030,F1356,452.08,Family,Business,3,Online,Middle,79,0
P9031,F857,352.23,Family,Business,0,Mobile App,Aisle,71,0
P9032,F1891,375.77,Family,Business,1,Mobile App,Aisle,23,0
P9033,F301,293.27,Emergency,Business,0,Desk,Middle,71,0
P9034,F1294,362.39,Family,Economy,1,Online,Middle,14,0
P9035,F1964,483.06,Business,Premium Economy,1,Mobile App,Window,116,0
P9036,F1154,262.04,Leisure,Premium Economy,0,Airport Kiosk,Window,113,0
P9037,F1688,275.7,Business,Economy,2,Online,Middle,109,0
P9038,F1223,351.7,Leisure,Business,1,Desk,Middle,60,0
P9039,F1540,309.66,Family,Economy,0,Desk,Window,84,0
P9040,F880,301.35,Leisure,Economy,0,Online,Aisle,55,0
P9041,F449,229.65,Emergency,Economy,1,Airport Kiosk,Aisle,72,0
P9042,F1092,255.09,Emergency,Economy,2,Airport Kiosk,Window,24,0
P9043,F941,542.25,Business,Economy,1,Desk,Aisle,2,0
P9044,F539,307.83,Business,Business,0,Airport Kiosk,Middle,119,0
P9045,F1039,137.09,Family,Economy,2,Airport Kiosk,Aisle,115,0
P9046,F791,198.36,Leisure,Premium Economy,0,Online,Window,56,1
P9047,F1037,161.96,Family,First,1,Mobile App,Window,30,0
P9048,F730,548.76,Business,Premium Economy,1,Mobile App,Middle,4,1
P9049,F817,288.97,Leisure,Economy,2,Desk,Aisle,21,0
P9050,F1933,346.31,Business,Economy,1,Mobile App,Middle,95,0
P9051,F752,163.32,Business,Premium Economy,1,Desk,Middle,51,0
P9052,F1888,320.66,Family,Economy,3,Mobile App,Aisle,81,0
P9053,F1168,426.39,Business,Economy,1,Desk,Window,116,0
P9054,F1650,376.06,Leisure,Economy,1,Mobile App,Window,95,0
P9055,F1512,280.29,Family,Premium Economy,3,Mobile App,Window,5,0
P9056,F333,539.65,Business,Premium Economy,1,Desk,Middle,61,0
P9057,F1011,288.66,Family,Economy,0,Airport Kiosk,Window,66,0
P9058,F1314,285.57,Family,Economy,2,Online,Aisle,47,0
P9059,F1984,272.02,Leisure,Business,1,Desk,Aisle,112,0
P9060,F1794,489.71,Business,Business,1,Airport Kiosk,Aisle,50,1
P9061,F1562,294.1,Business,Economy,1,Desk,Window,30,0
P9062,F189,351.92,Family,Economy,1,Mobile App,Window,48,0
P9063,F1313,306.73,Business,Economy,1,Airport Kiosk,Window,7,0
P9064,F681,222.63,Business,Premium Economy,0,Online,Window,73,0
P9065,F1618,259.66,Emergency,Economy,0,Mobile App,Middle,9,0
P9066,F404,421.85,Leisure,Economy,0,Online,Aisle,31,0
P9067,F871,344.74,Emergency,Economy,0,Desk,Window,65,0
P9068,F377,340.84,Business,Premium Economy,0,Online,Window,90,0
P9069,F1090,514.47,Emergency,Premium Economy,3,Online,Middle,37,1
P9070,F351,387.24,Business,Economy,2,Desk,Middle,54,0
P9071,F572,129.53,Emergency,Economy,3,Desk,Window,72,0
P9072,F50,290.95,Family,Economy,3,Online,Window,28,0
P9073,F1678,289.78,Emergency,Economy,1,Mobile App,Aisle,24,0
P9074,F706,415.78,Family,Business,2,Desk,Window,54,0
P9075,F364,462.86,Family,Premium Economy,2,Desk,Window,0,0
P9076,F234,263.93,Leisure,Premium Economy,1,Mobile App,Middle,95,0
P9077,F433,374.77,Family,Economy,0,Airport Kiosk,Aisle,81,0
P9078,F981,411.3,Emergency,Business,2,Airport Kiosk,Window,95,0
P9079,F138,305.68,Leisure,Economy,1,Mobile App,Aisle,23,0
P9080,F697,253.26,Emergency,Business,2,Desk,Window,110,0
P9081,F1406,284.84,Business,Economy,0,Airport Kiosk,Aisle,60,0
P9082,F530,385.74,Leisure,Economy,0,Online,Middle,29,0
P9083,F1734,329.42,Emergency,Economy,0,Mobile App,Aisle,30,0
P9084,F113,344.58,Emergency,Premium Economy,0,Mobile App,Aisle,85,0
P9085,F125,311.37,Family,Economy,1,Airport Kiosk,Window,97,0
P9086,F949,134.6,Leisure,First,0,Online,Aisle,49,0
P9087,F1229,148.85,Leisure,Economy,0,Airport Kiosk,Middle,73,0
P9088,F1947,372.37,Business,Economy,2,Mobile App,Aisle,2,0
P9089,F1350,334.55,Emergency,Premium Economy,0,Online,Middle,79,0
P9090,F1102,556.24,Leisure,Economy,1,Mobile App,Aisle,11,1
P9091,F1056,214.92,Emergency,Economy,0,Airport Kiosk,Middle,99,0
P9092,F877,270.79,Leisure,Economy,2,Mobile App,Middle,0,0
P9093,F1561,486.1,Business,Business,1,Airport Kiosk,Middle,40,0
P9094,F1190,375.46,Emergency,Economy,0,Airport Kiosk,Aisle,2,0
P9095,F810,514.43,Emergency,Economy,4,Airport Kiosk,Middle,63,0
P9096,F255,522.68,Leisure,Premium Economy,0,Online,Middle,7,0
P9097,F1978,265.75,Emergency,Premium Economy,0,Desk,Aisle,105,0
P9098,F1083,341.71,Emergency,Business,1,Mobile App,Window,50,0
P9099,F1613,276.17,Emergency,Economy,1,Online,Middle,75,0
P9100,F516,334.28,Emergency,Premium Economy,1,Mobile App,Middle,58,0
P9101,F1528,327.45,Business,Economy,2,Airport Kiosk,Window,85,0
P9102,F1061,517.15,Leisure,Economy,1,Airport Kiosk,Middle,118,0
P9103,F1283,383.66,Family,Economy,0,Online,Window,94,0
P9104,F155,448.52,Family,Premium Economy,3,Desk,Aisle,74,0
P9105,F563,302.42,Leisure,Economy,1,Online,Middle,7,0
P9106,F1530,366.99,Family,Premium Economy,1,Online,Aisle,77,0
P9107,F495,476.59,Family,Economy,2,Desk,Window,23,0
P9108,F1191,470.76,Emergency,Economy,1,Mobile App,Window,21,0
P9109,F1493,506.21,Emergency,Economy,3,Online,Aisle,115,0
P9110,F1913,359.8,Family,Economy,2,Desk,Window,13,0
P9111,F1911,364.43,Business,Economy,1,Airport Kiosk,Middle,61,0
P9112,F1679,275.8,Leisure,Economy,0,Airport Kiosk,Aisle,75,0
P9113,F1951,276.87,Leisure,Economy,0,Mobile App,Window,114,0
P9114,F719,203.08,Emergency,Economy,2,Mobile App,Middle,67,0
P9115,F78,237.61,Emergency,Business,0,Desk,Aisle,79,0
P9116,F876,166.32,Family,Economy,1,Desk,Aisle,96,0
P9117,F570,407.31,Business,Premium Economy,1,Mobile App,Aisle,90,0
P9118,F568,489.43,Family,Economy,1,Desk,Aisle,64,0
P9119,F623,388.0,Family,Economy,1,Online,Window,38,0
P9120,F645,235.31,Business,Economy,2,Online,Window,14,0
P9121,F1011,381.62,Family,Business,2,Mobile App,Middle,0,0
P9122,F1233,441.5,Business,Economy,1,Airport Kiosk,Window,42,0
P9123,F469,385.02,Leisure,Premium Economy,1,Mobile App,Window,23,0
P9124,F1787,434.0,Emergency,Business,0,Desk,Aisle,93,0
P9125,F544,424.69,Business,First,0,Online,Window,116,0
P9126,F142,443.06,Family,Business,2,Desk,Window,34,0
P9127,F1321,448.34,Family,Premium Economy,1,Airport Kiosk,Window,23,0
P9128,F1870,231.32,Emergency,Economy,1,Online,Window,76,0
P9129,F7,343.04,Family,Business,1,Airport Kiosk,Middle,45,0
P9130,F884,392.6,Leisure,Premium Economy,1,Desk,Window,113,0
P9131,F424,407.01,Leisure,Business,1,Online,Window,107,0
P9132,F39,364.15,Leisure,Economy,1,Airport Kiosk,Window,117,0
P9133,F228,312.87,Leisure,Economy,0,Mobile App,Middle,102,0
P9134,F989,370.29,Leisure,Premium Economy,0,Airport Kiosk,Middle,48,0
P9135,F1394,316.95,Business,Premium Economy,2,Mobile App,Middle,119,0
P9136,F1559,312.98,Family,First,3,Airport Kiosk,Aisle,77,0
P9137,F632,218.62,Emergency,First,0,Desk,Window,23,0
P9138,F1916,247.92,Family,Premium Economy,1,Online,Middle,25,0
P9139,F306,515.86,Family,Economy,2,Mobile App,Aisle,37,0
P9140,F1430,414.59,Emergency,Economy,1,Desk,Middle,86,0
P9141,F1199,202.95,Emergency,Economy,3,Online,Middle,41,0
P9142,F1740,378.64,Family,Economy,0,Desk,Middle,80,0
P9143,F1626,256.75,Business,Economy,2,Airport Kiosk,Aisle,84,0
P9144,F1626,419.75,Emergency,Economy,1,Online,Middle,12,0
P9145,F182,511.94,Business,Economy,2,Airport Kiosk,Middle,71,0
P9146,F378,416.22,Leisure,Economy,2,Online,Window,31,0
P9147,F1029,359.93,Leisure,Economy,0,Online,Aisle,59,0
P9148,F1069,436.81,Emergency,Economy,0,Online,Window,27,0
P9149,F322,545.72,Business,Economy,4,Airport Kiosk,Window,96,0
P9150,F1638,386.44,Emergency,Economy,0,Airport Kiosk,Window,107,0
P9151,F745,323.19,Leisure,Economy,1,Online,Middle,34,0
P9152,F1318,274.49,Family,Economy,2,Airport Kiosk,Middle,115,0
P9153,F486,199.68,Leisure,Economy,1,Desk,Middle,7,0
P9154,F1744,299.91,Leisure,Economy,0,Online,Middle,48,0
P9155,F407,450.91,Emergency,Economy,1,Mobile App,Window,37,0
P9156,F896,308.55,Leisure,Economy,2,Online,Aisle,59,0
P9157,F1519,279.99,Leisure,Economy,1,Mobile App,Aisle,9,0
P9158,F524,342.53,Emergency,Economy,3,Airport Kiosk,Window,116,0
P9159,F345,540.91,Emergency,Economy,0,Online,Middle,55,0
P9160,F1703,357.92,Emergency,Premium Economy,1,Mobile App,Aisle,21,0
P9161,F519,287.61,Family,Economy,1,Desk,Middle,103,0
P9162,F959,336.1,Emergency,Economy,2,Mobile App,Aisle,107,0
P9163,F612,363.1,Emergency,Economy,1,Airport Kiosk,Aisle,36,0
P9164,F1174,301.59,Emergency,Premium Economy,0,Airport Kiosk,Window,58,0
P9165,F1411,333.42,Leisure,Economy,0,Desk,Window,114,0
P9166,F120,487.67,Business,Economy,0,Desk,Aisle,5,0
P9167,F324,318.22,Family,First,1,Online,Middle,42,0
P9168,F1780,351.56,Emergency,Premium Economy,0,Mobile App,Middle,6,0
P9169,F1206,147.84,Business,Economy,0,Online,Middle,25,0
P9170,F608,408.45,Leisure,Economy,0,Airport Kiosk,Aisle,76,0
P9171,F146,461.98,Leisure,Economy,0,Mobile App,Window,22,0
P9172,F862,289.72,Family,Economy,2,Online,Aisle,18,0
P9173,F1562,357.17,Business,Business,1,Mobile App,Window,104,0
P9174,F380,382.58,Business,Economy,1,Mobile App,Middle,64,0
P9175,F1021,418.17,Business,Economy,0,Airport Kiosk,Aisle,26,0
P9176,F376,383.4,Family,Economy,1,Online,Middle,43,0
P9177,F969,296.98,Family,Premium Economy,2,Online,Aisle,76,0
P9178,F1380,383.32,Family,Economy,3,Airport Kiosk,Aisle,88,0
P9179,F836,316.16,Leisure,Economy,1,Desk,Window,54,0
P9180,F296,203.3,Emergency,Business,1,Desk,Aisle,57,0
P9181,F914,382.83,Leisure,Economy,0,Airport Kiosk,Aisle,17,0
P9182,F1496,349.77,Emergency,Premium Economy,0,Desk,Window,0,0
P9183,F1116,418.83,Leisure,Business,0,Mobile App,Aisle,53,0
P9184,F786,233.85,Family,Economy,0,Mobile App,Aisle,12,0
P9185,F1460,174.2,Emergency,Economy,1,Desk,Aisle,64,0
P9186,F489,309.05,Business,First,1,Online,Middle,34,0
P9187,F145,327.9,Business,Economy,0,Mobile App,Aisle,69,0
P9188,F1028,324.57,Leisure,Economy,1,Desk,Window,66,1
P9189,F290,448.84,Business,Economy,0,Mobile App,Aisle,93,0
P9190,F1415,186.62,Leisure,Business,1,Desk,Window,61,0
P9191,F1817,385.13,Leisure,Economy,1,Desk,Window,11,0
P9192,F1295,296.72,Business,Economy,1,Mobile App,Window,77,0
P9193,F1277,407.08,Business,Economy,1,Airport Kiosk,Aisle,96,0
P9194,F746,246.25,Family,Economy,0,Desk,Window,85,0
P9195,F1078,227.2,Leisure,Premium Economy,0,Airport Kiosk,Middle,6,0
P9196,F1133,218.82,Family,Economy,2,Airport Kiosk,Middle,72,0
P9197,F1347,362.8,Family,Business,1,Mobile App,Aisle,111,0
P9198,F1652,348.74,Family,Economy,0,Airport Kiosk,Window,55,1
P9199,F200,369.74,Business,Economy,0,Online,Aisle,98,0
P9200,F1890,427.77,Leisure,Economy,0,Desk,Aisle,3,1
P9201,F1753,364.62,Family,Premium Economy,0,Mobile App,Aisle,4,0
P9202,F207,297.64,Leisure,Economy,1,Airport Kiosk,Middle,36,0
P9203,F1577,417.68,Emergency,Premium Economy,0,Desk,Window,73,0
P9204,F794,386.09,Emergency,Economy,2,Online,Aisle,15,0
P9205,F636,312.37,Business,Economy,1,Airport Kiosk,Middle,50,0
P9206,F1040,294.6,Leisure,Economy,3,Online,Middle,82,0
P9207,F918,457.99,Emergency,Economy,0,Online,Middle,109,0
P9208,F459,443.45,Family,Economy,2,Online,Middle,50,1
P9209,F110,311.6,Family,Economy,2,Online,Aisle,21,0
P9210,F116,404.81,Emergency,Business,2,Airport Kiosk,Middle,11,0
P9211,F1433,386.94,Leisure,Economy,0,Airport Kiosk,Window,36,0
P9212,F664,229.6,Business,Economy,1,Online,Middle,59,0
P9213,F1389,497.1,Emergency,Premium Economy,3,Airport Kiosk,Middle,38,1
P9214,F281,325.82,Family,Business,2,Online,Aisle,84,0
P9215,F1221,273.74,Business,Economy,2,Airport Kiosk,Middle,70,0
P9216,F153,423.86,Emergency,Economy,2,Mobile App,Aisle,79,0
P9217,F1437,292.08,Family,Premium Economy,2,Airport Kiosk,Aisle,84,0
P9218,F1310,355.41,Emergency,Premium Economy,2,Mobile App,Middle,78,0
P9219,F64,290.45,Emergency,Economy,2,Desk,Window,30,0
P9220,F126,266.79,Leisure,Economy,1,Online,Middle,31,0
P9221,F118,330.37,Leisure,Economy,0,Online,Middle,43,0
P9222,F159,334.5,Family,Business,2,Airport Kiosk,Window,75,0
P9223,F416,291.63,Leisure,Premium Economy,1,Desk,Middle,34,0
P9224,F1907,375.41,Family,Economy,1,Desk,Aisle,114,0
P9225,F829,247.9,Leisure,Economy,1,Mobile App,Window,46,0
P9226,F1524,248.83,Leisure,Premium Economy,1,Airport Kiosk,Window,96,0
P9227,F593,294.84,Business,Economy,1,Mobile App,Window,29,0
P9228,F869,465.24,Emergency,Business,0,Desk,Window,14,0
P9229,F1246,251.79,Family,Economy,0,Desk,Window,58,0
P9230,F1559,280.0,Emergency,Economy,1,Desk,Aisle,23,0
P9231,F901,300.43,Emergency,Premium Economy,2,Desk,Aisle,44,0
P9232,F550,309.8,Business,Economy,1,Online,Window,115,0
P9233,F1546,357.75,Family,First,1,Online,Aisle,74,0
P9234,F937,333.83,Business,Economy,1,Desk,Middle,110,0
P9235,F1689,303.2,Business,Economy,0,Desk,Middle,21,0
P9236,F1305,264.89,Family,Business,2,Airport Kiosk,Window,10,0
P9237,F741,350.14,Emergency,Business,1,Desk,Window,110,0
P9238,F888,394.56,Family,Premium Economy,3,Mobile App,Window,16,0
P9239,F1679,315.31,Emergency,Economy,0,Online,Middle,45,0
P9240,F217,333.86,Business,Economy,3,Online,Aisle,66,0
P9241,F1688,37.45,Emergency,Economy,1,Airport Kiosk,Window,65,0
P9242,F1055,340.9,Emergency,Premium Economy,2,Online,Aisle,12,0
P9243,F306,410.24,Business,Economy,1,Online,Window,75,0
P9244,F864,339.28,Leisure,Economy,2,Online,Aisle,22,0
P9245,F735,470.02,Business,Economy,3,Desk,Aisle,64,0
P9246,F1283,510.7,Leisure,Economy,1,Airport Kiosk,Middle,80,0
P9247,F1258,439.21,Business,Economy,0,Airport Kiosk,Aisle,61,0
P9248,F1781,327.2,Emergency,Economy,3,Mobile App,Middle,11,0
P9249,F485,381.69,Family,Economy,2,Mobile App,Window,65,0
P9250,F1389,471.14,Business,Economy,2,Mobile App,Aisle,101,0
P9251,F1536,357.0,Leisure,Economy,0,Mobile App,Middle,29,0
P9252,F1378,391.11,Family,Economy,0,Desk,Aisle,32,0
P9253,F235,168.35,Family,Economy,1,Online,Aisle,36,0
P9254,F656,399.93,Family,Economy,1,Online,Middle,82,0
P9255,F1265,566.31,Emergency,Economy,0,Airport Kiosk,Window,0,0
P9256,F60,371.26,Business,Economy,0,Mobile App,Window,94,0
P9257,F879,328.33,Leisure,First,0,Desk,Middle,24,0
P9258,F1650,350.89,Leisure,Economy,1,Mobile App,Middle,102,0
P9259,F930,260.47,Emergency,Economy,0,Airport Kiosk,Aisle,12,0
P9260,F772,307.73,Emergency,Economy,0,Airport Kiosk,Aisle,63,0
P9261,F1477,201.86,Family,Economy,1,Mobile App,Aisle,58,1
P9262,F1280,316.02,Leisure,Economy,0,Online,Aisle,94,0
P9263,F469,403.96,Leisure,Economy,3,Airport Kiosk,Aisle,79,0
P9264,F1266,410.45,Family,Economy,1,Desk,Middle,63,1
P9265,F25,179.07,Leisure,Economy,2,Airport Kiosk,Window,95,0
P9266,F91,481.92,Family,Business,0,Desk,Middle,36,0
P9267,F120,334.82,Family,Business,0,Online,Aisle,97,0
P9268,F361,367.13,Emergency,Economy,0,Airport Kiosk,Middle,28,0
P9269,F1168,326.59,Leisure,Business,0,Desk,Window,97,0
P9270,F235,463.05,Emergency,Economy,0,Desk,Window,73,0
P9271,F1887,394.67,Leisure,Economy,3,Airport Kiosk,Window,101,0
P9272,F470,467.3,Business,Economy,0,Mobile App,Window,112,0
P9273,F1206,477.53,Leisure,Premium Economy,0,Airport Kiosk,Aisle,84,0
P9274,F272,275.7,Leisure,Economy,0,Desk,Window,21,0
P9275,F1992,301.46,Business,Economy,1,Mobile App,Middle,62,0
P9276,F467,319.01,Business,Economy,1,Online,Middle,0,0
P9277,F267,557.6,Family,Business,2,Online,Middle,11,0
P9278,F1691,347.67,Business,Premium Economy,1,Airport Kiosk,Middle,22,0
P9279,F1646,314.12,Business,Economy,0,Online,Aisle,48,0
P9280,F658,177.96,Emergency,Business,4,Airport Kiosk,Aisle,109,0
P9281,F1711,328.59,Family,Economy,2,Mobile App,Middle,11,0
P9282,F1745,307.27,Family,Economy,0,Airport Kiosk,Middle,115,0
P9283,F1524,491.59,Leisure,First,0,Desk,Window,39,1
P9284,F610,445.86,Family,Economy,2,Airport Kiosk,Middle,103,0
P9285,F149,483.26,Business,Economy,1,Online,Window,9,0
P9286,F1086,407.6,Emergency,Economy,1,Mobile App,Window,45,0
P9287,F1750,433.5,Leisure,Premium Economy,0,Airport Kiosk,Aisle,34,0
P9288,F929,436.93,Family,Economy,1,Airport Kiosk,Middle,72,0
P9289,F1091,571.16,Family,Business,1,Airport Kiosk,Aisle,97,0
P9290,F1358,520.66,Family,First,0,Online,Aisle,41,0
P9291,F144,368.0,Family,Economy,1,Mobile App,Middle,88,0
P9292,F1379,387.47,Family,Business,1,Mobile App,Window,75,1
P9293,F1008,224.05,Emergency,Premium Economy,2,Mobile App,Middle,42,0
P9294,F1671,141.07,Leisure,Economy,1,Airport Kiosk,Middle,119,0
P9295,F71,385.22,Family,Economy,0,Desk,Window,96,0
P9296,F392,239.19,Emergency,Business,1,Online,Aisle,55,0
P9297,F1623,324.84,Family,Economy,0,Mobile App,Aisle,34,0
P9298,F98,254.12,Emergency,Business,3,Airport Kiosk,Window,99,0
P9299,F1261,345.41,Emergency,Economy,2,Airport Kiosk,Aisle,65,0
P9300,F779,287.89,Leisure,Economy,1,Airport Kiosk,Middle,59,0
P9301,F31,370.52,Business,Business,2,Desk,Aisle,64,0
P9302,F719,439.89,Business,First,0,Online,Middle,36,0
P9303,F1776,500.43,Emergency,Economy,0,Airport Kiosk,Window,15,1
P9304,F616,485.11,Emergency,Premium Economy,1,Mobile App,Middle,62,0
P9305,F600,357.72,Leisure,Business,2,Airport Kiosk,Window,29,0
P9306,F1021,341.48,Business,Premium Economy,0,Desk,Middle,7,0
P9307,F244,128.25,Leisure,Economy,2,Online,Window,28,0
P9308,F1556,163.84,Leisure,Premium Economy,1,Airport Kiosk,Middle,47,0
P9309,F404,217.37,Leisure,Economy,0,Mobile App,Aisle,32,0
P9310,F1148,443.82,Emergency,Economy,0,Online,Aisle,67,0
P9311,F1522,508.02,Family,First,2,Mobile App,Middle,105,0
P9312,F25,415.5,Business,Economy,2,Online,Aisle,100,0
P9313,F1483,415.61,Family,Economy,1,Mobile App,Window,69,0
P9314,F1778,467.91,Leisure,First,1,Mobile App,Middle,59,0
P9315,F1074,325.52,Emergency,Premium Economy,1,Online,Aisle,10,0
P9316,F174,334.93,Business,Economy,1,Mobile App,Aisle,57,0
P9317,F1362,266.27,Emergency,Economy,1,Online,Window,49,0
P9318,F1797,343.47,Business,First,1,Online,Middle,115,0
P9319,F583,232.54,Business,First,4,Online,Window,107,0
P9320,F1718,222.43,Family,Premium Economy,3,Airport Kiosk,Aisle,3,0
P9321,F715,327.13,Leisure,Business,0,Online,Middle,79,0
P9322,F160,542.38,Emergency,Premium Economy,0,Mobile App,Middle,83,0
P9323,F1763,350.54,Emergency,Economy,1,Airport Kiosk,Aisle,70,0
P9324,F1718,480.17,Leisure,Economy,0,Online,Middle,18,0
P9325,F414,392.89,Leisure,First,0,Online,Aisle,63,0
P9326,F608,335.61,Leisure,Economy,1,Online,Aisle,16,0
P9327,F257,415.39,Family,Premium Economy,1,Online,Window,63,0
P9328,F964,132.52,Family,Premium Economy,0,Airport Kiosk,Aisle,98,0
P9329,F880,333.01,Leisure,Economy,3,Airport Kiosk,Aisle,93,0
P9330,F494,258.72,Leisure,Economy,3,Online,Window,92,0
P9331,F1585,291.1,Emergency,Premium Economy,0,Desk,Window,10,0
P9332,F548,378.97,Emergency,Economy,0,Online,Window,65,1
P9333,F371,392.26,Emergency,Business,4,Mobile App,Aisle,76,0
P9334,F1064,460.92,Business,Economy,0,Airport Kiosk,Window,16,0
P9335,F472,447.44,Leisure,Economy,1,Online,Window,101,0
P9336,F1226,407.2,Leisure,Economy,1,Desk,Aisle,58,0
P9337,F662,307.83,Emergency,Economy,1,Online,Window,100,0
P9338,F1730,418.41,Family,Premium Economy,1,Airport Kiosk,Aisle,60,0
P9339,F1962,445.98,Business,Economy,0,Mobile App,Window,118,0
P9340,F1860,309.36,Emergency,Economy,1,Desk,Window,108,0
P9341,F1006,465.11,Leisure,Economy,3,Online,Middle,2,0
P9342,F223,460.61,Business,Economy,0,Mobile App,Aisle,107,0
P9343,F1858,415.03,Leisure,Economy,1,Desk,Aisle,63,0
P9344,F1100,432.97,Business,Economy,2,Mobile App,Aisle,84,0
P9345,F1860,206.52,Family,Business,1,Airport Kiosk,Aisle,91,0
P9346,F1763,272.96,Emergency,First,2,Mobile App,Aisle,80,0
P9347,F177,292.25,Emergency,Business,1,Online,Middle,86,0
P9348,F1454,417.29,Business,Premium Economy,1,Mobile App,Middle,93,0
P9349,F875,495.75,Family,Economy,1,Airport Kiosk,Window,17,0
P9350,F1780,396.21,Emergency,Business,3,Airport Kiosk,Middle,91,0
P9351,F752,135.03,Emergency,Economy,1,Mobile App,Aisle,35,0
P9352,F256,370.28,Leisure,Economy,0,Mobile App,Middle,119,0
P9353,F710,266.34,Leisure,Economy,3,Mobile App,Aisle,67,0
P9354,F1591,450.25,Emergency,Economy,0,Desk,Window,3,0
P9355,F1800,150.34,Leisure,Economy,2,Mobile App,Middle,41,0
P9356,F1565,442.51,Leisure,Economy,1,Mobile App,Middle,48,0
P9357,F300,235.33,Emergency,Economy,2,Online,Middle,82,0
P9358,F1838,104.34,Family,Economy,2,Desk,Aisle,74,0
P9359,F1084,274.74,Leisure,Business,2,Airport Kiosk,Window,29,0
P9360,F679,399.5,Business,Economy,3,Airport Kiosk,Window,24,0
P9361,F185,450.6,Leisure,Premium Economy,1,Airport Kiosk,Middle,71,0
P9362,F1750,256.21,Business,First,0,Online,Middle,30,0
P9363,F270,303.53,Business,Premium Economy,1,Mobile App,Middle,119,0
P9364,F1302,526.06,Business,Premium Economy,3,Desk,Window,105,0
P9365,F1707,362.63,Family,Premium Economy,1,Online,Aisle,41,0
P9366,F1466,262.24,Business,Economy,0,Desk,Middle,15,0
P9367,F1557,339.7,Leisure,Economy,0,Airport Kiosk,Middle,89,0
P9368,F330,645.69,Leisure,Business,1,Online,Aisle,21,0
P9369,F788,280.31,Leisure,Premium Economy,0,Desk,Window,3,0
P9370,F1045,292.23,Leisure,Economy,2,Mobile App,Aisle,13,0
P9371,F1036,378.64,Family,Premium Economy,0,Airport Kiosk,Window,103,0
P9372,F510,216.14,Family,Economy,0,Desk,Middle,74,0
P9373,F1322,400.11,Emergency,First,1,Airport Kiosk,Window,78,0
P9374,F547,289.57,Emergency,Economy,2,Desk,Window,43,0
P9375,F280,442.47,Family,Premium Economy,1,Airport Kiosk,Middle,52,0
P9376,F1018,332.08,Family,Premium Economy,0,Online,Middle,62,0
P9377,F581,259.83,Leisure,Business,2,Desk,Window,14,0
P9378,F59,364.01,Emergency,Economy,2,Desk,Window,13,0
P9379,F1548,345.27,Business,Premium Economy,0,Airport Kiosk,Middle,75,0
P9380,F1831,163.26,Emergency,Premium Economy,0,Desk,Aisle,112,0
P9381,F771,270.16,Emergency,Economy,2,Mobile App,Aisle,83,0
P9382,F261,243.7,Leisure,Economy,1,Desk,Window,47,0
P9383,F445,410.04,Leisure,Economy,0,Desk,Aisle,93,0
P9384,F1216,556.63,Family,Business,1,Mobile App,Middle,22,0
P9385,F837,397.41,Family,First,1,Online,Aisle,84,0
P9386,F362,241.78,Emergency,Business,1,Desk,Window,107,0
P9387,F108,479.31,Emergency,Economy,0,Desk,Aisle,88,0
P9388,F299,304.41,Emergency,Premium Economy,1,Mobile App,Window,52,0
P9389,F637,304.76,Family,Economy,1,Desk,Middle,87,0
P9390,F1160,422.33,Family,Economy,0,Desk,Window,79,0
P9391,F201,421.22,Family,Economy,0,Mobile App,Middle,43,0
P9392,F812,441.19,Family,Economy,3,Airport Kiosk,Middle,64,0
P9393,F1472,483.55,Family,First,1,Mobile App,Middle,85,0
P9394,F1492,363.22,Business,Business,2,Online,Aisle,75,0
P9395,F970,212.39,Emergency,Economy,0,Desk,Aisle,69,0
P9396,F779,606.57,Leisure,Economy,0,Mobile App,Window,53,0
P9397,F1959,176.56,Leisure,Premium Economy,0,Online,Aisle,25,0
P9398,F1367,422.27,Leisure,Economy,2,Mobile App,Window,13,1
P9399,F972,370.38,Emergency,Economy,3,Airport Kiosk,Aisle,0,0
P9400,F1348,352.34,Business,Economy,1,Mobile App,Middle,84,0
P9401,F1978,363.42,Emergency,Economy,1,Mobile App,Window,96,0
P9402,F1166,295.24,Leisure,Economy,1,Desk,Window,16,0
P9403,F625,360.84,Leisure,Economy,1,Mobile App,Middle,46,0
P9404,F1298,486.53,Family,Business,2,Airport Kiosk,Middle,111,0
P9405,F287,264.99,Business,Economy,1,Mobile App,Window,10,0
P9406,F822,242.68,Leisure,Business,1,Mobile App,Window,72,0
P9407,F1297,334.97,Emergency,Business,2,Airport Kiosk,Window,113,0
P9408,F1734,293.39,Emergency,Economy,0,Online,Aisle,42,0
P9409,F1425,372.5,Emergency,Economy,1,Mobile App,Aisle,34,0
P9410,F194,496.33,Leisure,Business,3,Airport Kiosk,Middle,15,0
P9411,F460,245.12,Emergency,Economy,0,Online,Aisle,102,0
P9412,F1143,307.83,Leisure,First,1,Airport Kiosk,Aisle,66,0
P9413,F632,407.42,Family,Economy,2,Mobile App,Aisle,32,0
P9414,F214,309.69,Business,Premium Economy,0,Airport Kiosk,Middle,112,0
P9415,F1820,345.45,Family,Business,0,Online,Middle,32,0
P9416,F1101,125.1,Business,Premium Economy,3,Desk,Window,64,0
P9417,F993,394.96,Leisure,Economy,0,Mobile App,Aisle,3,0
P9418,F488,289.94,Business,Premium Economy,1,Mobile App,Window,25,0
P9419,F1963,391.6,Business,Premium Economy,1,Online,Middle,25,0
P9420,F734,527.51,Leisure,Economy,1,Airport Kiosk,Aisle,109,1
P9421,F1971,319.49,Business,Economy,1,Online,Middle,18,0
P9422,F1618,297.47,Family,Economy,0,Desk,Aisle,116,0
P9423,F1451,219.92,Leisure,Premium Economy,2,Airport Kiosk,Aisle,2,0
P9424,F587,285.44,Family,Economy,2,Desk,Window,39,0
P9425,F771,336.36,Leisure,Economy,0,Online,Window,39,0
P9426,F1345,313.74,Emergency,Economy,1,Airport Kiosk,Window,108,0
P9427,F1418,204.0,Business,Economy,0,Airport Kiosk,Window,40,0
P9428,F946,292.03,Emergency,Economy,2,Desk,Middle,32,0
P9429,F332,428.37,Business,Economy,1,Airport Kiosk,Aisle,102,0
P9430,F1520,395.83,Family,Premium Economy,0,Online,Window,70,0
P9431,F1905,132.53,Family,Economy,0,Online,Aisle,13,0
P9432,F1696,506.44,Business,Premium Economy,0,Mobile App,Window,22,0
P9433,F746,344.51,Business,Premium Economy,1,Mobile App,Window,60,0
P9434,F1628,441.91,Leisure,Economy,2,Airport Kiosk,Window,103,0
P9435,F1746,354.54,Emergency,First,0,Online,Window,78,0
P9436,F943,337.3,Family,Premium Economy,3,Desk,Aisle,108,0
P9437,F1993,328.31,Business,Business,0,Desk,Window,2,0
P9438,F1503,449.28,Business,Business,2,Mobile App,Window,49,0
P9439,F1955,147.5,Leisure,Premium Economy,1,Online,Middle,25,0
P9440,F1945,347.25,Leisure,Premium Economy,0,Airport Kiosk,Middle,19,0
P9441,F302,341.22,Business,Business,0,Airport Kiosk,Aisle,14,0
P9442,F795,344.89,Business,Economy,1,Online,Aisle,25,0
P9443,F1375,499.78,Family,Economy,0,Desk,Window,79,0
P9444,F994,517.39,Emergency,Business,3,Online,Middle,101,0
P9445,F1049,325.16,Emergency,Business,0,Mobile App,Middle,94,0
P9446,F1855,336.78,Emergency,Economy,2,Mobile App,Aisle,86,0
P9447,F154,543.11,Business,Economy,0,Mobile App,Aisle,96,0
P9448,F384,462.22,Family,Economy,1,Online,Aisle,27,0
P9449,F1419,365.28,Leisure,Economy,2,Airport Kiosk,Aisle,15,0
P9450,F199,461.66,Business,Premium Economy,0,Airport Kiosk,Aisle,12,0
P9451,F771,409.91,Family,Economy,0,Online,Window,64,0
P9452,F1945,233.32,Leisure,Business,2,Mobile App,Aisle,30,0
P9453,F1760,192.55,Emergency,Economy,2,Airport Kiosk,Middle,33,0
P9454,F716,132.98,Family,Business,0,Airport Kiosk,Middle,37,0
P9455,F1866,559.55,Emergency,Business,2,Mobile App,Middle,96,0
P9456,F297,272.42,Family,Economy,0,Desk,Middle,2,0
P9457,F1117,223.62,Family,Economy,2,Online,Middle,71,0
P9458,F1602,407.98,Emergency,Economy,2,Desk,Middle,95,0
P9459,F881,244.23,Emergency,Economy,1,Desk,Aisle,92,0
P9460,F288,412.3,Family,Economy,1,Desk,Aisle,110,0
P9461,F949,360.14,Family,Economy,0,Airport Kiosk,Aisle,7,1
P9462,F761,399.01,Emergency,Economy,3,Mobile App,Window,102,0
P9463,F1410,403.59,Leisure,Economy,2,Mobile App,Window,117,1
P9464,F833,296.42,Business,Economy,1,Mobile App,Middle,57,0
P9465,F1348,226.49,Business,Economy,1,Online,Middle,6,0
P9466,F804,363.29,Emergency,Business,1,Online,Aisle,47,0
P9467,F1388,243.32,Emergency,Economy,2,Online,Window,112,0
P9468,F1811,351.06,Business,Premium Economy,1,Desk,Aisle,60,0
P9469,F1173,332.8,Business,Economy,2,Online,Middle,99,0
P9470,F74,436.35,Family,Economy,0,Airport Kiosk,Middle,87,0
P9471,F28,333.98,Leisure,Economy,2,Airport Kiosk,Window,102,1
P9472,F264,328.39,Leisure,Business,1,Mobile App,Middle,42,0
P9473,F651,222.55,Family,Economy,1,Desk,Aisle,111,0
P9474,F928,186.47,Emergency,Economy,0,Online,Window,53,0
P9475,F494,346.84,Family,Premium Economy,0,Airport Kiosk,Aisle,30,0
P9476,F428,293.06,Family,Economy,0,Online,Middle,32,0
P9477,F202,218.85,Business,Premium Economy,1,Desk,Window,118,0
P9478,F1730,500.49,Emergency,Economy,0,Desk,Window,7,0
P9479,F876,253.0,Emergency,Premium Economy,1,Mobile App,Middle,115,0
P9480,F144,316.67,Business,Business,1,Mobile App,Aisle,70,0
P9481,F12,299.24,Business,Economy,1,Mobile App,Window,5,0
P9482,F1650,362.01,Business,Economy,0,Airport Kiosk,Middle,68,0
P9483,F76,352.04,Leisure,Economy,0,Airport Kiosk,Middle,38,0
P9484,F1788,380.84,Leisure,Economy,1,Mobile App,Window,35,0
P9485,F1428,472.93,Emergency,Economy,1,Online,Middle,84,0
P9486,F985,245.25,Emergency,Economy,1,Mobile App,Aisle,83,0
P9487,F1085,324.46,Family,First,3,Desk,Window,99,0
P9488,F1818,277.14,Business,First,0,Airport Kiosk,Window,76,0
P9489,F1401,394.84,Family,Premium Economy,0,Online,Aisle,117,0
P9490,F1988,284.82,Emergency,Economy,1,Mobile App,Aisle,54,0
P9491,F314,326.22,Business,Business,1,Airport Kiosk,Aisle,65,0
P9492,F1338,330.56,Business,Business,1,Desk,Middle,39,0
P9493,F1566,356.58,Family,Premium Economy,1,Online,Window,115,0
P9494,F558,269.98,Family,Economy,4,Desk,Middle,5,0
P9495,F344,184.55,Leisure,Business,1,Desk,Aisle,75,1
P9496,F960,471.98,Emergency,Economy,2,Airport Kiosk,Window,70,0
P9497,F501,197.37,Emergency,Economy,0,Airport Kiosk,Aisle,93,0
P9498,F946,410.84,Family,Business,3,Mobile App,Window,102,0
P9499,F1631,465.5,Leisure,First,1,Desk,Window,29,0
P9500,F1939,92.57,Business,Premium Economy,0,Desk,Middle,59,0
P9501,F1074,320.56,Leisure,Economy,0,Desk,Middle,96,0
P9502,F25,495.31,Leisure,Economy,0,Mobile App,Window,11,0
P9503,F511,292.77,Emergency,Economy,3,Mobile App,Aisle,35,0
P9504,F1408,242.05,Family,Business,0,Airport Kiosk,Aisle,37,0
P9505,F73,668.83,Emergency,Premium Economy,0,Airport Kiosk,Window,95,0
P9506,F103,253.02,Emergency,Premium Economy,2,Online,Window,70,0
P9507,F1177,319.89,Family,Economy,0,Online,Aisle,106,0
P9508,F1627,389.58,Leisure,Premium Economy,0,Desk,Window,43,0
P9509,F42,270.35,Leisure,Economy,1,Desk,Aisle,66,0
P9510,F945,353.32,Emergency,Economy,0,Airport Kiosk,Aisle,111,0
P9511,F1069,470.15,Business,Economy,0,Mobile App,Window,86,0
P9512,F480,114.29,Leisure,Economy,0,Desk,Aisle,67,0
P9513,F7,306.15,Business,Business,2,Mobile App,Middle,80,0
P9514,F1889,483.48,Leisure,Economy,0,Airport Kiosk,Window,39,0
P9515,F1038,280.83,Emergency,Economy,2,Online,Aisle,7,0
P9516,F509,275.56,Family,Premium Economy,2,Desk,Aisle,116,0
P9517,F1188,254.5,Family,Premium Economy,0,Online,Middle,59,0
P9518,F1745,110.72,Leisure,Economy,2,Desk,Middle,103,0
P9519,F885,306.0,Leisure,Economy,1,Mobile App,Middle,22,0
P9520,F1203,416.95,Emergency,Premium Economy,0,Airport Kiosk,Middle,111,0
P9521,F537,394.01,Family,Economy,4,Mobile App,Aisle,73,1
P9522,F1842,321.4,Leisure,Economy,0,Desk,Middle,34,0
P9523,F404,314.7,Emergency,Premium Economy,3,Desk,Window,50,0
P9524,F282,553.04,Leisure,Economy,1,Desk,Aisle,98,0
P9525,F946,324.22,Business,Economy,1,Mobile App,Aisle,98,0
P9526,F1590,179.5,Leisure,First,0,Desk,Window,96,0
P9527,F1056,341.79,Family,Economy,0,Desk,Window,112,0
P9528,F664,431.47,Family,Economy,2,Desk,Window,99,0
P9529,F1070,258.82,Emergency,Premium Economy,0,Online,Window,18,0
P9530,F1466,457.42,Emergency,Economy,0,Desk,Middle,45,0
P9531,F63,291.74,Business,Economy,0,Mobile App,Window,94,1
P9532,F1094,435.34,Business,Premium Economy,1,Desk,Window,73,0
P9533,F1525,301.73,Family,Economy,0,Mobile App,Middle,24,0
P9534,F1916,408.66,Emergency,Economy,0,Desk,Aisle,87,1
P9535,F109,454.48,Family,First,1,Mobile App,Middle,29,0
P9536,F1369,277.17,Leisure,Economy,1,Desk,Aisle,89,0
P9537,F1248,263.75,Family,Economy,3,Desk,Window,45,0
P9538,F375,442.97,Business,Premium Economy,1,Desk,Aisle,75,1
P9539,F1701,323.4,Family,Premium Economy,3,Online,Middle,83,1
P9540,F606,363.57,Business,Economy,0,Online,Middle,5,0
P9541,F1581,481.61,Business,Economy,0,Mobile App,Aisle,13,0
P9542,F171,323.91,Leisure,Premium Economy,1,Desk,Aisle,71,0
P9543,F346,411.73,Business,Premium Economy,1,Desk,Window,74,0
P9544,F1435,344.85,Leisure,Premium Economy,1,Online,Middle,83,0
P9545,F1661,379.12,Family,Economy,0,Airport Kiosk,Window,70,0
P9546,F253,519.57,Emergency,Economy,0,Desk,Window,19,0
P9547,F145,196.11,Leisure,Economy,0,Mobile App,Middle,104,0
P9548,F381,329.71,Emergency,Economy,0,Online,Middle,78,0
P9549,F1630,231.14,Business,Economy,3,Desk,Aisle,44,1
P9550,F1450,395.12,Emergency,Business,3,Online,Window,52,0
P9551,F358,502.8,Business,Premium Economy,1,Desk,Middle,102,1
P9552,F742,250.68,Family,Premium Economy,1,Mobile App,Window,117,0
P9553,F1984,536.29,Leisure,Business,2,Airport Kiosk,Window,57,0
P9554,F1359,435.21,Family,Economy,0,Online,Aisle,1,0
P9555,F173,54.43,Business,Economy,0,Airport Kiosk,Middle,2,1
P9556,F1434,296.69,Family,Business,1,Desk,Middle,115,0
P9557,F1137,426.97,Family,Business,1,Airport Kiosk,Aisle,6,0
P9558,F357,581.36,Family,Economy,0,Airport Kiosk,Middle,67,0
P9559,F367,468.72,Emergency,Economy,1,Airport Kiosk,Window,41,0
P9560,F85,346.1,Family,Business,1,Online,Window,19,0
P9561,F1438,247.06,Business,Premium Economy,0,Desk,Window,100,0
P9562,F922,523.44,Leisure,Economy,1,Airport Kiosk,Aisle,50,0
P9563,F1778,391.69,Family,Economy,1,Airport Kiosk,Window,70,0
P9564,F1494,373.55,Emergency,Premium Economy,0,Desk,Window,72,0
P9565,F317,398.11,Emergency,First,1,Online,Middle,38,0
P9566,F1953,447.47,Emergency,Economy,2,Airport Kiosk,Window,40,0
P9567,F1998,445.35,Family,Economy,0,Airport Kiosk,Window,113,0
P9568,F1807,489.58,Leisure,Premium Economy,2,Online,Window,28,0
P9569,F248,426.89,Business,Business,0,Desk,Aisle,3,0
P9570,F937,486.99,Leisure,Business,2,Desk,Aisle,93,0
P9571,F1419,307.33,Emergency,Economy,2,Desk,Window,23,0
P9572,F56,324.62,Business,Economy,0,Online,Aisle,116,0
P9573,F827,471.67,Business,Economy,0,Desk,Window,12,0
P9574,F601,230.92,Family,First,0,Desk,Window,80,0
P9575,F1627,413.93,Business,Economy,2,Mobile App,Aisle,6,0
P9576,F204,375.72,Family,Business,0,Desk,Middle,94,0
P9577,F1501,132.91,Emergency,Economy,1,Online,Middle,80,0
P9578,F1365,474.93,Leisure,Premium Economy,0,Airport Kiosk,Window,70,0
P9579,F329,397.88,Leisure,Economy,2,Airport Kiosk,Aisle,103,0
P9580,F934,202.31,Business,Business,1,Online,Aisle,55,0
P9581,F1183,428.44,Business,Economy,1,Airport Kiosk,Aisle,26,0
P9582,F126,409.9,Business,Business,0,Airport Kiosk,Window,44,0
P9583,F547,294.6,Family,Premium Economy,1,Mobile App,Window,37,0
P9584,F1352,397.39,Emergency,Economy,0,Online,Middle,14,0
P9585,F1135,554.85,Family,Economy,1,Desk,Aisle,111,1
P9586,F1273,175.22,Business,Economy,0,Mobile App,Middle,1,0
P9587,F209,432.63,Business,Premium Economy,1,Online,Middle,114,0
P9588,F1544,330.92,Family,Premium Economy,0,Mobile App,Middle,56,0
P9589,F813,458.25,Emergency,Business,1,Airport Kiosk,Aisle,54,0
P9590,F221,335.79,Business,Business,0,Desk,Middle,59,0
P9591,F831,369.02,Business,Economy,0,Desk,Middle,39,0
P9592,F1639,149.49,Business,Economy,0,Airport Kiosk,Middle,53,0
P9593,F822,460.44,Emergency,Economy,1,Online,Aisle,28,0
P9594,F1056,330.78,Leisure,Business,2,Online,Middle,24,0
P9595,F1243,379.15,Emergency,Economy,3,Mobile App,Aisle,117,0
P9596,F213,271.26,Leisure,Economy,1,Airport Kiosk,Aisle,7,0
P9597,F1796,344.14,Business,Economy,2,Airport Kiosk,Aisle,42,0
P9598,F529,194.7,Emergency,Economy,0,Desk,Window,103,0
P9599,F449,370.95,Leisure,First,2,Online,Middle,12,0
P9600,F260,278.0,Family,Premium Economy,0,Desk,Window,87,0
P9601,F498,466.91,Leisure,Economy,1,Online,Aisle,1,0
P9602,F705,219.91,Emergency,Economy,0,Online,Window,105,0
P9603,F1991,238.74,Business,Economy,0,Desk,Aisle,88,0
P9604,F544,378.92,Emergency,Premium Economy,1,Mobile App,Aisle,119,0
P9605,F927,404.85,Family,First,1,Airport Kiosk,Aisle,52,0
P9606,F925,347.29,Emergency,Economy,4,Desk,Middle,13,0
P9607,F1488,383.13,Business,Premium Economy,1,Desk,Window,81,0
P9608,F1602,457.35,Emergency,Economy,1,Airport Kiosk,Middle,57,1
P9609,F812,325.49,Leisure,Economy,1,Desk,Window,40,0
P9610,F637,541.15,Family,Economy,0,Online,Aisle,55,0
P9611,F314,411.5,Business,Economy,0,Mobile App,Window,97,0
P9612,F1114,274.16,Family,Economy,0,Desk,Aisle,63,0
P9613,F1094,459.95,Business,First,0,Desk,Aisle,84,1
P9614,F516,347.95,Emergency,Economy,0,Airport Kiosk,Aisle,119,0
P9615,F464,383.61,Business,Economy,0,Airport Kiosk,Window,82,0
P9616,F818,159.8,Family,Economy,0,Airport Kiosk,Middle,5,0
P9617,F732,335.23,Leisure,Premium Economy,3,Online,Window,13,0
P9618,F320,488.14,Leisure,First,0,Desk,Aisle,38,0
P9619,F230,180.4,Business,Business,0,Airport Kiosk,Window,71,1
P9620,F1285,289.56,Family,Business,1,Desk,Window,118,0
P9621,F442,312.88,Emergency,Business,1,Airport Kiosk,Middle,11,0
P9622,F606,279.57,Business,Premium Economy,1,Airport Kiosk,Window,2,0
P9623,F137,334.26,Emergency,Economy,0,Online,Aisle,64,0
P9624,F695,419.48,Leisure,Economy,1,Desk,Aisle,100,0
P9625,F741,306.09,Leisure,Premium Economy,2,Mobile App,Window,84,0
P9626,F708,318.95,Business,Economy,1,Desk,Aisle,71,0
P9627,F1858,259.49,Family,Business,0,Desk,Window,82,0
P9628,F755,334.76,Leisure,Economy,4,Desk,Middle,88,0
P9629,F1917,372.0,Business,Premium Economy,4,Mobile App,Aisle,7,0
P9630,F1363,100.92,Emergency,Premium Economy,0,Desk,Middle,65,0
P9631,F1310,583.15,Leisure,Business,3,Mobile App,Window,118,0
P9632,F1715,280.94,Emergency,Economy,1,Desk,Aisle,24,0
P9633,F668,189.97,Business,Economy,3,Mobile App,Window,79,0
P9634,F1907,267.25,Emergency,First,0,Desk,Middle,23,0
P9635,F1181,167.44,Leisure,Economy,1,Online,Aisle,107,0
P9636,F1521,432.2,Emergency,Economy,2,Desk,Window,16,0
P9637,F264,271.57,Business,Economy,1,Mobile App,Window,53,0
P9638,F259,327.01,Leisure,Economy,2,Desk,Middle,48,0
P9639,F559,463.68,Business,Economy,2,Airport Kiosk,Aisle,93,0
P9640,F1112,460.04,Emergency,Economy,4,Mobile App,Window,29,0
P9641,F1188,257.49,Family,Premium Economy,1,Mobile App,Aisle,83,0
P9642,F275,204.42,Family,Economy,1,Mobile App,Window,19,0
P9643,F1086,309.95,Family,Economy,2,Online,Middle,44,0
P9644,F1854,349.95,Family,Economy,0,Airport Kiosk,Window,92,0
P9645,F1163,311.06,Leisure,Economy,0,Desk,Middle,106,0
P9646,F1312,300.26,Business,Economy,1,Mobile App,Aisle,5,0
P9647,F211,219.79,Family,Business,3,Mobile App,Middle,10,0
P9648,F1896,327.57,Emergency,Business,1,Desk,Middle,95,0
P9649,F816,395.28,Emergency,Economy,0,Desk,Aisle,12,0
P9650,F182,207.6,Emergency,Premium Economy,1,Desk,Window,93,0
P9651,F822,279.99,Leisure,Premium Economy,2,Mobile App,Aisle,63,0
P9652,F363,372.04,Leisure,First,1,Mobile App,Aisle,69,0
P9653,F649,343.4,Leisure,Economy,2,Mobile App,Window,108,0
P9654,F1401,390.1,Business,Premium Economy,0,Online,Window,45,0
P9655,F583,230.75,Leisure,Economy,1,Mobile App,Middle,15,0
P9656,F104,272.18,Leisure,Economy,1,Airport Kiosk,Window,24,0
P9657,F1441,431.03,Business,Business,0,Desk,Aisle,84,0
P9658,F1594,380.09,Business,Economy,2,Mobile App,Aisle,100,1
P9659,F1323,351.75,Family,Economy,1,Online,Middle,71,0
P9660,F1106,225.11,Emergency,Business,0,Online,Middle,89,0
P9661,F245,198.49,Leisure,Economy,0,Online,Middle,96,0
P9662,F450,391.7,Leisure,Economy,2,Airport Kiosk,Aisle,11,0
P9663,F1909,381.81,Family,Business,0,Airport Kiosk,Window,74,0
P9664,F1325,327.62,Family,Economy,1,Airport Kiosk,Middle,102,0
P9665,F955,510.04,Leisure,First,1,Online,Middle,55,0
P9666,F910,423.36,Leisure,Economy,1,Airport Kiosk,Window,30,0
P9667,F1879,184.69,Leisure,Premium Economy,1,Online,Window,75,0
P9668,F1192,210.7,Business,Economy,1,Desk,Window,25,0
P9669,F1577,299.92,Business,Economy,1,Online,Aisle,119,1
P9670,F1708,362.91,Business,Business,1,Desk,Middle,12,0
P9671,F1763,575.02,Leisure,Premium Economy,1,Airport Kiosk,Middle,22,0
P9672,F131,378.27,Business,Economy,2,Desk,Aisle,108,0
P9673,F1022,482.8,Emergency,Economy,1,Online,Aisle,62,0
P9674,F1708,222.23,Family,Business,0,Airport Kiosk,Aisle,66,0
P9675,F130,266.38,Emergency,Economy,0,Online,Middle,58,0
P9676,F1590,375.8,Business,Economy,0,Mobile App,Aisle,18,0
P9677,F219,379.16,Family,Premium Economy,0,Airport Kiosk,Middle,87,0
P9678,F1455,415.04,Family,Economy,0,Airport Kiosk,Window,83,1
P9679,F665,221.84,Emergency,Business,0,Desk,Middle,20,0
P9680,F1644,444.54,Family,Business,1,Airport Kiosk,Window,63,0
P9681,F1194,357.77,Emergency,Economy,0,Online,Middle,72,0
P9682,F1721,286.55,Leisure,Premium Economy,1,Mobile App,Middle,62,0
P9683,F607,217.41,Leisure,Business,1,Online,Aisle,107,0
P9684,F1665,453.39,Emergency,Economy,0,Mobile App,Window,50,0
P9685,F1897,356.39,Emergency,Economy,1,Mobile App,Middle,18,0
P9686,F308,663.71,Leisure,Economy,0,Airport Kiosk,Aisle,17,1
P9687,F1791,242.83,Leisure,Economy,1,Online,Aisle,34,0
P9688,F1427,309.5,Emergency,Premium Economy,1,Online,Middle,29,0
P9689,F183,167.74,Leisure,First,0,Desk,Aisle,32,0
P9690,F1497,412.85,Leisure,Business,0,Mobile App,Aisle,36,0
P9691,F1580,420.94,Business,Economy,2,Desk,Window,9,0
P9692,F179,489.55,Family,Premium Economy,2,Airport Kiosk,Aisle,110,0
P9693,F1966,302.05,Family,Economy,1,Online,Middle,88,0
P9694,F1809,491.3,Leisure,Premium Economy,1,Airport Kiosk,Aisle,19,1
P9695,F22,264.13,Leisure,Economy,0,Mobile App,Middle,44,0
P9696,F1805,307.35,Leisure,Business,1,Mobile App,Aisle,97,0
P9697,F1949,486.59,Family,Economy,0,Desk,Aisle,106,0
P9698,F1539,611.98,Leisure,Economy,4,Mobile App,Middle,92,0
P9699,F593,313.44,Emergency,Premium Economy,0,Mobile App,Middle,84,0
P9700,F1567,304.63,Business,Economy,1,Airport Kiosk,Window,103,1
P9701,F980,422.47,Emergency,Economy,0,Online,Window,8,0
P9702,F585,429.76,Business,Economy,3,Desk,Window,105,0
P9703,F1106,423.71,Business,Economy,1,Mobile App,Middle,86,0
P9704,F814,398.15,Emergency,Economy,1,Online,Window,75,0
P9705,F607,322.23,Emergency,Economy,1,Online,Window,25,0
P9706,F1158,444.71,Leisure,Premium Economy,0,Desk,Aisle,103,0
P9707,F1776,414.01,Leisure,Premium Economy,0,Online,Window,13,0
P9708,F1095,534.04,Business,Economy,1,Airport Kiosk,Aisle,13,0
P9709,F949,413.48,Emergency,Economy,3,Mobile App,Aisle,64,0
P9710,F40,337.53,Family,Economy,1,Desk,Window,66,0
P9711,F1994,387.59,Business,Economy,0,Desk,Window,14,0
P9712,F1626,356.12,Business,Economy,1,Online,Middle,52,0
P9713,F79,377.38,Business,Economy,1,Mobile App,Aisle,58,0
P9714,F1694,348.21,Business,Economy,0,Desk,Aisle,94,0
P9715,F1919,429.38,Leisure,Economy,1,Airport Kiosk,Window,67,0
P9716,F1355,195.15,Family,Economy,1,Airport Kiosk,Window,38,0
P9717,F367,402.79,Family,Economy,0,Desk,Aisle,28,0
P9718,F288,166.77,Family,Economy,2,Airport Kiosk,Aisle,30,0
P9719,F1411,216.39,Emergency,Premium Economy,0,Mobile App,Aisle,49,0
P9720,F630,295.42,Family,Economy,2,Desk,Aisle,95,0
P9721,F1672,489.8,Family,Economy,3,Desk,Window,52,0
P9722,F1145,376.05,Leisure,Economy,1,Mobile App,Aisle,63,0
P9723,F1575,300.87,Business,Premium Economy,2,Desk,Middle,17,0
P9724,F428,436.31,Leisure,Premium Economy,0,Online,Window,33,0
P9725,F1,499.54,Leisure,Premium Economy,0,Desk,Window,7,0
P9726,F1760,383.01,Business,Economy,1,Online,Middle,28,1
P9727,F357,372.53,Leisure,Premium Economy,1,Airport Kiosk,Aisle,29,0
P9728,F251,351.18,Family,Economy,0,Desk,Middle,96,0
P9729,F1712,168.56,Business,Economy,3,Desk,Middle,59,0
P9730,F1550,442.89,Business,Economy,1,Online,Aisle,26,0
P9731,F1700,372.43,Business,Economy,0,Mobile App,Window,34,0
P9732,F1186,163.53,Leisure,Premium Economy,0,Airport Kiosk,Aisle,26,0
P9733,F163,400.19,Business,Economy,2,Desk,Window,35,0
P9734,F137,95.38,Leisure,Premium Economy,1,Mobile App,Aisle,33,0
P9735,F741,453.13,Emergency,Economy,0,Mobile App,Middle,55,0
P9736,F1440,502.77,Family,Economy,1,Airport Kiosk,Window,115,0
P9737,F866,376.89,Emergency,Economy,0,Online,Middle,24,0
P9738,F663,182.99,Leisure,Economy,1,Online,Aisle,36,1
P9739,F1589,406.75,Leisure,Economy,0,Online,Window,79,0
P9740,F1681,332.09,Family,Economy,0,Online,Window,26,0
P9741,F317,448.59,Business,Economy,0,Airport Kiosk,Window,106,0
P9742,F664,280.07,Business,Economy,0,Desk,Middle,30,0
P9743,F1958,517.01,Emergency,Premium Economy,1,Airport Kiosk,Aisle,110,0
P9744,F433,454.74,Family,Economy,1,Airport Kiosk,Aisle,23,0
P9745,F437,66.48,Family,Business,1,Desk,Window,52,0
P9746,F455,392.67,Leisure,Business,0,Desk,Aisle,99,0
P9747,F575,381.92,Business,Economy,3,Online,Middle,51,0
P9748,F1523,442.85,Family,Economy,1,Online,Aisle,2,0
P9749,F1933,431.72,Family,Premium Economy,1,Desk,Middle,111,0
P9750,F1588,335.65,Emergency,Premium Economy,2,Desk,Window,68,0
P9751,F468,405.46,Leisure,Premium Economy,1,Airport Kiosk,Window,37,0
P9752,F1677,334.37,Emergency,First,0,Airport Kiosk,Aisle,100,0
P9753,F858,465.02,Emergency,Economy,1,Airport Kiosk,Middle,112,0
P9754,F1811,289.57,Emergency,Economy,3,Mobile App,Window,81,0
P9755,F170,390.89,Business,Business,1,Mobile App,Window,42,0
P9756,F1989,384.0,Family,Premium Economy,0,Mobile App,Aisle,63,0
P9757,F1726,414.16,Emergency,Economy,0,Desk,Middle,16,0
P9758,F110,430.53,Business,Economy,1,Airport Kiosk,Aisle,39,0
P9759,F1148,309.45,Emergency,First,1,Airport Kiosk,Middle,35,0
P9760,F337,444.77,Family,Economy,1,Mobile App,Aisle,19,0
P9761,F786,116.63,Business,Economy,4,Desk,Middle,118,0
P9762,F1786,355.01,Leisure,Economy,1,Mobile App,Aisle,10,0
P9763,F99,233.96,Emergency,Economy,1,Online,Window,94,0
P9764,F87,296.36,Emergency,Premium Economy,1,Mobile App,Middle,110,0
P9765,F1427,384.66,Business,Economy,1,Online,Middle,73,0
P9766,F1953,489.82,Family,Business,1,Desk,Aisle,66,0
P9767,F821,106.14,Emergency,Economy,0,Airport Kiosk,Window,74,0
P9768,F1230,350.73,Business,Economy,0,Mobile App,Middle,69,0
P9769,F1418,427.61,Business,Economy,1,Desk,Window,61,0
P9770,F652,306.66,Leisure,Economy,0,Mobile App,Middle,94,0
P9771,F297,388.45,Business,Business,1,Mobile App,Middle,51,0
P9772,F1,376.54,Business,Economy,2,Online,Window,109,0
P9773,F1968,491.33,Business,Business,1,Online,Aisle,111,0
P9774,F857,294.31,Family,Economy,0,Airport Kiosk,Aisle,52,0
P9775,F1837,334.92,Emergency,Economy,1,Airport Kiosk,Middle,52,0
P9776,F703,144.31,Emergency,Economy,1,Desk,Aisle,109,0
P9777,F1065,453.65,Family,Economy,1,Online,Window,66,0
P9778,F1545,403.57,Business,Economy,0,Desk,Middle,42,1
P9779,F1625,481.16,Family,Economy,0,Airport Kiosk,Aisle,105,1
P9780,F240,170.03,Emergency,Premium Economy,1,Airport Kiosk,Window,66,0
P9781,F983,431.85,Business,Economy,2,Desk,Aisle,61,0
P9782,F1484,451.96,Family,Premium Economy,0,Mobile App,Middle,12,0
P9783,F992,381.6,Family,Business,2,Desk,Middle,2,0
P9784,F887,327.92,Business,Business,0,Mobile App,Middle,68,1
P9785,F1537,308.05,Family,Economy,1,Desk,Window,57,0
P9786,F993,267.3,Emergency,Premium Economy,3,Desk,Window,7,0
P9787,F1350,247.63,Emergency,Economy,0,Airport Kiosk,Window,115,0
P9788,F1812,214.17,Leisure,Economy,2,Mobile App,Middle,63,0
P9789,F1588,326.25,Business,Economy,2,Online,Middle,18,0
P9790,F208,423.72,Emergency,Economy,0,Online,Window,51,0
P9791,F1264,303.98,Family,Economy,1,Online,Middle,79,0
P9792,F1492,349.35,Emergency,Economy,2,Mobile App,Aisle,6,0
P9793,F1103,424.21,Business,Economy,1,Airport Kiosk,Window,18,0
P9794,F1314,321.27,Business,Business,0,Online,Window,10,0
P9795,F182,379.2,Emergency,Premium Economy,0,Mobile App,Middle,89,0
P9796,F907,344.02,Emergency,Economy,1,Mobile App,Aisle,118,0
P9797,F1978,178.51,Business,Premium Economy,3,Online,Aisle,77,0
P9798,F660,320.2,Family,Economy,1,Mobile App,Aisle,1,0
P9799,F728,335.41,Emergency,Premium Economy,0,Online,Window,50,0
P9800,F141,339.7,Leisure,Economy,1,Airport Kiosk,Aisle,30,0
P9801,F1397,248.78,Business,Economy,1,Online,Middle,97,0
P9802,F1598,389.63,Family,Business,0,Online,Aisle,62,0
P9803,F1907,294.37,Family,Business,1,Desk,Window,105,0
P9804,F877,199.02,Emergency,Premium Economy,1,Mobile App,Window,49,0
P9805,F1738,306.04,Emergency,Premium Economy,2,Online,Middle,47,0
P9806,F129,409.05,Emergency,Economy,1,Airport Kiosk,Window,106,0
P9807,F1425,349.99,Business,First,0,Airport Kiosk,Window,55,0
P9808,F1209,322.98,Family,Economy,4,Mobile App,Middle,104,0
P9809,F484,417.72,Family,Economy,2,Desk,Middle,81,0
P9810,F880,352.71,Emergency,Premium Economy,2,Airport Kiosk,Window,39,0
P9811,F365,309.98,Business,Economy,1,Desk,Aisle,15,0
P9812,F401,338.61,Business,Economy,0,Mobile App,Window,107,0
P9813,F576,106.04,Business,Economy,2,Mobile App,Middle,5,0
P9814,F946,312.42,Leisure,Economy,2,Airport Kiosk,Middle,7,0
P9815,F1986,344.72,Business,Premium Economy,0,Desk,Window,36,0
P9816,F276,406.01,Business,Economy,0,Online,Window,54,0
P9817,F1001,276.7,Leisure,Premium Economy,0,Online,Middle,47,0
P9818,F1583,385.21,Family,Premium Economy,2,Airport Kiosk,Middle,1,0
P9819,F1560,180.61,Leisure,Premium Economy,1,Airport Kiosk,Aisle,11,0
P9820,F327,410.29,Leisure,Premium Economy,2,Airport Kiosk,Middle,75,0
P9821,F27,322.11,Family,Economy,1,Desk,Window,110,0
P9822,F591,491.42,Family,Economy,2,Airport Kiosk,Aisle,19,0
P9823,F417,367.31,Business,Premium Economy,3,Online,Middle,8,0
P9824,F1988,457.29,Leisure,Premium Economy,0,Airport Kiosk,Window,68,0
P9825,F837,421.71,Emergency,Economy,2,Online,Window,14,0
P9826,F1333,504.66,Business,Economy,0,Airport Kiosk,Middle,73,0
P9827,F1880,251.27,Leisure,Economy,1,Online,Middle,107,0
P9828,F1018,293.0,Emergency,Economy,2,Mobile App,Middle,60,0
P9829,F1943,373.17,Business,Business,1,Online,Aisle,41,0
P9830,F1982,466.48,Family,Business,1,Online,Window,57,0
P9831,F951,221.24,Family,Economy,0,Airport Kiosk,Window,100,0
P9832,F1321,351.02,Business,First,1,Mobile App,Aisle,73,0
P9833,F857,552.33,Business,Premium Economy,0,Desk,Middle,82,0
P9834,F1621,262.61,Family,Business,3,Online,Aisle,87,0
P9835,F927,269.76,Leisure,Economy,1,Airport Kiosk,Middle,94,0
P9836,F861,356.75,Business,Premium Economy,1,Online,Window,86,0
P9837,F808,327.85,Family,Business,0,Airport Kiosk,Aisle,88,0
P9838,F1695,330.03,Business,Business,1,Airport Kiosk,Aisle,83,0
P9839,F1869,387.74,Emergency,Economy,4,Mobile App,Aisle,37,0
P9840,F1710,269.6,Leisure,Economy,1,Mobile App,Aisle,113,0
P9841,F129,347.84,Leisure,Economy,1,Desk,Middle,77,0
P9842,F980,331.12,Leisure,Economy,0,Mobile App,Middle,111,0
P9843,F1576,531.9,Family,Economy,0,Desk,Window,58,0
P9844,F506,255.57,Leisure,Economy,0,Online,Middle,116,0
P9845,F320,327.54,Business,Economy,0,Online,Aisle,65,0
P9846,F1702,190.63,Business,Economy,0,Online,Middle,47,0
P9847,F1411,502.4,Business,Economy,0,Online,Aisle,110,0
P9848,F1947,397.01,Family,Premium Economy,0,Desk,Middle,45,0
P9849,F660,327.21,Business,Premium Economy,1,Online,Window,55,0
P9850,F293,147.06,Family,Economy,1,Mobile App,Aisle,7,0
P9851,F918,145.03,Family,Economy,1,Desk,Aisle,14,0
P9852,F80,238.87,Family,Premium Economy,1,Online,Window,73,0
P9853,F837,286.29,Emergency,Business,0,Desk,Aisle,80,0
P9854,F1969,343.41,Emergency,Economy,1,Online,Aisle,70,0
P9855,F1749,315.28,Family,Premium Economy,1,Online,Aisle,15,0
P9856,F1829,261.44,Family,Premium Economy,0,Desk,Middle,112,0
P9857,F111,406.79,Family,First,0,Airport Kiosk,Window,87,0
P9858,F1791,275.9,Emergency,Premium Economy,2,Desk,Aisle,1,0
P9859,F755,215.61,Family,Business,1,Desk,Window,0,0
P9860,F1490,284.92,Family,Economy,0,Online,Window,119,0
P9861,F780,431.12,Leisure,Premium Economy,1,Online,Window,4,0
P9862,F525,311.53,Emergency,Economy,3,Desk,Middle,107,0
P9863,F993,408.16,Leisure,Economy,1,Desk,Aisle,100,1
P9864,F535,353.43,Emergency,Economy,1,Online,Window,104,0
P9865,F1307,414.75,Leisure,Premium Economy,0,Airport Kiosk,Aisle,23,0
P9866,F1452,209.78,Emergency,Economy,0,Airport Kiosk,Window,107,0
P9867,F389,289.17,Business,Economy,1,Online,Aisle,100,0
P9868,F1395,244.14,Family,Premium Economy,0,Mobile App,Middle,113,0
P9869,F832,299.35,Business,Economy,2,Online,Middle,94,0
P9870,F1552,270.71,Family,Economy,0,Desk,Middle,2,0
P9871,F1506,329.46,Emergency,Economy,1,Mobile App,Window,98,0
P9872,F578,116.98,Family,Economy,0,Mobile App,Window,50,0
P9873,F177,287.42,Family,Business,2,Online,Window,12,0
P9874,F238,395.0,Family,Premium Economy,2,Online,Middle,31,0
P9875,F1335,170.96,Leisure,Premium Economy,1,Mobile App,Aisle,115,0
P9876,F1907,490.21,Business,Economy,0,Mobile App,Window,76,0
P9877,F1333,202.47,Leisure,Economy,1,Online,Middle,8,0
P9878,F1576,352.03,Leisure,Business,1,Online,Aisle,78,0
P9879,F1975,227.03,Family,Business,1,Airport Kiosk,Middle,72,0
P9880,F781,339.59,Emergency,Economy,2,Desk,Window,66,0
P9881,F522,351.39,Leisure,Economy,3,Desk,Aisle,114,0
P9882,F1819,104.94,Emergency,Premium Economy,0,Desk,Aisle,100,0
P9883,F446,345.2,Family,Economy,0,Mobile App,Aisle,64,0
P9884,F1882,397.64,Business,Business,1,Desk,Middle,27,0
P9885,F1225,449.61,Emergency,Economy,4,Online,Window,78,0
P9886,F1302,357.05,Business,Business,1,Airport Kiosk,Aisle,44,0
P9887,F299,389.56,Business,Business,0,Mobile App,Aisle,77,0
P9888,F531,414.16,Emergency,Business,2,Airport Kiosk,Middle,75,0
P9889,F257,398.89,Leisure,Economy,1,Airport Kiosk,Aisle,88,0
P9890,F1819,435.67,Business,Economy,0,Airport Kiosk,Aisle,8,0
P9891,F1904,390.02,Emergency,First,1,Mobile App,Window,39,0
P9892,F1658,351.97,Emergency,Economy,2,Online,Middle,100,0
P9893,F823,329.18,Emergency,Economy,2,Airport Kiosk,Aisle,76,0
P9894,F638,267.77,Leisure,Economy,2,Online,Window,55,0
P9895,F1999,433.07,Family,Economy,0,Airport Kiosk,Aisle,69,0
P9896,F1876,383.75,Business,Business,0,Online,Middle,90,1
P9897,F167,325.27,Business,Economy,0,Mobile App,Middle,98,0
P9898,F1817,274.18,Business,Premium Economy,0,Mobile App,Middle,74,0
P9899,F1560,392.51,Leisure,Economy,2,Airport Kiosk,Middle,15,0
P9900,F1307,394.7,Emergency,Economy,0,Online,Window,32,0
P9901,F599,342.4,Leisure,Economy,1,Online,Window,86,0
P9902,F352,296.69,Business,First,0,Desk,Middle,1,0
P9903,F1724,479.02,Family,Business,0,Desk,Aisle,2,0
P9904,F1982,377.43,Business,Economy,0,Online,Window,113,0
P9905,F1844,455.38,Emergency,First,0,Desk,Aisle,117,0
P9906,F11,295.98,Business,Premium Economy,0,Airport Kiosk,Aisle,104,0
P9907,F1399,300.62,Leisure,Economy,0,Airport Kiosk,Middle,88,0
P9908,F1025,481.68,Leisure,Economy,0,Mobile App,Middle,114,0
P9909,F400,412.13,Business,Economy,1,Airport Kiosk,Window,119,0
P9910,F543,240.89,Emergency,Economy,2,Mobile App,Aisle,115,0
P9911,F1476,233.88,Business,Premium Economy,2,Mobile App,Aisle,111,1
P9912,F1477,543.94,Family,Economy,1,Airport Kiosk,Middle,62,0
P9913,F781,357.3,Family,Business,0,Desk,Window,96,0
P9914,F1530,174.68,Business,Business,0,Mobile App,Middle,20,0
P9915,F1263,447.49,Emergency,Premium Economy,1,Airport Kiosk,Middle,43,0
P9916,F142,516.58,Leisure,Economy,1,Desk,Middle,31,0
P9917,F1601,419.81,Business,Business,2,Online,Middle,76,0
P9918,F1133,441.5,Business,Economy,2,Mobile App,Middle,26,0
P9919,F1125,358.52,Leisure,Economy,0,Desk,Window,61,0
P9920,F597,301.2,Business,First,2,Online,Middle,27,0
P9921,F385,359.32,Leisure,Premium Economy,4,Airport Kiosk,Middle,49,0
P9922,F37,431.78,Leisure,Economy,0,Mobile App,Middle,7,0
P9923,F572,442.78,Family,Economy,0,Online,Window,106,0
P9924,F1981,415.55,Family,Economy,1,Desk,Window,30,0
P9925,F1799,296.47,Business,Business,0,Airport Kiosk,Middle,8,0
P9926,F1380,499.6,Business,Premium Economy,2,Desk,Aisle,3,0
P9927,F1270,329.41,Leisure,Economy,0,Mobile App,Window,87,0
P9928,F950,506.67,Emergency,Business,3,Airport Kiosk,Window,34,0
P9929,F1988,625.96,Family,Premium Economy,1,Online,Window,43,0
P9930,F708,287.68,Leisure,Economy,0,Airport Kiosk,Aisle,117,0
P9931,F1064,304.92,Leisure,Economy,0,Mobile App,Middle,19,0
P9932,F1516,280.77,Business,Premium Economy,2,Desk,Window,29,0
P9933,F51,281.06,Emergency,Economy,1,Mobile App,Window,103,0
P9934,F175,334.82,Family,Economy,1,Mobile App,Aisle,118,0
P9935,F361,381.65,Business,Economy,0,Mobile App,Window,73,0
P9936,F1237,546.01,Emergency,Premium Economy,2,Online,Middle,107,1
P9937,F1038,353.67,Leisure,Premium Economy,0,Online,Middle,64,0
P9938,F666,198.95,Leisure,Economy,1,Airport Kiosk,Aisle,94,0
P9939,F1167,507.76,Business,Economy,2,Online,Aisle,118,0
P9940,F207,385.2,Emergency,Economy,0,Mobile App,Middle,113,0
P9941,F1091,377.58,Leisure,Business,2,Online,Window,91,0
P9942,F204,424.06,Emergency,Economy,2,Airport Kiosk,Aisle,87,1
P9943,F675,446.5,Emergency,Economy,1,Online,Window,100,0
P9944,F987,383.7,Leisure,Economy,0,Desk,Window,10,0
P9945,F379,196.3,Business,Economy,2,Desk,Aisle,111,0
P9946,F1094,521.85,Emergency,Economy,2,Mobile App,Window,27,0
P9947,F1042,412.46,Family,Premium Economy,2,Airport Kiosk,Window,9,0
P9948,F113,407.42,Business,Economy,2,Online,Window,43,0
P9949,F343,365.49,Family,First,0,Desk,Aisle,4,1
P9950,F726,186.61,Business,Economy,0,Online,Aisle,41,0
P9951,F163,349.41,Business,Economy,2,Airport Kiosk,Middle,1,0
P9952,F1624,337.73,Business,Premium Economy,2,Desk,Aisle,114,0
P9953,F1511,387.52,Business,Economy,2,Mobile App,Window,103,0
P9954,F1525,375.78,Emergency,Business,1,Mobile App,Window,56,0
P9955,F145,388.26,Business,Business,1,Desk,Middle,36,0
P9956,F1669,392.98,Emergency,Premium Economy,1,Mobile App,Aisle,49,0
P9957,F260,313.21,Family,Economy,0,Mobile App,Middle,7,0
P9958,F543,268.72,Business,Premium Economy,0,Online,Window,5,0
P9959,F872,293.44,Business,Economy,0,Mobile App,Window,87,0
P9960,F466,415.86,Business,Economy,0,Airport Kiosk,Window,64,0
P9961,F1392,332.44,Business,Economy,2,Online,Aisle,117,0
P9962,F707,164.07,Business,First,3,Desk,Window,33,0
P9963,F1128,299.21,Family,Economy,1,Airport Kiosk,Window,20,0
P9964,F212,469.46,Emergency,Economy,1,Desk,Window,75,0
P9965,F211,394.08,Business,Economy,1,Airport Kiosk,Aisle,45,0
P9966,F1095,343.09,Emergency,Economy,1,Airport Kiosk,Aisle,48,0
P9967,F191,528.92,Business,Economy,1,Online,Aisle,94,0
P9968,F120,246.19,Business,Premium Economy,0,Airport Kiosk,Aisle,23,0
P9969,F1640,418.99,Family,First,1,Airport Kiosk,Middle,80,0
P9970,F917,467.4,Leisure,Economy,1,Airport Kiosk,Middle,68,0
P9971,F450,286.02,Emergency,Economy,0,Airport Kiosk,Window,44,0
P9972,F558,492.03,Business,Premium Economy,0,Desk,Aisle,41,0
P9973,F370,460.01,Business,Business,1,Desk,Aisle,26,0
P9974,F132,240.35,Family,Business,1,Airport Kiosk,Window,67,0
P9975,F962,324.62,Family,Economy,0,Online,Middle,2,0
P9976,F1379,178.65,Family,Economy,0,Desk,Middle,47,0
P9977,F233,436.45,Emergency,Business,1,Airport Kiosk,Middle,72,1
P9978,F882,176.56,Family,Economy,0,Mobile App,Aisle,63,0
P9979,F1371,420.42,Business,Economy,0,Airport Kiosk,Aisle,52,0
P9980,F520,242.03,Emergency,Economy,0,Mobile App,Aisle,8,0
P9981,F334,259.12,Emergency,Economy,0,Online,Window,79,0
P9982,F1221,208.5,Emergency,Premium Economy,1,Mobile App,Middle,15,0
P9983,F1606,213.85,Business,Economy,2,Online,Window,67,0
P9984,F1051,342.41,Business,Economy,2,Online,Aisle,46,0
P9985,F1157,377.14,Emergency,Economy,0,Airport Kiosk,Window,45,0
P9986,F1514,237.57,Business,Premium Economy,4,Online,Middle,118,0
P9987,F1335,424.12,Leisure,Economy,0,Airport Kiosk,Middle,108,0
P9988,F1532,172.75,Leisure,Economy,0,Desk,Window,20,0
P9989,F53,217.45,Business,Premium Economy,2,Airport Kiosk,Aisle,59,1
P9990,F817,260.09,Business,Economy,1,Airport Kiosk,Middle,44,0
P9991,F7,431.89,Business,Business,0,Online,Middle,75,0
P9992,F1619,516.66,Family,Economy,1,Online,Aisle,10,0
P9993,F529,447.37,Business,Economy,1,Airport Kiosk,Aisle,31,0
P9994,F1474,263.7,Emergency,Economy,1,Mobile App,Middle,78,0
P9995,F921,636.61,Emergency,Business,2,Mobile App,Aisle,113,0
P9996,F203,476.6,Leisure,Economy,1,Desk,Aisle,10,1
P9997,F601,453.56,Leisure,Economy,3,Airport Kiosk,Window,13,0
P9998,F1704,387.88,Emergency,Economy,3,Desk,Aisle,93,0
P9999,F842,383.01,Leisure,Economy,0,Online,Aisle,79,0
P10000,F1213,241.0,Family,Economy,0,Desk,Middle,51,0
