Passenger_ID,Age,Gender,Income_Level,Frequent_Flyer_Status
P1,47,Male,Medium,Platinum
P2,30,Female,Low,Gold
P3,46,Male,Low,Silver
P4,75,Female,Medium,Platinum
P5,23,Male,High,Silver
P6,28,Female,Low,
P7,69,Female,Low,Silver
P8,59,Male,Medium,
P9,50,Female,Medium,Gold
P10,60,Female,Medium,Platinum
P11,77,Male,Medium,
P12,39,Male,Medium,Gold
P13,28,Female,Medium,
P14,38,Female,Low,Silver
P15,20,Male,Low,Gold
P16,73,Male,Low,
P17,19,Female,Medium,
P18,18,Female,Low,
P19,64,Male,Medium,Gold
P20,20,Male,Medium,Platinum
P21,22,Male,Medium,
P22,29,Male,Medium,Gold
P23,54,Male,High,
P24,60,Female,Low,Gold
P25,55,Female,Medium,
P26,34,Male,Medium,
P27,51,Male,Low,Gold
P28,75,Male,Medium,
P29,54,Male,Medium,Gold
P30,31,Female,High,
P31,45,Female,Medium,
P32,49,Male,Medium,Platinum
P33,37,Male,High,Silver
P34,76,Female,Medium,
P35,44,Male,Medium,
P36,31,Female,High,Silver
P37,70,Female,Low,Gold
P38,69,Male,High,Silver
P39,60,Female,Medium,Silver
P40,44,Male,Medium,Silver
P41,66,Female,Low,
P42,21,Male,Medium,
P43,50,Female,Medium,
P44,42,Female,Medium,Silver
P45,72,Female,High,
P46,30,Male,Low,Silver
P47,37,Male,Medium,
P48,38,Male,High,Gold
P49,25,Male,Medium,
P50,29,Male,High,
P51,39,Female,Medium,Platinum
P52,67,Female,Low,
P53,22,Male,Medium,
P54,42,Male,Medium,
P55,54,Female,Low,Platinum
P56,18,Male,Medium,
P57,41,Male,Low,Gold
P58,79,Female,Low,Gold
P59,31,Male,Medium,
P60,25,Male,Low,
P61,18,Female,High,
P62,44,Male,High,
P63,75,Male,Medium,
P64,24,Female,Low,Gold
P65,69,Female,High,
P66,76,Male,Medium,Silver
P67,56,Male,Low,
P68,54,Male,Medium,Silver
P69,53,Female,High,
P70,29,Female,Low,Gold
P71,62,Male,Medium,Platinum
P72,34,Female,High,
P73,42,Male,Low,Silver
P74,64,Female,Medium,Platinum
P75,29,Male,Low,
P76,22,Male,Low,Gold
P77,58,Male,Medium,
P78,27,Female,Medium,Silver
P79,27,Female,Medium,Silver
P80,59,Male,Low,Gold
P81,25,Female,Low,Gold
P82,51,Female,High,Platinum
P83,48,Male,Medium,Gold
P84,40,Male,Low,
P85,67,Male,High,
P86,30,Male,Low,Silver
P87,66,Male,Low,
P88,39,Male,Medium,
P89,20,Male,High,Gold
P90,57,Male,Medium,
P91,40,Female,Medium,Platinum
P92,37,Female,Low,Gold
P93,55,Female,Medium,
P94,55,Male,Low,
P95,62,Male,Low,Silver
P96,74,Male,Low,
P97,36,Female,Medium,Gold
P98,37,Male,Medium,Silver
P99,56,Male,Medium,Silver
P100,73,Female,Low,
P101,25,Male,Low,Silver
P102,73,Male,Low,Silver
P103,64,Female,High,
P104,59,Male,High,
P105,51,Female,High,Silver
P106,42,Male,Medium,Silver
P107,75,Male,High,Silver
P108,30,Male,Medium,
P109,53,Male,Medium,
P110,47,Female,Medium,Platinum
P111,74,Female,Medium,
P112,29,Female,High,Silver
P113,62,Male,Medium,Platinum
P114,29,Male,Medium,Gold
P115,63,Female,High,
P116,71,Female,Medium,Silver
P117,54,Male,Low,Gold
P118,67,Female,Medium,Silver
P119,26,Male,High,Gold
P120,51,Male,Medium,
P121,25,Male,Medium,Silver
P122,79,Male,Medium,Silver
P123,61,Male,Medium,
P124,32,Male,Low,
P125,29,Male,Medium,
P126,45,Male,Low,
P127,45,Female,Low,
P128,42,Female,Low,Platinum
P129,62,Male,High,Silver
P130,31,Female,High,
P131,29,Female,Low,Platinum
P132,43,Female,Low,Platinum
P133,19,Male,Medium,Silver
P134,77,Male,High,
P135,57,Female,Medium,
P136,60,Male,High,Silver
P137,76,Male,High,
P138,71,Male,Low,
P139,26,Male,High,
P140,51,Male,Medium,Silver
P141,68,Female,Medium,
P142,33,Female,High,
P143,37,Female,Medium,Platinum
P144,54,Male,Medium,
P145,74,Female,Low,
P146,60,Female,Low,Silver
P147,36,Female,Medium,
P148,24,Female,High,Gold
P149,72,Female,Medium,Gold
P150,41,Male,Low,Silver
P151,31,Male,High,Gold
P152,43,Male,Medium,
P153,33,Female,Medium,
P154,20,Female,Low,
P155,79,Female,Low,
P156,20,Female,High,Silver
P157,77,Female,Medium,Gold
P158,57,Male,Medium,
P159,34,Male,Low,Gold
P160,51,Female,Medium,Platinum
P161,55,Female,Medium,Silver
P162,21,Male,Low,Platinum
P163,40,Male,Medium,
P164,75,Male,Medium,
P165,52,Male,Low,Silver
P166,26,Male,Low,
P167,23,Male,Medium,
P168,59,Female,Medium,
P169,72,Male,Medium,Gold
P170,38,Male,Medium,
P171,30,Female,Low,Gold
P172,59,Male,Medium,Gold
P173,35,Female,Medium,
P174,67,Male,Medium,
P175,78,Male,Medium,
P176,78,Male,High,Gold
P177,74,Female,Medium,Silver
P178,42,Male,High,Silver
P179,76,Female,Low,
P180,46,Female,Medium,
P181,63,Male,Low,Silver
P182,47,Male,Medium,Silver
P183,37,Male,Low,Gold
P184,60,Female,Low,
P185,51,Male,High,Silver
P186,33,Male,Medium,
P187,79,Male,Medium,Platinum
P188,33,Male,High,
P189,72,Female,Medium,
P190,33,Female,Medium,
P191,34,Male,Low,Silver
P192,79,Male,Medium,Gold
P193,56,Male,Low,Platinum
P194,76,Male,Medium,
P195,79,Female,Low,
P196,45,Female,High,
P197,74,Male,Medium,Platinum
P198,48,Male,High,
P199,79,Female,Medium,Silver
P200,19,Male,Medium,
P201,75,Male,High,Silver
P202,43,Male,High,Gold
P203,38,Male,High,Platinum
P204,60,Male,Low,
P205,65,Female,High,Silver
P206,35,Female,Medium,
P207,49,Female,Medium,
P208,69,Female,Low,
P209,64,Female,Medium,
P210,34,Male,Low,Silver
P211,33,Male,Medium,
P212,73,Male,Low,
P213,24,Female,High,Platinum
P214,22,Female,Medium,Silver
P215,45,Male,Medium,Platinum
P216,24,Female,Medium,
P217,43,Female,Low,
P218,60,Female,Medium,
P219,33,Male,Low,
P220,19,Male,Medium,
P221,54,Male,Medium,
P222,25,Female,Low,
P223,43,Female,Low,Silver
P224,41,Female,High,Silver
P225,52,Male,Medium,
P226,74,Male,Low,
P227,52,Female,Low,
P228,63,Female,Medium,Gold
P229,53,Male,Medium,Platinum
P230,35,Male,Medium,
P231,19,Male,Medium,
P232,56,Female,Medium,
P233,21,Female,High,Silver
P234,40,Female,Medium,Gold
P235,60,Male,Medium,Silver
P236,45,Female,Medium,
P237,24,Male,Medium,Platinum
P238,65,Female,Medium,Silver
P239,50,Female,High,
P240,41,Female,Medium,
P241,55,Male,Medium,
P242,74,Female,Low,Silver
P243,25,Female,Medium,
P244,56,Male,High,
P245,18,Female,Low,Gold
P246,30,Female,Medium,Gold
P247,35,Male,Medium,
P248,64,Male,Low,
P249,19,Female,Medium,
P250,73,Male,High,Gold
P251,32,Male,Medium,
P252,50,Male,Low,Silver
P253,21,Female,Low,
P254,74,Female,Medium,
P255,75,Female,Low,Gold
P256,46,Male,Medium,
P257,63,Male,Medium,
P258,67,Female,Medium,Silver
P259,71,Male,Low,Silver
P260,22,Female,Medium,Gold
P261,57,Female,High,Silver
P262,38,Male,Medium,Silver
P263,79,Male,High,Silver
P264,20,Female,Medium,Gold
P265,38,Female,Medium,Silver
P266,65,Male,Low,
P267,59,Female,High,
P268,42,Female,Medium,Silver
P269,42,Female,High,Gold
P270,21,Male,Medium,
P271,47,Male,Medium,Silver
P272,41,Female,High,Gold
P273,73,Female,Low,
P274,51,Male,Medium,
P275,76,Female,High,Platinum
P276,68,Female,Medium,Platinum
P277,29,Female,Low,Gold
P278,20,Female,Medium,Silver
P279,30,Female,High,
P280,30,Male,High,Silver
P281,61,Male,Low,Platinum
P282,32,Male,High,
P283,27,Female,High,
P284,47,Female,Medium,
P285,19,Female,Low,Silver
P286,31,Female,Medium,Gold
P287,52,Female,Medium,
P288,52,Female,Low,
P289,68,Male,Low,Silver
P290,47,Female,Low,Silver
P291,74,Female,Medium,
P292,41,Male,Medium,Silver
P293,71,Female,Medium,
P294,29,Female,Medium,Silver
P295,48,Male,Low,Platinum
P296,36,Female,Medium,
P297,58,Male,Medium,
P298,22,Male,Medium,
P299,48,Male,High,
P300,78,Female,Low,
P301,55,Male,Medium,Gold
P302,33,Male,Medium,
P303,43,Male,Medium,
P304,51,Male,Low,Silver
P305,60,Male,High,
P306,58,Female,Medium,Gold
P307,54,Male,Low,
P308,40,Female,Medium,Silver
P309,30,Female,Medium,
P310,30,Male,Medium,
P311,69,Female,Low,Silver
P312,38,Male,High,
P313,44,Male,Low,Silver
P314,79,Female,Low,Platinum
P315,38,Female,Low,Gold
P316,62,Female,High,
P317,31,Male,Medium,Platinum
P318,79,Female,Medium,Silver
P319,24,Male,Medium,
P320,59,Male,Medium,Gold
P321,67,Male,Low,Platinum
P322,22,Female,Medium,
P323,70,Female,Low,Gold
P324,26,Female,Low,Gold
P325,36,Female,High,
P326,70,Female,Medium,Silver
P327,70,Female,Low,
P328,67,Female,High,
P329,37,Male,Low,Platinum
P330,30,Female,High,
P331,26,Female,Medium,Gold
P332,27,Male,Medium,Gold
P333,61,Female,Low,
P334,46,Male,Medium,
P335,58,Male,Medium,Silver
P336,39,Male,High,
P337,74,Male,High,
P338,46,Female,Low,Silver
P339,40,Female,Medium,Silver
P340,68,Male,Low,Silver
P341,48,Male,Medium,Silver
P342,25,Male,Medium,
P343,49,Male,High,Silver
P344,54,Female,Medium,Silver
P345,37,Female,Medium,
P346,76,Male,Medium,Silver
P347,35,Female,Medium,Platinum
P348,72,Female,Medium,Silver
P349,54,Female,Low,
P350,55,Female,Low,
P351,38,Male,Low,Silver
P352,21,Male,Low,
P353,54,Male,Low,Silver
P354,45,Female,Medium,Gold
P355,46,Female,Low,Platinum
P356,21,Female,High,
P357,65,Female,High,Silver
P358,75,Male,Medium,Gold
P359,67,Male,Medium,
P360,35,Male,Low,
P361,24,Female,High,
P362,38,Female,Medium,Silver
P363,74,Female,Low,Silver
P364,29,Female,Medium,
P365,18,Male,Medium,
P366,72,Male,Low,Gold
P367,41,Male,Medium,
P368,61,Male,Medium,Gold
P369,79,Male,Low,Gold
P370,76,Male,Medium,
P371,32,Male,Low,Gold
P372,61,Female,Medium,Platinum
P373,60,Female,Low,Gold
P374,53,Male,Medium,
P375,65,Female,High,
P376,72,Male,Low,
P377,59,Male,Medium,
P378,40,Male,Medium,
P379,51,Male,Medium,Silver
P380,79,Female,Low,
P381,62,Female,Low,
P382,18,Male,High,Silver
P383,54,Male,Medium,
P384,73,Male,High,
P385,20,Male,Medium,Gold
P386,40,Male,Low,Platinum
P387,76,Female,Medium,Gold
P388,24,Female,Low,
P389,73,Female,Low,
P390,44,Male,Medium,
P391,57,Female,Medium,
P392,79,Male,Medium,
P393,54,Female,Medium,Silver
P394,68,Female,Medium,Silver
P395,38,Female,Medium,
P396,75,Male,Medium,Gold
P397,34,Male,High,
P398,77,Male,High,Platinum
P399,44,Male,Medium,
P400,42,Male,High,
P401,47,Female,Medium,
P402,27,Male,Medium,
P403,38,Male,Medium,Silver
P404,42,Female,Medium,Silver
P405,60,Male,Low,
P406,56,Female,Medium,
P407,38,Female,Medium,
P408,24,Female,Low,
P409,45,Female,Low,
P410,64,Male,Low,Platinum
P411,43,Female,Medium,Silver
P412,24,Male,Low,
P413,30,Male,Low,
P414,18,Female,Low,Gold
P415,65,Male,Low,Platinum
P416,47,Male,High,
P417,62,Male,Low,Silver
P418,77,Female,High,
P419,18,Female,Low,Silver
P420,35,Male,Medium,Platinum
P421,56,Male,Medium,Silver
P422,76,Female,Low,Gold
P423,55,Male,Medium,Silver
P424,67,Male,Low,Silver
P425,56,Male,Medium,Silver
P426,70,Male,Low,
P427,72,Male,Medium,Silver
P428,23,Male,Medium,
P429,22,Male,Low,Gold
P430,25,Male,High,
P431,38,Male,Low,Gold
P432,21,Female,Low,
P433,78,Male,High,
P434,31,Male,High,Platinum
P435,51,Female,High,Silver
P436,70,Male,Medium,
P437,74,Male,Medium,Gold
P438,39,Male,Medium,Gold
P439,61,Female,Low,Gold
P440,31,Female,High,Silver
P441,53,Male,Medium,Platinum
P442,56,Female,Medium,
P443,66,Female,Medium,Silver
P444,64,Female,Medium,Silver
P445,76,Male,High,
P446,25,Female,Medium,Silver
P447,32,Female,Medium,
P448,47,Female,Low,
P449,20,Female,Medium,Gold
P450,78,Female,Low,Silver
P451,70,Female,Medium,Silver
P452,68,Male,Medium,Gold
P453,22,Female,Medium,
P454,39,Female,Medium,Platinum
P455,22,Female,Low,
P456,57,Male,Medium,
P457,72,Female,Low,
P458,75,Male,Medium,
P459,65,Male,Medium,Silver
P460,60,Female,Medium,Platinum
P461,33,Male,Medium,
P462,49,Female,High,Silver
P463,51,Female,Medium,Platinum
P464,62,Male,High,
P465,31,Female,Low,
P466,30,Female,High,
P467,38,Male,High,Silver
P468,37,Female,Medium,
P469,49,Female,High,
P470,22,Male,Medium,Silver
P471,54,Male,Medium,Gold
P472,34,Male,Medium,Gold
P473,70,Female,Medium,Gold
P474,54,Male,Medium,
P475,79,Male,Low,
P476,32,Male,Low,Platinum
P477,64,Male,Medium,
P478,60,Male,Low,
P479,34,Female,High,Platinum
P480,47,Female,Low,
P481,78,Male,Medium,Silver
P482,78,Male,Medium,Silver
P483,53,Male,Medium,Silver
P484,63,Female,Low,Silver
P485,71,Male,Low,Silver
P486,56,Female,Low,Silver
P487,23,Female,High,Silver
P488,53,Female,Medium,
P489,62,Male,Low,
P490,53,Male,High,
P491,55,Male,Low,
P492,42,Male,Medium,Gold
P493,78,Female,Medium,Platinum
P494,53,Female,High,
P495,78,Female,Medium,
P496,29,Male,Medium,
P497,26,Male,Medium,Gold
P498,50,Female,Low,Silver
P499,27,Male,Medium,
P500,62,Male,Medium,Gold
P501,38,Male,Low,Platinum
P502,28,Male,Low,Platinum
P503,34,Female,Low,
P504,51,Female,Low,Gold
P505,70,Female,Medium,
P506,67,Female,High,Silver
P507,67,Male,High,
P508,24,Male,Medium,
P509,21,Male,Medium,Silver
P510,52,Male,Medium,
P511,32,Female,Medium,
P512,43,Male,Medium,Silver
P513,39,Male,High,
P514,53,Male,Low,
P515,46,Female,Low,
P516,79,Male,High,
P517,21,Female,Medium,Platinum
P518,22,Male,Low,Platinum
P519,64,Male,Medium,
P520,48,Male,Medium,
P521,28,Male,Medium,Platinum
P522,64,Male,Low,
P523,43,Male,Low,
P524,35,Female,Low,
P525,54,Female,Medium,
P526,63,Male,Low,
P527,39,Male,High,Platinum
P528,61,Male,High,
P529,76,Female,Low,
P530,54,Male,Medium,Silver
P531,71,Male,Low,
P532,40,Female,Low,Gold
P533,72,Male,Medium,Gold
P534,59,Female,Medium,
P535,29,Female,Medium,Silver
P536,57,Male,Low,Gold
P537,44,Female,Low,Gold
P538,75,Male,High,Silver
P539,45,Male,High,
P540,35,Female,Low,Gold
P541,75,Female,High,Silver
P542,41,Female,Medium,Platinum
P543,67,Female,Medium,
P544,75,Male,Medium,Gold
P545,66,Female,Low,Gold
P546,23,Female,Medium,Silver
P547,19,Female,Medium,
P548,75,Male,Low,Gold
P549,64,Female,High,
P550,74,Female,High,Platinum
P551,24,Female,Medium,Silver
P552,58,Male,Medium,
P553,66,Male,Medium,
P554,51,Male,High,
P555,68,Female,High,
P556,56,Female,Low,
P557,45,Female,Medium,
P558,70,Male,Low,Silver
P559,25,Male,Medium,
P560,35,Female,High,
P561,50,Female,High,
P562,68,Female,High,Silver
P563,72,Female,Low,
P564,49,Male,Medium,Platinum
P565,32,Female,Medium,Silver
P566,54,Male,Medium,
P567,28,Female,Medium,Silver
P568,19,Male,Low,Gold
P569,72,Female,Medium,
P570,65,Male,Medium,
P571,42,Female,Medium,Platinum
P572,29,Female,Medium,
P573,62,Male,Medium,
P574,55,Male,Medium,Gold
P575,72,Male,Low,
P576,70,Male,Low,Gold
P577,52,Male,Medium,Silver
P578,36,Male,Medium,Silver
P579,34,Male,Medium,Gold
P580,79,Male,Medium,
P581,50,Female,High,Platinum
P582,77,Male,Low,Silver
P583,19,Male,Low,Platinum
P584,56,Female,Medium,Gold
P585,72,Female,Low,Platinum
P586,67,Male,Medium,Silver
P587,46,Female,Low,
P588,68,Male,High,Silver
P589,76,Male,Low,Gold
P590,25,Female,Low,
P591,29,Male,Medium,
P592,67,Male,High,Silver
P593,76,Female,Low,
P594,40,Male,High,Silver
P595,54,Female,Low,
P596,65,Female,Medium,
P597,29,Female,Medium,Silver
P598,67,Female,Medium,
P599,38,Male,Medium,Gold
P600,71,Female,Medium,Gold
P601,78,Female,Medium,Gold
P602,52,Male,High,Silver
P603,50,Male,High,
P604,52,Female,Medium,Silver
P605,71,Female,Low,Gold
P606,20,Male,Medium,Platinum
P607,75,Male,Medium,
P608,69,Female,Low,Silver
P609,68,Female,High,
P610,63,Female,Low,Silver
P611,50,Female,Medium,Platinum
P612,22,Male,Medium,
P613,51,Female,Low,
P614,45,Female,Low,Platinum
P615,25,Female,Medium,Gold
P616,48,Female,Medium,
P617,18,Female,Medium,Silver
P618,68,Female,Medium,Gold
P619,73,Female,Medium,Gold
P620,19,Male,Medium,Gold
P621,77,Female,High,
P622,42,Male,Low,Gold
P623,72,Male,Low,
P624,63,Female,Medium,
P625,27,Male,Low,
P626,28,Female,Medium,Platinum
P627,27,Male,Medium,
P628,75,Female,Medium,
P629,48,Male,Low,Platinum
P630,66,Male,Low,Silver
P631,58,Female,High,Silver
P632,39,Male,Low,
P633,42,Male,Medium,Silver
P634,37,Male,Medium,
P635,54,Female,Low,
P636,39,Female,Medium,Silver
P637,40,Female,Low,
P638,76,Male,Medium,
P639,43,Female,Medium,Platinum
P640,24,Male,Medium,Silver
P641,23,Female,Low,
P642,74,Male,Medium,Gold
P643,68,Male,Medium,
P644,23,Female,High,Platinum
P645,76,Male,High,
P646,77,Female,Low,Silver
P647,51,Male,Medium,Gold
P648,18,Male,Low,Silver
P649,79,Male,Medium,Platinum
P650,39,Male,Medium,Silver
P651,70,Female,Medium,
P652,55,Female,Medium,Gold
P653,77,Female,Medium,Silver
P654,66,Male,Medium,Silver
P655,21,Male,Medium,
P656,65,Male,Medium,Gold
P657,26,Female,Medium,Silver
P658,35,Male,Medium,Gold
P659,63,Male,High,Gold
P660,71,Female,Medium,
P661,59,Male,Medium,Silver
P662,64,Male,Medium,Silver
P663,73,Female,Low,Silver
P664,77,Male,Medium,
P665,63,Male,Medium,Silver
P666,55,Male,Medium,Silver
P667,36,Female,Low,
P668,65,Male,Medium,Platinum
P669,48,Female,Medium,
P670,48,Female,Medium,
P671,48,Female,Medium,Gold
P672,21,Male,High,Silver
P673,41,Male,Low,
P674,69,Male,Medium,Platinum
P675,37,Male,High,Platinum
P676,46,Male,High,
P677,23,Female,Low,
P678,46,Male,Medium,Silver
P679,49,Female,Medium,
P680,77,Female,Low,
P681,60,Female,Medium,Silver
P682,32,Male,High,
P683,33,Male,Low,
P684,22,Female,High,Silver
P685,34,Male,High,Silver
P686,20,Female,Medium,Gold
P687,33,Male,Medium,
P688,55,Female,Medium,Platinum
P689,56,Female,High,
P690,62,Female,Medium,
P691,41,Male,Medium,
P692,78,Male,Low,
P693,75,Female,Low,Silver
P694,78,Male,Medium,
P695,23,Female,Medium,
P696,40,Male,Low,Silver
P697,71,Female,Medium,Silver
P698,73,Male,Low,
P699,32,Male,Low,Silver
P700,57,Male,Low,Silver
P701,64,Male,Low,Silver
P702,52,Female,Low,Gold
P703,64,Male,Medium,
P704,43,Female,Low,Gold
P705,32,Female,Medium,Platinum
P706,78,Male,Medium,Silver
P707,42,Female,Medium,Silver
P708,42,Male,Medium,Silver
P709,46,Male,Medium,Gold
P710,65,Male,Low,Gold
P711,71,Female,Medium,
P712,59,Male,High,Platinum
P713,78,Female,Low,
P714,30,Female,Medium,Silver
P715,78,Male,Medium,Platinum
P716,65,Male,Medium,Gold
P717,64,Male,High,
P718,29,Female,Medium,
P719,54,Female,Low,Gold
P720,58,Female,Medium,
P721,37,Female,Medium,Silver
P722,32,Male,Medium,Platinum
P723,38,Male,Low,
P724,45,Male,High,Gold
P725,47,Female,Low,Silver
P726,67,Female,Medium,Gold
P727,64,Female,Low,
P728,55,Female,Low,Platinum
P729,39,Male,Medium,
P730,61,Male,High,Silver
P731,65,Female,Medium,Silver
P732,72,Female,Medium,
P733,18,Male,Medium,
P734,66,Male,Medium,Silver
P735,67,Female,Medium,Gold
P736,32,Female,Medium,
P737,59,Male,High,
P738,46,Female,Medium,
P739,23,Female,Medium,Silver
P740,52,Male,Medium,
P741,21,Female,Medium,Platinum
P742,50,Female,High,
P743,56,Female,Low,
P744,47,Male,Low,
P745,29,Male,High,Gold
P746,66,Male,High,
P747,18,Female,Low,Silver
P748,47,Male,High,
P749,61,Female,High,Silver
P750,70,Female,Medium,
P751,77,Male,Medium,Platinum
P752,35,Female,High,Gold
P753,57,Male,Medium,Gold
P754,68,Female,High,
P755,25,Male,Medium,Platinum
P756,56,Male,Medium,Platinum
P757,76,Male,Medium,
P758,47,Male,Medium,
P759,21,Female,Low,
P760,20,Female,Medium,
P761,44,Male,Low,Silver
P762,48,Male,Medium,
P763,61,Male,Low,Gold
P764,47,Male,Medium,
P765,78,Female,Low,Silver
P766,35,Female,High,Silver
P767,27,Female,Low,
P768,42,Male,High,Gold
P769,41,Male,Medium,Silver
P770,46,Male,Medium,Gold
P771,58,Female,Low,Silver
P772,59,Male,Low,Silver
P773,63,Female,Medium,
P774,38,Male,Low,
P775,24,Male,Low,Silver
P776,30,Male,Low,Silver
P777,56,Male,High,Silver
P778,64,Female,Low,Silver
P779,52,Male,Medium,
P780,72,Male,High,Gold
P781,78,Female,Medium,Gold
P782,65,Male,Medium,
P783,29,Male,Low,
P784,33,Male,Low,
P785,73,Female,Low,
P786,71,Male,Medium,
P787,21,Male,High,
P788,70,Male,Medium,Silver
P789,73,Female,Medium,
P790,33,Male,Low,Gold
P791,32,Female,Medium,
P792,42,Male,Medium,Platinum
P793,27,Male,Medium,
P794,19,Male,Medium,
P795,52,Male,Low,
P796,71,Female,Low,Platinum
P797,23,Female,Low,
P798,37,Male,High,Gold
P799,74,Male,Low,
P800,46,Male,High,
P801,73,Female,High,Platinum
P802,59,Male,High,Gold
P803,41,Female,High,
P804,71,Female,Low,
P805,21,Male,Low,Silver
P806,78,Female,High,Gold
P807,70,Female,Medium,Silver
P808,63,Male,Medium,
P809,77,Male,High,Silver
P810,24,Male,Medium,
P811,79,Female,Medium,Gold
P812,60,Female,Medium,
P813,50,Female,High,
P814,36,Female,Low,Gold
P815,18,Female,Low,Gold
P816,47,Female,Low,
P817,32,Male,Low,
P818,52,Female,High,
P819,78,Male,Medium,
P820,40,Male,Medium,
P821,30,Male,Medium,
P822,23,Male,Low,
P823,79,Male,Medium,Silver
P824,18,Female,Medium,Silver
P825,23,Male,Medium,
P826,61,Male,Low,
P827,76,Male,High,Platinum
P828,48,Male,Low,
P829,60,Male,Medium,Platinum
P830,43,Male,Low,Gold
P831,27,Female,High,
P832,59,Female,Low,
P833,66,Male,High,
P834,47,Male,Medium,
P835,70,Male,Low,Platinum
P836,55,Female,Medium,Gold
P837,77,Male,Medium,
P838,53,Female,Medium,
P839,74,Male,Medium,Silver
P840,77,Female,High,
P841,23,Female,Medium,Silver
P842,29,Male,Low,Gold
P843,22,Male,High,Gold
P844,67,Male,Low,Platinum
P845,24,Female,Medium,
P846,28,Female,Medium,Platinum
P847,73,Female,Low,
P848,68,Female,Medium,
P849,75,Female,High,Silver
P850,47,Male,High,
P851,41,Male,High,
P852,71,Male,Medium,Gold
P853,41,Female,High,Platinum
P854,53,Female,Medium,
P855,69,Male,High,
P856,45,Male,Low,
P857,29,Male,Low,Silver
P858,32,Male,Low,
P859,29,Male,Medium,Silver
P860,24,Male,Low,
P861,21,Male,Low,
P862,33,Female,Medium,Silver
P863,68,Male,Medium,Silver
P864,52,Male,Medium,
P865,49,Female,High,Gold
P866,20,Female,High,Silver
P867,31,Male,Medium,Platinum
P868,40,Male,High,
P869,49,Male,Low,Gold
P870,73,Male,Low,
P871,45,Male,High,Silver
P872,19,Female,High,
P873,62,Female,Medium,Silver
P874,42,Male,Medium,Silver
P875,66,Male,High,
P876,58,Female,Low,Platinum
P877,41,Male,High,Platinum
P878,51,Female,Medium,
P879,29,Female,Medium,Platinum
P880,37,Male,High,
P881,39,Female,Low,
P882,27,Male,High,Silver
P883,42,Male,High,Platinum
P884,56,Female,Medium,Gold
P885,41,Male,Medium,
P886,27,Male,High,Gold
P887,19,Female,Medium,Gold
P888,50,Female,Low,
P889,19,Female,Medium,Gold
P890,58,Male,Low,
P891,49,Male,Medium,
P892,52,Male,Low,
P893,44,Male,Low,
P894,68,Male,Medium,Gold
P895,41,Female,Low,Gold
P896,56,Female,Medium,Silver
P897,71,Female,High,Gold
P898,43,Female,Medium,Gold
P899,51,Male,Low,
P900,74,Male,High,
P901,20,Female,Medium,
P902,75,Male,High,Silver
P903,24,Female,Medium,Silver
P904,26,Female,Medium,
P905,43,Female,Low,Silver
P906,63,Female,Medium,
P907,28,Female,Low,Silver
P908,65,Female,Medium,
P909,39,Female,High,
P910,56,Male,High,
P911,75,Male,Low,Silver
P912,23,Male,High,Platinum
P913,47,Female,Low,Gold
P914,41,Female,Medium,
P915,55,Female,Medium,Gold
P916,22,Male,Medium,
P917,68,Female,High,
P918,79,Male,Low,
P919,57,Male,High,
P920,78,Male,Medium,
P921,39,Female,High,Silver
P922,64,Male,Medium,
P923,33,Female,Low,Platinum
P924,54,Female,Medium,Gold
P925,75,Female,Medium,Gold
P926,65,Female,Medium,Gold
P927,48,Male,Low,Silver
P928,35,Male,Medium,Silver
P929,38,Male,Medium,Platinum
P930,26,Female,Medium,Silver
P931,22,Male,Low,Silver
P932,29,Male,Medium,Silver
P933,34,Male,Medium,Gold
P934,52,Male,Low,
P935,46,Female,Low,
P936,60,Male,Medium,Gold
P937,40,Male,Medium,
P938,77,Female,Medium,
P939,60,Male,Medium,
P940,64,Male,Medium,
P941,43,Female,Low,
P942,22,Male,Medium,Platinum
P943,54,Female,High,
P944,49,Female,Medium,
P945,51,Female,Medium,
P946,71,Male,Medium,
P947,56,Male,Low,Silver
P948,36,Male,High,Silver
P949,65,Male,High,Platinum
P950,47,Female,Low,Platinum
P951,45,Male,Medium,
P952,25,Female,Medium,
P953,31,Female,Medium,Silver
P954,52,Male,High,Silver
P955,55,Male,Medium,
P956,53,Female,Medium,
P957,18,Female,Medium,Gold
P958,35,Male,Low,Silver
P959,53,Female,Medium,Silver
P960,24,Male,Medium,Silver
P961,65,Male,Medium,Silver
P962,39,Female,Medium,Platinum
P963,28,Male,Medium,Silver
P964,25,Female,High,Gold
P965,47,Female,Low,Platinum
P966,25,Male,High,
P967,56,Female,Medium,Silver
P968,69,Female,Medium,
P969,40,Male,Medium,
P970,34,Female,Low,Platinum
P971,60,Male,Low,
P972,28,Female,Medium,Silver
P973,35,Male,Low,Silver
P974,31,Female,High,Silver
P975,24,Male,Low,Platinum
P976,51,Female,Medium,
P977,71,Female,Medium,Silver
P978,46,Female,High,
P979,53,Female,Medium,Gold
P980,57,Female,Low,Silver
P981,77,Male,Medium,Gold
P982,40,Male,High,
P983,77,Female,High,Silver
P984,22,Female,High,Gold
P985,31,Male,Medium,Silver
P986,47,Male,Low,Silver
P987,21,Male,Medium,
P988,23,Female,Medium,Silver
P989,47,Female,High,
P990,70,Female,Low,
P991,20,Female,Medium,Silver
P992,67,Female,Medium,Platinum
P993,19,Female,Low,
P994,26,Male,Low,
P995,73,Male,Medium,
P996,61,Male,Low,Gold
P997,30,Female,High,
P998,58,Female,High,Gold
P999,27,Male,High,
P1000,25,Male,Medium,Platinum
P1001,39,Female,Medium,
P1002,79,Female,Low,
P1003,33,Female,High,
P1004,41,Male,Medium,
P1005,54,Female,Medium,
P1006,78,Female,Medium,
P1007,61,Female,High,
P1008,18,Male,Medium,Silver
P1009,35,Male,Low,
P1010,65,Male,Medium,Silver
P1011,76,Female,Medium,
P1012,27,Female,Medium,
P1013,43,Female,Medium,Gold
P1014,52,Male,Medium,Silver
P1015,43,Female,Medium,
P1016,56,Male,High,Gold
P1017,21,Male,High,Silver
P1018,67,Male,Medium,
P1019,65,Male,High,Gold
P1020,35,Male,High,Silver
P1021,59,Male,Low,
P1022,31,Female,High,Silver
P1023,78,Male,Low,Silver
P1024,53,Female,Medium,
P1025,61,Male,Medium,Platinum
P1026,56,Female,Medium,
P1027,21,Male,High,
P1028,69,Male,Medium,Silver
P1029,41,Female,Low,
P1030,28,Female,High,
P1031,36,Male,Medium,
P1032,44,Male,Medium,
P1033,43,Male,Medium,
P1034,35,Male,Low,Silver
P1035,60,Female,Medium,Gold
P1036,51,Male,Medium,
P1037,40,Male,Low,
P1038,74,Male,High,Silver
P1039,68,Female,Low,Silver
P1040,43,Female,High,
P1041,27,Male,Medium,
P1042,64,Male,Medium,Silver
P1043,39,Female,Low,
P1044,42,Female,Medium,Silver
P1045,32,Female,Low,Platinum
P1046,36,Male,Low,Gold
P1047,27,Male,Medium,Gold
P1048,24,Female,Low,Silver
P1049,72,Female,Medium,
P1050,65,Male,Medium,Silver
P1051,35,Female,High,
P1052,56,Male,High,
P1053,53,Female,Low,Silver
P1054,42,Female,High,
P1055,60,Male,Low,Silver
P1056,75,Female,Low,Platinum
P1057,70,Female,Medium,Gold
P1058,53,Male,Medium,Silver
P1059,24,Female,Medium,Gold
P1060,65,Female,Medium,
P1061,66,Female,Medium,
P1062,79,Male,Medium,
P1063,56,Male,Medium,
P1064,40,Male,Low,
P1065,78,Female,Low,
P1066,36,Male,Medium,Gold
P1067,36,Female,Medium,Silver
P1068,65,Female,High,
P1069,57,Male,Medium,
P1070,62,Female,Medium,Platinum
P1071,71,Female,Medium,Silver
P1072,72,Female,Low,Silver
P1073,64,Female,Low,Platinum
P1074,25,Male,Low,Platinum
P1075,38,Male,Medium,Silver
P1076,25,Female,Low,Gold
P1077,62,Female,Medium,Silver
P1078,72,Male,Low,
P1079,74,Male,Medium,Silver
P1080,27,Female,Low,
P1081,47,Male,High,Platinum
P1082,44,Male,Medium,Silver
P1083,20,Female,Low,
P1084,50,Female,Medium,
P1085,35,Male,Low,Silver
P1086,39,Female,Medium,
P1087,35,Female,Medium,Gold
P1088,35,Female,Low,Gold
P1089,48,Female,Low,Silver
P1090,21,Female,Low,Silver
P1091,64,Female,Medium,Gold
P1092,56,Female,Low,
P1093,20,Male,High,
P1094,38,Female,Medium,
P1095,53,Male,High,Gold
P1096,46,Female,Low,Silver
P1097,35,Male,Low,
P1098,65,Female,Medium,
P1099,39,Female,High,
P1100,32,Female,Medium,Silver
P1101,48,Male,High,
P1102,33,Female,Medium,
P1103,58,Male,Low,Gold
P1104,55,Male,Low,Silver
P1105,38,Female,High,
P1106,52,Female,Low,Silver
P1107,65,Male,Low,
P1108,28,Female,Low,
P1109,52,Male,Medium,Platinum
P1110,65,Female,Medium,
P1111,78,Male,High,
P1112,78,Female,Medium,
P1113,37,Male,High,
P1114,56,Male,Low,Gold
P1115,50,Male,Medium,Silver
P1116,65,Female,Medium,Platinum
P1117,28,Male,Low,Platinum
P1118,55,Female,Low,
P1119,46,Female,High,Silver
P1120,63,Female,Medium,
P1121,75,Female,Medium,
P1122,57,Female,Medium,
P1123,42,Female,Medium,Gold
P1124,43,Male,Low,Platinum
P1125,72,Female,Low,Gold
P1126,57,Male,Low,Platinum
P1127,18,Male,High,
P1128,42,Male,Medium,
P1129,52,Male,Medium,
P1130,46,Female,Medium,Gold
P1131,49,Female,Medium,
P1132,19,Male,High,
P1133,31,Male,High,Gold
P1134,34,Female,Low,Silver
P1135,66,Female,Medium,
P1136,21,Male,Medium,
P1137,31,Female,Low,Gold
P1138,59,Female,High,Gold
P1139,50,Female,Medium,Silver
P1140,73,Female,Low,
P1141,40,Male,Low,
P1142,60,Male,High,Silver
P1143,26,Female,Medium,
P1144,51,Male,Low,Silver
P1145,28,Female,High,
P1146,27,Female,Low,Silver
P1147,78,Female,Low,Gold
P1148,28,Female,Medium,Platinum
P1149,29,Female,Medium,Silver
P1150,65,Male,Medium,Gold
P1151,32,Male,Low,
P1152,69,Female,Low,
P1153,63,Male,Low,
P1154,53,Male,Low,Silver
P1155,56,Female,Low,Platinum
P1156,57,Male,High,Platinum
P1157,19,Male,Medium,
P1158,68,Male,High,Gold
P1159,77,Female,Medium,Gold
P1160,67,Male,Medium,
P1161,68,Male,High,
P1162,29,Female,Medium,
P1163,22,Male,Medium,
P1164,43,Female,Medium,Silver
P1165,44,Male,Medium,Silver
P1166,62,Male,Low,Silver
P1167,22,Female,Medium,Gold
P1168,19,Male,Medium,
P1169,70,Female,Medium,
P1170,67,Female,High,Platinum
P1171,27,Female,Medium,
P1172,43,Female,Medium,
P1173,44,Female,Low,Platinum
P1174,66,Male,Low,Silver
P1175,36,Female,High,Gold
P1176,79,Female,Medium,Silver
P1177,52,Female,Low,Silver
P1178,26,Male,Medium,Gold
P1179,75,Male,Low,Gold
P1180,79,Male,Medium,
P1181,69,Female,Medium,
P1182,67,Female,High,
P1183,69,Male,Medium,Silver
P1184,22,Male,Low,Gold
P1185,22,Male,High,
P1186,50,Male,Low,
P1187,32,Female,Medium,
P1188,26,Male,Low,Silver
P1189,52,Female,Low,
P1190,47,Male,High,Platinum
P1191,70,Male,High,
P1192,70,Female,Low,Silver
P1193,78,Male,Low,
P1194,25,Female,Medium,Silver
P1195,53,Male,Low,
P1196,49,Female,Low,
P1197,22,Male,High,Gold
P1198,18,Female,Low,
P1199,38,Male,Low,Gold
P1200,39,Female,Low,Platinum
P1201,18,Male,Low,Silver
P1202,50,Male,Medium,
P1203,58,Female,Medium,Platinum
P1204,30,Male,Medium,Platinum
P1205,54,Female,High,
P1206,31,Male,Medium,Silver
P1207,18,Female,Medium,Platinum
P1208,34,Female,Medium,Silver
P1209,41,Female,Medium,
P1210,39,Female,Low,
P1211,22,Male,Medium,Silver
P1212,23,Female,Low,
P1213,30,Male,High,
P1214,25,Female,Low,
P1215,59,Male,Medium,
P1216,27,Female,Low,
P1217,48,Male,High,
P1218,32,Male,Medium,
P1219,28,Male,Medium,Silver
P1220,60,Male,High,Silver
P1221,50,Male,Medium,
P1222,77,Female,Medium,Silver
P1223,76,Female,Medium,
P1224,28,Male,High,
P1225,25,Female,High,
P1226,79,Female,Low,Platinum
P1227,74,Female,Low,Silver
P1228,45,Female,Low,
P1229,50,Male,High,
P1230,31,Female,High,
P1231,47,Male,Low,Platinum
P1232,71,Male,Medium,
P1233,78,Male,Medium,
P1234,64,Female,Medium,Gold
P1235,34,Female,Low,
P1236,35,Male,Medium,Silver
P1237,21,Male,Low,
P1238,74,Female,Medium,
P1239,50,Female,Medium,Gold
P1240,63,Male,Medium,
P1241,48,Female,Medium,
P1242,34,Female,High,
P1243,55,Male,Medium,Silver
P1244,34,Female,Low,
P1245,79,Female,Medium,
P1246,44,Male,Medium,
P1247,21,Male,High,Silver
P1248,70,Male,High,Gold
P1249,58,Male,Low,
P1250,30,Male,Medium,
P1251,71,Male,Medium,
P1252,22,Male,High,Platinum
P1253,28,Male,Low,
P1254,67,Male,Medium,Silver
P1255,30,Male,Low,
P1256,32,Female,Low,Silver
P1257,29,Male,Medium,Gold
P1258,67,Male,Medium,Gold
P1259,39,Female,Low,Silver
P1260,69,Male,Medium,Gold
P1261,34,Female,High,Silver
P1262,59,Male,High,
P1263,67,Male,Medium,
P1264,62,Male,Medium,Gold
P1265,54,Female,High,
P1266,59,Female,Medium,
P1267,73,Male,Low,
P1268,66,Female,Low,Platinum
P1269,42,Male,Medium,Platinum
P1270,71,Female,Medium,
P1271,55,Female,High,Silver
P1272,68,Female,Low,Silver
P1273,32,Female,Medium,
P1274,33,Female,High,Silver
P1275,28,Male,High,Gold
P1276,36,Male,Medium,
P1277,58,Male,Low,
P1278,61,Male,Medium,
P1279,63,Female,Medium,Silver
P1280,73,Male,High,Silver
P1281,27,Female,Medium,
P1282,27,Female,Medium,
P1283,54,Female,Low,Platinum
P1284,46,Male,Medium,Gold
P1285,18,Male,High,
P1286,66,Female,High,Silver
P1287,39,Male,Medium,Platinum
P1288,25,Male,High,Silver
P1289,31,Female,Low,
P1290,24,Female,Medium,Silver
P1291,44,Male,High,Gold
P1292,44,Female,Medium,Gold
P1293,43,Male,Low,
P1294,41,Male,Medium,Gold
P1295,27,Female,High,Silver
P1296,21,Female,High,Silver
P1297,72,Female,High,Silver
P1298,32,Female,Medium,
P1299,75,Female,Medium,
P1300,52,Female,Low,Silver
P1301,50,Female,Medium,Silver
P1302,35,Female,Low,Platinum
P1303,77,Female,Low,Silver
P1304,40,Female,High,
P1305,69,Male,Medium,Platinum
P1306,34,Female,Medium,
P1307,59,Female,Medium,
P1308,34,Male,Low,
P1309,69,Female,Medium,
P1310,30,Female,Medium,Silver
P1311,31,Female,Medium,Silver
P1312,21,Female,Low,Silver
P1313,26,Male,Medium,
P1314,79,Female,High,
P1315,54,Female,Low,Silver
P1316,31,Female,Low,Silver
P1317,51,Male,Low,
P1318,19,Male,Low,
P1319,44,Male,Low,Silver
P1320,34,Male,Low,
P1321,68,Male,Low,Platinum
P1322,20,Male,High,
P1323,19,Male,Medium,Platinum
P1324,31,Male,Medium,Gold
P1325,30,Male,Low,Silver
P1326,27,Female,High,
P1327,69,Female,Medium,Platinum
P1328,25,Female,High,Silver
P1329,21,Female,Low,Gold
P1330,64,Male,Medium,Gold
P1331,62,Male,High,Silver
P1332,51,Female,Low,Gold
P1333,73,Female,Medium,Silver
P1334,18,Male,Medium,
P1335,51,Male,Medium,
P1336,75,Male,Medium,
P1337,48,Female,High,Gold
P1338,34,Male,Low,Platinum
P1339,35,Male,Medium,
P1340,39,Male,Low,Silver
P1341,25,Male,Low,
P1342,44,Male,Low,Silver
P1343,74,Male,Medium,Gold
P1344,38,Female,Low,
P1345,62,Female,Low,Platinum
P1346,39,Male,Low,Silver
P1347,35,Female,Medium,
P1348,51,Male,Medium,
P1349,60,Male,Medium,
P1350,44,Male,Medium,Platinum
P1351,42,Female,Medium,Gold
P1352,19,Female,High,
P1353,73,Female,Medium,Silver
P1354,39,Male,Medium,Silver
P1355,23,Male,Low,Silver
P1356,62,Male,Medium,Platinum
P1357,52,Female,Low,
P1358,71,Male,Low,
P1359,45,Male,High,Gold
P1360,24,Female,Medium,Silver
P1361,48,Female,Medium,
P1362,26,Female,Medium,
P1363,54,Male,Low,Platinum
P1364,36,Female,Low,Silver
P1365,54,Male,Medium,Platinum
P1366,44,Male,Medium,Gold
P1367,30,Female,Low,Platinum
P1368,59,Female,Low,Platinum
P1369,54,Female,High,
P1370,49,Female,Low,Silver
P1371,76,Female,Medium,Platinum
P1372,41,Female,Medium,Silver
P1373,77,Male,Medium,Silver
P1374,23,Female,Medium,
P1375,61,Male,Medium,Platinum
P1376,38,Male,Medium,Silver
P1377,68,Male,Medium,Gold
P1378,78,Female,Medium,
P1379,25,Male,Low,
P1380,35,Male,High,Gold
P1381,50,Female,Low,Platinum
P1382,27,Male,Medium,Platinum
P1383,47,Female,Medium,Platinum
P1384,29,Male,Low,
P1385,24,Male,Low,Silver
P1386,68,Male,Low,
P1387,70,Female,High,
P1388,63,Male,Low,Silver
P1389,56,Female,Medium,Platinum
P1390,26,Female,Medium,
P1391,39,Female,Low,Silver
P1392,39,Female,Low,
P1393,53,Male,Medium,
P1394,21,Male,Medium,
P1395,61,Male,Medium,Platinum
P1396,30,Male,Medium,Gold
P1397,69,Female,Medium,
P1398,18,Female,High,
P1399,51,Female,Medium,Silver
P1400,55,Male,High,
P1401,37,Male,Medium,Silver
P1402,27,Male,Medium,
P1403,37,Male,Medium,
P1404,48,Male,High,Silver
P1405,36,Male,Low,
P1406,68,Female,Low,Gold
P1407,23,Male,High,Silver
P1408,21,Female,Low,Silver
P1409,41,Female,Medium,Platinum
P1410,43,Male,Low,Silver
P1411,72,Female,High,
P1412,75,Male,Medium,Silver
P1413,59,Female,Medium,
P1414,45,Male,Medium,
P1415,52,Male,Medium,Platinum
P1416,78,Female,Low,Silver
P1417,29,Male,Medium,Silver
P1418,40,Male,Low,Silver
P1419,41,Female,High,Silver
P1420,44,Male,Medium,Silver
P1421,62,Male,High,Silver
P1422,51,Female,High,Silver
P1423,25,Male,Medium,
P1424,55,Female,Medium,Platinum
P1425,78,Female,High,Gold
P1426,51,Male,Medium,
P1427,45,Male,Medium,Silver
P1428,58,Male,High,
P1429,62,Female,Medium,Gold
P1430,78,Female,Medium,Silver
P1431,52,Female,Medium,Silver
P1432,69,Male,Medium,
P1433,46,Male,Medium,Platinum
P1434,19,Male,Medium,Silver
P1435,39,Female,Medium,Silver
P1436,65,Female,Low,Gold
P1437,36,Female,High,
P1438,39,Male,Low,
P1439,59,Female,High,Gold
P1440,40,Female,Low,Gold
P1441,77,Male,High,Silver
P1442,78,Female,High,Silver
P1443,73,Female,Medium,Gold
P1444,65,Male,Medium,
P1445,31,Female,High,
P1446,53,Male,Medium,Silver
P1447,55,Male,Medium,Silver
P1448,27,Female,Low,Silver
P1449,48,Female,Medium,
P1450,55,Male,Low,Silver
P1451,54,Male,Medium,Gold
P1452,74,Male,Medium,
P1453,49,Female,Low,Silver
P1454,19,Female,Low,Silver
P1455,58,Female,Medium,
P1456,68,Male,Low,
P1457,76,Male,Medium,
P1458,19,Male,Medium,Gold
P1459,32,Female,Medium,
P1460,34,Male,Medium,
P1461,71,Female,High,Gold
P1462,38,Female,Medium,
P1463,19,Male,Medium,Silver
P1464,51,Female,Low,
P1465,64,Female,Low,Gold
P1466,55,Female,Low,Silver
P1467,60,Male,Medium,
P1468,68,Female,Medium,
P1469,76,Female,High,
P1470,66,Female,High,
P1471,68,Male,Medium,
P1472,35,Female,Medium,
P1473,28,Male,Medium,Gold
P1474,21,Female,Medium,Platinum
P1475,32,Male,Medium,
P1476,42,Male,High,Silver
P1477,67,Female,Medium,
P1478,18,Male,High,Silver
P1479,36,Male,Medium,Gold
P1480,63,Male,Medium,
P1481,78,Male,Low,
P1482,49,Female,Low,Gold
P1483,28,Male,High,Silver
P1484,41,Female,Medium,Silver
P1485,50,Male,Low,Platinum
P1486,24,Male,Medium,Silver
P1487,70,Female,High,Silver
P1488,76,Male,Medium,Platinum
P1489,58,Female,Medium,
P1490,58,Female,High,
P1491,48,Male,Medium,Gold
P1492,68,Male,Low,
P1493,70,Male,Low,Gold
P1494,62,Female,Medium,
P1495,57,Female,Medium,
P1496,38,Male,Low,
P1497,43,Female,Medium,Gold
P1498,42,Male,Medium,
P1499,18,Female,Medium,
P1500,75,Male,Medium,
P1501,76,Female,Medium,
P1502,26,Female,Medium,Platinum
P1503,73,Male,Medium,
P1504,49,Female,Medium,Silver
P1505,69,Female,Medium,
P1506,60,Male,High,
P1507,32,Male,High,
P1508,47,Female,Medium,Platinum
P1509,48,Female,High,Silver
P1510,57,Female,High,Platinum
P1511,73,Male,Medium,Silver
P1512,31,Male,Medium,Silver
P1513,42,Male,Medium,Silver
P1514,52,Male,Medium,
P1515,28,Male,High,
P1516,40,Female,Medium,Gold
P1517,61,Female,Medium,Gold
P1518,18,Male,Medium,
P1519,18,Female,Medium,
P1520,48,Male,Low,Silver
P1521,25,Female,Low,
P1522,23,Male,Medium,
P1523,57,Male,Medium,Silver
P1524,30,Female,Medium,
P1525,18,Male,Medium,
P1526,28,Female,High,Gold
P1527,23,Female,Medium,
P1528,53,Female,Low,Silver
P1529,61,Female,High,
P1530,49,Female,Medium,
P1531,38,Male,Low,
P1532,77,Male,Low,
P1533,52,Male,High,
P1534,39,Female,Low,
P1535,55,Female,High,Silver
P1536,78,Male,Low,
P1537,57,Female,Medium,
P1538,37,Female,Low,
P1539,30,Female,Low,Silver
P1540,54,Male,High,Silver
P1541,49,Male,Medium,
P1542,51,Female,Low,Gold
P1543,78,Male,Low,
P1544,36,Male,Medium,
P1545,49,Female,Medium,
P1546,21,Male,Medium,Silver
P1547,71,Male,Low,
P1548,72,Male,Low,
P1549,25,Male,Low,
P1550,67,Female,Low,Silver
P1551,79,Female,Low,Platinum
P1552,39,Male,High,
P1553,24,Female,Medium,Silver
P1554,67,Female,Medium,
P1555,31,Female,Low,
P1556,67,Male,Medium,Gold
P1557,73,Female,Medium,
P1558,74,Female,Medium,
P1559,53,Female,High,Platinum
P1560,34,Female,Medium,
P1561,19,Male,High,Gold
P1562,18,Female,Low,
P1563,55,Female,Low,Silver
P1564,63,Female,Medium,Platinum
P1565,45,Female,Low,
P1566,61,Male,Low,
P1567,74,Female,Medium,
P1568,73,Male,Low,Silver
P1569,55,Male,Low,
P1570,77,Male,Low,
P1571,77,Female,Medium,Silver
P1572,71,Male,High,Silver
P1573,77,Female,Medium,Silver
P1574,46,Female,Medium,
P1575,75,Female,High,
P1576,29,Male,Medium,Silver
P1577,54,Female,High,Silver
P1578,26,Male,High,Gold
P1579,20,Female,Medium,
P1580,39,Female,High,Platinum
P1581,59,Female,Medium,Silver
P1582,30,Female,Medium,
P1583,63,Female,High,
P1584,20,Male,Medium,Silver
P1585,58,Male,Medium,Gold
P1586,25,Male,Medium,Silver
P1587,66,Male,Low,
P1588,30,Male,Medium,Silver
P1589,41,Male,Medium,Gold
P1590,61,Male,Medium,
P1591,62,Female,Medium,Platinum
P1592,62,Female,High,Gold
P1593,48,Male,Low,Gold
P1594,67,Female,High,
P1595,79,Male,Medium,Gold
P1596,57,Male,High,
P1597,73,Female,Medium,
P1598,75,Male,Medium,Platinum
P1599,24,Female,Low,
P1600,36,Male,Low,
P1601,70,Male,Medium,Silver
P1602,60,Female,Low,Silver
P1603,18,Male,Low,
P1604,74,Male,Low,
P1605,69,Male,High,
P1606,45,Male,Medium,
P1607,59,Male,Medium,Silver
P1608,29,Male,Low,Silver
P1609,40,Male,Medium,Platinum
P1610,41,Female,Medium,Platinum
P1611,51,Male,Medium,
P1612,62,Male,Low,Platinum
P1613,34,Female,High,
P1614,22,Male,Medium,Gold
P1615,26,Female,High,Silver
P1616,68,Male,High,Platinum
P1617,45,Male,High,
P1618,20,Male,High,
P1619,27,Female,Medium,
P1620,45,Male,Low,Platinum
P1621,73,Male,Low,Silver
P1622,76,Male,Medium,Silver
P1623,37,Male,High,
P1624,41,Female,Medium,Gold
P1625,45,Male,High,Platinum
P1626,37,Female,Medium,
P1627,67,Female,Medium,
P1628,22,Female,Low,Platinum
P1629,26,Female,Low,Platinum
P1630,59,Female,Low,Gold
P1631,56,Female,High,Silver
P1632,47,Female,Low,Gold
P1633,18,Female,High,Silver
P1634,56,Male,Medium,
P1635,44,Female,Low,Platinum
P1636,26,Male,Low,Gold
P1637,23,Female,Low,Silver
P1638,30,Male,Low,
P1639,77,Female,Low,
P1640,65,Male,Medium,Platinum
P1641,61,Male,Medium,Gold
P1642,63,Male,Low,
P1643,39,Female,Medium,Silver
P1644,32,Male,Medium,Silver
P1645,33,Male,Medium,Silver
P1646,59,Male,Low,
P1647,38,Female,Medium,
P1648,45,Male,Medium,
P1649,42,Male,Medium,
P1650,72,Male,Medium,Silver
P1651,76,Female,Medium,
P1652,25,Female,High,
P1653,56,Female,Medium,Silver
P1654,34,Male,High,
P1655,51,Female,Medium,
P1656,75,Male,Medium,Silver
P1657,36,Female,Low,
P1658,18,Male,Medium,Silver
P1659,19,Female,Low,Platinum
P1660,39,Male,Medium,Silver
P1661,62,Female,Medium,Gold
P1662,73,Female,Low,
P1663,64,Female,Medium,Platinum
P1664,71,Female,Medium,Silver
P1665,22,Female,Low,
P1666,26,Male,Medium,
P1667,24,Male,High,Silver
P1668,66,Female,Medium,
P1669,55,Male,Medium,
P1670,24,Female,Medium,Gold
P1671,77,Female,Low,
P1672,39,Male,Low,Platinum
P1673,32,Female,Medium,Platinum
P1674,59,Female,Medium,
P1675,50,Female,Medium,Silver
P1676,65,Male,Medium,Silver
P1677,19,Female,High,Silver
P1678,45,Male,Low,
P1679,61,Female,Medium,
P1680,21,Male,Medium,
P1681,41,Male,Medium,
P1682,44,Male,Medium,
P1683,55,Female,Medium,
P1684,53,Male,Medium,Silver
P1685,40,Male,Low,
P1686,47,Male,Low,Silver
P1687,69,Male,Medium,Silver
P1688,43,Male,Medium,
P1689,71,Male,Low,
P1690,59,Female,Medium,
P1691,43,Female,Medium,
P1692,61,Male,Medium,Silver
P1693,25,Female,Medium,Gold
P1694,58,Male,Medium,
P1695,77,Male,Medium,Silver
P1696,51,Female,Medium,
P1697,41,Female,Low,Silver
P1698,30,Female,Medium,Silver
P1699,31,Female,Medium,
P1700,26,Female,Low,Gold
P1701,59,Male,High,
P1702,55,Male,High,
P1703,59,Male,Medium,
P1704,47,Male,High,
P1705,70,Female,High,Gold
P1706,23,Male,Low,
P1707,49,Male,Low,
P1708,53,Male,Medium,Gold
P1709,48,Male,Medium,Gold
P1710,18,Male,Low,
P1711,44,Male,High,Silver
P1712,69,Male,Low,Silver
P1713,21,Female,High,
P1714,43,Male,Medium,Platinum
P1715,62,Male,Medium,
P1716,42,Male,Low,Silver
P1717,41,Male,High,Silver
P1718,39,Male,Low,Silver
P1719,26,Male,Low,Silver
P1720,40,Male,Low,
P1721,20,Female,Low,
P1722,61,Male,Medium,Platinum
P1723,79,Female,Low,Silver
P1724,25,Female,Medium,Silver
P1725,77,Female,Medium,Silver
P1726,51,Female,Medium,Gold
P1727,71,Female,Low,
P1728,62,Female,Low,
P1729,59,Female,High,
P1730,67,Male,High,Silver
P1731,40,Female,Low,
P1732,50,Male,High,Gold
P1733,45,Female,Medium,
P1734,58,Male,Medium,
P1735,30,Female,Medium,Gold
P1736,57,Female,Medium,Gold
P1737,67,Female,High,
P1738,75,Male,Low,Gold
P1739,40,Female,Low,Silver
P1740,69,Male,Medium,
P1741,43,Male,Medium,
P1742,42,Male,Low,
P1743,34,Male,Low,
P1744,52,Female,Low,
P1745,40,Male,High,Platinum
P1746,22,Male,Low,Silver
P1747,51,Male,Medium,
P1748,62,Male,Medium,
P1749,67,Male,Medium,Platinum
P1750,58,Male,Medium,
P1751,75,Female,Low,Silver
P1752,34,Female,Medium,
P1753,33,Female,High,
P1754,26,Female,Medium,
P1755,25,Female,Medium,
P1756,79,Female,High,
P1757,44,Male,Medium,
P1758,79,Male,Medium,
P1759,30,Male,Medium,Gold
P1760,34,Male,Low,Silver
P1761,38,Male,Low,Silver
P1762,28,Female,Medium,Silver
P1763,49,Male,Medium,
P1764,54,Male,High,
P1765,69,Male,Medium,
P1766,73,Male,Medium,Silver
P1767,59,Male,Medium,Gold
P1768,79,Male,Low,
P1769,50,Female,Medium,Silver
P1770,30,Male,Medium,Platinum
P1771,28,Female,Low,Silver
P1772,29,Male,Medium,
P1773,79,Male,Low,Platinum
P1774,41,Male,High,Silver
P1775,60,Male,Medium,Gold
P1776,31,Female,Medium,Platinum
P1777,19,Male,Medium,Gold
P1778,45,Female,High,
P1779,76,Male,Medium,Silver
P1780,73,Male,High,Platinum
P1781,28,Female,High,Silver
P1782,65,Female,Medium,Gold
P1783,55,Male,Low,Platinum
P1784,20,Male,Medium,Gold
P1785,72,Male,Medium,Silver
P1786,35,Male,Low,
P1787,53,Male,High,
P1788,73,Female,Medium,Silver
P1789,37,Female,Medium,Silver
P1790,59,Female,High,Silver
P1791,18,Female,Medium,
P1792,59,Female,High,
P1793,23,Male,Medium,
P1794,21,Female,High,
P1795,56,Male,Medium,
P1796,72,Female,Medium,Silver
P1797,19,Male,Medium,
P1798,55,Female,Low,
P1799,45,Female,Low,
P1800,23,Female,High,Platinum
P1801,62,Male,Low,
P1802,76,Male,Medium,
P1803,61,Female,Medium,
P1804,42,Male,Medium,
P1805,35,Male,Low,Platinum
P1806,28,Male,High,
P1807,77,Female,High,Silver
P1808,68,Female,Low,Silver
P1809,27,Female,Medium,Silver
P1810,21,Female,Low,Silver
P1811,69,Female,High,Gold
P1812,43,Female,Low,Silver
P1813,39,Male,Low,Silver
P1814,70,Male,Medium,
P1815,76,Female,High,
P1816,47,Female,Medium,
P1817,27,Male,Low,Silver
P1818,46,Female,Low,Gold
P1819,20,Female,Low,Silver
P1820,68,Male,Low,Silver
P1821,54,Female,High,Silver
P1822,73,Male,Medium,
P1823,58,Male,High,
P1824,37,Male,Medium,Gold
P1825,38,Male,Medium,Gold
P1826,58,Female,Low,
P1827,18,Male,Medium,Silver
P1828,73,Male,Low,
P1829,61,Male,Medium,Silver
P1830,44,Male,High,
P1831,63,Female,High,
P1832,25,Female,Medium,
P1833,68,Female,Medium,Silver
P1834,36,Female,Medium,Gold
P1835,32,Male,Medium,
P1836,69,Male,Low,Gold
P1837,59,Female,High,Platinum
P1838,32,Male,Medium,
P1839,41,Male,Medium,
P1840,30,Female,Medium,
P1841,73,Female,Medium,
P1842,20,Male,Low,
P1843,51,Male,Medium,
P1844,72,Female,Low,Silver
P1845,62,Female,Medium,Gold
P1846,39,Female,Medium,
P1847,68,Female,High,Platinum
P1848,73,Female,Low,Gold
P1849,42,Male,High,
P1850,62,Female,Medium,
P1851,37,Female,Medium,
P1852,78,Male,Medium,Gold
P1853,73,Male,Low,
P1854,66,Male,Medium,Gold
P1855,75,Male,Medium,Silver
P1856,73,Female,Medium,Silver
P1857,37,Female,Low,Silver
P1858,27,Female,Medium,Silver
P1859,53,Female,Medium,Platinum
P1860,70,Male,Medium,Gold
P1861,50,Female,Low,Gold
P1862,32,Male,Low,Platinum
P1863,39,Female,Low,
P1864,33,Female,Medium,
P1865,75,Male,High,Silver
P1866,61,Female,Medium,Silver
P1867,51,Female,Medium,
P1868,60,Female,Low,Silver
P1869,42,Male,Medium,
P1870,55,Female,Medium,
P1871,56,Male,Low,
P1872,22,Male,Low,Platinum
P1873,64,Female,Medium,Silver
P1874,47,Female,Medium,
P1875,78,Female,Medium,
P1876,51,Female,High,
P1877,60,Male,Low,Platinum
P1878,27,Female,Low,Platinum
P1879,29,Female,Medium,Gold
P1880,57,Female,Low,
P1881,78,Male,High,Silver
P1882,72,Female,Medium,Platinum
P1883,69,Male,Medium,Silver
P1884,26,Male,Low,
P1885,44,Male,Medium,
P1886,56,Female,Medium,
P1887,72,Female,Low,Silver
P1888,30,Female,Low,
P1889,69,Male,Medium,
P1890,56,Female,Medium,
P1891,74,Female,Medium,
P1892,26,Male,Medium,
P1893,19,Male,Medium,Gold
P1894,29,Male,High,Platinum
P1895,36,Male,Medium,
P1896,33,Female,Medium,Silver
P1897,46,Male,Low,
P1898,50,Male,Medium,
P1899,26,Female,Low,
P1900,52,Male,Medium,
P1901,36,Male,Medium,
P1902,74,Male,High,
P1903,18,Male,Low,Silver
P1904,25,Male,High,
P1905,45,Male,Low,
P1906,20,Female,High,
P1907,50,Male,Medium,
P1908,56,Male,Medium,
P1909,24,Female,Medium,Platinum
P1910,68,Male,Medium,
P1911,78,Female,Medium,
P1912,58,Female,Medium,
P1913,39,Male,High,Silver
P1914,18,Female,Low,
P1915,27,Female,Medium,Gold
P1916,40,Female,Medium,Gold
P1917,65,Male,High,
P1918,20,Female,High,
P1919,50,Male,High,
P1920,70,Female,Low,
P1921,73,Male,Low,
P1922,40,Male,Medium,
P1923,27,Female,Medium,
P1924,24,Female,Medium,
P1925,59,Female,Medium,Silver
P1926,64,Male,Low,
P1927,52,Male,Medium,
P1928,30,Female,High,Silver
P1929,23,Female,Low,
P1930,57,Male,Low,Gold
P1931,18,Female,Medium,Gold
P1932,27,Male,Medium,
P1933,53,Male,Low,
P1934,51,Female,High,
P1935,31,Male,Medium,Platinum
P1936,79,Female,Medium,
P1937,52,Male,Medium,Silver
P1938,32,Female,Medium,Platinum
P1939,65,Male,Low,Silver
P1940,19,Female,Medium,
P1941,51,Female,High,
P1942,73,Male,High,Platinum
P1943,23,Male,Low,Silver
P1944,69,Male,Medium,
P1945,24,Female,High,
P1946,47,Male,Medium,Silver
P1947,52,Male,Low,Silver
P1948,72,Male,Medium,
P1949,60,Male,Medium,Silver
P1950,70,Female,High,Silver
P1951,62,Male,Medium,Gold
P1952,22,Male,Medium,
P1953,45,Female,Medium,
P1954,22,Female,High,
P1955,43,Male,High,Silver
P1956,43,Male,Low,
P1957,29,Male,High,
P1958,22,Male,Medium,
P1959,75,Male,High,Gold
P1960,18,Female,Low,Silver
P1961,64,Female,High,Gold
P1962,53,Male,High,Silver
P1963,48,Female,Low,Platinum
P1964,79,Female,Medium,Gold
P1965,63,Male,Medium,
P1966,30,Male,Medium,Silver
P1967,61,Female,Medium,Platinum
P1968,78,Male,Low,Platinum
P1969,49,Male,Medium,
P1970,27,Female,Medium,
P1971,30,Female,Low,
P1972,33,Female,Low,Platinum
P1973,57,Female,High,
P1974,77,Female,Medium,Gold
P1975,70,Male,Medium,
P1976,73,Male,Medium,Platinum
P1977,59,Female,Medium,
P1978,39,Male,Medium,
P1979,48,Female,Medium,Gold
P1980,18,Male,Medium,Silver
P1981,66,Female,Medium,
P1982,46,Female,Medium,
P1983,65,Female,Medium,
P1984,69,Female,Medium,Platinum
P1985,46,Female,High,
P1986,43,Male,Low,Silver
P1987,27,Male,Medium,
P1988,74,Male,High,Gold
P1989,62,Female,High,
P1990,75,Male,Low,
P1991,65,Male,Low,Platinum
P1992,49,Male,Low,
P1993,72,Male,Medium,
P1994,20,Male,Medium,
P1995,34,Male,Low,
P1996,68,Male,Medium,
P1997,29,Female,Medium,
P1998,23,Female,Low,
P1999,58,Male,Low,Gold
P2000,57,Female,Low,Gold
P2001,73,Male,High,Gold
P2002,66,Female,High,
P2003,27,Male,Medium,Gold
P2004,24,Male,High,Platinum
P2005,72,Female,High,
P2006,34,Male,Low,Silver
P2007,66,Female,Low,
P2008,39,Female,Medium,
P2009,36,Female,Medium,Silver
P2010,43,Female,Medium,Silver
P2011,34,Female,High,Silver
P2012,34,Female,Low,
P2013,33,Female,Medium,
P2014,67,Male,Low,Silver
P2015,29,Female,Medium,Gold
P2016,43,Female,Low,Gold
P2017,77,Male,Low,
P2018,62,Male,Medium,
P2019,75,Male,High,Silver
P2020,57,Female,Medium,Gold
P2021,39,Male,Medium,Silver
P2022,74,Female,Medium,Silver
P2023,66,Male,Medium,
P2024,56,Male,Medium,
P2025,40,Male,High,Silver
P2026,50,Male,Medium,
P2027,18,Female,Medium,Gold
P2028,61,Male,Medium,Platinum
P2029,50,Male,Medium,Gold
P2030,76,Female,High,Gold
P2031,74,Male,High,Gold
P2032,73,Female,High,
P2033,77,Male,Medium,
P2034,79,Male,Medium,Gold
P2035,75,Female,Low,Silver
P2036,46,Male,Low,
P2037,24,Male,Low,
P2038,45,Male,High,
P2039,76,Female,Medium,
P2040,31,Female,Low,
P2041,49,Male,High,
P2042,18,Female,Low,
P2043,76,Male,Low,
P2044,56,Male,Low,
P2045,27,Female,Medium,Silver
P2046,49,Female,Medium,
P2047,79,Male,Low,
P2048,63,Male,Medium,Gold
P2049,50,Female,Low,Gold
P2050,41,Female,Medium,Silver
P2051,77,Female,High,Gold
P2052,79,Female,High,
P2053,38,Male,Medium,
P2054,73,Female,Medium,
P2055,34,Male,Medium,Gold
P2056,30,Male,High,
P2057,41,Female,Medium,
P2058,43,Female,High,Platinum
P2059,51,Male,Medium,Platinum
P2060,50,Male,Low,
P2061,73,Male,Low,
P2062,61,Male,High,Gold
P2063,44,Female,Medium,Gold
P2064,71,Female,Medium,
P2065,68,Female,Medium,
P2066,79,Male,Medium,Silver
P2067,27,Male,High,
P2068,33,Male,Medium,Platinum
P2069,65,Male,High,
P2070,23,Male,Low,
P2071,77,Female,Medium,Gold
P2072,54,Male,Low,Silver
P2073,23,Female,Low,Gold
P2074,46,Male,Low,Gold
P2075,53,Female,Medium,Gold
P2076,31,Female,Medium,Silver
P2077,75,Male,Medium,Platinum
P2078,60,Male,Medium,Gold
P2079,67,Female,Medium,
P2080,50,Female,Medium,Platinum
P2081,78,Female,Medium,
P2082,71,Female,Medium,Gold
P2083,62,Male,Medium,
P2084,48,Female,Medium,
P2085,67,Male,High,Silver
P2086,70,Male,High,
P2087,44,Male,Medium,
P2088,50,Female,Medium,Platinum
P2089,35,Female,Medium,Silver
P2090,22,Male,High,Gold
P2091,50,Female,Medium,
P2092,62,Female,Medium,
P2093,31,Male,Low,
P2094,72,Female,Medium,Silver
P2095,73,Male,Medium,
P2096,26,Male,Low,Gold
P2097,65,Female,High,Silver
P2098,45,Male,High,Silver
P2099,41,Male,Medium,
P2100,18,Female,Low,Platinum
P2101,23,Male,Low,
P2102,19,Female,High,
P2103,36,Male,Medium,
P2104,48,Male,Medium,Silver
P2105,21,Male,Medium,
P2106,38,Male,Medium,
P2107,59,Male,High,
P2108,45,Male,High,Gold
P2109,50,Female,High,
P2110,36,Male,Low,
P2111,27,Female,Medium,
P2112,67,Female,Low,
P2113,59,Male,High,Gold
P2114,71,Female,Medium,
P2115,61,Male,High,
P2116,40,Male,Medium,
P2117,75,Female,Low,
P2118,25,Male,Low,
P2119,37,Female,Low,Gold
P2120,49,Male,Low,Silver
P2121,54,Male,High,
P2122,77,Female,Low,Silver
P2123,63,Female,Low,
P2124,53,Male,Low,
P2125,51,Female,Medium,Gold
P2126,49,Female,Medium,Silver
P2127,56,Female,Medium,Platinum
P2128,19,Female,Low,
P2129,41,Female,Medium,
P2130,28,Female,Medium,Platinum
P2131,73,Female,Low,Gold
P2132,68,Male,Medium,Silver
P2133,40,Male,High,Gold
P2134,52,Male,Medium,
P2135,37,Female,Medium,
P2136,37,Female,Medium,
P2137,44,Female,Medium,
P2138,76,Female,Low,
P2139,45,Male,Low,Gold
P2140,72,Female,Medium,Platinum
P2141,64,Male,Low,
P2142,33,Female,Medium,
P2143,67,Male,Low,Gold
P2144,67,Male,Low,
P2145,57,Male,Medium,
P2146,72,Male,Medium,
P2147,72,Female,High,
P2148,76,Female,High,
P2149,34,Male,High,
P2150,67,Female,Medium,Gold
P2151,38,Female,High,Gold
P2152,40,Female,Medium,
P2153,59,Female,High,Silver
P2154,73,Female,Low,
P2155,55,Female,Low,
P2156,67,Female,Medium,Silver
P2157,56,Female,Medium,Platinum
P2158,72,Female,Medium,Silver
P2159,48,Male,Medium,Silver
P2160,24,Female,High,Silver
P2161,27,Female,High,
P2162,42,Male,High,Silver
P2163,37,Male,Medium,
P2164,35,Male,Medium,Silver
P2165,74,Female,Low,
P2166,42,Male,High,Silver
P2167,26,Female,Medium,Silver
P2168,45,Female,Medium,Silver
P2169,53,Female,Low,Platinum
P2170,57,Male,Medium,Platinum
P2171,25,Female,Medium,
P2172,43,Male,Low,Gold
P2173,78,Female,High,Platinum
P2174,36,Male,High,
P2175,39,Female,Low,Gold
P2176,23,Male,Medium,Platinum
P2177,21,Male,High,Silver
P2178,61,Male,Low,Silver
P2179,68,Male,Low,
P2180,40,Female,High,Gold
P2181,43,Male,Low,
P2182,31,Male,Medium,Silver
P2183,36,Female,High,
P2184,33,Male,Medium,Silver
P2185,30,Female,Medium,Silver
P2186,56,Female,Low,
P2187,31,Male,Medium,
P2188,63,Female,Low,Silver
P2189,76,Male,Medium,Gold
P2190,47,Female,Medium,Silver
P2191,27,Male,Medium,
P2192,38,Female,Medium,
P2193,62,Male,Low,Silver
P2194,27,Male,Low,
P2195,79,Male,Low,Gold
P2196,26,Female,High,Platinum
P2197,79,Male,Low,Silver
P2198,54,Female,Low,
P2199,68,Female,High,Silver
P2200,48,Female,Medium,
P2201,34,Male,Low,Gold
P2202,39,Female,Low,
P2203,59,Female,Medium,
P2204,73,Male,Medium,Silver
P2205,28,Female,Medium,Gold
P2206,53,Female,High,Silver
P2207,49,Male,Medium,
P2208,58,Female,Medium,
P2209,48,Male,Medium,Gold
P2210,56,Female,Medium,
P2211,63,Female,High,Platinum
P2212,66,Male,Medium,
P2213,64,Female,Low,Gold
P2214,63,Male,Medium,
P2215,56,Male,Low,Platinum
P2216,72,Female,Low,
P2217,63,Female,Medium,Silver
P2218,79,Female,Medium,
P2219,38,Male,Medium,
P2220,32,Male,Medium,Platinum
P2221,21,Female,Low,Silver
P2222,50,Female,High,Platinum
P2223,23,Male,Medium,Platinum
P2224,56,Female,Low,Silver
P2225,33,Male,Medium,Silver
P2226,45,Female,Medium,Silver
P2227,26,Male,High,
P2228,20,Male,High,
P2229,30,Male,Medium,
P2230,57,Female,Medium,Silver
P2231,52,Female,Low,
P2232,57,Male,Medium,Silver
P2233,40,Female,Low,
P2234,46,Female,Medium,
P2235,55,Male,Low,Platinum
P2236,58,Female,Medium,Silver
P2237,18,Female,Medium,Platinum
P2238,59,Female,High,
P2239,75,Female,Medium,Silver
P2240,75,Male,Medium,Silver
P2241,45,Female,Medium,
P2242,45,Female,Medium,Silver
P2243,25,Male,Medium,
P2244,26,Female,Medium,Silver
P2245,65,Female,Medium,Silver
P2246,54,Female,Medium,Silver
P2247,36,Male,High,
P2248,33,Male,Low,Platinum
P2249,53,Male,Medium,Gold
P2250,58,Male,High,Gold
P2251,28,Female,Medium,
P2252,72,Female,Medium,Platinum
P2253,44,Male,Medium,
P2254,61,Male,Medium,Silver
P2255,77,Male,Medium,
P2256,60,Male,High,Silver
P2257,65,Male,Low,Silver
P2258,33,Male,High,Gold
P2259,53,Male,Medium,Platinum
P2260,65,Female,Low,
P2261,46,Male,Medium,Gold
P2262,78,Male,Medium,
P2263,75,Male,Low,
P2264,60,Male,Low,Gold
P2265,65,Female,Medium,
P2266,53,Male,Medium,
P2267,74,Female,High,
P2268,49,Male,Medium,
P2269,45,Male,Medium,
P2270,50,Male,High,
P2271,34,Male,Medium,
P2272,36,Female,Medium,
P2273,40,Female,Medium,
P2274,50,Female,Medium,Silver
P2275,21,Female,Low,Gold
P2276,25,Female,High,Silver
P2277,32,Male,Medium,
P2278,64,Male,Low,
P2279,19,Female,Low,Silver
P2280,33,Female,High,Silver
P2281,47,Female,Low,
P2282,32,Male,High,
P2283,68,Female,Low,Silver
P2284,52,Male,Medium,Platinum
P2285,64,Male,Medium,
P2286,19,Female,Low,
P2287,53,Male,Medium,Silver
P2288,21,Female,Medium,
P2289,37,Male,High,
P2290,74,Male,High,
P2291,69,Male,Low,
P2292,35,Male,Medium,Gold
P2293,75,Male,Low,
P2294,28,Male,Low,
P2295,64,Male,High,Platinum
P2296,75,Male,Medium,Silver
P2297,44,Male,Medium,
P2298,42,Female,Medium,Platinum
P2299,62,Female,Medium,
P2300,63,Female,Medium,Silver
P2301,66,Male,High,Platinum
P2302,27,Female,High,Silver
P2303,74,Male,Low,
P2304,78,Female,Medium,Platinum
P2305,54,Male,High,
P2306,70,Male,Medium,
P2307,76,Male,Low,Silver
P2308,54,Female,Medium,
P2309,73,Male,Low,Gold
P2310,36,Female,Low,Gold
P2311,36,Male,Low,Silver
P2312,71,Female,Medium,Silver
P2313,53,Female,Medium,Silver
P2314,53,Female,Low,
P2315,43,Female,Low,
P2316,64,Male,Low,
P2317,72,Female,Medium,
P2318,67,Male,Medium,
P2319,50,Male,Low,
P2320,23,Female,Low,Gold
P2321,76,Male,Medium,
P2322,37,Male,Low,Gold
P2323,70,Male,High,
P2324,68,Male,High,
P2325,62,Male,Low,Silver
P2326,76,Male,Low,
P2327,54,Female,Medium,Gold
P2328,77,Male,Medium,
P2329,59,Male,Low,
P2330,24,Female,High,
P2331,36,Male,Low,
P2332,49,Male,Low,Gold
P2333,26,Male,Medium,Platinum
P2334,79,Male,Medium,Gold
P2335,51,Male,Low,Silver
P2336,44,Female,Low,
P2337,32,Male,High,Silver
P2338,53,Female,High,
P2339,18,Female,Low,
P2340,47,Male,Low,
P2341,66,Male,Low,Platinum
P2342,60,Female,High,
P2343,49,Male,High,
P2344,40,Male,Medium,Silver
P2345,62,Female,High,
P2346,24,Female,Low,Silver
P2347,75,Female,Low,
P2348,23,Female,Low,Platinum
P2349,50,Female,High,Silver
P2350,37,Male,Medium,
P2351,28,Female,Low,Gold
P2352,21,Male,High,
P2353,74,Male,Low,
P2354,74,Male,Medium,Silver
P2355,59,Male,Low,Platinum
P2356,54,Male,Medium,
P2357,50,Male,Low,
P2358,18,Female,Medium,
P2359,27,Female,Medium,Silver
P2360,57,Female,Medium,Silver
P2361,57,Female,Low,
P2362,45,Female,Medium,Silver
P2363,29,Female,Medium,Gold
P2364,24,Male,Low,Silver
P2365,70,Female,Low,
P2366,20,Male,Medium,
P2367,73,Female,High,Platinum
P2368,33,Female,Low,Silver
P2369,22,Female,Low,Gold
P2370,77,Male,Medium,Gold
P2371,19,Male,Medium,Silver
P2372,57,Female,High,
P2373,27,Female,High,
P2374,23,Female,High,Gold
P2375,58,Female,Low,Gold
P2376,32,Female,Low,
P2377,20,Female,Low,Silver
P2378,43,Female,High,Platinum
P2379,32,Male,Low,
P2380,22,Female,Medium,Silver
P2381,76,Male,Medium,Silver
P2382,45,Female,Medium,
P2383,71,Male,Low,
P2384,61,Female,High,Platinum
P2385,29,Male,High,Platinum
P2386,27,Female,Low,
P2387,43,Female,Medium,Silver
P2388,59,Female,Medium,
P2389,37,Female,Medium,
P2390,77,Female,High,Silver
P2391,42,Male,Medium,
P2392,23,Female,Low,Gold
P2393,41,Female,Medium,
P2394,22,Female,High,
P2395,48,Male,Medium,
P2396,36,Male,Medium,Silver
P2397,63,Male,Medium,
P2398,67,Male,Low,Platinum
P2399,25,Female,High,
P2400,49,Female,Medium,Silver
P2401,21,Male,Low,Silver
P2402,69,Female,Medium,Platinum
P2403,25,Male,High,
P2404,62,Female,Medium,
P2405,76,Male,High,Silver
P2406,62,Male,Medium,Silver
P2407,45,Male,High,
P2408,63,Male,Medium,
P2409,60,Male,Low,
P2410,58,Male,Low,Silver
P2411,78,Female,Medium,
P2412,68,Female,High,Silver
P2413,30,Female,Low,Silver
P2414,23,Male,Medium,Gold
P2415,50,Female,Low,
P2416,37,Female,Low,
P2417,69,Male,Medium,
P2418,54,Male,Medium,Silver
P2419,27,Female,High,Silver
P2420,56,Female,Low,Silver
P2421,65,Male,Medium,Gold
P2422,72,Female,Medium,
P2423,50,Female,Medium,
P2424,49,Male,Low,Silver
P2425,58,Female,Low,Gold
P2426,52,Male,High,
P2427,31,Female,Medium,Silver
P2428,37,Female,Medium,Silver
P2429,79,Female,Medium,
P2430,21,Female,Low,Silver
P2431,40,Male,Medium,
P2432,25,Male,High,Silver
P2433,18,Female,Medium,Silver
P2434,77,Male,Low,
P2435,62,Female,Medium,
P2436,55,Male,Medium,Silver
P2437,64,Male,Medium,Silver
P2438,56,Male,High,
P2439,22,Female,Low,
P2440,21,Female,Medium,
P2441,26,Male,Low,Gold
P2442,44,Female,Medium,Platinum
P2443,54,Male,High,
P2444,44,Female,High,Silver
P2445,53,Male,Low,
P2446,76,Male,Medium,Platinum
P2447,64,Female,Medium,
P2448,45,Female,Medium,Silver
P2449,39,Male,Low,
P2450,21,Male,Low,
P2451,62,Male,Low,
P2452,21,Male,Low,Silver
P2453,19,Female,High,Gold
P2454,22,Male,Low,
P2455,36,Female,High,
P2456,28,Male,Medium,Silver
P2457,19,Female,Low,Silver
P2458,78,Male,Medium,Silver
P2459,47,Female,High,
P2460,29,Female,Low,Silver
P2461,28,Male,Medium,
P2462,44,Male,High,Silver
P2463,77,Female,Low,Silver
P2464,40,Female,High,
P2465,40,Female,Low,
P2466,58,Female,Medium,Silver
P2467,58,Female,Medium,Platinum
P2468,25,Female,High,Silver
P2469,71,Female,Medium,
P2470,75,Female,Medium,Silver
P2471,36,Male,Low,
P2472,34,Female,Low,Platinum
P2473,58,Female,Low,Platinum
P2474,27,Male,Low,
P2475,48,Female,Medium,
P2476,76,Female,Medium,
P2477,65,Male,Medium,Silver
P2478,58,Female,Medium,
P2479,72,Male,Low,Gold
P2480,32,Female,Medium,Platinum
P2481,79,Male,Medium,Platinum
P2482,73,Male,Low,Silver
P2483,33,Male,Medium,Silver
P2484,34,Female,High,Silver
P2485,37,Male,Medium,
P2486,31,Female,Medium,
P2487,31,Female,Medium,
P2488,21,Female,Medium,Silver
P2489,20,Male,High,
P2490,45,Male,Low,Silver
P2491,74,Male,Low,
P2492,44,Female,Medium,
P2493,72,Male,Low,
P2494,60,Male,High,Gold
P2495,51,Female,Medium,Gold
P2496,48,Female,Medium,Silver
P2497,65,Male,Medium,Silver
P2498,47,Female,Low,Silver
P2499,49,Male,Medium,Platinum
P2500,78,Female,Medium,
P2501,25,Male,Medium,
P2502,70,Female,High,Silver
P2503,48,Male,Low,
P2504,47,Female,High,
P2505,23,Female,Low,Platinum
P2506,45,Male,Medium,Silver
P2507,70,Male,Medium,
P2508,65,Female,Medium,
P2509,28,Male,Medium,
P2510,45,Male,Medium,
P2511,78,Male,Medium,
P2512,46,Male,Medium,
P2513,33,Male,Medium,Platinum
P2514,51,Male,Low,Silver
P2515,78,Female,High,
P2516,21,Female,Medium,Silver
P2517,55,Male,Medium,
P2518,26,Female,High,
P2519,26,Male,High,
P2520,62,Female,Low,
P2521,49,Female,Medium,
P2522,36,Female,Medium,
P2523,65,Male,Low,
P2524,51,Female,Medium,Gold
P2525,66,Female,High,
P2526,35,Female,Medium,Silver
P2527,64,Male,Low,
P2528,52,Female,Medium,Silver
P2529,22,Male,Low,Silver
P2530,64,Female,High,
P2531,59,Female,Low,Platinum
P2532,23,Female,Medium,Platinum
P2533,31,Female,Low,Silver
P2534,53,Male,Low,
P2535,41,Female,Medium,Silver
P2536,57,Male,High,
P2537,42,Female,High,
P2538,54,Female,High,Silver
P2539,68,Female,Low,Silver
P2540,46,Male,High,
P2541,79,Male,High,
P2542,51,Male,High,
P2543,79,Female,Low,
P2544,70,Male,Medium,Silver
P2545,26,Female,Low,
P2546,65,Female,Medium,
P2547,79,Male,Medium,
P2548,77,Male,High,
P2549,50,Female,Low,Silver
P2550,60,Female,Medium,
P2551,60,Male,Medium,
P2552,52,Female,Low,Silver
P2553,57,Male,Low,
P2554,57,Female,Medium,
P2555,25,Female,High,
P2556,23,Male,Medium,
P2557,49,Female,Medium,
P2558,19,Female,High,Silver
P2559,58,Female,High,Silver
P2560,72,Male,Medium,
P2561,36,Female,High,
P2562,60,Female,Medium,
P2563,69,Female,Medium,Silver
P2564,30,Male,Medium,Silver
P2565,19,Male,Medium,Platinum
P2566,47,Female,Medium,
P2567,39,Female,Low,
P2568,78,Male,Medium,
P2569,32,Female,Low,
P2570,19,Male,Medium,
P2571,69,Male,Low,
P2572,68,Male,High,
P2573,20,Male,Medium,
P2574,64,Male,Low,Platinum
P2575,60,Male,High,
P2576,25,Male,Medium,Silver
P2577,41,Female,Medium,Silver
P2578,61,Male,Low,
P2579,67,Female,Medium,
P2580,19,Male,High,Platinum
P2581,45,Female,Medium,
P2582,22,Female,Low,
P2583,38,Female,High,Silver
P2584,28,Male,Medium,Platinum
P2585,60,Female,High,
P2586,24,Male,Medium,Silver
P2587,34,Female,High,Silver
P2588,29,Male,Low,
P2589,46,Male,Medium,
P2590,21,Male,Medium,Gold
P2591,73,Male,Medium,
P2592,68,Male,Medium,
P2593,43,Male,Medium,Silver
P2594,40,Female,High,Silver
P2595,25,Male,Low,
P2596,45,Male,Medium,
P2597,39,Female,Low,
P2598,38,Male,Low,
P2599,66,Male,Medium,
P2600,37,Male,High,
P2601,18,Male,Medium,
P2602,56,Female,High,
P2603,51,Female,High,
P2604,37,Male,Low,
P2605,49,Male,High,Silver
P2606,76,Female,Medium,
P2607,25,Male,Medium,
P2608,31,Female,Low,
P2609,55,Male,Low,
P2610,65,Female,Medium,Silver
P2611,56,Male,High,Silver
P2612,67,Male,Medium,Gold
P2613,28,Male,Medium,
P2614,67,Female,Medium,
P2615,29,Female,Medium,Gold
P2616,60,Male,Low,
P2617,63,Male,Medium,Platinum
P2618,39,Male,Low,
P2619,58,Male,Medium,Silver
P2620,76,Male,Low,
P2621,40,Female,High,Silver
P2622,65,Male,High,
P2623,36,Male,Medium,Silver
P2624,29,Male,High,
P2625,28,Female,Low,Silver
P2626,22,Male,Low,
P2627,24,Male,Medium,
P2628,56,Male,High,Silver
P2629,55,Male,Low,
P2630,44,Female,Medium,Silver
P2631,67,Female,High,Platinum
P2632,70,Female,High,
P2633,38,Female,Low,Silver
P2634,75,Female,Medium,Silver
P2635,56,Female,Medium,Platinum
P2636,48,Female,Low,Gold
P2637,42,Female,Medium,
P2638,56,Male,Medium,Platinum
P2639,51,Female,Medium,
P2640,77,Male,Medium,
P2641,24,Male,Low,
P2642,36,Male,Low,Silver
P2643,25,Female,Medium,Silver
P2644,78,Female,Medium,Platinum
P2645,19,Male,High,
P2646,56,Female,Medium,
P2647,34,Female,Medium,
P2648,71,Female,Medium,
P2649,31,Male,Medium,Gold
P2650,38,Male,Low,Silver
P2651,36,Male,Low,Silver
P2652,38,Male,Medium,Silver
P2653,72,Female,High,
P2654,50,Male,Low,Gold
P2655,34,Female,Low,
P2656,58,Male,Medium,
P2657,19,Female,Medium,Gold
P2658,78,Male,High,
P2659,67,Female,Medium,
P2660,75,Male,High,Silver
P2661,21,Male,Medium,
P2662,78,Female,Low,Silver
P2663,28,Female,Low,
P2664,18,Female,Medium,Silver
P2665,58,Male,Medium,
P2666,57,Female,High,Gold
P2667,58,Female,Medium,Silver
P2668,78,Male,High,
P2669,77,Male,Low,Gold
P2670,18,Male,Medium,Silver
P2671,63,Female,Medium,Gold
P2672,61,Male,Medium,
P2673,42,Male,Low,Silver
P2674,27,Female,Medium,Silver
P2675,61,Female,High,
P2676,27,Male,Medium,
P2677,38,Female,Medium,Platinum
P2678,32,Male,High,Gold
P2679,33,Female,Medium,
P2680,35,Female,Medium,Platinum
P2681,42,Female,Medium,Silver
P2682,42,Male,Medium,
P2683,59,Male,Medium,
P2684,30,Male,Medium,
P2685,63,Male,High,
P2686,64,Male,Medium,Gold
P2687,47,Male,Medium,
P2688,52,Male,Low,Gold
P2689,66,Male,Low,
P2690,46,Female,Medium,
P2691,64,Female,Medium,Silver
P2692,64,Male,Medium,
P2693,43,Female,High,Platinum
P2694,68,Female,Medium,Silver
P2695,22,Female,High,Silver
P2696,66,Male,Medium,
P2697,22,Male,Low,
P2698,32,Male,Medium,Platinum
P2699,27,Female,Medium,
P2700,55,Male,Medium,
P2701,18,Female,Low,Silver
P2702,60,Female,Low,
P2703,28,Female,Medium,Silver
P2704,73,Female,Medium,Silver
P2705,59,Female,Low,
P2706,46,Male,Medium,
P2707,73,Male,Medium,
P2708,38,Male,Medium,
P2709,24,Male,Low,Gold
P2710,51,Female,High,Silver
P2711,33,Male,Medium,Platinum
P2712,50,Female,Low,
P2713,53,Female,Low,
P2714,73,Male,Low,
P2715,52,Male,Low,
P2716,63,Male,Medium,Gold
P2717,65,Male,Medium,Platinum
P2718,67,Female,Medium,Gold
P2719,22,Female,Low,
P2720,27,Male,Medium,
P2721,23,Female,Medium,Silver
P2722,50,Male,Medium,Gold
P2723,59,Female,Medium,Gold
P2724,34,Male,Medium,
P2725,36,Male,Medium,
P2726,44,Female,Low,Gold
P2727,34,Male,Medium,
P2728,27,Male,High,
P2729,77,Female,Medium,
P2730,51,Female,High,Gold
P2731,36,Male,High,
P2732,28,Male,High,Gold
P2733,71,Female,High,Silver
P2734,42,Male,Medium,
P2735,20,Female,Medium,Gold
P2736,53,Male,Medium,Silver
P2737,52,Female,High,
P2738,40,Male,Low,
P2739,46,Male,Medium,Silver
P2740,71,Female,Low,Silver
P2741,47,Female,High,
P2742,29,Male,Low,
P2743,44,Male,Low,Gold
P2744,72,Male,Medium,Platinum
P2745,70,Male,Medium,
P2746,57,Male,Medium,
P2747,73,Male,High,Gold
P2748,20,Male,Medium,Gold
P2749,75,Male,High,Silver
P2750,54,Female,High,Gold
P2751,29,Male,Low,
P2752,67,Male,High,Gold
P2753,72,Female,Medium,
P2754,18,Female,Low,
P2755,45,Male,Medium,
P2756,56,Female,Medium,Silver
P2757,23,Male,Medium,Gold
P2758,26,Male,Low,
P2759,52,Female,High,
P2760,37,Female,Medium,Silver
P2761,79,Female,Low,
P2762,73,Female,High,Silver
P2763,68,Female,High,
P2764,67,Female,Medium,Silver
P2765,75,Male,Medium,Silver
P2766,22,Male,High,
P2767,54,Female,High,
P2768,23,Female,High,Silver
P2769,77,Female,High,Platinum
P2770,62,Male,Medium,Silver
P2771,56,Female,High,Gold
P2772,18,Male,Medium,
P2773,64,Male,Medium,
P2774,44,Male,Low,
P2775,44,Male,Low,Gold
P2776,63,Female,Medium,
P2777,31,Female,Low,
P2778,73,Male,Medium,
P2779,60,Female,Medium,Platinum
P2780,29,Male,Medium,
P2781,49,Female,High,
P2782,50,Male,Low,Gold
P2783,19,Male,High,
P2784,44,Male,Low,Platinum
P2785,26,Female,Low,
P2786,47,Female,Medium,
P2787,68,Female,Low,
P2788,46,Female,Medium,
P2789,28,Female,Medium,
P2790,19,Male,Low,Silver
P2791,31,Male,Medium,
P2792,64,Male,Low,Silver
P2793,65,Female,Low,
P2794,48,Male,Medium,Silver
P2795,34,Male,Low,Silver
P2796,37,Female,Low,Silver
P2797,44,Male,Low,Gold
P2798,27,Female,Low,
P2799,20,Male,Medium,Gold
P2800,38,Male,Medium,
P2801,77,Male,Medium,Gold
P2802,27,Male,Medium,
P2803,65,Female,High,
P2804,62,Female,Medium,
P2805,59,Female,Medium,
P2806,53,Male,Medium,
P2807,73,Male,Medium,
P2808,52,Female,High,
P2809,65,Male,Medium,
P2810,49,Female,Medium,
P2811,24,Male,Low,Platinum
P2812,53,Male,Low,Silver
P2813,65,Male,Low,
P2814,37,Male,Low,Platinum
P2815,49,Female,Low,Silver
P2816,24,Female,High,Gold
P2817,35,Female,Low,
P2818,29,Male,Medium,Silver
P2819,69,Female,Low,Gold
P2820,34,Female,Medium,
P2821,70,Male,Low,Gold
P2822,52,Female,High,
P2823,47,Female,Medium,
P2824,57,Female,Medium,Platinum
P2825,60,Male,Medium,
P2826,30,Male,Medium,Platinum
P2827,29,Female,High,Gold
P2828,34,Female,Low,
P2829,49,Female,Low,
P2830,43,Male,High,
P2831,53,Male,Medium,Silver
P2832,59,Female,High,Gold
P2833,53,Male,Low,
P2834,60,Male,High,Platinum
P2835,57,Male,High,Gold
P2836,39,Male,Low,Platinum
P2837,53,Female,Medium,Silver
P2838,29,Male,High,Gold
P2839,43,Female,Low,Gold
P2840,78,Female,Low,
P2841,63,Female,High,
P2842,23,Male,High,Platinum
P2843,77,Female,Medium,Platinum
P2844,46,Male,Medium,Platinum
P2845,74,Male,High,Gold
P2846,69,Male,Medium,
P2847,44,Female,Medium,Gold
P2848,73,Female,Medium,Gold
P2849,47,Male,Low,Silver
P2850,36,Male,Low,
P2851,28,Female,Medium,
P2852,56,Female,Medium,Gold
P2853,47,Female,Medium,Silver
P2854,63,Male,High,Silver
P2855,44,Male,High,Platinum
P2856,39,Male,Medium,Silver
P2857,25,Male,Low,Silver
P2858,48,Male,Low,Platinum
P2859,40,Male,Medium,Gold
P2860,37,Female,Medium,
P2861,66,Male,Low,
P2862,29,Female,Medium,
P2863,67,Male,Medium,Gold
P2864,74,Female,High,
P2865,46,Male,Low,
P2866,46,Male,Low,Platinum
P2867,60,Female,Medium,
P2868,59,Male,Low,Silver
P2869,57,Male,Medium,
P2870,44,Male,Medium,Platinum
P2871,48,Female,Medium,
P2872,42,Female,Medium,
P2873,29,Male,High,
P2874,61,Male,High,Silver
P2875,29,Male,High,Silver
P2876,42,Male,Medium,Silver
P2877,18,Male,High,
P2878,61,Female,Low,Silver
P2879,40,Male,Low,
P2880,55,Female,Medium,
P2881,41,Female,Medium,Gold
P2882,78,Female,Medium,Platinum
P2883,18,Male,Medium,
P2884,29,Male,Medium,Silver
P2885,57,Male,Medium,Platinum
P2886,77,Female,Medium,
P2887,38,Male,Low,Silver
P2888,22,Female,High,
P2889,34,Female,Low,Gold
P2890,72,Male,Low,
P2891,44,Female,Low,
P2892,32,Male,Medium,Silver
P2893,77,Male,High,
P2894,28,Male,Medium,Silver
P2895,37,Female,Low,
P2896,33,Male,Medium,
P2897,34,Male,Medium,Gold
P2898,42,Male,Medium,
P2899,67,Male,High,Platinum
P2900,29,Male,Low,Gold
P2901,40,Male,Low,
P2902,59,Female,Medium,Gold
P2903,53,Female,Medium,
P2904,33,Female,High,
P2905,26,Female,Low,
P2906,32,Male,Medium,Silver
P2907,32,Male,Medium,
P2908,18,Male,Medium,Gold
P2909,50,Male,Medium,Platinum
P2910,69,Male,Medium,Platinum
P2911,39,Male,Medium,
P2912,79,Female,Medium,
P2913,78,Female,High,
P2914,66,Male,Medium,Gold
P2915,59,Male,High,Platinum
P2916,66,Female,Medium,
P2917,67,Female,Low,
P2918,34,Female,Low,
P2919,43,Female,Low,Silver
P2920,51,Female,High,Gold
P2921,19,Female,Low,
P2922,57,Male,Low,
P2923,49,Male,Medium,
P2924,20,Male,Medium,Silver
P2925,37,Female,Low,
P2926,74,Male,High,
P2927,66,Female,Medium,Silver
P2928,24,Female,Medium,
P2929,72,Male,Medium,Gold
P2930,34,Female,Medium,Platinum
P2931,46,Male,Medium,Platinum
P2932,79,Female,Medium,
P2933,51,Male,Low,Silver
P2934,53,Male,Medium,Gold
P2935,35,Male,Medium,Silver
P2936,55,Male,Medium,
P2937,43,Male,Low,Silver
P2938,19,Female,Medium,
P2939,73,Male,Low,
P2940,40,Male,Medium,Gold
P2941,33,Female,Low,
P2942,42,Female,Low,Gold
P2943,47,Female,Medium,Silver
P2944,72,Male,Low,Platinum
P2945,39,Female,Low,
P2946,38,Male,Medium,
P2947,21,Female,Medium,Silver
P2948,71,Female,Medium,Platinum
P2949,18,Male,Low,Silver
P2950,61,Male,Low,
P2951,18,Female,Low,
P2952,29,Female,High,Gold
P2953,26,Male,Low,Silver
P2954,23,Male,Low,Silver
P2955,47,Male,Low,
P2956,28,Female,Low,Gold
P2957,47,Female,High,Gold
P2958,66,Female,Low,
P2959,29,Male,Medium,Silver
P2960,23,Male,High,Silver
P2961,31,Female,High,Platinum
P2962,79,Male,High,
P2963,18,Male,Low,Gold
P2964,26,Male,High,
P2965,77,Female,Medium,
P2966,39,Female,Low,Platinum
P2967,47,Male,Low,
P2968,42,Male,Medium,Silver
P2969,33,Female,Medium,Platinum
P2970,59,Male,Low,
P2971,50,Male,Medium,
P2972,76,Female,Low,Gold
P2973,25,Female,Low,
P2974,68,Female,Low,
P2975,59,Female,Low,
P2976,70,Female,Low,Gold
P2977,50,Female,Medium,Silver
P2978,28,Male,Low,Silver
P2979,73,Female,Medium,Gold
P2980,65,Female,Medium,Silver
P2981,66,Female,Medium,Gold
P2982,42,Female,Low,Silver
P2983,63,Female,Medium,Silver
P2984,26,Male,Low,
P2985,27,Female,Low,
P2986,32,Female,Medium,
P2987,53,Male,Medium,
P2988,26,Female,Medium,Platinum
P2989,48,Male,Low,Silver
P2990,33,Female,Medium,Silver
P2991,59,Female,Medium,Silver
P2992,22,Male,Medium,Silver
P2993,76,Male,Low,
P2994,29,Female,Low,
P2995,61,Male,Medium,
P2996,76,Male,Low,
P2997,27,Male,Medium,
P2998,51,Female,Medium,Gold
P2999,37,Female,High,
P3000,31,Male,Low,Silver
P3001,76,Male,Low,
P3002,34,Male,Medium,Silver
P3003,68,Female,Medium,
P3004,76,Male,Medium,
P3005,59,Female,Medium,
P3006,56,Male,Low,Silver
P3007,54,Male,High,Silver
P3008,19,Female,Medium,Silver
P3009,39,Male,High,
P3010,23,Male,Medium,Silver
P3011,66,Male,Medium,Silver
P3012,37,Male,Low,
P3013,70,Female,High,Platinum
P3014,36,Female,Medium,Gold
P3015,24,Female,Medium,Gold
P3016,52,Male,Medium,Gold
P3017,47,Female,Low,Platinum
P3018,20,Female,Low,
P3019,70,Female,Low,
P3020,61,Female,Medium,
P3021,27,Female,High,Silver
P3022,66,Female,Low,
P3023,22,Female,Medium,Gold
P3024,31,Female,High,Silver
P3025,73,Female,Medium,Silver
P3026,37,Female,High,Gold
P3027,32,Male,Low,Platinum
P3028,43,Female,Low,Gold
P3029,56,Female,Medium,
P3030,28,Male,Medium,
P3031,21,Male,Medium,Silver
P3032,76,Male,Medium,Gold
P3033,60,Female,Medium,Platinum
P3034,18,Female,Medium,Platinum
P3035,38,Male,Medium,Silver
P3036,39,Male,Medium,
P3037,64,Female,Medium,
P3038,68,Female,Medium,
P3039,18,Male,Medium,Gold
P3040,28,Male,High,Silver
P3041,18,Female,Medium,Gold
P3042,68,Female,Low,
P3043,22,Female,Medium,
P3044,59,Female,High,Silver
P3045,49,Female,Medium,Silver
P3046,54,Male,Medium,
P3047,65,Female,High,Silver
P3048,39,Female,Low,Platinum
P3049,20,Female,Medium,
P3050,29,Female,Medium,
P3051,59,Female,Medium,
P3052,37,Female,Medium,Silver
P3053,40,Female,Medium,Gold
P3054,62,Female,Low,Platinum
P3055,69,Female,High,Silver
P3056,70,Male,High,Silver
P3057,79,Male,High,Platinum
P3058,44,Male,High,
P3059,55,Female,Low,
P3060,77,Male,High,
P3061,22,Female,Medium,Gold
P3062,29,Female,Low,Silver
P3063,54,Female,Low,Silver
P3064,49,Male,High,Gold
P3065,66,Female,Medium,Silver
P3066,55,Male,Medium,
P3067,58,Female,Low,Silver
P3068,21,Female,Medium,
P3069,70,Male,High,Silver
P3070,57,Female,High,
P3071,79,Female,Medium,
P3072,63,Female,Medium,
P3073,24,Female,Low,
P3074,44,Male,Low,
P3075,37,Female,High,
P3076,61,Female,Medium,
P3077,18,Female,High,Gold
P3078,41,Female,Low,
P3079,52,Male,Low,Silver
P3080,48,Female,Low,
P3081,65,Male,Low,
P3082,68,Male,Low,Silver
P3083,27,Male,Medium,
P3084,26,Female,Medium,Gold
P3085,73,Male,Medium,
P3086,51,Male,Low,Gold
P3087,46,Female,Medium,Gold
P3088,31,Female,Medium,
P3089,60,Female,Low,
P3090,30,Male,Medium,Silver
P3091,21,Male,Low,Gold
P3092,73,Female,Low,
P3093,78,Male,Medium,Platinum
P3094,56,Male,Medium,Silver
P3095,62,Female,Low,
P3096,70,Male,Low,
P3097,52,Female,Medium,Silver
P3098,42,Female,Medium,
P3099,59,Male,Medium,Platinum
P3100,62,Female,Medium,Gold
P3101,22,Male,High,
P3102,32,Male,Medium,
P3103,32,Male,Low,Gold
P3104,43,Female,Low,Gold
P3105,47,Male,Low,
P3106,29,Male,Medium,
P3107,63,Male,Medium,
P3108,76,Female,Low,Silver
P3109,46,Male,Medium,Silver
P3110,75,Male,Medium,Gold
P3111,28,Female,Low,Gold
P3112,66,Female,Low,
P3113,63,Male,Low,
P3114,78,Male,Medium,Silver
P3115,54,Male,Low,
P3116,58,Male,Medium,Silver
P3117,51,Female,Low,Silver
P3118,28,Female,High,Silver
P3119,68,Female,Medium,
P3120,46,Female,Low,
P3121,62,Female,Medium,Silver
P3122,31,Female,High,Platinum
P3123,68,Male,High,
P3124,75,Male,Medium,Silver
P3125,19,Female,Medium,Silver
P3126,48,Male,Medium,
P3127,36,Male,Medium,
P3128,51,Female,Medium,
P3129,55,Male,Medium,
P3130,77,Male,Low,Silver
P3131,47,Female,Medium,
P3132,76,Female,High,Platinum
P3133,28,Female,Medium,Silver
P3134,64,Male,Low,Gold
P3135,60,Male,Medium,
P3136,71,Female,Low,
P3137,34,Female,Medium,Platinum
P3138,30,Male,Medium,Silver
P3139,67,Female,High,Silver
P3140,59,Male,Medium,Gold
P3141,75,Female,Low,Silver
P3142,36,Female,High,
P3143,36,Male,Medium,Silver
P3144,32,Male,Medium,Platinum
P3145,48,Male,Low,
P3146,75,Female,High,
P3147,49,Male,Medium,
P3148,19,Female,Medium,
P3149,30,Female,Low,Platinum
P3150,55,Male,High,Silver
P3151,67,Female,Low,Silver
P3152,50,Male,Medium,Silver
P3153,27,Male,Medium,
P3154,25,Male,Low,Silver
P3155,79,Female,High,Silver
P3156,28,Female,Low,Silver
P3157,28,Male,High,Gold
P3158,31,Male,Medium,Silver
P3159,49,Female,Medium,Platinum
P3160,21,Male,High,Platinum
P3161,64,Male,High,Gold
P3162,28,Male,Low,Silver
P3163,34,Male,Low,
P3164,49,Female,Medium,
P3165,22,Male,High,
P3166,38,Female,Medium,
P3167,65,Female,Medium,Platinum
P3168,29,Male,High,
P3169,29,Female,Low,Gold
P3170,64,Male,Medium,
P3171,65,Male,Low,
P3172,35,Female,Medium,
P3173,21,Male,Medium,
P3174,67,Female,Medium,Gold
P3175,38,Male,High,
P3176,22,Male,Low,
P3177,64,Female,Low,
P3178,60,Female,High,Platinum
P3179,71,Female,Low,Platinum
P3180,55,Female,Medium,
P3181,37,Male,Medium,
P3182,24,Male,Medium,
P3183,66,Male,High,Silver
P3184,28,Male,Low,
P3185,21,Male,Low,Gold
P3186,59,Female,Medium,Silver
P3187,45,Male,Medium,
P3188,55,Male,High,Silver
P3189,70,Male,High,Silver
P3190,74,Female,Medium,Platinum
P3191,45,Male,Medium,Platinum
P3192,58,Male,High,Gold
P3193,31,Male,Low,Gold
P3194,79,Female,Low,Gold
P3195,42,Male,Low,Silver
P3196,47,Male,Medium,
P3197,47,Female,Medium,Gold
P3198,40,Male,Medium,Silver
P3199,29,Male,Medium,
P3200,39,Male,Medium,
P3201,60,Male,Medium,
P3202,40,Male,Medium,
P3203,31,Male,Medium,
P3204,65,Female,Medium,
P3205,74,Female,High,
P3206,71,Male,High,Platinum
P3207,60,Female,Low,Platinum
P3208,41,Female,Medium,Silver
P3209,42,Female,High,
P3210,59,Female,High,Gold
P3211,57,Female,Medium,
P3212,26,Male,Low,
P3213,34,Female,Medium,Gold
P3214,55,Male,Medium,
P3215,76,Female,High,
P3216,42,Female,Medium,
P3217,53,Male,High,Gold
P3218,34,Female,Medium,
P3219,36,Male,Medium,Silver
P3220,21,Male,Medium,
P3221,69,Male,Medium,Silver
P3222,50,Female,Low,
P3223,33,Male,High,
P3224,21,Female,High,
P3225,66,Female,Medium,
P3226,25,Female,Low,Silver
P3227,25,Male,High,Silver
P3228,76,Female,High,
P3229,27,Male,Medium,Gold
P3230,29,Female,Medium,Gold
P3231,75,Female,Medium,
P3232,32,Female,Medium,
P3233,41,Male,Low,
P3234,43,Female,Medium,
P3235,77,Female,Low,Platinum
P3236,24,Male,Medium,Silver
P3237,72,Male,Medium,Gold
P3238,20,Female,Low,Silver
P3239,75,Male,High,
P3240,50,Female,Low,Silver
P3241,48,Male,Medium,
P3242,28,Female,High,
P3243,21,Female,Medium,
P3244,36,Female,High,
P3245,65,Female,Medium,
P3246,30,Male,Medium,Silver
P3247,39,Male,Medium,Platinum
P3248,67,Female,Medium,
P3249,38,Female,Medium,
P3250,54,Female,Medium,Silver
P3251,26,Female,Medium,Gold
P3252,73,Female,Low,Gold
P3253,76,Male,Low,
P3254,21,Female,Medium,
P3255,49,Female,High,Platinum
P3256,69,Female,Medium,
P3257,66,Female,Medium,Silver
P3258,61,Male,Low,Platinum
P3259,45,Male,Medium,
P3260,48,Female,Medium,
P3261,23,Male,Medium,Platinum
P3262,48,Male,Low,Silver
P3263,59,Female,Low,
P3264,69,Female,Medium,Gold
P3265,23,Female,Medium,Silver
P3266,61,Female,Low,Gold
P3267,79,Male,Low,Silver
P3268,58,Female,High,Gold
P3269,32,Male,Medium,Silver
P3270,36,Male,High,
P3271,74,Male,Medium,
P3272,36,Female,Low,
P3273,57,Female,Low,Silver
P3274,27,Male,Medium,Silver
P3275,56,Female,Medium,
P3276,77,Male,Medium,
P3277,27,Female,Medium,Gold
P3278,73,Female,Low,Silver
P3279,43,Female,High,Gold
P3280,20,Female,Medium,Platinum
P3281,69,Female,Low,
P3282,74,Female,Low,
P3283,32,Male,Medium,
P3284,53,Female,Low,Silver
P3285,45,Female,Medium,Platinum
P3286,67,Male,Medium,
P3287,28,Male,Medium,
P3288,18,Male,Low,Silver
P3289,24,Female,Low,
P3290,45,Male,High,
P3291,76,Male,Low,Platinum
P3292,18,Female,Medium,
P3293,40,Female,Low,Platinum
P3294,55,Male,High,Platinum
P3295,34,Female,Medium,
P3296,68,Male,Low,Silver
P3297,31,Female,Medium,Silver
P3298,76,Male,High,
P3299,30,Female,Medium,
P3300,67,Female,Medium,Platinum
P3301,77,Male,Medium,Silver
P3302,67,Male,Low,Platinum
P3303,24,Female,Medium,
P3304,56,Male,Medium,
P3305,42,Male,Medium,
P3306,30,Male,Medium,
P3307,27,Female,High,
P3308,50,Female,Low,
P3309,40,Male,Low,Platinum
P3310,65,Male,Low,
P3311,39,Male,Medium,Gold
P3312,54,Female,High,
P3313,36,Female,Medium,
P3314,21,Female,Medium,Silver
P3315,77,Female,Low,Gold
P3316,43,Female,Low,Silver
P3317,69,Female,Medium,
P3318,27,Male,Medium,Gold
P3319,39,Female,Medium,
P3320,67,Female,Low,
P3321,51,Male,Medium,
P3322,72,Female,Low,Silver
P3323,33,Male,High,Silver
P3324,36,Male,Medium,
P3325,45,Male,Low,Silver
P3326,76,Female,Low,Platinum
P3327,46,Female,Low,Silver
P3328,55,Female,Low,
P3329,52,Female,Medium,Silver
P3330,41,Male,High,Silver
P3331,63,Female,Low,Gold
P3332,61,Male,Medium,Gold
P3333,23,Female,Low,Silver
P3334,35,Male,High,Gold
P3335,26,Male,Medium,Silver
P3336,73,Male,High,
P3337,45,Female,Low,Platinum
P3338,54,Male,Medium,Gold
P3339,30,Male,High,Silver
P3340,59,Female,Low,Gold
P3341,40,Male,Medium,
P3342,67,Female,Medium,Silver
P3343,40,Male,Low,Platinum
P3344,74,Male,Medium,
P3345,26,Female,Medium,
P3346,25,Female,High,Silver
P3347,27,Male,Medium,
P3348,59,Female,Low,
P3349,78,Male,Medium,
P3350,76,Female,Medium,Gold
P3351,33,Male,Low,Gold
P3352,57,Female,Medium,Gold
P3353,79,Male,Medium,
P3354,68,Female,Low,
P3355,56,Male,Medium,Silver
P3356,74,Male,Medium,
P3357,53,Male,Medium,Gold
P3358,18,Female,Low,Silver
P3359,54,Female,Medium,Platinum
P3360,61,Female,High,
P3361,50,Male,Medium,
P3362,73,Male,Medium,Gold
P3363,52,Male,Medium,
P3364,60,Male,High,Gold
P3365,48,Female,High,Gold
P3366,55,Male,Low,Platinum
P3367,57,Male,Low,Silver
P3368,38,Male,Medium,Silver
P3369,19,Female,Low,
P3370,42,Male,Low,Gold
P3371,25,Female,Medium,
P3372,55,Male,Medium,
P3373,24,Male,Low,Gold
P3374,65,Male,Medium,
P3375,31,Female,Medium,
P3376,46,Male,Medium,
P3377,58,Male,Medium,Silver
P3378,23,Female,Low,Gold
P3379,52,Female,Medium,
P3380,30,Male,Low,Gold
P3381,42,Female,Medium,
P3382,78,Male,Medium,Platinum
P3383,53,Female,Medium,Gold
P3384,21,Female,Low,Gold
P3385,63,Female,Medium,
P3386,64,Male,Low,
P3387,52,Male,High,
P3388,67,Male,Low,Gold
P3389,40,Female,Medium,
P3390,27,Female,Medium,Silver
P3391,68,Female,Low,
P3392,54,Male,Medium,
P3393,18,Male,Low,
P3394,27,Female,Low,Gold
P3395,48,Female,Medium,
P3396,63,Male,Medium,
P3397,73,Female,Medium,Silver
P3398,25,Male,Low,Silver
P3399,25,Female,High,Gold
P3400,18,Male,Low,Platinum
P3401,43,Male,Medium,
P3402,49,Male,High,
P3403,52,Female,Low,
P3404,79,Female,Medium,Silver
P3405,22,Female,Medium,
P3406,18,Male,Medium,Platinum
P3407,79,Male,Medium,Gold
P3408,40,Female,Medium,Platinum
P3409,35,Male,Low,
P3410,49,Male,Medium,
P3411,44,Male,Medium,Gold
P3412,19,Female,Medium,
P3413,57,Male,High,Gold
P3414,59,Female,Low,
P3415,34,Female,Medium,
P3416,43,Female,Low,Platinum
P3417,75,Male,Medium,Silver
P3418,60,Male,High,Platinum
P3419,41,Male,Medium,
P3420,77,Female,Low,Silver
P3421,75,Male,Low,Gold
P3422,45,Female,Medium,Platinum
P3423,29,Female,Medium,Silver
P3424,77,Male,High,Gold
P3425,69,Male,High,
P3426,27,Male,Medium,Silver
P3427,79,Male,Low,
P3428,25,Male,Medium,
P3429,38,Female,Medium,Gold
P3430,44,Female,Low,Platinum
P3431,54,Male,Medium,Silver
P3432,42,Male,Low,Silver
P3433,24,Male,Medium,Silver
P3434,37,Female,High,
P3435,46,Female,Medium,Gold
P3436,50,Male,Low,Platinum
P3437,30,Male,High,Platinum
P3438,25,Male,High,Platinum
P3439,44,Female,Low,
P3440,24,Male,Medium,Platinum
P3441,21,Male,Low,
P3442,63,Male,Medium,Silver
P3443,54,Female,Low,
P3444,79,Male,Medium,Silver
P3445,53,Male,Low,
P3446,20,Male,Low,
P3447,24,Male,Low,
P3448,30,Female,High,
P3449,41,Female,Medium,
P3450,50,Female,Low,
P3451,25,Female,High,
P3452,29,Male,Medium,Platinum
P3453,23,Male,Medium,Silver
P3454,46,Male,Low,
P3455,30,Male,Low,
P3456,19,Male,High,Silver
P3457,21,Female,Low,Silver
P3458,65,Male,Low,Gold
P3459,34,Female,Low,
P3460,35,Male,Low,Gold
P3461,27,Female,Low,
P3462,39,Female,Medium,
P3463,70,Male,Medium,Gold
P3464,24,Male,High,
P3465,54,Female,Medium,
P3466,74,Male,Medium,
P3467,58,Female,High,Gold
P3468,51,Female,Medium,Platinum
P3469,54,Male,Low,
P3470,25,Female,High,
P3471,68,Female,Medium,Gold
P3472,77,Male,Low,
P3473,32,Male,Medium,Gold
P3474,37,Male,High,Gold
P3475,54,Male,Low,Platinum
P3476,38,Male,Medium,
P3477,62,Male,Medium,
P3478,27,Female,Medium,
P3479,41,Male,High,Gold
P3480,40,Male,Low,
P3481,23,Male,Low,Gold
P3482,55,Female,Medium,
P3483,75,Female,Medium,
P3484,74,Male,Low,Silver
P3485,54,Male,Medium,
P3486,71,Male,Medium,
P3487,41,Male,High,
P3488,39,Female,Medium,
P3489,56,Female,Medium,
P3490,28,Male,Low,Silver
P3491,21,Male,Low,Silver
P3492,34,Male,Medium,Silver
P3493,55,Male,High,
P3494,23,Male,Medium,Silver
P3495,62,Male,Medium,Silver
P3496,39,Female,Medium,
P3497,36,Male,Low,Platinum
P3498,22,Male,Medium,
P3499,48,Male,Medium,
P3500,76,Male,High,
P3501,25,Male,High,Silver
P3502,25,Female,High,
P3503,28,Male,Low,Silver
P3504,55,Male,Medium,
P3505,30,Male,Medium,Silver
P3506,43,Male,Low,
P3507,25,Female,Medium,Silver
P3508,74,Female,Low,Gold
P3509,72,Male,Medium,
P3510,33,Male,Low,
P3511,39,Male,High,
P3512,77,Male,High,Gold
P3513,78,Male,High,
P3514,72,Male,Medium,
P3515,42,Female,Medium,Silver
P3516,42,Male,Low,
P3517,79,Female,Low,Gold
P3518,78,Male,Low,Platinum
P3519,46,Male,Low,Platinum
P3520,39,Male,Low,Silver
P3521,27,Male,Medium,Gold
P3522,18,Female,Medium,Platinum
P3523,59,Male,Medium,Silver
P3524,61,Male,Medium,Silver
P3525,36,Female,Low,
P3526,29,Male,High,Gold
P3527,66,Female,Medium,Silver
P3528,59,Female,High,
P3529,42,Male,Medium,Gold
P3530,33,Female,Medium,Gold
P3531,41,Female,Medium,
P3532,36,Male,Medium,Gold
P3533,45,Female,Medium,
P3534,56,Male,Medium,
P3535,76,Male,High,
P3536,72,Female,Low,Silver
P3537,65,Male,Medium,
P3538,71,Male,Low,
P3539,18,Female,Low,Silver
P3540,57,Male,Medium,
P3541,26,Male,High,Silver
P3542,70,Male,High,Silver
P3543,36,Male,Low,Silver
P3544,55,Male,High,Silver
P3545,64,Male,High,Gold
P3546,67,Female,Medium,Gold
P3547,19,Female,Low,
P3548,58,Male,Medium,Silver
P3549,32,Female,Medium,Silver
P3550,51,Male,Medium,Silver
P3551,24,Female,Medium,
P3552,37,Male,Medium,Platinum
P3553,31,Male,Low,
P3554,49,Female,Low,Platinum
P3555,35,Female,Low,
P3556,31,Male,Medium,
P3557,21,Female,Low,
P3558,27,Male,Low,
P3559,42,Male,Low,
P3560,36,Male,Medium,Silver
P3561,62,Male,Low,Silver
P3562,46,Male,Medium,
P3563,46,Male,Low,Silver
P3564,31,Male,Medium,Gold
P3565,62,Female,High,Silver
P3566,47,Female,Medium,
P3567,42,Male,Medium,
P3568,73,Female,High,Gold
P3569,69,Female,Low,
P3570,25,Male,Medium,
P3571,54,Male,High,Gold
P3572,40,Male,Low,
P3573,57,Male,High,
P3574,51,Female,Medium,
P3575,39,Female,Medium,Platinum
P3576,21,Male,Low,Gold
P3577,74,Female,Low,Silver
P3578,42,Male,Low,Silver
P3579,23,Male,Low,Silver
P3580,34,Male,Low,Silver
P3581,54,Female,Medium,Silver
P3582,45,Female,Low,
P3583,79,Male,Low,Silver
P3584,74,Male,Medium,Silver
P3585,53,Male,High,Silver
P3586,31,Male,High,Silver
P3587,60,Male,Low,Silver
P3588,50,Male,Medium,Gold
P3589,53,Female,Medium,
P3590,20,Male,High,Gold
P3591,72,Male,High,Silver
P3592,37,Male,Low,
P3593,58,Male,High,
P3594,64,Male,Medium,Platinum
P3595,74,Male,Low,
P3596,74,Male,High,Silver
P3597,75,Male,Low,
P3598,51,Female,High,
P3599,56,Male,Medium,
P3600,34,Male,Low,Platinum
P3601,21,Male,Medium,
P3602,44,Male,Medium,
P3603,52,Female,Low,
P3604,26,Male,Low,
P3605,31,Female,Medium,Silver
P3606,45,Male,Medium,Silver
P3607,72,Female,Medium,
P3608,34,Male,Low,
P3609,67,Male,High,Platinum
P3610,71,Female,Medium,Platinum
P3611,51,Male,High,Silver
P3612,44,Male,Medium,
P3613,73,Female,Medium,
P3614,53,Male,Medium,
P3615,26,Male,Medium,
P3616,34,Male,High,
P3617,25,Male,Low,
P3618,52,Female,Low,Silver
P3619,72,Female,Medium,Gold
P3620,72,Female,Low,Silver
P3621,19,Male,Medium,Gold
P3622,57,Male,Medium,Gold
P3623,54,Male,High,
P3624,27,Female,Low,Silver
P3625,56,Female,High,Silver
P3626,34,Male,Low,Gold
P3627,59,Male,High,
P3628,58,Female,High,Silver
P3629,29,Male,Medium,
P3630,58,Female,Low,
P3631,41,Female,Medium,Gold
P3632,33,Female,High,
P3633,79,Female,Low,
P3634,74,Male,Low,Silver
P3635,62,Female,Medium,
P3636,33,Female,Medium,
P3637,33,Male,High,Silver
P3638,26,Female,Low,
P3639,73,Male,Low,Platinum
P3640,49,Male,Medium,Silver
P3641,68,Male,Low,Silver
P3642,72,Male,Low,Platinum
P3643,24,Female,Medium,
P3644,60,Female,Low,Silver
P3645,28,Male,Medium,
P3646,47,Female,High,Silver
P3647,60,Female,Medium,
P3648,72,Female,Medium,
P3649,75,Male,Medium,
P3650,48,Male,Medium,
P3651,32,Female,Medium,
P3652,46,Female,High,
P3653,67,Male,Medium,Silver
P3654,29,Male,Low,
P3655,60,Female,Medium,
P3656,29,Male,Medium,Silver
P3657,24,Male,Medium,
P3658,33,Male,High,
P3659,29,Male,Medium,Silver
P3660,21,Female,Medium,Gold
P3661,57,Female,Medium,
P3662,37,Male,Low,
P3663,47,Male,Low,Platinum
P3664,48,Male,Medium,
P3665,63,Female,Medium,Platinum
P3666,58,Male,Low,Silver
P3667,73,Female,Low,Gold
P3668,29,Male,High,Gold
P3669,45,Male,High,Platinum
P3670,19,Female,Medium,
P3671,29,Male,Low,
P3672,68,Male,Medium,Silver
P3673,34,Female,Medium,Silver
P3674,61,Female,High,
P3675,78,Female,Medium,
P3676,75,Female,High,
P3677,78,Male,Medium,Silver
P3678,51,Female,Low,Silver
P3679,75,Male,Low,
P3680,28,Male,Medium,
P3681,50,Male,Low,Platinum
P3682,32,Male,Medium,Gold
P3683,24,Male,Medium,
P3684,61,Male,Medium,
P3685,54,Male,Medium,Platinum
P3686,45,Male,High,Silver
P3687,51,Female,High,
P3688,38,Male,Medium,
P3689,70,Female,Medium,
P3690,76,Male,High,
P3691,34,Female,High,Platinum
P3692,72,Female,High,Gold
P3693,72,Male,Low,
P3694,37,Male,Medium,Silver
P3695,53,Female,Medium,
P3696,59,Male,Medium,Silver
P3697,31,Female,Medium,
P3698,77,Male,Medium,
P3699,62,Female,Medium,
P3700,76,Male,Medium,Silver
P3701,50,Male,High,Platinum
P3702,21,Male,Low,
P3703,30,Female,Low,
P3704,55,Female,Low,
P3705,72,Male,Medium,Gold
P3706,28,Female,Medium,Silver
P3707,24,Male,Medium,
P3708,54,Male,High,
P3709,37,Female,Medium,Gold
P3710,73,Female,Low,
P3711,39,Male,Low,Platinum
P3712,78,Male,Low,Silver
P3713,69,Male,Low,Gold
P3714,44,Female,Low,
P3715,51,Male,Low,Gold
P3716,61,Male,Medium,
P3717,39,Male,Low,
P3718,67,Female,High,Silver
P3719,19,Female,Medium,
P3720,77,Female,Medium,
P3721,49,Male,High,
P3722,28,Male,Medium,
P3723,77,Female,High,
P3724,36,Male,Medium,Silver
P3725,22,Female,High,
P3726,60,Female,Medium,
P3727,56,Male,Medium,Silver
P3728,79,Female,Medium,Silver
P3729,76,Female,Low,
P3730,26,Female,Low,
P3731,42,Female,Medium,Silver
P3732,21,Male,Medium,
P3733,42,Female,High,Gold
P3734,70,Male,Medium,
P3735,36,Female,Low,Gold
P3736,42,Male,Medium,
P3737,50,Female,Low,
P3738,64,Female,High,Gold
P3739,70,Male,Medium,
P3740,66,Female,High,Gold
P3741,53,Female,Low,Gold
P3742,33,Female,Medium,Gold
P3743,53,Female,Medium,Platinum
P3744,20,Female,Low,
P3745,21,Male,Medium,Gold
P3746,53,Female,High,Platinum
P3747,64,Female,High,
P3748,63,Female,Medium,Gold
P3749,42,Male,Medium,
P3750,57,Male,High,Silver
P3751,46,Male,Low,Gold
P3752,45,Male,Low,
P3753,64,Male,High,
P3754,37,Male,Medium,Gold
P3755,42,Male,High,
P3756,66,Male,Medium,
P3757,43,Female,High,
P3758,78,Male,Low,Silver
P3759,43,Male,Medium,Silver
P3760,37,Male,Low,
P3761,75,Female,High,Gold
P3762,55,Male,Medium,Silver
P3763,42,Male,Low,Platinum
P3764,57,Male,Medium,Silver
P3765,38,Male,Medium,
P3766,67,Male,Medium,
P3767,35,Male,Medium,Platinum
P3768,48,Female,Medium,
P3769,53,Female,Medium,
P3770,46,Male,Low,
P3771,41,Female,High,
P3772,24,Male,Medium,
P3773,39,Female,High,Silver
P3774,65,Female,Medium,Silver
P3775,71,Male,Medium,Silver
P3776,29,Female,High,Silver
P3777,25,Male,Low,Platinum
P3778,61,Female,Medium,
P3779,22,Female,Medium,
P3780,60,Male,High,
P3781,31,Female,High,Platinum
P3782,67,Male,Medium,
P3783,59,Male,Medium,
P3784,78,Male,High,Silver
P3785,56,Female,Medium,
P3786,61,Male,Medium,
P3787,30,Female,High,Silver
P3788,77,Female,High,Platinum
P3789,37,Female,Medium,
P3790,44,Female,Medium,
P3791,22,Male,Medium,
P3792,47,Female,Low,
P3793,18,Male,Medium,Silver
P3794,64,Male,Medium,Platinum
P3795,47,Male,Low,Silver
P3796,60,Female,Medium,
P3797,26,Female,Medium,Gold
P3798,26,Female,Low,Platinum
P3799,61,Male,High,Silver
P3800,25,Female,Medium,
P3801,66,Male,Low,
P3802,62,Male,Medium,
P3803,56,Female,Medium,
P3804,40,Male,High,Silver
P3805,28,Male,Medium,Gold
P3806,31,Male,Low,
P3807,25,Female,High,Gold
P3808,60,Male,Medium,Silver
P3809,23,Female,Low,
P3810,52,Female,Medium,Silver
P3811,34,Male,High,
P3812,44,Female,Low,Gold
P3813,18,Female,Medium,Platinum
P3814,43,Male,Low,
P3815,68,Female,Medium,
P3816,60,Male,Low,
P3817,21,Female,High,
P3818,67,Male,High,Gold
P3819,67,Male,High,
P3820,24,Male,Low,Platinum
P3821,70,Male,Medium,
P3822,71,Female,Medium,
P3823,48,Male,High,Platinum
P3824,41,Male,Medium,
P3825,36,Female,Medium,Platinum
P3826,52,Female,Low,
P3827,74,Female,Medium,
P3828,64,Female,Low,
P3829,27,Male,High,
P3830,68,Female,High,Silver
P3831,59,Female,Low,
P3832,76,Female,Low,
P3833,77,Male,Low,
P3834,75,Male,Medium,
P3835,64,Male,Medium,Silver
P3836,51,Female,Medium,
P3837,42,Female,Medium,Silver
P3838,72,Female,Medium,Silver
P3839,37,Female,Medium,Silver
P3840,65,Male,Medium,Silver
P3841,34,Male,Medium,
P3842,46,Female,Medium,
P3843,64,Male,Low,
P3844,20,Female,Low,
P3845,69,Female,Low,Platinum
P3846,28,Male,High,Silver
P3847,60,Male,Medium,
P3848,76,Male,Medium,
P3849,18,Male,High,
P3850,50,Female,Medium,Silver
P3851,65,Male,Low,Gold
P3852,34,Male,Medium,Silver
P3853,36,Female,Medium,
P3854,46,Male,Low,
P3855,72,Male,High,
P3856,68,Female,Medium,
P3857,59,Male,High,Silver
P3858,49,Male,Low,Silver
P3859,49,Female,Medium,
P3860,75,Male,Medium,
P3861,35,Female,High,Platinum
P3862,51,Male,Medium,Silver
P3863,25,Male,Medium,Silver
P3864,21,Male,Low,Silver
P3865,68,Female,Medium,
P3866,26,Female,Medium,
P3867,39,Male,Medium,
P3868,63,Male,Low,
P3869,22,Female,Medium,Platinum
P3870,76,Female,Medium,Gold
P3871,63,Male,Medium,
P3872,32,Male,Medium,Platinum
P3873,51,Male,Medium,
P3874,34,Male,Low,Platinum
P3875,56,Male,High,
P3876,39,Female,Medium,
P3877,75,Male,Medium,
P3878,58,Female,Medium,
P3879,54,Female,Medium,
P3880,59,Male,Medium,
P3881,43,Male,Low,Silver
P3882,53,Male,Medium,Gold
P3883,41,Female,Low,Silver
P3884,46,Female,Medium,Silver
P3885,34,Male,High,Platinum
P3886,35,Female,High,Silver
P3887,60,Female,Low,Platinum
P3888,76,Male,Medium,
P3889,63,Male,High,
P3890,33,Female,Medium,
P3891,21,Male,Low,
P3892,29,Male,Medium,
P3893,21,Male,Low,Silver
P3894,56,Female,Low,Gold
P3895,61,Male,Low,
P3896,61,Male,Medium,
P3897,63,Female,Low,
P3898,68,Female,High,Silver
P3899,39,Male,High,Silver
P3900,69,Male,Medium,
P3901,21,Male,High,Gold
P3902,20,Male,Medium,
P3903,51,Male,Medium,
P3904,55,Male,Low,Silver
P3905,26,Female,Medium,
P3906,77,Female,High,
P3907,53,Female,Medium,Gold
P3908,73,Male,High,
P3909,24,Male,Medium,Gold
P3910,28,Male,Medium,Silver
P3911,44,Female,Medium,Silver
P3912,20,Male,High,Silver
P3913,51,Male,Low,
P3914,76,Male,Medium,Gold
P3915,59,Male,Low,Platinum
P3916,76,Female,Low,Silver
P3917,58,Female,Medium,
P3918,19,Female,Low,
P3919,72,Male,Medium,
P3920,44,Male,Medium,
P3921,74,Male,Medium,
P3922,24,Female,Low,
P3923,60,Female,Low,Gold
P3924,70,Male,Medium,
P3925,55,Male,Medium,Gold
P3926,33,Female,Low,
P3927,63,Female,High,Silver
P3928,36,Male,Medium,
P3929,18,Female,Medium,
P3930,55,Female,Low,
P3931,60,Male,Low,
P3932,59,Male,Medium,Silver
P3933,19,Female,Medium,
P3934,23,Male,High,Platinum
P3935,54,Female,High,Silver
P3936,70,Female,Medium,Platinum
P3937,46,Female,Medium,Silver
P3938,60,Male,Medium,Silver
P3939,78,Male,Medium,Silver
P3940,60,Female,Low,Silver
P3941,42,Female,Medium,Silver
P3942,24,Male,Low,
P3943,51,Male,Medium,
P3944,26,Female,Medium,
P3945,55,Female,High,
P3946,30,Female,Low,
P3947,78,Female,Medium,
P3948,52,Male,Medium,Gold
P3949,39,Female,Low,
P3950,55,Female,Medium,
P3951,49,Female,Medium,Platinum
P3952,55,Male,Medium,
P3953,28,Male,Low,Gold
P3954,27,Male,Low,
P3955,71,Female,Low,Silver
P3956,77,Male,Low,Gold
P3957,29,Male,Medium,Silver
P3958,22,Female,High,Silver
P3959,71,Male,Low,Platinum
P3960,25,Female,Medium,Silver
P3961,46,Female,High,Gold
P3962,26,Female,Low,Silver
P3963,52,Female,High,Silver
P3964,24,Female,Medium,
P3965,58,Female,Medium,
P3966,55,Male,Low,Silver
P3967,49,Female,Medium,
P3968,72,Male,Medium,Platinum
P3969,23,Male,Medium,Silver
P3970,56,Male,Low,
P3971,74,Female,Low,
P3972,58,Female,High,Silver
P3973,19,Male,Low,Silver
P3974,33,Male,Low,Gold
P3975,43,Male,Low,Gold
P3976,74,Male,Medium,
P3977,20,Male,Low,
P3978,44,Female,High,
P3979,34,Male,High,Silver
P3980,44,Female,Medium,
P3981,47,Female,Low,Silver
P3982,77,Male,Low,Gold
P3983,36,Male,Low,Silver
P3984,63,Male,Medium,
P3985,74,Male,Medium,Platinum
P3986,36,Female,Medium,
P3987,72,Female,Low,
P3988,52,Male,Low,
P3989,60,Female,Medium,Silver
P3990,40,Female,Medium,Silver
P3991,79,Male,Medium,Silver
P3992,32,Female,Low,Silver
P3993,29,Male,Medium,
P3994,57,Male,High,Silver
P3995,19,Male,High,
P3996,30,Male,Medium,
P3997,71,Male,Medium,Gold
P3998,23,Male,Low,
P3999,25,Female,Medium,
P4000,24,Male,High,Gold
P4001,71,Male,High,Silver
P4002,20,Male,Medium,Platinum
P4003,38,Female,Medium,Gold
P4004,72,Female,Low,Platinum
P4005,36,Male,Medium,
P4006,37,Female,High,
P4007,38,Female,Medium,
P4008,73,Male,Low,
P4009,62,Male,Low,Gold
P4010,68,Female,Medium,Silver
P4011,21,Male,Medium,
P4012,44,Female,High,Silver
P4013,71,Female,Medium,Silver
P4014,46,Male,Medium,Silver
P4015,68,Female,Medium,
P4016,79,Male,High,
P4017,31,Male,High,
P4018,20,Male,High,
P4019,37,Male,Low,Silver
P4020,30,Male,Low,Platinum
P4021,73,Male,High,Gold
P4022,18,Male,Medium,
P4023,43,Female,Low,
P4024,22,Male,High,
P4025,62,Female,Low,Silver
P4026,56,Male,Medium,
P4027,66,Female,Medium,Silver
P4028,45,Male,High,
P4029,50,Male,Low,Silver
P4030,58,Female,Medium,
P4031,48,Female,High,
P4032,38,Male,Low,
P4033,67,Male,High,
P4034,78,Male,Medium,
P4035,79,Male,High,
P4036,65,Female,High,Platinum
P4037,63,Male,Low,Silver
P4038,35,Male,High,
P4039,70,Female,Medium,
P4040,31,Male,High,Platinum
P4041,75,Male,Medium,Silver
P4042,39,Female,Low,
P4043,36,Male,Low,
P4044,20,Male,Medium,Silver
P4045,32,Male,High,
P4046,73,Male,Medium,Silver
P4047,38,Female,Medium,
P4048,21,Male,Medium,
P4049,35,Female,Medium,
P4050,65,Female,Low,Platinum
P4051,53,Male,High,Silver
P4052,48,Female,Low,
P4053,56,Female,Medium,Silver
P4054,34,Male,Medium,Silver
P4055,68,Male,Medium,Silver
P4056,29,Female,Medium,Silver
P4057,38,Female,High,Gold
P4058,29,Male,Medium,Silver
P4059,19,Male,High,
P4060,74,Female,Medium,Platinum
P4061,66,Male,High,
P4062,58,Male,Medium,Silver
P4063,57,Male,Medium,Silver
P4064,59,Male,High,Gold
P4065,45,Female,High,Platinum
P4066,18,Male,Medium,Gold
P4067,62,Male,Low,Silver
P4068,44,Male,Medium,
P4069,57,Male,Medium,Gold
P4070,50,Male,Low,
P4071,18,Male,High,
P4072,55,Male,High,
P4073,34,Female,Medium,Silver
P4074,52,Male,Low,Silver
P4075,74,Male,High,
P4076,33,Male,Medium,Silver
P4077,75,Female,Medium,Gold
P4078,47,Male,High,Silver
P4079,63,Male,Medium,Silver
P4080,70,Male,Medium,Platinum
P4081,48,Female,Low,Silver
P4082,45,Male,Low,
P4083,64,Female,Medium,
P4084,66,Female,Medium,Silver
P4085,64,Female,Medium,Silver
P4086,36,Female,Medium,
P4087,22,Female,High,
P4088,46,Female,Medium,Gold
P4089,34,Male,Medium,Silver
P4090,45,Female,Medium,Platinum
P4091,63,Female,Medium,
P4092,44,Male,Medium,Gold
P4093,50,Male,Medium,Silver
P4094,44,Female,Low,Platinum
P4095,71,Female,Medium,Gold
P4096,68,Male,Low,Silver
P4097,79,Female,Medium,Gold
P4098,32,Male,Low,
P4099,68,Female,Low,Silver
P4100,32,Female,High,
P4101,44,Male,Medium,
P4102,70,Male,Medium,Silver
P4103,47,Male,Low,Gold
P4104,27,Male,Medium,Silver
P4105,77,Female,Medium,
P4106,72,Male,Low,
P4107,25,Male,High,
P4108,72,Male,Low,Silver
P4109,67,Female,Medium,
P4110,55,Male,Low,Platinum
P4111,51,Female,Medium,
P4112,71,Female,High,Platinum
P4113,75,Male,Low,Platinum
P4114,35,Female,Low,Silver
P4115,23,Female,Low,Gold
P4116,44,Male,Low,Silver
P4117,24,Male,Medium,
P4118,51,Male,High,
P4119,37,Female,Medium,Gold
P4120,58,Male,High,Silver
P4121,60,Female,High,Silver
P4122,39,Female,Medium,Gold
P4123,53,Female,Low,
P4124,64,Female,Low,
P4125,63,Male,High,Platinum
P4126,35,Male,Low,
P4127,20,Female,Low,Silver
P4128,75,Female,Medium,
P4129,22,Female,Medium,Gold
P4130,78,Male,Medium,Platinum
P4131,58,Male,Medium,
P4132,76,Female,Medium,Silver
P4133,67,Male,Medium,
P4134,65,Male,Medium,
P4135,20,Male,Medium,Silver
P4136,43,Male,Medium,Silver
P4137,23,Female,Low,
P4138,20,Male,Low,
P4139,18,Male,Medium,Gold
P4140,21,Female,Medium,
P4141,74,Male,Medium,Silver
P4142,52,Male,High,Silver
P4143,39,Female,High,
P4144,38,Male,High,
P4145,66,Female,Low,
P4146,50,Female,Medium,Silver
P4147,60,Male,Medium,Silver
P4148,29,Male,Medium,Silver
P4149,66,Female,High,Platinum
P4150,54,Male,Low,
P4151,67,Female,Medium,
P4152,74,Female,Low,Platinum
P4153,37,Male,High,
P4154,21,Male,Medium,
P4155,49,Female,High,
P4156,41,Female,High,
P4157,38,Male,Low,
P4158,37,Female,Medium,
P4159,76,Female,Low,Platinum
P4160,48,Female,High,
P4161,36,Female,Medium,Silver
P4162,41,Female,Medium,
P4163,77,Female,Low,
P4164,69,Male,Low,
P4165,37,Female,Medium,Silver
P4166,77,Female,High,Gold
P4167,35,Female,High,
P4168,32,Male,Low,
P4169,48,Female,High,Silver
P4170,39,Male,Medium,
P4171,57,Female,Medium,
P4172,69,Female,Medium,Silver
P4173,50,Male,High,Silver
P4174,67,Female,Low,Gold
P4175,26,Male,Medium,
P4176,32,Male,High,Silver
P4177,52,Male,Low,
P4178,67,Female,Low,Silver
P4179,47,Female,Medium,
P4180,72,Female,Medium,Silver
P4181,19,Male,Medium,
P4182,35,Female,Medium,Silver
P4183,77,Female,Medium,Gold
P4184,18,Female,Low,
P4185,50,Female,Medium,
P4186,42,Male,High,Gold
P4187,44,Male,Medium,Silver
P4188,35,Female,High,Silver
P4189,76,Male,Medium,Silver
P4190,41,Female,Medium,Gold
P4191,73,Female,Medium,Silver
P4192,25,Male,Medium,Silver
P4193,73,Female,Medium,Silver
P4194,32,Male,Medium,Gold
P4195,56,Female,Medium,Silver
P4196,20,Female,High,
P4197,78,Male,High,
P4198,63,Male,Low,
P4199,78,Male,Medium,
P4200,57,Female,Low,Silver
P4201,47,Female,Low,
P4202,71,Male,High,Platinum
P4203,75,Female,Medium,Platinum
P4204,25,Female,Medium,
P4205,40,Male,High,Platinum
P4206,26,Male,Medium,Gold
P4207,67,Female,High,Silver
P4208,75,Female,Medium,Silver
P4209,68,Female,High,Silver
P4210,69,Male,Medium,Silver
P4211,21,Male,Medium,
P4212,72,Male,Low,
P4213,74,Female,Medium,Platinum
P4214,41,Male,Medium,
P4215,21,Male,High,
P4216,68,Female,Medium,
P4217,25,Female,Medium,Silver
P4218,51,Male,Medium,
P4219,23,Female,Medium,Silver
P4220,45,Male,Medium,
P4221,71,Female,High,Silver
P4222,70,Male,Medium,
P4223,26,Female,Low,Gold
P4224,33,Male,Medium,Silver
P4225,71,Male,Medium,Silver
P4226,41,Female,Medium,Silver
P4227,24,Female,High,
P4228,31,Male,Low,
P4229,62,Male,Low,
P4230,59,Female,Low,
P4231,44,Male,High,Platinum
P4232,79,Female,Medium,
P4233,64,Female,Low,Platinum
P4234,36,Female,High,
P4235,32,Male,High,
P4236,69,Female,High,
P4237,47,Female,Medium,Gold
P4238,25,Female,High,
P4239,59,Female,Medium,Silver
P4240,59,Female,Low,
P4241,72,Male,Medium,Platinum
P4242,53,Female,High,
P4243,69,Male,Medium,Platinum
P4244,72,Female,Low,Silver
P4245,53,Male,Medium,
P4246,34,Female,Medium,Gold
P4247,42,Male,Medium,
P4248,67,Female,Low,Silver
P4249,58,Male,High,Silver
P4250,58,Female,Medium,Silver
P4251,63,Male,Low,Silver
P4252,42,Female,High,
P4253,47,Female,High,Silver
P4254,24,Female,Low,
P4255,45,Male,Medium,Silver
P4256,76,Male,Medium,
P4257,64,Male,Medium,
P4258,42,Female,Medium,
P4259,41,Male,Medium,Silver
P4260,78,Female,Low,
P4261,66,Female,Low,Silver
P4262,21,Male,Low,Gold
P4263,61,Male,Medium,
P4264,54,Female,Low,Gold
P4265,32,Female,Medium,Platinum
P4266,76,Male,Medium,
P4267,66,Female,Medium,
P4268,34,Male,Low,Gold
P4269,75,Male,High,Platinum
P4270,49,Female,High,
P4271,31,Female,High,Silver
P4272,38,Female,Medium,Silver
P4273,34,Male,Low,
P4274,37,Female,Medium,
P4275,67,Female,Medium,
P4276,47,Female,High,
P4277,47,Male,Medium,
P4278,75,Male,Low,Gold
P4279,71,Female,High,Gold
P4280,46,Female,Medium,Silver
P4281,67,Male,High,Silver
P4282,63,Male,Medium,
P4283,58,Female,Low,
P4284,69,Male,Low,
P4285,20,Male,Medium,
P4286,72,Female,Medium,
P4287,54,Male,Low,Gold
P4288,68,Male,Medium,
P4289,63,Female,Medium,Silver
P4290,50,Female,Medium,
P4291,67,Female,Medium,
P4292,62,Male,High,Platinum
P4293,18,Male,Medium,
P4294,79,Male,Low,
P4295,60,Female,Low,Gold
P4296,55,Male,Low,
P4297,71,Male,Medium,Silver
P4298,22,Male,Medium,Silver
P4299,56,Male,Low,Gold
P4300,38,Female,Medium,Platinum
P4301,57,Male,Medium,Silver
P4302,26,Male,High,Silver
P4303,44,Female,Medium,Gold
P4304,74,Female,Medium,
P4305,70,Male,Medium,Gold
P4306,41,Female,High,Silver
P4307,24,Male,Medium,
P4308,58,Male,Medium,
P4309,24,Male,Medium,Gold
P4310,23,Female,Medium,
P4311,79,Male,Medium,Gold
P4312,72,Female,Low,Silver
P4313,61,Male,Medium,Gold
P4314,32,Female,High,Silver
P4315,63,Male,Medium,Silver
P4316,75,Male,High,
P4317,22,Female,Medium,Platinum
P4318,22,Female,High,Gold
P4319,59,Male,High,Silver
P4320,44,Male,High,Gold
P4321,39,Male,Low,
P4322,19,Male,Low,
P4323,50,Male,Low,
P4324,77,Male,High,Gold
P4325,22,Female,Medium,
P4326,21,Female,Medium,Platinum
P4327,22,Male,Low,Gold
P4328,26,Male,High,Gold
P4329,34,Female,Low,Gold
P4330,68,Male,Medium,
P4331,48,Male,Medium,Silver
P4332,30,Male,Medium,
P4333,50,Female,Low,Platinum
P4334,39,Male,Medium,
P4335,42,Male,Medium,
P4336,25,Female,Medium,Silver
P4337,24,Female,Low,Silver
P4338,29,Female,High,Gold
P4339,36,Female,Medium,Silver
P4340,49,Female,High,
P4341,62,Female,High,Platinum
P4342,60,Female,Medium,Silver
P4343,55,Male,Medium,
P4344,26,Female,Medium,Silver
P4345,46,Male,High,Gold
P4346,41,Male,Medium,Gold
P4347,68,Male,High,Silver
P4348,79,Male,High,
P4349,49,Female,Low,
P4350,65,Male,Medium,Silver
P4351,77,Female,Medium,Gold
P4352,75,Female,High,
P4353,37,Male,High,Silver
P4354,73,Female,Medium,Gold
P4355,29,Male,Low,
P4356,74,Male,High,
P4357,32,Male,Medium,
P4358,43,Female,Low,Gold
P4359,32,Male,High,Gold
P4360,44,Female,High,Gold
P4361,50,Female,Medium,
P4362,60,Male,High,
P4363,44,Female,Low,Platinum
P4364,21,Female,Medium,
P4365,22,Male,Medium,Gold
P4366,42,Male,Medium,Silver
P4367,55,Female,High,
P4368,19,Female,Medium,
P4369,32,Female,Medium,Platinum
P4370,72,Male,Medium,
P4371,38,Male,Medium,Silver
P4372,21,Female,Medium,Silver
P4373,61,Female,High,
P4374,51,Male,Medium,
P4375,25,Male,Low,
P4376,52,Female,Low,Silver
P4377,60,Male,Medium,
P4378,48,Female,Low,Platinum
P4379,31,Male,Low,Silver
P4380,76,Female,Medium,
P4381,77,Female,Medium,
P4382,54,Female,High,Silver
P4383,35,Female,High,Silver
P4384,69,Female,Medium,
P4385,45,Female,Medium,
P4386,77,Male,Medium,Silver
P4387,27,Female,Low,Silver
P4388,65,Female,Medium,
P4389,76,Female,Low,Silver
P4390,55,Male,High,
P4391,39,Male,Medium,
P4392,48,Male,High,
P4393,38,Female,Low,
P4394,58,Female,High,Gold
P4395,21,Male,Medium,
P4396,76,Male,Medium,Silver
P4397,65,Male,Medium,Gold
P4398,60,Female,High,Gold
P4399,68,Female,Low,
P4400,55,Female,Low,
P4401,21,Female,High,Silver
P4402,47,Male,Medium,Platinum
P4403,79,Male,Medium,
P4404,55,Male,Medium,Silver
P4405,61,Female,Medium,
P4406,50,Male,Low,Silver
P4407,65,Male,Medium,Silver
P4408,21,Female,Low,Gold
P4409,35,Male,High,Silver
P4410,36,Male,Medium,Gold
P4411,34,Female,Low,
P4412,69,Male,Medium,Gold
P4413,54,Male,Medium,Silver
P4414,75,Female,Medium,Platinum
P4415,42,Male,Medium,
P4416,68,Male,Medium,
P4417,45,Female,High,
P4418,66,Female,Medium,Silver
P4419,70,Male,High,Platinum
P4420,51,Male,Medium,Gold
P4421,52,Male,Medium,Gold
P4422,61,Male,High,Silver
P4423,37,Female,High,Platinum
P4424,24,Female,Medium,Silver
P4425,61,Female,Medium,Gold
P4426,44,Male,Low,
P4427,52,Male,High,Platinum
P4428,27,Male,Medium,Silver
P4429,26,Male,Medium,Silver
P4430,26,Female,Medium,Platinum
P4431,75,Male,Medium,
P4432,58,Female,Medium,
P4433,78,Male,Medium,
P4434,28,Male,High,Silver
P4435,22,Male,Medium,
P4436,43,Female,Low,
P4437,39,Female,Medium,
P4438,71,Male,Medium,Gold
P4439,61,Female,Medium,
P4440,65,Female,High,
P4441,26,Male,Medium,
P4442,35,Male,High,Gold
P4443,61,Female,Medium,Silver
P4444,32,Female,High,
P4445,65,Female,Low,Gold
P4446,58,Male,Medium,
P4447,24,Male,Low,
P4448,26,Male,Low,
P4449,76,Male,Low,Gold
P4450,38,Female,High,
P4451,39,Male,High,Silver
P4452,45,Male,High,
P4453,39,Male,Low,
P4454,45,Female,High,Platinum
P4455,42,Male,Low,
P4456,63,Male,Medium,
P4457,58,Female,Low,Gold
P4458,56,Female,Low,Platinum
P4459,38,Male,Low,
P4460,28,Male,Low,Silver
P4461,25,Male,Medium,
P4462,35,Female,Medium,Gold
P4463,29,Male,High,Silver
P4464,44,Male,Medium,
P4465,48,Female,Medium,
P4466,78,Female,Low,Gold
P4467,49,Female,Medium,
P4468,22,Male,Medium,
P4469,38,Female,Medium,
P4470,44,Female,High,Silver
P4471,43,Female,Low,Silver
P4472,36,Male,Medium,
P4473,57,Male,Low,Gold
P4474,59,Male,Medium,Platinum
P4475,30,Male,Medium,Gold
P4476,50,Female,Low,Gold
P4477,79,Female,Medium,
P4478,64,Male,High,Gold
P4479,31,Male,High,Silver
P4480,51,Male,High,Silver
P4481,46,Male,Medium,Silver
P4482,56,Female,Low,Silver
P4483,24,Male,Medium,Gold
P4484,21,Male,Medium,Silver
P4485,21,Male,Low,Platinum
P4486,49,Female,Medium,Platinum
P4487,42,Female,Low,Silver
P4488,62,Female,High,Silver
P4489,34,Male,Medium,Platinum
P4490,26,Male,High,Silver
P4491,60,Female,Medium,Platinum
P4492,59,Female,Low,Gold
P4493,50,Female,High,Gold
P4494,43,Female,Medium,
P4495,60,Female,Medium,
P4496,70,Male,Medium,
P4497,47,Male,Medium,Gold
P4498,66,Female,Medium,
P4499,41,Male,Medium,
P4500,41,Male,Medium,Platinum
P4501,50,Male,High,
P4502,29,Male,Medium,Gold
P4503,52,Male,Low,Silver
P4504,25,Female,Medium,
P4505,32,Male,High,
P4506,19,Male,Medium,Gold
P4507,20,Female,Low,
P4508,65,Female,High,
P4509,55,Male,High,
P4510,35,Male,Low,
P4511,71,Female,Medium,
P4512,74,Female,Medium,Platinum
P4513,41,Female,Low,Silver
P4514,54,Male,Medium,Silver
P4515,26,Male,Medium,
P4516,22,Male,High,
P4517,44,Male,Medium,Silver
P4518,39,Male,Low,
P4519,74,Female,Low,
P4520,56,Male,Medium,Gold
P4521,35,Male,Medium,
P4522,79,Female,Medium,Gold
P4523,74,Male,Low,Silver
P4524,30,Male,Medium,
P4525,18,Female,High,Silver
P4526,20,Male,Medium,
P4527,78,Female,High,
P4528,27,Female,Medium,
P4529,72,Male,Medium,Silver
P4530,53,Male,Low,
P4531,54,Female,Low,
P4532,45,Male,Low,Silver
P4533,35,Male,Low,
P4534,31,Female,High,
P4535,49,Male,Medium,
P4536,35,Male,Medium,
P4537,27,Female,Medium,Gold
P4538,48,Male,Low,
P4539,21,Female,Low,
P4540,48,Female,Medium,
P4541,37,Male,Low,
P4542,71,Male,Low,Gold
P4543,77,Female,Medium,Silver
P4544,39,Male,High,
P4545,77,Male,Medium,
P4546,77,Female,Medium,
P4547,41,Female,Medium,Silver
P4548,73,Male,Medium,Silver
P4549,52,Female,Medium,Gold
P4550,69,Male,High,
P4551,66,Male,Low,Gold
P4552,59,Female,Medium,
P4553,26,Female,Medium,
P4554,53,Male,Medium,Gold
P4555,23,Male,Medium,
P4556,54,Male,Medium,Silver
P4557,65,Male,High,Gold
P4558,50,Male,Low,Gold
P4559,32,Male,Medium,
P4560,63,Male,Medium,
P4561,53,Female,High,Silver
P4562,56,Male,Low,
P4563,41,Female,Medium,Silver
P4564,47,Female,Low,
P4565,43,Female,High,
P4566,76,Female,High,Gold
P4567,23,Female,Low,
P4568,64,Male,Medium,
P4569,56,Male,High,Silver
P4570,51,Male,Medium,Silver
P4571,37,Female,Medium,
P4572,18,Female,Medium,
P4573,18,Male,High,
P4574,45,Female,Low,Silver
P4575,61,Female,Low,Platinum
P4576,37,Female,Medium,
P4577,60,Male,Medium,
P4578,63,Male,High,Silver
P4579,29,Female,Medium,
P4580,34,Female,High,Silver
P4581,38,Male,Low,
P4582,57,Female,Low,
P4583,41,Male,Medium,
P4584,40,Female,Medium,
P4585,32,Male,Low,Platinum
P4586,49,Female,Low,Gold
P4587,66,Male,Medium,Silver
P4588,36,Male,Low,
P4589,79,Male,High,Gold
P4590,77,Male,Medium,Platinum
P4591,35,Male,Medium,
P4592,69,Female,Medium,
P4593,70,Male,Low,Platinum
P4594,54,Male,Medium,Silver
P4595,47,Female,Low,Platinum
P4596,76,Female,Medium,Silver
P4597,22,Male,Low,
P4598,31,Male,Medium,Silver
P4599,36,Female,Low,
P4600,62,Male,Medium,
P4601,79,Male,Low,
P4602,60,Female,Low,Silver
P4603,31,Male,Medium,
P4604,50,Male,Medium,Silver
P4605,75,Male,Low,
P4606,33,Female,High,
P4607,73,Female,Low,
P4608,20,Female,Medium,Gold
P4609,50,Male,Medium,Silver
P4610,20,Male,High,Gold
P4611,75,Male,Medium,Platinum
P4612,49,Female,Medium,
P4613,37,Male,Low,Gold
P4614,67,Female,Medium,Platinum
P4615,63,Male,High,Platinum
P4616,57,Female,High,
P4617,40,Male,Low,Silver
P4618,35,Male,Low,Platinum
P4619,30,Female,High,
P4620,58,Male,High,Silver
P4621,33,Female,High,Gold
P4622,69,Male,Low,
P4623,45,Female,Low,
P4624,30,Male,High,Gold
P4625,35,Female,Medium,
P4626,33,Female,Low,Silver
P4627,56,Male,Medium,Silver
P4628,67,Female,High,Silver
P4629,77,Male,Low,Silver
P4630,34,Female,Medium,
P4631,51,Female,Low,Platinum
P4632,46,Male,Medium,Silver
P4633,53,Male,High,Silver
P4634,63,Female,Low,Silver
P4635,66,Male,High,Silver
P4636,41,Female,Medium,
P4637,72,Female,Medium,
P4638,75,Male,Low,Silver
P4639,26,Male,Medium,Silver
P4640,61,Male,Low,Gold
P4641,30,Female,Low,Silver
P4642,69,Female,Medium,
P4643,22,Male,Low,Silver
P4644,65,Male,Low,Platinum
P4645,53,Female,Low,Silver
P4646,76,Female,Low,Gold
P4647,67,Male,Medium,
P4648,38,Male,Low,
P4649,74,Female,Low,Silver
P4650,65,Female,Low,
P4651,77,Male,Medium,
P4652,25,Female,Low,Silver
P4653,54,Male,Medium,Gold
P4654,29,Male,Medium,Silver
P4655,58,Female,Medium,
P4656,30,Male,Low,
P4657,71,Female,Medium,
P4658,58,Male,High,Platinum
P4659,19,Male,Medium,Silver
P4660,21,Female,Low,Silver
P4661,31,Male,Medium,
P4662,52,Male,Medium,Gold
P4663,63,Male,High,Silver
P4664,62,Male,Low,
P4665,48,Female,Medium,Gold
P4666,65,Male,High,
P4667,41,Male,Medium,Silver
P4668,21,Male,Medium,Silver
P4669,33,Female,Low,
P4670,19,Male,Low,Platinum
P4671,33,Male,Medium,
P4672,56,Female,High,Silver
P4673,23,Male,Medium,Gold
P4674,76,Male,Medium,
P4675,66,Male,Medium,Platinum
P4676,52,Female,Medium,
P4677,65,Male,Low,
P4678,40,Male,Medium,Silver
P4679,64,Female,Low,Gold
P4680,60,Male,Low,
P4681,42,Male,Medium,
P4682,31,Male,High,
P4683,21,Male,Medium,
P4684,58,Female,Medium,
P4685,67,Male,Medium,Gold
P4686,56,Female,Medium,
P4687,70,Male,Medium,
P4688,43,Female,Low,
P4689,30,Female,Medium,Silver
P4690,32,Male,Low,
P4691,78,Male,Medium,Platinum
P4692,43,Female,Low,
P4693,73,Male,Medium,
P4694,79,Male,High,Silver
P4695,36,Female,Low,
P4696,66,Male,Medium,
P4697,72,Male,Medium,Gold
P4698,52,Female,Low,Gold
P4699,71,Male,Medium,
P4700,31,Male,Medium,Gold
P4701,35,Female,Low,
P4702,41,Female,Low,Silver
P4703,60,Male,Medium,
P4704,33,Female,Medium,
P4705,39,Female,High,
P4706,60,Female,Low,Gold
P4707,78,Female,Medium,
P4708,57,Male,Medium,
P4709,45,Female,Medium,
P4710,48,Female,High,
P4711,47,Male,Low,Platinum
P4712,79,Female,Low,
P4713,70,Female,Medium,
P4714,46,Female,Low,Platinum
P4715,71,Male,Low,Gold
P4716,67,Male,Medium,Gold
P4717,44,Female,Medium,Gold
P4718,18,Female,Medium,
P4719,75,Female,Low,Silver
P4720,79,Female,High,
P4721,29,Female,High,Silver
P4722,43,Male,Medium,Platinum
P4723,58,Female,Low,
P4724,71,Male,Low,
P4725,66,Female,Medium,Silver
P4726,27,Male,High,
P4727,62,Male,Medium,
P4728,68,Male,High,Platinum
P4729,36,Male,Medium,
P4730,60,Male,Low,
P4731,45,Male,Medium,
P4732,63,Male,Medium,Silver
P4733,58,Female,Medium,
P4734,73,Female,Medium,
P4735,19,Female,Medium,
P4736,73,Female,Low,
P4737,67,Male,Medium,Silver
P4738,37,Male,Medium,Silver
P4739,32,Male,Medium,
P4740,19,Female,Medium,
P4741,45,Female,High,Gold
P4742,32,Female,Medium,
P4743,43,Male,Medium,Gold
P4744,77,Male,Medium,Silver
P4745,55,Female,Medium,
P4746,59,Male,Medium,Silver
P4747,39,Female,Medium,Platinum
P4748,20,Male,Medium,
P4749,68,Male,Low,
P4750,60,Male,Medium,Silver
P4751,54,Female,Medium,
P4752,69,Female,Low,Platinum
P4753,28,Female,Medium,
P4754,38,Male,Medium,
P4755,72,Male,Low,Gold
P4756,32,Female,Low,Gold
P4757,51,Male,Low,Gold
P4758,44,Female,Medium,Silver
P4759,48,Male,High,
P4760,75,Male,Medium,Silver
P4761,22,Male,Medium,
P4762,65,Female,Low,
P4763,69,Male,Medium,
P4764,38,Female,Medium,
P4765,27,Male,Medium,Gold
P4766,59,Female,Low,Silver
P4767,41,Male,Medium,Silver
P4768,26,Male,High,
P4769,30,Male,Medium,Gold
P4770,39,Male,Medium,
P4771,46,Male,Medium,Silver
P4772,47,Female,High,Gold
P4773,76,Male,Medium,
P4774,48,Male,Low,Gold
P4775,58,Female,High,Silver
P4776,27,Male,Low,Silver
P4777,69,Female,Medium,
P4778,61,Female,Medium,Silver
P4779,53,Male,Medium,
P4780,21,Male,Medium,
P4781,56,Female,Medium,Gold
P4782,26,Female,Low,
P4783,76,Female,Low,Silver
P4784,43,Female,High,
P4785,34,Female,Medium,
P4786,57,Male,Low,
P4787,77,Male,Low,Silver
P4788,52,Male,Medium,
P4789,35,Male,Medium,
P4790,60,Female,Medium,Gold
P4791,74,Female,Medium,Silver
P4792,43,Male,Medium,
P4793,21,Male,Low,Silver
P4794,70,Male,Medium,Platinum
P4795,30,Female,Medium,
P4796,65,Male,Medium,Silver
P4797,47,Male,Medium,Gold
P4798,49,Male,High,
P4799,18,Male,Medium,
P4800,75,Male,Medium,
P4801,66,Male,High,
P4802,64,Male,Medium,
P4803,47,Female,Medium,
P4804,39,Female,High,
P4805,29,Male,Medium,
P4806,75,Female,Medium,Gold
P4807,30,Male,Medium,Silver
P4808,43,Female,Low,Gold
P4809,20,Male,Low,Silver
P4810,50,Female,Low,
P4811,76,Male,Medium,Silver
P4812,20,Female,Medium,Silver
P4813,64,Female,Medium,Gold
P4814,55,Female,High,
P4815,67,Female,Low,Silver
P4816,23,Male,Low,Silver
P4817,54,Male,High,Silver
P4818,22,Male,High,Gold
P4819,56,Female,High,Silver
P4820,57,Female,Low,Silver
P4821,71,Male,Low,
P4822,32,Male,Medium,Silver
P4823,18,Female,Low,
P4824,70,Male,Low,
P4825,63,Female,Medium,Gold
P4826,38,Female,Low,
P4827,51,Female,High,Platinum
P4828,68,Male,Medium,
P4829,49,Female,Low,Platinum
P4830,40,Male,High,Silver
P4831,53,Male,Low,Silver
P4832,35,Male,High,
P4833,72,Female,Medium,
P4834,47,Male,Medium,
P4835,57,Female,Medium,
P4836,77,Male,Medium,
P4837,31,Female,Medium,
P4838,20,Male,Medium,
P4839,76,Female,Medium,
P4840,19,Male,Medium,Silver
P4841,18,Female,Low,
P4842,50,Male,Medium,Platinum
P4843,50,Female,High,Silver
P4844,22,Male,Medium,Silver
P4845,72,Female,High,
P4846,57,Male,Medium,Gold
P4847,59,Male,Medium,
P4848,65,Male,Medium,
P4849,49,Female,High,
P4850,74,Female,Medium,Silver
P4851,33,Female,High,
P4852,47,Female,High,Silver
P4853,58,Male,Low,
P4854,79,Male,High,
P4855,26,Female,Low,
P4856,45,Female,High,
P4857,60,Male,High,Silver
P4858,67,Male,High,
P4859,52,Male,Medium,Silver
P4860,42,Female,Medium,Silver
P4861,59,Male,Low,Gold
P4862,75,Female,Medium,
P4863,44,Male,Low,Silver
P4864,42,Female,Medium,
P4865,48,Male,Medium,Silver
P4866,26,Female,High,
P4867,30,Male,Low,
P4868,36,Male,Medium,Platinum
P4869,34,Male,Low,Silver
P4870,61,Female,High,
P4871,18,Male,Low,Platinum
P4872,45,Female,Medium,Platinum
P4873,67,Male,Low,
P4874,28,Male,Medium,Platinum
P4875,42,Female,Medium,Silver
P4876,63,Male,Medium,
P4877,31,Male,Medium,Platinum
P4878,25,Male,Medium,Silver
P4879,25,Female,Medium,Silver
P4880,43,Female,High,
P4881,55,Male,Low,
P4882,65,Male,High,
P4883,36,Male,Low,
P4884,34,Male,Medium,
P4885,66,Female,Medium,
P4886,64,Male,Medium,Gold
P4887,70,Male,Low,
P4888,58,Female,Low,
P4889,60,Female,Medium,Platinum
P4890,68,Female,Medium,Silver
P4891,69,Female,Medium,
P4892,31,Female,Low,Silver
P4893,20,Male,High,Silver
P4894,31,Female,High,Gold
P4895,34,Female,Medium,
P4896,29,Female,Medium,
P4897,36,Male,Medium,
P4898,47,Female,Low,Gold
P4899,75,Female,High,
P4900,40,Male,Medium,
P4901,23,Female,Medium,
P4902,69,Female,Medium,
P4903,35,Female,Medium,
P4904,52,Male,Medium,Silver
P4905,51,Male,Low,Platinum
P4906,71,Male,Low,
P4907,53,Male,Medium,
P4908,25,Male,Medium,Gold
P4909,35,Female,Low,Silver
P4910,24,Female,Medium,Silver
P4911,52,Female,Medium,Platinum
P4912,33,Male,High,
P4913,72,Male,Medium,
P4914,62,Male,Medium,Gold
P4915,27,Female,Medium,
P4916,78,Male,High,Silver
P4917,60,Male,Low,Silver
P4918,40,Female,Medium,
P4919,60,Female,High,Platinum
P4920,22,Female,Medium,Gold
P4921,50,Male,High,
P4922,68,Male,High,
P4923,25,Male,Low,Silver
P4924,49,Female,Low,Gold
P4925,51,Male,Medium,Platinum
P4926,45,Female,Medium,
P4927,18,Female,Medium,
P4928,74,Male,High,Silver
P4929,52,Male,Medium,Gold
P4930,49,Male,Medium,
P4931,40,Female,Medium,Silver
P4932,67,Male,Low,Silver
P4933,74,Female,Medium,Silver
P4934,70,Male,Medium,
P4935,22,Female,Medium,
P4936,27,Female,Medium,Gold
P4937,25,Male,High,
P4938,30,Male,Low,
P4939,34,Male,Medium,Platinum
P4940,70,Female,Medium,
P4941,64,Female,Low,Silver
P4942,27,Female,Medium,Silver
P4943,40,Male,Medium,Silver
P4944,76,Male,Low,
P4945,55,Female,Medium,Silver
P4946,54,Male,Medium,
P4947,29,Female,Medium,Gold
P4948,22,Female,High,Platinum
P4949,42,Female,Low,Gold
P4950,76,Male,Medium,
P4951,28,Male,Medium,
P4952,22,Male,Low,
P4953,35,Male,Medium,Silver
P4954,25,Female,High,Silver
P4955,56,Male,High,
P4956,47,Female,Low,
P4957,56,Female,High,Silver
P4958,62,Male,Medium,
P4959,65,Male,High,
P4960,40,Female,Low,
P4961,64,Male,Medium,Gold
P4962,50,Female,Low,
P4963,60,Female,Low,Silver
P4964,50,Male,Low,Platinum
P4965,43,Female,High,Gold
P4966,19,Female,Low,
P4967,77,Male,Low,Silver
P4968,78,Female,Medium,Silver
P4969,36,Male,Low,
P4970,66,Male,High,
P4971,72,Female,Medium,Silver
P4972,39,Male,Medium,
P4973,25,Female,High,
P4974,30,Female,Low,
P4975,42,Female,Medium,
P4976,51,Male,Medium,Silver
P4977,65,Female,Medium,
P4978,59,Female,Medium,
P4979,22,Male,Medium,Silver
P4980,39,Male,Medium,Silver
P4981,18,Female,Medium,
P4982,47,Male,High,Silver
P4983,41,Male,Medium,
P4984,67,Female,Medium,Silver
P4985,18,Male,High,
P4986,47,Female,Medium,
P4987,37,Female,Medium,
P4988,77,Female,Low,Gold
P4989,39,Male,Low,Gold
P4990,22,Male,Medium,
P4991,49,Female,Medium,
P4992,57,Female,Medium,
P4993,23,Male,Medium,
P4994,40,Female,Low,Platinum
P4995,38,Female,Medium,
P4996,63,Male,Medium,
P4997,46,Male,Medium,Platinum
P4998,23,Female,Medium,Platinum
P4999,28,Male,Low,
P5000,57,Male,Low,Silver
P5001,60,Male,Medium,Gold
P5002,18,Male,Low,
P5003,67,Male,Medium,Silver
P5004,56,Female,High,
P5005,24,Female,Medium,Platinum
P5006,70,Male,High,Silver
P5007,45,Female,Medium,
P5008,31,Male,Medium,
P5009,32,Male,Medium,
P5010,54,Female,Medium,
P5011,70,Male,Low,
P5012,71,Male,Medium,
P5013,21,Female,Medium,
P5014,23,Male,Medium,
P5015,55,Female,Low,Silver
P5016,30,Female,Low,Silver
P5017,70,Male,High,
P5018,43,Female,Medium,Gold
P5019,55,Male,Medium,
P5020,44,Female,Low,
P5021,25,Male,Medium,
P5022,27,Male,Medium,Platinum
P5023,39,Female,Medium,Silver
P5024,23,Male,Medium,
P5025,26,Male,High,Gold
P5026,24,Male,Medium,
P5027,49,Male,Low,
P5028,77,Male,High,
P5029,71,Female,Low,
P5030,68,Female,Low,
P5031,34,Female,Medium,Silver
P5032,53,Male,Low,
P5033,25,Male,High,
P5034,38,Female,High,Gold
P5035,26,Female,Medium,
P5036,25,Male,Low,Silver
P5037,30,Female,Low,
P5038,64,Female,Low,
P5039,68,Male,Low,Platinum
P5040,31,Female,High,Gold
P5041,38,Female,Medium,
P5042,72,Male,High,Silver
P5043,31,Female,Low,Silver
P5044,29,Male,Low,
P5045,77,Female,Medium,
P5046,36,Female,Low,Gold
P5047,78,Male,Medium,
P5048,18,Male,High,Silver
P5049,19,Male,Low,
P5050,45,Female,Medium,Silver
P5051,77,Male,Low,
P5052,71,Female,Medium,
P5053,63,Female,Medium,Silver
P5054,30,Female,High,
P5055,79,Male,Medium,
P5056,29,Female,Medium,
P5057,51,Female,Low,Silver
P5058,25,Female,Medium,Gold
P5059,30,Female,Medium,
P5060,73,Male,Low,
P5061,75,Female,Medium,Silver
P5062,32,Male,Low,Gold
P5063,64,Male,Medium,Silver
P5064,36,Male,High,Gold
P5065,36,Male,Medium,Silver
P5066,24,Female,High,
P5067,41,Male,Low,
P5068,18,Male,Medium,Silver
P5069,35,Female,Medium,Silver
P5070,49,Female,Medium,Silver
P5071,54,Female,High,Silver
P5072,76,Female,Low,Silver
P5073,62,Female,Medium,Gold
P5074,68,Male,Low,
P5075,41,Male,Medium,
P5076,42,Male,Low,
P5077,70,Female,Medium,
P5078,30,Male,Low,
P5079,45,Female,Medium,
P5080,51,Male,Medium,Gold
P5081,76,Male,Medium,
P5082,62,Female,Medium,Gold
P5083,78,Female,High,
P5084,52,Female,Medium,
P5085,54,Male,High,
P5086,60,Male,Medium,Silver
P5087,25,Female,High,Silver
P5088,73,Male,High,Silver
P5089,47,Female,Medium,
P5090,41,Female,Low,Gold
P5091,49,Female,Low,Silver
P5092,43,Male,Medium,
P5093,28,Male,High,Platinum
P5094,41,Male,Medium,
P5095,56,Female,Medium,
P5096,22,Female,Medium,Silver
P5097,20,Male,High,
P5098,26,Male,High,Silver
P5099,75,Male,Low,Gold
P5100,54,Female,High,Silver
P5101,73,Female,Low,Silver
P5102,24,Female,Medium,
P5103,39,Male,Medium,Gold
P5104,30,Female,Medium,
P5105,65,Female,Medium,Silver
P5106,19,Male,High,Platinum
P5107,62,Male,Medium,Gold
P5108,63,Male,Low,Platinum
P5109,54,Male,High,Platinum
P5110,28,Female,Medium,Platinum
P5111,44,Male,Low,
P5112,28,Female,Low,Silver
P5113,32,Male,High,
P5114,59,Female,Low,Silver
P5115,59,Male,Medium,
P5116,40,Male,Low,
P5117,21,Male,Medium,Gold
P5118,33,Male,Medium,Platinum
P5119,18,Female,High,
P5120,61,Female,High,Gold
P5121,24,Female,High,
P5122,23,Male,Medium,
P5123,30,Female,Low,Gold
P5124,58,Male,Low,Silver
P5125,35,Male,High,Silver
P5126,65,Female,Medium,
P5127,60,Female,Medium,Silver
P5128,69,Female,Low,Gold
P5129,60,Male,Medium,Gold
P5130,39,Female,Medium,Gold
P5131,73,Male,Low,Gold
P5132,35,Male,Low,Platinum
P5133,70,Male,Low,Gold
P5134,49,Male,Medium,
P5135,75,Male,Medium,
P5136,70,Male,High,Silver
P5137,20,Male,Medium,Gold
P5138,51,Male,Medium,
P5139,64,Female,High,Silver
P5140,64,Female,Medium,
P5141,25,Male,Low,Silver
P5142,57,Female,High,Silver
P5143,47,Female,High,
P5144,52,Male,Low,Platinum
P5145,60,Female,Medium,
P5146,35,Female,High,Platinum
P5147,37,Female,Medium,
P5148,60,Male,Medium,Gold
P5149,73,Male,Low,Gold
P5150,54,Female,Low,Silver
P5151,48,Female,Medium,
P5152,54,Male,Low,Silver
P5153,38,Female,Low,Silver
P5154,48,Male,Medium,
P5155,29,Male,Medium,
P5156,48,Female,Low,Gold
P5157,47,Male,Medium,Silver
P5158,45,Male,Low,Platinum
P5159,71,Male,Low,
P5160,72,Female,Medium,
P5161,21,Female,Low,
P5162,72,Female,Medium,Platinum
P5163,59,Female,Low,Silver
P5164,65,Female,Medium,Gold
P5165,41,Male,Low,
P5166,66,Female,Medium,
P5167,77,Female,Low,Platinum
P5168,66,Female,Medium,Silver
P5169,19,Male,Medium,
P5170,33,Male,High,
P5171,24,Male,Medium,
P5172,54,Female,Medium,Gold
P5173,68,Male,Low,Silver
P5174,33,Male,High,Gold
P5175,39,Male,High,Gold
P5176,76,Female,High,
P5177,53,Female,High,
P5178,47,Female,Low,
P5179,64,Male,Low,Gold
P5180,69,Male,Medium,Silver
P5181,37,Female,Medium,
P5182,30,Male,Low,Silver
P5183,63,Female,High,
P5184,21,Male,High,Silver
P5185,41,Female,Medium,
P5186,35,Female,Low,
P5187,24,Male,Medium,
P5188,38,Male,Medium,
P5189,61,Female,High,Silver
P5190,72,Female,Medium,Silver
P5191,68,Male,Medium,
P5192,67,Female,Medium,Gold
P5193,46,Male,Low,Silver
P5194,77,Female,Medium,
P5195,39,Female,Medium,
P5196,53,Male,Medium,
P5197,41,Female,Medium,Gold
P5198,34,Male,Medium,
P5199,61,Male,Low,
P5200,47,Female,Medium,
P5201,60,Male,Medium,Gold
P5202,70,Female,Medium,Silver
P5203,46,Male,Low,Silver
P5204,48,Female,Medium,
P5205,56,Male,Low,
P5206,19,Female,Medium,
P5207,61,Male,Medium,
P5208,61,Female,Low,Silver
P5209,57,Female,High,Silver
P5210,19,Male,Low,Silver
P5211,28,Male,Low,
P5212,18,Female,Low,
P5213,18,Female,Medium,Platinum
P5214,77,Male,Medium,Platinum
P5215,22,Male,High,Gold
P5216,48,Female,High,Silver
P5217,41,Male,High,Platinum
P5218,63,Male,Medium,
P5219,36,Female,Medium,Silver
P5220,73,Male,Medium,
P5221,24,Male,Medium,Silver
P5222,66,Female,Medium,
P5223,65,Male,Medium,Silver
P5224,47,Male,High,Silver
P5225,31,Male,Medium,Silver
P5226,51,Male,Medium,Gold
P5227,48,Male,Low,
P5228,24,Female,Low,
P5229,78,Female,Low,Silver
P5230,39,Male,Low,
P5231,54,Female,Medium,
P5232,79,Female,Low,Silver
P5233,19,Female,Low,Silver
P5234,68,Male,Medium,
P5235,27,Female,Medium,Silver
P5236,21,Male,Medium,Platinum
P5237,66,Male,Medium,
P5238,48,Male,Low,
P5239,76,Male,Low,Silver
P5240,36,Male,Medium,Silver
P5241,68,Female,Low,
P5242,18,Male,High,
P5243,28,Male,High,
P5244,74,Female,Medium,
P5245,51,Male,Medium,
P5246,67,Female,Low,Silver
P5247,75,Male,Medium,Gold
P5248,21,Female,Low,Silver
P5249,27,Male,High,
P5250,24,Male,Low,
P5251,65,Male,Medium,
P5252,67,Female,Medium,Platinum
P5253,70,Female,Medium,Platinum
P5254,43,Male,Medium,Silver
P5255,59,Male,Medium,
P5256,52,Female,High,Gold
P5257,21,Male,Low,
P5258,67,Female,Medium,Silver
P5259,27,Male,Low,Silver
P5260,64,Female,Low,Gold
P5261,64,Male,High,
P5262,57,Male,Medium,Gold
P5263,76,Female,High,Platinum
P5264,52,Male,Medium,Gold
P5265,75,Female,Low,Silver
P5266,55,Female,High,Silver
P5267,72,Female,High,Gold
P5268,44,Female,Medium,
P5269,25,Female,High,
P5270,43,Male,Medium,
P5271,47,Female,Medium,
P5272,46,Male,Medium,Platinum
P5273,39,Male,Low,
P5274,65,Female,High,
P5275,69,Female,Medium,
P5276,66,Female,High,Silver
P5277,32,Male,Low,Silver
P5278,38,Male,Low,Silver
P5279,72,Male,Medium,
P5280,62,Male,Low,Silver
P5281,32,Female,High,Gold
P5282,43,Female,Low,
P5283,75,Male,Low,Gold
P5284,59,Female,Low,Silver
P5285,40,Male,Medium,Gold
P5286,33,Female,Low,Silver
P5287,49,Male,Medium,
P5288,42,Male,Low,
P5289,30,Male,Medium,Silver
P5290,25,Female,High,
P5291,55,Male,Low,
P5292,42,Male,Medium,
P5293,24,Male,Low,Silver
P5294,74,Female,High,Silver
P5295,33,Male,Low,
P5296,54,Female,Medium,Silver
P5297,55,Male,High,Silver
P5298,70,Male,Medium,
P5299,58,Male,High,
P5300,51,Male,Medium,
P5301,35,Male,High,Gold
P5302,64,Male,Medium,Silver
P5303,41,Male,Low,Gold
P5304,72,Male,Medium,Silver
P5305,58,Female,Medium,Silver
P5306,79,Female,Low,Silver
P5307,36,Female,Medium,Gold
P5308,46,Male,Medium,
P5309,59,Male,Low,
P5310,25,Male,Medium,Platinum
P5311,73,Female,High,
P5312,42,Female,Medium,Silver
P5313,42,Female,Medium,Silver
P5314,53,Female,Medium,Silver
P5315,66,Male,Medium,
P5316,21,Male,Medium,Platinum
P5317,19,Male,Medium,
P5318,24,Male,Low,Gold
P5319,42,Female,Medium,Silver
P5320,50,Female,Medium,
P5321,47,Male,Medium,
P5322,19,Female,Low,Silver
P5323,73,Male,Medium,
P5324,71,Male,Medium,
P5325,52,Female,Medium,
P5326,75,Female,Medium,
P5327,33,Male,High,
P5328,61,Female,Medium,Gold
P5329,29,Female,Medium,Gold
P5330,28,Female,High,
P5331,49,Male,Low,
P5332,19,Female,Low,
P5333,35,Male,Medium,Silver
P5334,61,Female,Medium,
P5335,22,Female,Medium,
P5336,68,Female,Medium,
P5337,32,Male,Medium,Silver
P5338,47,Female,Medium,
P5339,27,Female,Medium,
P5340,65,Male,Low,
P5341,38,Male,Medium,
P5342,68,Female,Low,Silver
P5343,53,Female,Medium,Platinum
P5344,70,Female,High,Silver
P5345,53,Male,High,Silver
P5346,76,Female,High,Gold
P5347,60,Female,High,Gold
P5348,75,Male,Low,Silver
P5349,56,Female,Medium,Silver
P5350,35,Female,Medium,Silver
P5351,73,Female,Medium,
P5352,69,Female,Medium,
P5353,79,Female,Low,Silver
P5354,30,Female,Medium,Gold
P5355,18,Female,Low,
P5356,52,Female,Low,Silver
P5357,55,Male,Medium,Gold
P5358,69,Male,Medium,
P5359,58,Female,Medium,Gold
P5360,27,Male,Medium,
P5361,72,Female,Low,Platinum
P5362,25,Male,Low,
P5363,33,Male,High,
P5364,47,Male,Low,
P5365,64,Male,Medium,
P5366,28,Female,Low,
P5367,56,Female,High,
P5368,63,Male,Medium,
P5369,26,Female,High,
P5370,72,Male,Low,
P5371,56,Female,Medium,Silver
P5372,52,Male,Low,
P5373,42,Male,High,
P5374,48,Female,High,Gold
P5375,78,Male,High,
P5376,76,Female,Medium,Gold
P5377,38,Male,Low,Platinum
P5378,33,Female,Medium,Silver
P5379,39,Male,Low,Silver
P5380,54,Female,High,
P5381,25,Female,Low,Silver
P5382,52,Male,Low,
P5383,72,Male,Medium,
P5384,66,Female,Low,
P5385,33,Female,Medium,Silver
P5386,77,Male,Low,Silver
P5387,18,Female,High,
P5388,56,Male,Medium,
P5389,22,Male,Medium,
P5390,44,Male,Medium,
P5391,26,Male,Medium,
P5392,57,Male,High,Silver
P5393,32,Male,High,Platinum
P5394,79,Female,High,
P5395,23,Female,High,
P5396,45,Female,Medium,
P5397,49,Male,Medium,
P5398,67,Female,Low,
P5399,78,Male,Low,
P5400,49,Male,Medium,Silver
P5401,76,Male,High,Platinum
P5402,45,Male,Medium,
P5403,66,Male,Medium,Gold
P5404,38,Male,Low,Silver
P5405,48,Female,Low,
P5406,68,Female,Low,
P5407,27,Female,Medium,Gold
P5408,58,Female,High,Silver
P5409,60,Male,Low,Silver
P5410,54,Male,Low,
P5411,69,Male,Medium,
P5412,53,Male,Low,Platinum
P5413,36,Male,Low,
P5414,48,Male,Low,
P5415,69,Female,Low,Platinum
P5416,48,Female,Medium,Gold
P5417,42,Female,High,
P5418,78,Male,Medium,Gold
P5419,42,Male,Low,Silver
P5420,45,Female,Medium,
P5421,34,Female,High,
P5422,26,Female,Medium,
P5423,68,Male,Medium,Silver
P5424,35,Female,Low,Silver
P5425,41,Male,Medium,Platinum
P5426,47,Male,Low,
P5427,65,Female,Medium,
P5428,25,Female,Low,Silver
P5429,38,Female,Medium,
P5430,62,Male,Medium,
P5431,61,Female,Medium,Gold
P5432,79,Female,High,
P5433,75,Male,Low,Silver
P5434,60,Male,Low,Platinum
P5435,42,Female,Medium,Gold
P5436,66,Female,Medium,
P5437,57,Female,Medium,
P5438,47,Male,Low,Platinum
P5439,60,Female,Low,Platinum
P5440,29,Male,Low,Silver
P5441,74,Male,Medium,
P5442,44,Female,High,
P5443,28,Female,High,
P5444,58,Male,Medium,
P5445,72,Female,Medium,
P5446,34,Female,High,Platinum
P5447,25,Female,Medium,
P5448,52,Male,Medium,
P5449,44,Female,Low,
P5450,31,Female,Medium,
P5451,19,Female,Medium,
P5452,63,Female,Medium,
P5453,21,Female,Medium,Platinum
P5454,39,Male,Medium,Gold
P5455,44,Male,Medium,
P5456,30,Male,Medium,
P5457,58,Male,Medium,
P5458,38,Male,Medium,Silver
P5459,61,Female,Medium,
P5460,38,Female,Low,Silver
P5461,21,Female,Medium,Gold
P5462,50,Male,High,
P5463,27,Male,Low,
P5464,50,Male,Low,Gold
P5465,48,Male,Medium,
P5466,61,Female,Low,Silver
P5467,18,Male,High,Platinum
P5468,48,Female,High,Silver
P5469,68,Female,Low,
P5470,65,Male,Medium,
P5471,31,Male,Medium,
P5472,25,Female,Medium,
P5473,35,Male,Low,Gold
P5474,19,Female,High,Gold
P5475,70,Male,Medium,Silver
P5476,46,Male,High,
P5477,54,Female,Medium,
P5478,65,Female,Medium,Platinum
P5479,31,Female,Medium,
P5480,71,Male,Low,Silver
P5481,68,Female,Medium,
P5482,60,Male,High,
P5483,52,Female,Low,
P5484,23,Female,Medium,
P5485,56,Female,High,
P5486,19,Female,High,Silver
P5487,22,Female,Medium,
P5488,51,Male,High,Gold
P5489,39,Female,Low,
P5490,60,Male,Medium,Silver
P5491,45,Female,Medium,
P5492,48,Male,Medium,
P5493,46,Male,Low,Silver
P5494,60,Female,Low,
P5495,35,Female,Medium,Silver
P5496,77,Female,Low,
P5497,51,Male,Medium,
P5498,28,Female,High,Gold
P5499,45,Female,Low,Silver
P5500,60,Female,Medium,
P5501,28,Female,Medium,Platinum
P5502,36,Male,High,
P5503,38,Male,High,
P5504,23,Male,Low,Gold
P5505,39,Female,Medium,
P5506,47,Female,Medium,Silver
P5507,37,Female,Low,Silver
P5508,42,Female,Medium,Silver
P5509,42,Female,Medium,
P5510,38,Female,Medium,
P5511,47,Male,Low,
P5512,48,Male,Low,Platinum
P5513,57,Female,High,Gold
P5514,76,Male,Medium,Gold
P5515,32,Female,Low,Platinum
P5516,29,Male,Medium,
P5517,20,Female,Medium,
P5518,46,Female,Medium,
P5519,53,Male,Low,Silver
P5520,28,Male,High,
P5521,41,Male,Low,
P5522,24,Male,High,Silver
P5523,73,Female,High,
P5524,18,Male,Medium,
P5525,39,Female,Low,Platinum
P5526,64,Female,Medium,
P5527,38,Female,Low,Platinum
P5528,38,Female,Medium,Platinum
P5529,78,Male,High,Silver
P5530,72,Male,Medium,Silver
P5531,53,Male,Medium,
P5532,29,Male,Medium,
P5533,79,Female,Low,Silver
P5534,38,Female,High,
P5535,75,Male,High,
P5536,56,Female,Medium,Platinum
P5537,58,Female,Medium,Gold
P5538,57,Female,Medium,Gold
P5539,64,Female,Medium,
P5540,64,Female,Medium,Silver
P5541,70,Female,Medium,Gold
P5542,75,Male,Medium,Gold
P5543,34,Female,Medium,
P5544,67,Male,Low,
P5545,42,Female,Medium,
P5546,72,Female,Medium,Silver
P5547,23,Female,High,Silver
P5548,63,Male,Low,Silver
P5549,39,Female,High,Silver
P5550,55,Female,Medium,Silver
P5551,34,Female,High,Gold
P5552,79,Male,Medium,Silver
P5553,60,Male,Low,
P5554,37,Male,Medium,
P5555,28,Female,Low,
P5556,72,Female,Medium,
P5557,67,Female,High,
P5558,54,Female,Medium,Silver
P5559,26,Male,Medium,Platinum
P5560,65,Female,Low,Silver
P5561,39,Male,Medium,Silver
P5562,53,Female,Medium,Silver
P5563,55,Male,Low,
P5564,66,Male,Medium,
P5565,24,Female,Medium,
P5566,69,Male,High,
P5567,69,Female,Medium,
P5568,78,Male,High,
P5569,75,Female,High,
P5570,77,Male,High,Gold
P5571,75,Female,Low,Silver
P5572,39,Male,Medium,Platinum
P5573,57,Male,High,Silver
P5574,74,Female,High,
P5575,26,Female,Medium,
P5576,18,Female,Medium,
P5577,24,Female,Low,
P5578,68,Female,Medium,Silver
P5579,34,Female,Medium,Gold
P5580,46,Female,High,Silver
P5581,37,Female,Medium,
P5582,65,Male,Medium,
P5583,23,Male,Medium,
P5584,57,Female,Medium,
P5585,58,Female,Medium,Silver
P5586,75,Female,High,
P5587,59,Male,Medium,Silver
P5588,39,Male,Medium,Gold
P5589,35,Female,Medium,
P5590,50,Male,Medium,Silver
P5591,27,Female,High,
P5592,49,Male,Medium,
P5593,26,Male,Medium,
P5594,68,Female,Low,Gold
P5595,21,Male,Low,
P5596,57,Female,Medium,
P5597,67,Female,Medium,Silver
P5598,58,Female,Low,
P5599,36,Male,High,Silver
P5600,42,Male,Medium,
P5601,78,Male,High,
P5602,63,Female,Medium,Gold
P5603,25,Female,Low,
P5604,62,Male,Low,
P5605,43,Female,Medium,Silver
P5606,50,Female,Low,Silver
P5607,78,Male,Low,Silver
P5608,47,Female,High,
P5609,66,Female,Medium,
P5610,33,Male,High,
P5611,19,Female,Medium,
P5612,77,Male,Low,
P5613,52,Female,Low,
P5614,35,Male,Medium,
P5615,21,Female,Medium,Silver
P5616,49,Male,Medium,
P5617,25,Female,Medium,Platinum
P5618,77,Male,Low,Gold
P5619,66,Male,Low,
P5620,49,Male,Medium,
P5621,52,Male,Medium,
P5622,59,Male,Low,
P5623,20,Male,Medium,
P5624,23,Male,Medium,Gold
P5625,74,Female,Low,Gold
P5626,60,Female,Low,Silver
P5627,67,Male,Low,
P5628,49,Female,Medium,Gold
P5629,37,Female,Low,
P5630,77,Female,Low,Silver
P5631,63,Male,Medium,Platinum
P5632,45,Male,High,
P5633,32,Female,Medium,Platinum
P5634,56,Male,Medium,Silver
P5635,36,Female,Medium,
P5636,48,Male,Medium,
P5637,51,Female,Low,
P5638,36,Female,Low,
P5639,68,Female,Medium,Platinum
P5640,26,Male,Low,Platinum
P5641,19,Male,Medium,
P5642,38,Female,Low,
P5643,74,Male,Low,
P5644,53,Male,Medium,Silver
P5645,37,Male,High,
P5646,43,Female,Low,
P5647,70,Female,Medium,
P5648,67,Male,Medium,
P5649,52,Male,Medium,
P5650,39,Female,Medium,
P5651,58,Female,Medium,Platinum
P5652,71,Male,Medium,Silver
P5653,20,Male,Low,Platinum
P5654,41,Male,Low,Silver
P5655,58,Male,Medium,Platinum
P5656,34,Female,Low,Silver
P5657,79,Male,Low,
P5658,25,Male,Medium,
P5659,32,Female,Medium,
P5660,40,Male,Low,Silver
P5661,56,Male,Low,Gold
P5662,42,Male,Medium,Silver
P5663,79,Female,Low,
P5664,43,Male,High,
P5665,38,Male,Low,
P5666,52,Male,Low,Silver
P5667,77,Male,High,
P5668,55,Female,Medium,
P5669,40,Female,High,Silver
P5670,18,Female,Low,Gold
P5671,40,Male,Low,
P5672,19,Female,Medium,
P5673,31,Male,Medium,Platinum
P5674,39,Male,High,Platinum
P5675,44,Male,Medium,Silver
P5676,61,Male,Medium,
P5677,23,Female,Low,
P5678,66,Male,Low,
P5679,36,Female,Medium,
P5680,42,Male,Low,
P5681,51,Female,Low,Platinum
P5682,57,Male,Medium,
P5683,59,Female,Medium,
P5684,25,Male,High,Platinum
P5685,31,Female,Low,
P5686,75,Male,Low,Platinum
P5687,74,Female,Medium,Silver
P5688,76,Male,Medium,Silver
P5689,55,Female,Medium,
P5690,74,Female,Low,Silver
P5691,35,Male,High,Gold
P5692,28,Male,Medium,
P5693,55,Female,Low,
P5694,19,Female,Low,
P5695,71,Male,Low,Gold
P5696,21,Male,Medium,
P5697,29,Female,Low,
P5698,22,Male,High,Platinum
P5699,46,Female,High,Silver
P5700,65,Female,Low,Gold
P5701,20,Male,Medium,Gold
P5702,26,Male,Medium,
P5703,46,Female,Low,Platinum
P5704,61,Male,Low,Gold
P5705,45,Male,Medium,Gold
P5706,22,Female,High,
P5707,75,Female,Medium,
P5708,26,Female,Medium,
P5709,38,Female,Medium,Silver
P5710,51,Male,Medium,Gold
P5711,59,Female,Low,Platinum
P5712,32,Female,Low,Silver
P5713,57,Female,Low,
P5714,49,Female,Medium,Silver
P5715,28,Male,Medium,Silver
P5716,25,Male,Medium,Platinum
P5717,65,Male,Low,
P5718,36,Male,Medium,
P5719,20,Female,Medium,
P5720,25,Male,Low,Silver
P5721,40,Male,Low,Platinum
P5722,67,Female,Low,
P5723,42,Female,Medium,Silver
P5724,36,Male,Low,
P5725,37,Male,High,Silver
P5726,50,Male,Medium,
P5727,67,Female,Low,Platinum
P5728,61,Female,Medium,Silver
P5729,36,Female,Medium,
P5730,64,Male,Medium,Gold
P5731,50,Female,High,
P5732,71,Male,Medium,
P5733,79,Male,Low,
P5734,62,Male,Medium,Silver
P5735,67,Male,Low,
P5736,31,Female,Medium,
P5737,54,Male,Medium,Platinum
P5738,22,Male,Medium,Silver
P5739,56,Female,High,
P5740,40,Female,Medium,Silver
P5741,30,Female,Medium,Platinum
P5742,19,Male,High,Gold
P5743,20,Female,Low,Gold
P5744,36,Female,High,Silver
P5745,78,Female,Low,Platinum
P5746,73,Male,Medium,Gold
P5747,76,Female,High,
P5748,56,Female,Medium,
P5749,41,Female,Low,Gold
P5750,45,Female,Medium,Silver
P5751,22,Female,Medium,
P5752,27,Male,Medium,
P5753,24,Male,High,Silver
P5754,32,Male,Medium,
P5755,60,Male,Low,Silver
P5756,47,Male,Low,
P5757,36,Female,High,
P5758,58,Male,High,
P5759,67,Male,Low,
P5760,21,Male,High,
P5761,39,Male,Medium,
P5762,43,Male,High,
P5763,29,Female,Medium,
P5764,35,Female,Medium,
P5765,44,Male,High,Silver
P5766,56,Female,Low,
P5767,47,Male,Medium,Gold
P5768,30,Male,Medium,
P5769,54,Female,Medium,
P5770,74,Male,Medium,Silver
P5771,19,Male,Medium,
P5772,20,Male,Low,
P5773,28,Female,Low,Silver
P5774,47,Female,Low,
P5775,40,Female,Low,
P5776,75,Female,Medium,
P5777,69,Male,Medium,
P5778,60,Male,Medium,Silver
P5779,51,Female,Medium,Silver
P5780,32,Male,High,Silver
P5781,32,Male,Medium,Gold
P5782,73,Male,Medium,Silver
P5783,52,Male,Medium,
P5784,51,Male,Medium,
P5785,64,Female,Low,
P5786,31,Female,Medium,Silver
P5787,31,Female,Low,
P5788,18,Male,High,Silver
P5789,70,Male,Low,
P5790,65,Male,Medium,
P5791,28,Male,High,
P5792,54,Male,Medium,
P5793,44,Male,Medium,Platinum
P5794,29,Male,High,
P5795,76,Male,Low,Silver
P5796,47,Male,High,Gold
P5797,28,Male,High,
P5798,62,Male,Low,
P5799,33,Female,High,Silver
P5800,39,Female,Medium,
P5801,29,Female,High,Silver
P5802,70,Female,Medium,
P5803,33,Female,Medium,Silver
P5804,71,Male,Medium,
P5805,74,Male,Low,
P5806,27,Male,High,
P5807,79,Female,High,Platinum
P5808,27,Female,Low,Silver
P5809,61,Female,High,Silver
P5810,68,Female,Medium,Gold
P5811,69,Male,Medium,Gold
P5812,69,Female,Medium,
P5813,31,Male,Medium,Gold
P5814,79,Female,Medium,Platinum
P5815,56,Female,Medium,
P5816,33,Female,High,
P5817,45,Female,Low,
P5818,43,Female,Medium,
P5819,39,Female,Medium,Gold
P5820,36,Female,Low,Gold
P5821,68,Male,High,
P5822,38,Male,Medium,Platinum
P5823,73,Male,Medium,Platinum
P5824,56,Female,Medium,Silver
P5825,26,Male,Low,Gold
P5826,33,Male,Low,
P5827,50,Male,Medium,Silver
P5828,78,Female,Medium,
P5829,74,Male,Low,Silver
P5830,67,Male,Medium,
P5831,57,Male,High,Platinum
P5832,51,Male,High,Gold
P5833,56,Male,Medium,Silver
P5834,18,Male,Low,Silver
P5835,53,Female,Low,Silver
P5836,26,Female,Medium,
P5837,33,Female,Low,
P5838,48,Male,Low,
P5839,23,Female,Low,
P5840,79,Female,High,
P5841,61,Male,Medium,Gold
P5842,42,Female,Low,Silver
P5843,74,Male,Medium,
P5844,25,Male,Medium,Silver
P5845,77,Male,Medium,Platinum
P5846,38,Female,Low,Silver
P5847,35,Female,High,
P5848,55,Female,High,
P5849,71,Female,Medium,Silver
P5850,61,Female,High,
P5851,35,Female,Low,Silver
P5852,74,Female,Low,
P5853,59,Male,Low,
P5854,36,Male,Low,Silver
P5855,37,Male,Low,Silver
P5856,70,Male,Low,Platinum
P5857,46,Female,High,
P5858,23,Male,High,Gold
P5859,32,Female,Low,Silver
P5860,22,Female,Medium,
P5861,35,Male,Medium,
P5862,47,Male,Low,
P5863,20,Female,Medium,
P5864,53,Female,Medium,Platinum
P5865,42,Female,Low,
P5866,73,Male,Low,Silver
P5867,73,Male,Low,
P5868,32,Male,Medium,Silver
P5869,69,Male,High,Silver
P5870,29,Female,Low,
P5871,19,Female,Medium,
P5872,63,Female,Medium,Silver
P5873,38,Male,Medium,
P5874,63,Male,Low,Gold
P5875,52,Female,High,
P5876,66,Male,Medium,
P5877,57,Male,Low,
P5878,49,Female,Medium,Silver
P5879,25,Male,Medium,
P5880,37,Female,Medium,Platinum
P5881,60,Female,Medium,
P5882,55,Male,Low,
P5883,31,Male,Medium,Silver
P5884,54,Male,Medium,
P5885,28,Female,Low,Gold
P5886,63,Female,Low,Gold
P5887,56,Female,Medium,
P5888,58,Female,Medium,Platinum
P5889,27,Male,Low,
P5890,44,Female,Medium,
P5891,62,Female,Medium,Silver
P5892,31,Male,High,Silver
P5893,68,Male,Medium,Gold
P5894,32,Female,High,Silver
P5895,30,Male,Medium,Silver
P5896,42,Male,Medium,Platinum
P5897,66,Female,Medium,Silver
P5898,42,Female,Low,
P5899,55,Male,Medium,Silver
P5900,23,Female,High,
P5901,61,Male,Medium,Gold
P5902,22,Male,High,Gold
P5903,66,Male,Medium,
P5904,44,Female,Medium,Silver
P5905,62,Male,High,
P5906,20,Female,Medium,
P5907,64,Female,Medium,Gold
P5908,28,Male,Medium,Platinum
P5909,53,Male,Medium,Silver
P5910,22,Male,High,
P5911,75,Male,Low,Gold
P5912,67,Female,Medium,
P5913,19,Female,Medium,Gold
P5914,43,Male,Low,Platinum
P5915,33,Male,Medium,
P5916,20,Female,Low,Silver
P5917,76,Male,High,Silver
P5918,32,Female,Low,
P5919,46,Male,High,Gold
P5920,26,Female,Low,Platinum
P5921,68,Female,Low,
P5922,55,Male,High,Platinum
P5923,54,Male,High,
P5924,35,Female,Low,
P5925,76,Male,Low,
P5926,67,Male,Medium,
P5927,41,Male,Medium,Gold
P5928,44,Female,Medium,
P5929,54,Male,Medium,Silver
P5930,24,Female,Medium,
P5931,79,Male,Medium,
P5932,52,Female,High,
P5933,22,Male,Low,Gold
P5934,43,Female,Low,
P5935,48,Female,Medium,
P5936,38,Male,Medium,
P5937,78,Male,Low,
P5938,26,Female,Medium,
P5939,44,Male,High,
P5940,37,Female,High,
P5941,50,Male,High,
P5942,33,Female,Medium,
P5943,59,Male,High,Gold
P5944,59,Male,Low,Silver
P5945,36,Female,Low,Platinum
P5946,61,Male,Medium,Silver
P5947,54,Male,Low,
P5948,68,Male,High,Silver
P5949,52,Female,Low,Gold
P5950,61,Male,Low,Silver
P5951,40,Female,Medium,
P5952,73,Male,Low,Silver
P5953,61,Male,Low,
P5954,19,Female,Medium,Silver
P5955,47,Male,Medium,
P5956,50,Female,Medium,Platinum
P5957,67,Female,Low,
P5958,76,Male,Low,Platinum
P5959,20,Male,Medium,Platinum
P5960,19,Male,Low,Platinum
P5961,52,Female,High,
P5962,44,Female,Medium,Gold
P5963,51,Female,High,
P5964,73,Female,Medium,
P5965,66,Female,Medium,Platinum
P5966,79,Male,Low,
P5967,49,Male,High,
P5968,25,Male,Medium,Gold
P5969,60,Female,Low,Platinum
P5970,62,Female,Medium,Gold
P5971,36,Male,Medium,Gold
P5972,64,Male,High,Silver
P5973,37,Male,Medium,Gold
P5974,50,Female,Medium,
P5975,55,Female,Medium,
P5976,41,Male,Medium,
P5977,37,Female,High,
P5978,38,Female,High,Gold
P5979,55,Male,Medium,Silver
P5980,49,Male,Low,Silver
P5981,48,Male,Low,Silver
P5982,51,Male,Medium,
P5983,53,Male,Medium,
P5984,26,Female,Low,
P5985,35,Male,Medium,Silver
P5986,29,Male,High,Silver
P5987,29,Male,High,
P5988,40,Female,High,Platinum
P5989,37,Female,Medium,
P5990,61,Male,Medium,Silver
P5991,38,Male,Medium,
P5992,31,Male,Medium,Platinum
P5993,32,Male,Low,
P5994,28,Male,Medium,Silver
P5995,54,Male,Medium,
P5996,73,Male,Medium,Gold
P5997,54,Male,Medium,Silver
P5998,72,Female,High,Silver
P5999,21,Male,Medium,Gold
P6000,42,Female,Low,Platinum
P6001,56,Female,High,Gold
P6002,29,Male,Medium,Silver
P6003,57,Female,Medium,Gold
P6004,25,Male,Medium,
P6005,40,Male,Medium,
P6006,34,Male,Medium,Gold
P6007,33,Male,Medium,Silver
P6008,19,Male,Medium,Silver
P6009,21,Female,Medium,
P6010,20,Female,High,
P6011,60,Female,Low,Silver
P6012,74,Male,Medium,Gold
P6013,57,Male,High,
P6014,58,Female,Medium,Platinum
P6015,28,Female,Medium,
P6016,40,Male,Low,Gold
P6017,41,Male,High,
P6018,48,Male,Low,Silver
P6019,62,Female,Medium,
P6020,33,Male,Medium,
P6021,20,Male,Low,
P6022,25,Female,Medium,Gold
P6023,25,Male,Medium,Platinum
P6024,62,Male,High,Silver
P6025,21,Male,High,
P6026,38,Female,Medium,Silver
P6027,65,Female,Medium,
P6028,38,Male,High,Platinum
P6029,33,Female,Medium,Silver
P6030,71,Male,Low,Platinum
P6031,56,Female,Low,Platinum
P6032,41,Female,Low,
P6033,52,Male,Medium,
P6034,31,Female,Low,
P6035,41,Female,Medium,
P6036,61,Male,High,
P6037,60,Male,Medium,
P6038,51,Male,Medium,Platinum
P6039,33,Female,Low,Silver
P6040,57,Male,Medium,
P6041,35,Male,Low,
P6042,26,Female,Medium,Silver
P6043,69,Male,Medium,Silver
P6044,18,Male,Medium,Silver
P6045,67,Male,Low,
P6046,28,Female,Low,Silver
P6047,54,Female,High,
P6048,47,Male,Low,
P6049,38,Male,Low,
P6050,71,Male,Low,
P6051,59,Male,Low,
P6052,31,Male,High,
P6053,66,Male,Medium,
P6054,58,Male,Low,Silver
P6055,23,Female,Medium,Gold
P6056,30,Male,Low,
P6057,19,Female,Low,Silver
P6058,61,Female,Low,Gold
P6059,44,Male,Medium,
P6060,33,Female,High,
P6061,43,Female,Low,Gold
P6062,46,Female,Medium,Platinum
P6063,60,Female,Medium,
P6064,44,Male,High,Silver
P6065,65,Male,Low,Platinum
P6066,50,Female,High,Gold
P6067,43,Female,Medium,
P6068,79,Male,Medium,Gold
P6069,32,Female,Medium,
P6070,36,Female,High,Silver
P6071,75,Female,Low,Platinum
P6072,68,Male,Low,
P6073,46,Male,Low,Platinum
P6074,61,Male,Medium,
P6075,62,Female,Low,
P6076,41,Male,Medium,
P6077,50,Male,Low,
P6078,53,Male,Medium,Silver
P6079,70,Male,Medium,Platinum
P6080,49,Female,Medium,
P6081,77,Male,Low,Gold
P6082,43,Female,High,
P6083,78,Female,Medium,
P6084,30,Male,Low,Gold
P6085,79,Male,Low,Gold
P6086,61,Female,Medium,
P6087,18,Male,Medium,
P6088,44,Male,High,
P6089,68,Male,Medium,
P6090,56,Female,Medium,
P6091,75,Female,Medium,Platinum
P6092,20,Female,Low,
P6093,41,Female,High,Silver
P6094,29,Female,High,
P6095,62,Female,Medium,
P6096,33,Female,Medium,Silver
P6097,64,Female,Medium,
P6098,78,Male,Medium,
P6099,66,Male,Medium,Platinum
P6100,24,Male,High,Silver
P6101,61,Male,High,Silver
P6102,55,Male,Medium,Silver
P6103,61,Male,Low,
P6104,51,Male,Medium,
P6105,57,Female,Low,
P6106,19,Male,Low,Platinum
P6107,40,Male,Low,
P6108,65,Male,Medium,Gold
P6109,75,Female,Medium,Silver
P6110,29,Male,Low,
P6111,23,Female,Medium,
P6112,61,Female,Medium,
P6113,49,Male,Medium,Silver
P6114,42,Male,High,
P6115,74,Female,Medium,Silver
P6116,70,Male,Medium,
P6117,18,Female,Medium,
P6118,59,Male,High,
P6119,36,Female,Medium,Platinum
P6120,26,Female,Low,
P6121,78,Female,Medium,
P6122,75,Female,Medium,Silver
P6123,62,Male,Medium,
P6124,69,Male,Medium,Gold
P6125,61,Male,Medium,Platinum
P6126,77,Female,Medium,Platinum
P6127,45,Female,Low,
P6128,53,Female,High,
P6129,54,Male,Low,Silver
P6130,30,Male,Medium,Gold
P6131,46,Male,Medium,
P6132,30,Female,Low,Gold
P6133,55,Male,Low,
P6134,64,Male,Low,
P6135,36,Female,Low,Silver
P6136,41,Female,Low,Platinum
P6137,66,Male,Low,
P6138,60,Male,Medium,Silver
P6139,38,Male,Medium,Platinum
P6140,57,Female,Medium,Gold
P6141,31,Female,Medium,
P6142,76,Male,Medium,
P6143,36,Female,Low,Gold
P6144,50,Male,Low,Silver
P6145,73,Female,Low,
P6146,30,Female,Low,Gold
P6147,37,Male,Low,
P6148,20,Male,Medium,
P6149,75,Male,Medium,
P6150,61,Male,Low,
P6151,28,Female,Medium,
P6152,64,Female,Low,Silver
P6153,67,Female,Medium,Gold
P6154,52,Female,Medium,
P6155,22,Male,Medium,
P6156,47,Female,Medium,Platinum
P6157,74,Male,High,
P6158,71,Female,Medium,Silver
P6159,38,Male,Medium,Silver
P6160,31,Female,Medium,Platinum
P6161,32,Female,Low,
P6162,23,Female,Low,Silver
P6163,43,Male,Low,
P6164,45,Male,Medium,Silver
P6165,54,Female,High,
P6166,41,Female,Medium,
P6167,48,Male,High,Gold
P6168,70,Female,Low,Silver
P6169,33,Female,Medium,Platinum
P6170,19,Female,Medium,
P6171,22,Female,Medium,Silver
P6172,75,Female,Medium,Silver
P6173,63,Male,Low,
P6174,66,Female,High,Silver
P6175,48,Male,Medium,
P6176,68,Male,Low,Silver
P6177,65,Male,High,
P6178,59,Female,High,Platinum
P6179,51,Female,Medium,
P6180,59,Male,Low,Platinum
P6181,34,Male,Medium,Silver
P6182,72,Female,Medium,Silver
P6183,60,Female,Medium,Gold
P6184,78,Female,Low,
P6185,69,Male,Low,
P6186,69,Female,Low,
P6187,18,Male,Medium,
P6188,75,Male,Medium,
P6189,22,Female,High,
P6190,27,Male,Medium,Gold
P6191,73,Male,Medium,Silver
P6192,50,Female,Medium,Silver
P6193,61,Male,Medium,
P6194,51,Female,Low,
P6195,19,Female,Low,
P6196,53,Male,Low,
P6197,60,Male,Low,Silver
P6198,69,Male,Low,
P6199,48,Female,Low,
P6200,58,Female,Medium,
P6201,74,Female,Medium,
P6202,36,Female,Medium,
P6203,77,Female,Medium,
P6204,49,Female,Medium,
P6205,40,Female,High,Silver
P6206,49,Female,Low,Silver
P6207,62,Female,High,
P6208,33,Male,Medium,
P6209,47,Male,High,Silver
P6210,68,Male,Medium,
P6211,28,Female,Medium,Platinum
P6212,20,Female,Low,
P6213,62,Female,Low,Gold
P6214,39,Female,Low,
P6215,40,Male,Medium,Silver
P6216,56,Male,Medium,
P6217,73,Female,Medium,
P6218,27,Female,Medium,Gold
P6219,42,Male,Low,
P6220,79,Male,Low,Silver
P6221,72,Male,High,
P6222,25,Female,Low,Gold
P6223,60,Male,Medium,
P6224,35,Female,Low,
P6225,46,Female,Low,
P6226,18,Female,Medium,
P6227,62,Female,Medium,Gold
P6228,27,Female,Medium,
P6229,28,Female,Low,
P6230,47,Male,Medium,
P6231,46,Female,Low,Silver
P6232,54,Male,Medium,
P6233,59,Female,Low,Silver
P6234,32,Male,Medium,Silver
P6235,54,Female,Medium,Gold
P6236,40,Female,Low,
P6237,53,Male,Medium,Gold
P6238,52,Male,Low,Silver
P6239,52,Male,Low,
P6240,19,Male,Medium,Silver
P6241,26,Male,High,
P6242,79,Male,Low,Platinum
P6243,63,Male,Low,
P6244,34,Female,Medium,
P6245,38,Male,Low,Platinum
P6246,68,Male,Medium,
P6247,37,Male,Medium,Gold
P6248,34,Male,Medium,
P6249,29,Male,Medium,Silver
P6250,51,Male,High,
P6251,32,Female,Low,Silver
P6252,33,Male,Medium,
P6253,66,Female,Low,Silver
P6254,76,Female,Low,Silver
P6255,65,Female,High,Silver
P6256,18,Female,High,
P6257,44,Male,Low,
P6258,45,Male,Low,
P6259,48,Male,Medium,Silver
P6260,31,Male,Medium,Silver
P6261,26,Male,Low,Gold
P6262,18,Male,Medium,Platinum
P6263,35,Male,Medium,
P6264,44,Male,Medium,Gold
P6265,54,Male,Medium,
P6266,70,Male,Medium,
P6267,77,Male,High,Platinum
P6268,18,Male,Medium,
P6269,37,Female,High,Platinum
P6270,24,Male,Low,Platinum
P6271,57,Female,Medium,
P6272,57,Male,Low,Platinum
P6273,38,Male,Medium,Silver
P6274,72,Male,Medium,
P6275,22,Female,Medium,Gold
P6276,47,Male,Low,Platinum
P6277,33,Male,Medium,
P6278,52,Male,Low,
P6279,43,Female,Medium,Silver
P6280,26,Male,Medium,Silver
P6281,68,Male,Medium,Silver
P6282,50,Female,Low,
P6283,37,Female,Medium,Silver
P6284,32,Male,Medium,Silver
P6285,27,Female,Medium,Gold
P6286,35,Male,Medium,Silver
P6287,48,Male,Medium,Gold
P6288,18,Female,Low,
P6289,51,Female,Low,
P6290,42,Male,Medium,Silver
P6291,65,Female,Medium,
P6292,55,Male,Medium,
P6293,70,Female,Medium,Silver
P6294,77,Male,Medium,Gold
P6295,52,Female,Medium,Platinum
P6296,38,Male,Low,
P6297,69,Female,Medium,Silver
P6298,68,Female,Low,Silver
P6299,66,Female,Medium,
P6300,70,Female,Medium,Silver
P6301,67,Female,Medium,Silver
P6302,79,Female,High,Platinum
P6303,30,Female,High,Silver
P6304,66,Female,Low,Silver
P6305,22,Male,Medium,
P6306,37,Male,Medium,Silver
P6307,18,Male,Medium,Gold
P6308,45,Male,Low,Silver
P6309,32,Male,Medium,Silver
P6310,28,Female,High,
P6311,64,Male,Medium,
P6312,65,Male,High,
P6313,55,Female,Medium,Silver
P6314,27,Male,Medium,
P6315,51,Male,Medium,
P6316,49,Female,Low,Gold
P6317,57,Male,Medium,Silver
P6318,74,Female,Medium,Gold
P6319,51,Male,Medium,Gold
P6320,26,Male,Medium,
P6321,43,Female,Low,Silver
P6322,37,Female,Medium,Gold
P6323,72,Female,Medium,
P6324,28,Male,Low,Silver
P6325,64,Female,Medium,
P6326,65,Female,High,
P6327,48,Male,Medium,
P6328,23,Female,Medium,
P6329,35,Female,Medium,
P6330,46,Male,Medium,Platinum
P6331,30,Female,Medium,
P6332,25,Male,Low,Silver
P6333,77,Male,High,Platinum
P6334,72,Male,Medium,Platinum
P6335,24,Male,Low,
P6336,57,Female,High,
P6337,19,Male,High,
P6338,60,Male,Medium,
P6339,27,Male,High,
P6340,65,Male,High,Silver
P6341,25,Female,Low,
P6342,21,Female,Low,
P6343,19,Female,Medium,Platinum
P6344,40,Female,Medium,
P6345,66,Male,Medium,Silver
P6346,56,Female,High,Silver
P6347,38,Female,Medium,Gold
P6348,54,Male,Medium,
P6349,65,Male,High,Silver
P6350,41,Female,Medium,
P6351,66,Female,Low,
P6352,26,Female,Medium,
P6353,44,Female,High,Silver
P6354,39,Male,Medium,
P6355,72,Male,Low,Silver
P6356,49,Female,Medium,
P6357,64,Female,Low,Platinum
P6358,76,Male,Low,
P6359,64,Female,Medium,Gold
P6360,74,Female,Low,Silver
P6361,27,Female,Medium,
P6362,20,Male,High,Platinum
P6363,74,Female,Medium,Silver
P6364,18,Male,Medium,Platinum
P6365,55,Female,High,Platinum
P6366,74,Female,Medium,Silver
P6367,26,Female,Medium,
P6368,54,Female,High,
P6369,36,Male,High,Platinum
P6370,64,Female,Medium,
P6371,64,Male,Low,
P6372,62,Female,Medium,Gold
P6373,32,Male,Medium,
P6374,70,Male,Low,Gold
P6375,79,Male,High,Silver
P6376,37,Female,High,Gold
P6377,28,Female,Medium,
P6378,63,Female,Medium,
P6379,48,Male,High,
P6380,55,Male,High,Platinum
P6381,44,Female,Medium,
P6382,34,Male,High,Platinum
P6383,43,Male,Medium,Gold
P6384,24,Female,Low,Gold
P6385,58,Female,High,Silver
P6386,57,Female,High,
P6387,77,Male,Medium,Silver
P6388,40,Female,Medium,
P6389,39,Female,High,
P6390,52,Female,Low,
P6391,44,Male,High,
P6392,33,Male,Medium,Silver
P6393,75,Male,Medium,
P6394,56,Female,High,Silver
P6395,66,Male,Medium,
P6396,67,Female,Low,
P6397,59,Female,High,
P6398,64,Female,High,
P6399,46,Male,High,Silver
P6400,71,Female,Low,
P6401,62,Female,Low,Silver
P6402,76,Female,Medium,Silver
P6403,72,Male,Low,Platinum
P6404,45,Male,Medium,
P6405,33,Female,Medium,
P6406,26,Male,Medium,
P6407,24,Male,Low,Gold
P6408,18,Male,Low,
P6409,68,Female,High,Silver
P6410,77,Male,Low,Platinum
P6411,33,Female,Medium,Silver
P6412,21,Male,Low,Silver
P6413,48,Female,Medium,
P6414,67,Male,Medium,
P6415,23,Male,Low,Silver
P6416,73,Male,Medium,
P6417,69,Female,Medium,Gold
P6418,72,Male,Medium,Gold
P6419,64,Male,Medium,Gold
P6420,37,Male,Medium,
P6421,18,Male,Medium,Silver
P6422,34,Female,Low,
P6423,51,Female,Medium,
P6424,39,Female,Medium,Silver
P6425,41,Female,Medium,Silver
P6426,77,Female,High,Platinum
P6427,61,Female,High,
P6428,65,Female,Low,Silver
P6429,52,Female,Low,
P6430,37,Female,Low,
P6431,47,Female,High,
P6432,45,Female,Medium,
P6433,36,Male,Low,
P6434,47,Male,Medium,Platinum
P6435,39,Female,Low,Silver
P6436,72,Male,Medium,Silver
P6437,77,Male,Medium,Silver
P6438,61,Female,Medium,
P6439,26,Female,High,
P6440,32,Female,Medium,Platinum
P6441,20,Female,High,Platinum
P6442,57,Female,High,Silver
P6443,46,Female,Low,
P6444,48,Female,Medium,
P6445,20,Male,Low,Silver
P6446,26,Male,Low,
P6447,34,Female,Low,
P6448,69,Female,Medium,
P6449,69,Male,Medium,
P6450,47,Male,Medium,
P6451,79,Female,Low,Gold
P6452,19,Male,Low,Platinum
P6453,64,Male,Medium,Gold
P6454,57,Male,High,Silver
P6455,42,Female,High,Silver
P6456,42,Male,Medium,Gold
P6457,42,Female,Medium,
P6458,40,Female,Medium,Silver
P6459,48,Female,Medium,
P6460,71,Male,Medium,
P6461,18,Male,Medium,Silver
P6462,40,Male,High,Silver
P6463,63,Male,Medium,
P6464,76,Male,Medium,Silver
P6465,37,Male,Low,
P6466,64,Female,Low,
P6467,57,Male,High,
P6468,56,Male,High,
P6469,70,Male,Medium,
P6470,23,Female,Medium,
P6471,26,Female,Low,Platinum
P6472,37,Male,Medium,
P6473,32,Female,Medium,
P6474,63,Female,High,Gold
P6475,59,Male,Medium,Silver
P6476,62,Female,Low,Silver
P6477,76,Female,Medium,
P6478,72,Female,Medium,
P6479,67,Female,Low,
P6480,45,Female,Medium,Silver
P6481,69,Male,Medium,
P6482,64,Male,Medium,Gold
P6483,66,Female,Medium,
P6484,19,Female,Low,Platinum
P6485,38,Female,Low,Gold
P6486,64,Female,Medium,
P6487,64,Female,High,
P6488,19,Male,High,
P6489,60,Female,High,Gold
P6490,48,Male,Medium,
P6491,46,Male,Medium,Gold
P6492,66,Female,Medium,Gold
P6493,49,Male,Low,
P6494,50,Male,High,
P6495,64,Female,Medium,
P6496,18,Female,High,Silver
P6497,76,Female,Medium,Silver
P6498,59,Female,Low,
P6499,19,Female,Low,
P6500,52,Female,Medium,
P6501,23,Female,Medium,Silver
P6502,52,Male,High,Silver
P6503,36,Male,Medium,
P6504,59,Male,High,Silver
P6505,78,Female,Medium,Silver
P6506,63,Male,Medium,Platinum
P6507,28,Male,Medium,
P6508,61,Female,Medium,Silver
P6509,78,Male,Low,Silver
P6510,58,Female,Medium,
P6511,53,Male,Low,
P6512,62,Female,Medium,Silver
P6513,18,Male,Low,Silver
P6514,73,Male,Medium,Silver
P6515,44,Female,Medium,Gold
P6516,28,Male,Medium,
P6517,46,Female,Low,Silver
P6518,22,Female,Medium,
P6519,54,Female,Medium,
P6520,53,Male,Low,Gold
P6521,51,Male,Low,
P6522,23,Female,Medium,
P6523,44,Female,Medium,
P6524,70,Male,High,Silver
P6525,65,Female,Medium,
P6526,42,Female,Medium,Silver
P6527,58,Male,High,
P6528,37,Female,Low,
P6529,18,Male,Medium,
P6530,35,Female,Medium,Platinum
P6531,33,Male,Medium,
P6532,34,Male,Medium,Silver
P6533,35,Male,Low,
P6534,61,Male,Low,
P6535,76,Male,Medium,Silver
P6536,54,Male,Medium,
P6537,73,Female,Medium,
P6538,39,Male,Medium,Silver
P6539,49,Female,Low,Platinum
P6540,26,Female,Medium,Silver
P6541,65,Female,Low,Platinum
P6542,64,Female,Medium,Silver
P6543,58,Male,Medium,
P6544,68,Male,Low,
P6545,46,Male,Medium,
P6546,21,Female,Medium,Gold
P6547,70,Female,Low,
P6548,35,Male,Low,Silver
P6549,37,Male,Medium,Silver
P6550,78,Male,Medium,Gold
P6551,51,Male,High,Silver
P6552,41,Male,Medium,
P6553,62,Male,Low,Gold
P6554,33,Female,Medium,Silver
P6555,22,Male,Medium,Silver
P6556,22,Male,High,Silver
P6557,70,Female,High,Silver
P6558,18,Female,Medium,
P6559,22,Female,High,Silver
P6560,39,Female,Medium,Silver
P6561,69,Male,Low,Gold
P6562,56,Male,Medium,Silver
P6563,55,Male,Low,Platinum
P6564,25,Male,Low,Silver
P6565,44,Female,High,
P6566,19,Male,Low,
P6567,64,Male,Low,
P6568,67,Male,Low,
P6569,46,Male,Low,
P6570,24,Female,Low,Gold
P6571,24,Male,High,
P6572,55,Male,Low,
P6573,58,Male,High,Platinum
P6574,25,Female,Low,
P6575,31,Male,Medium,
P6576,23,Male,Medium,
P6577,78,Male,Low,
P6578,58,Male,Low,Silver
P6579,67,Female,Medium,Platinum
P6580,59,Male,Low,
P6581,30,Male,Low,
P6582,62,Male,High,
P6583,21,Male,High,Gold
P6584,79,Female,Medium,
P6585,58,Male,High,Gold
P6586,67,Male,Low,Silver
P6587,26,Male,Low,
P6588,79,Female,Low,
P6589,57,Male,Medium,Platinum
P6590,67,Female,Medium,Silver
P6591,62,Female,High,
P6592,33,Female,High,
P6593,74,Female,Low,Gold
P6594,63,Female,Low,
P6595,79,Female,High,Gold
P6596,28,Male,Medium,Gold
P6597,38,Female,Medium,Gold
P6598,44,Female,Low,
P6599,58,Female,Medium,Silver
P6600,19,Male,High,
P6601,60,Female,Low,Platinum
P6602,22,Male,Low,Silver
P6603,75,Female,Low,Gold
P6604,60,Female,Low,
P6605,74,Male,Medium,Gold
P6606,18,Female,Medium,
P6607,60,Female,High,
P6608,61,Female,Medium,Silver
P6609,26,Female,Medium,
P6610,46,Male,Medium,Silver
P6611,50,Female,High,
P6612,21,Male,Low,Platinum
P6613,63,Male,Medium,
P6614,60,Female,Low,
P6615,23,Female,Medium,
P6616,30,Female,Low,Silver
P6617,29,Male,Medium,
P6618,77,Male,Medium,Silver
P6619,19,Male,High,
P6620,29,Male,High,
P6621,41,Female,Medium,Platinum
P6622,51,Female,Medium,Gold
P6623,18,Female,Medium,
P6624,28,Male,Low,
P6625,54,Female,Medium,Silver
P6626,40,Male,Low,Silver
P6627,73,Male,Low,Silver
P6628,39,Female,Medium,Silver
P6629,61,Female,Medium,Silver
P6630,19,Male,Medium,
P6631,59,Male,Medium,
P6632,33,Female,Medium,Gold
P6633,34,Female,High,Platinum
P6634,48,Female,Medium,Silver
P6635,77,Female,Medium,Silver
P6636,34,Female,Medium,Silver
P6637,35,Female,Low,Gold
P6638,24,Female,High,
P6639,45,Female,Low,
P6640,77,Female,Medium,Silver
P6641,46,Male,Low,Gold
P6642,19,Male,High,
P6643,21,Male,Low,
P6644,31,Female,High,
P6645,57,Male,High,
P6646,66,Male,Medium,Platinum
P6647,72,Male,High,Gold
P6648,34,Male,Medium,
P6649,55,Female,High,
P6650,56,Male,Medium,Gold
P6651,59,Male,Low,Platinum
P6652,78,Male,Low,
P6653,56,Female,Low,
P6654,63,Female,Low,
P6655,49,Male,High,Platinum
P6656,48,Male,Low,Silver
P6657,33,Male,Medium,Gold
P6658,30,Male,High,Gold
P6659,41,Male,Medium,Gold
P6660,27,Male,High,
P6661,48,Female,Low,
P6662,39,Female,High,
P6663,50,Female,Medium,Platinum
P6664,72,Female,Low,
P6665,29,Female,Medium,Silver
P6666,76,Female,High,
P6667,66,Female,High,
P6668,60,Female,High,
P6669,61,Male,High,
P6670,28,Female,High,Gold
P6671,40,Male,Medium,
P6672,40,Male,High,Silver
P6673,62,Male,High,Silver
P6674,43,Male,Low,
P6675,53,Male,Medium,Silver
P6676,49,Male,Low,Silver
P6677,27,Female,Medium,
P6678,63,Male,Medium,Gold
P6679,67,Male,Low,
P6680,46,Female,Medium,
P6681,48,Male,Low,Platinum
P6682,46,Female,Medium,Silver
P6683,33,Female,Low,
P6684,25,Female,Low,Gold
P6685,24,Female,Low,Silver
P6686,65,Female,Medium,Gold
P6687,56,Male,Low,
P6688,42,Female,High,Gold
P6689,37,Male,Medium,
P6690,23,Male,Low,Silver
P6691,51,Female,High,
P6692,32,Female,Low,Gold
P6693,39,Female,Medium,Silver
P6694,20,Male,Low,
P6695,42,Female,Low,Platinum
P6696,61,Female,Medium,Silver
P6697,48,Male,Low,
P6698,66,Female,Medium,
P6699,20,Male,Medium,
P6700,75,Female,Low,Silver
P6701,63,Male,Medium,
P6702,32,Male,Medium,
P6703,36,Male,Low,Silver
P6704,78,Female,Medium,
P6705,78,Male,High,Gold
P6706,59,Male,Low,Gold
P6707,40,Male,Low,Silver
P6708,63,Female,Medium,
P6709,72,Female,Low,Gold
P6710,77,Female,High,
P6711,53,Male,Low,
P6712,44,Male,Medium,Gold
P6713,22,Male,Medium,Silver
P6714,28,Male,Medium,
P6715,52,Male,Medium,
P6716,23,Female,High,Silver
P6717,65,Male,Medium,Gold
P6718,46,Male,Medium,Silver
P6719,65,Male,Medium,Silver
P6720,67,Female,Medium,Silver
P6721,79,Male,Medium,Silver
P6722,52,Male,Low,
P6723,37,Female,Medium,
P6724,39,Male,Low,Platinum
P6725,74,Male,Low,
P6726,29,Male,Medium,Gold
P6727,77,Male,Medium,
P6728,71,Female,High,
P6729,70,Female,Low,
P6730,59,Male,High,Silver
P6731,74,Male,Medium,
P6732,44,Female,High,
P6733,21,Male,Medium,
P6734,64,Male,Low,Gold
P6735,24,Female,Medium,Silver
P6736,72,Male,Medium,Silver
P6737,78,Male,High,
P6738,44,Female,Low,Silver
P6739,78,Male,Medium,Gold
P6740,60,Female,Medium,
P6741,78,Male,Medium,Silver
P6742,25,Male,Medium,Silver
P6743,52,Male,Medium,Gold
P6744,51,Female,Low,Gold
P6745,79,Female,High,Silver
P6746,57,Male,Medium,
P6747,46,Male,Low,
P6748,52,Male,Medium,Silver
P6749,27,Female,Medium,
P6750,19,Female,Low,Silver
P6751,32,Male,Medium,
P6752,20,Male,High,Platinum
P6753,24,Male,Medium,Silver
P6754,26,Female,Low,
P6755,50,Male,High,
P6756,28,Male,Low,
P6757,67,Male,Medium,
P6758,63,Female,Medium,
P6759,43,Male,Medium,Silver
P6760,59,Female,Medium,
P6761,23,Female,Low,Gold
P6762,31,Male,Medium,Silver
P6763,26,Female,Medium,
P6764,35,Male,Medium,Silver
P6765,76,Female,Low,
P6766,22,Female,Low,
P6767,74,Female,Medium,Silver
P6768,72,Female,Medium,
P6769,70,Female,Medium,
P6770,58,Female,High,Silver
P6771,50,Male,Medium,
P6772,51,Male,High,
P6773,33,Male,Low,
P6774,48,Male,Medium,
P6775,77,Male,Medium,Gold
P6776,58,Female,Medium,
P6777,30,Female,Low,Gold
P6778,41,Female,Medium,Silver
P6779,66,Female,Low,Silver
P6780,58,Female,Medium,
P6781,51,Male,High,
P6782,41,Male,Low,Silver
P6783,68,Male,High,
P6784,62,Female,High,Platinum
P6785,21,Male,Medium,Silver
P6786,57,Female,Medium,
P6787,37,Male,High,Gold
P6788,62,Female,Medium,Silver
P6789,65,Male,High,
P6790,34,Male,Medium,
P6791,29,Male,High,
P6792,79,Male,Low,
P6793,55,Male,Medium,Gold
P6794,48,Male,Medium,
P6795,42,Female,Low,
P6796,46,Male,Low,
P6797,25,Male,Medium,Silver
P6798,52,Male,Medium,Silver
P6799,49,Female,Low,Silver
P6800,51,Female,Medium,
P6801,71,Female,High,
P6802,29,Male,High,
P6803,77,Female,Medium,
P6804,27,Male,Low,
P6805,74,Female,High,
P6806,73,Male,High,Silver
P6807,70,Male,Low,
P6808,29,Female,High,Silver
P6809,70,Female,Medium,Silver
P6810,59,Male,High,Platinum
P6811,36,Female,Medium,
P6812,34,Male,Low,
P6813,43,Female,Medium,Silver
P6814,36,Female,Medium,Silver
P6815,25,Male,Medium,
P6816,72,Female,Medium,Silver
P6817,38,Female,Low,
P6818,77,Female,Medium,Gold
P6819,49,Male,Medium,Silver
P6820,18,Female,Low,Silver
P6821,35,Female,Medium,Silver
P6822,27,Male,High,
P6823,49,Male,High,
P6824,64,Female,Low,Gold
P6825,68,Male,Low,Gold
P6826,43,Male,Low,Silver
P6827,37,Male,Low,Silver
P6828,37,Male,Low,
P6829,77,Male,Medium,Platinum
P6830,70,Female,Low,Platinum
P6831,79,Female,Medium,Gold
P6832,69,Female,High,Silver
P6833,20,Female,Medium,
P6834,71,Male,Low,
P6835,56,Female,Medium,Gold
P6836,22,Female,Low,
P6837,76,Male,Low,
P6838,62,Female,Low,
P6839,63,Male,Medium,
P6840,21,Female,Medium,Silver
P6841,32,Female,Medium,Gold
P6842,54,Male,Medium,Silver
P6843,36,Male,High,
P6844,49,Female,Low,Platinum
P6845,79,Female,Low,Platinum
P6846,37,Male,High,
P6847,74,Male,Medium,Gold
P6848,31,Female,High,
P6849,56,Female,Low,Gold
P6850,19,Female,Low,Silver
P6851,67,Female,Medium,Gold
P6852,25,Female,Medium,
P6853,51,Female,High,
P6854,22,Male,Medium,Silver
P6855,51,Male,Medium,Platinum
P6856,75,Female,Low,Gold
P6857,71,Female,High,Silver
P6858,37,Male,Low,
P6859,60,Male,High,Platinum
P6860,39,Female,Low,Gold
P6861,57,Female,Medium,
P6862,21,Female,Low,
P6863,60,Male,Medium,Gold
P6864,41,Female,Low,
P6865,72,Male,Medium,Gold
P6866,37,Female,Medium,
P6867,56,Female,High,Gold
P6868,61,Female,Low,Silver
P6869,45,Male,High,Silver
P6870,30,Female,Low,
P6871,73,Male,Medium,Gold
P6872,78,Male,Medium,
P6873,33,Male,Medium,Silver
P6874,40,Male,Medium,Silver
P6875,38,Female,Medium,
P6876,74,Female,Medium,
P6877,27,Male,Medium,
P6878,75,Male,High,Silver
P6879,31,Female,Low,
P6880,68,Male,Low,Silver
P6881,48,Male,Medium,
P6882,46,Female,Low,
P6883,53,Female,High,
P6884,25,Female,Medium,Gold
P6885,18,Female,Low,Silver
P6886,46,Male,Medium,
P6887,36,Female,Low,
P6888,60,Male,High,Platinum
P6889,52,Male,High,Gold
P6890,45,Male,Medium,
P6891,76,Female,High,Platinum
P6892,45,Female,Medium,
P6893,57,Male,Low,
P6894,29,Female,Medium,Silver
P6895,59,Male,High,Platinum
P6896,26,Male,Medium,
P6897,20,Male,High,Silver
P6898,40,Male,High,
P6899,73,Female,Low,Platinum
P6900,76,Male,Low,
P6901,66,Female,Medium,
P6902,29,Male,Low,Silver
P6903,48,Female,Medium,Silver
P6904,37,Male,High,
P6905,50,Female,Medium,
P6906,78,Male,Medium,Gold
P6907,40,Male,Medium,
P6908,76,Male,High,Silver
P6909,63,Female,Low,
P6910,60,Male,Medium,Silver
P6911,43,Female,Medium,Silver
P6912,74,Male,Low,
P6913,34,Female,Medium,
P6914,54,Female,Medium,Gold
P6915,53,Female,Medium,
P6916,43,Female,Medium,Gold
P6917,28,Female,Medium,Platinum
P6918,51,Male,High,
P6919,63,Male,Medium,
P6920,68,Female,High,Gold
P6921,57,Female,Medium,
P6922,34,Female,High,Silver
P6923,48,Male,Medium,Gold
P6924,38,Female,High,Silver
P6925,30,Male,Medium,
P6926,45,Female,High,
P6927,51,Male,Medium,Silver
P6928,18,Female,Medium,
P6929,73,Female,Low,Silver
P6930,43,Female,Medium,
P6931,75,Male,Low,
P6932,66,Male,Medium,Gold
P6933,71,Male,Medium,
P6934,26,Female,Medium,Gold
P6935,20,Female,Low,Silver
P6936,38,Male,Medium,Gold
P6937,22,Female,Medium,Platinum
P6938,52,Female,Medium,
P6939,76,Male,Medium,Silver
P6940,64,Male,Low,Silver
P6941,60,Male,Medium,Silver
P6942,75,Female,Medium,Silver
P6943,20,Male,High,
P6944,24,Male,High,Gold
P6945,36,Male,Medium,
P6946,19,Female,Low,
P6947,56,Male,High,
P6948,52,Female,Medium,Silver
P6949,39,Male,Medium,
P6950,55,Female,Medium,Gold
P6951,30,Female,Low,Platinum
P6952,58,Male,Medium,Silver
P6953,29,Male,Medium,
P6954,77,Male,High,Silver
P6955,73,Female,Medium,
P6956,77,Male,Medium,
P6957,49,Female,Low,Gold
P6958,32,Male,Medium,
P6959,27,Male,Medium,Platinum
P6960,78,Female,Low,Silver
P6961,52,Male,Medium,
P6962,43,Male,Medium,
P6963,38,Male,Low,Silver
P6964,67,Female,Low,
P6965,69,Female,High,
P6966,47,Male,High,
P6967,18,Male,Medium,
P6968,53,Female,Low,Platinum
P6969,47,Female,Medium,Gold
P6970,58,Male,Low,
P6971,40,Male,Low,Silver
P6972,77,Female,Medium,
P6973,20,Male,Medium,Silver
P6974,53,Female,Medium,Platinum
P6975,52,Male,Low,Silver
P6976,35,Female,Low,
P6977,49,Female,High,Gold
P6978,29,Male,Medium,
P6979,32,Female,Medium,Silver
P6980,58,Male,Medium,
P6981,58,Female,Medium,Gold
P6982,39,Male,Medium,Silver
P6983,38,Female,Low,
P6984,64,Male,High,Silver
P6985,63,Male,Medium,Silver
P6986,56,Female,Medium,
P6987,71,Male,Low,Gold
P6988,70,Male,Low,
P6989,43,Male,Medium,
P6990,56,Female,Medium,Gold
P6991,30,Male,High,
P6992,46,Female,Medium,Gold
P6993,54,Male,Medium,
P6994,32,Female,Medium,
P6995,31,Male,High,Silver
P6996,57,Male,Low,
P6997,60,Male,Medium,Gold
P6998,43,Male,Medium,Silver
P6999,39,Female,High,
P7000,55,Female,Medium,
P7001,43,Male,Medium,
P7002,23,Female,Medium,Silver
P7003,59,Male,Medium,
P7004,25,Male,High,
P7005,18,Female,Medium,Platinum
P7006,77,Female,Medium,
P7007,71,Male,Medium,Silver
P7008,54,Female,Medium,Silver
P7009,79,Female,Medium,Gold
P7010,20,Male,Medium,Silver
P7011,57,Female,High,Silver
P7012,69,Male,Medium,Silver
P7013,21,Female,Low,Platinum
P7014,28,Male,Medium,
P7015,36,Male,Medium,Silver
P7016,67,Female,High,
P7017,72,Female,Low,Silver
P7018,28,Male,Medium,Silver
P7019,47,Male,Low,Silver
P7020,67,Female,Medium,Gold
P7021,43,Male,Medium,
P7022,61,Female,High,Platinum
P7023,33,Male,Medium,
P7024,28,Female,High,Gold
P7025,34,Male,Medium,
P7026,20,Female,Medium,Gold
P7027,41,Male,Low,
P7028,27,Female,Low,
P7029,49,Male,Low,
P7030,29,Female,Medium,Gold
P7031,43,Female,High,Silver
P7032,70,Female,Medium,
P7033,23,Female,Low,Silver
P7034,67,Female,Low,
P7035,27,Female,Low,Gold
P7036,38,Female,High,Platinum
P7037,34,Male,Medium,
P7038,73,Male,Medium,
P7039,73,Female,Medium,Silver
P7040,27,Female,Low,Platinum
P7041,73,Female,Low,Platinum
P7042,32,Male,Medium,
P7043,49,Male,Medium,
P7044,56,Male,Low,Silver
P7045,50,Male,High,
P7046,52,Female,High,Silver
P7047,71,Male,Low,Gold
P7048,24,Male,Medium,Silver
P7049,56,Female,Medium,
P7050,51,Male,Medium,
P7051,44,Male,Medium,Silver
P7052,35,Female,Low,Silver
P7053,78,Male,Medium,
P7054,58,Female,Medium,Platinum
P7055,76,Male,High,Silver
P7056,22,Female,Low,
P7057,49,Female,Medium,
P7058,19,Female,Medium,
P7059,30,Female,Low,
P7060,36,Female,Medium,
P7061,41,Female,Low,Gold
P7062,41,Male,Low,Gold
P7063,68,Male,High,
P7064,48,Male,Medium,
P7065,44,Female,High,
P7066,47,Male,Low,
P7067,72,Female,Low,
P7068,51,Female,Low,Silver
P7069,45,Male,Medium,Gold
P7070,31,Male,Medium,Gold
P7071,59,Male,Medium,Platinum
P7072,30,Male,Low,
P7073,28,Female,High,
P7074,37,Male,High,
P7075,34,Female,Medium,Gold
P7076,67,Female,Medium,Silver
P7077,32,Male,High,Platinum
P7078,76,Female,Medium,Silver
P7079,72,Female,High,Silver
P7080,71,Female,High,
P7081,29,Male,Low,Silver
P7082,52,Female,Medium,Platinum
P7083,21,Female,Medium,
P7084,43,Female,Low,Gold
P7085,32,Female,Low,Gold
P7086,38,Female,Low,Silver
P7087,36,Female,Low,
P7088,76,Male,High,
P7089,60,Male,Low,
P7090,48,Male,Medium,Silver
P7091,64,Male,Medium,Silver
P7092,36,Female,Medium,
P7093,40,Female,High,
P7094,45,Female,Medium,
P7095,39,Male,Medium,
P7096,44,Male,Medium,
P7097,40,Male,Low,Platinum
P7098,23,Female,Low,
P7099,68,Female,High,
P7100,49,Male,Medium,
P7101,78,Female,High,Gold
P7102,28,Male,Medium,
P7103,64,Female,Medium,
P7104,75,Female,Low,
P7105,75,Female,Low,
P7106,33,Male,High,Platinum
P7107,24,Male,High,
P7108,64,Female,Low,Silver
P7109,19,Male,Low,Silver
P7110,75,Male,Low,Gold
P7111,67,Female,Low,
P7112,57,Female,High,
P7113,22,Male,Low,Platinum
P7114,27,Male,Low,Platinum
P7115,29,Female,High,
P7116,76,Female,Low,Silver
P7117,38,Male,Medium,
P7118,51,Male,Low,Silver
P7119,35,Female,Medium,Gold
P7120,52,Female,Medium,
P7121,72,Male,High,Silver
P7122,19,Male,Low,Platinum
P7123,20,Female,Low,
P7124,59,Female,High,Gold
P7125,64,Male,Low,Silver
P7126,21,Female,High,
P7127,77,Male,Medium,
P7128,57,Male,Medium,
P7129,76,Female,Medium,Silver
P7130,36,Female,Low,
P7131,41,Male,High,
P7132,48,Male,Low,
P7133,20,Female,High,
P7134,19,Male,High,
P7135,62,Male,Medium,
P7136,42,Female,Medium,Gold
P7137,22,Male,Medium,Gold
P7138,77,Female,Low,
P7139,70,Female,High,
P7140,55,Female,Medium,Gold
P7141,60,Female,Medium,Silver
P7142,70,Female,High,Platinum
P7143,74,Male,Medium,Silver
P7144,60,Male,Medium,
P7145,63,Male,Low,Platinum
P7146,62,Male,High,
P7147,79,Male,Medium,
P7148,49,Female,Medium,
P7149,31,Male,Medium,Gold
P7150,32,Female,Medium,
P7151,74,Female,Medium,
P7152,61,Female,Medium,
P7153,27,Female,High,Gold
P7154,29,Male,Medium,Platinum
P7155,68,Male,Medium,Silver
P7156,62,Female,Medium,
P7157,76,Female,Medium,
P7158,74,Male,High,Platinum
P7159,54,Female,Medium,
P7160,53,Female,Low,Silver
P7161,22,Male,Medium,
P7162,78,Male,Medium,
P7163,61,Male,Medium,Silver
P7164,66,Male,Medium,
P7165,29,Male,Low,Platinum
P7166,76,Female,High,Silver
P7167,40,Female,Medium,Platinum
P7168,27,Male,Low,
P7169,26,Male,Low,Silver
P7170,58,Male,Low,
P7171,77,Male,Low,Silver
P7172,31,Female,Medium,Gold
P7173,28,Male,Medium,Platinum
P7174,62,Female,Low,
P7175,61,Female,Medium,Silver
P7176,45,Male,Medium,Gold
P7177,43,Male,Low,Gold
P7178,27,Male,Low,Gold
P7179,72,Male,Low,
P7180,76,Female,Medium,Silver
P7181,20,Female,Medium,Silver
P7182,23,Male,Medium,
P7183,47,Female,High,Silver
P7184,40,Male,Medium,
P7185,59,Female,Medium,
P7186,76,Male,Low,Silver
P7187,46,Male,Low,Gold
P7188,31,Female,Medium,Silver
P7189,72,Male,Medium,Platinum
P7190,71,Female,Medium,
P7191,75,Female,Medium,
P7192,51,Female,Medium,Silver
P7193,26,Female,Medium,
P7194,77,Female,Low,
P7195,56,Male,High,Platinum
P7196,64,Male,High,
P7197,56,Male,Medium,Silver
P7198,70,Female,Low,
P7199,79,Male,Medium,
P7200,64,Female,Medium,
P7201,43,Female,Low,Platinum
P7202,55,Female,Low,
P7203,41,Male,High,Silver
P7204,32,Male,Medium,Gold
P7205,62,Male,Low,
P7206,57,Female,Medium,
P7207,22,Female,Low,
P7208,49,Male,Medium,
P7209,50,Male,Low,
P7210,19,Male,Medium,
P7211,31,Female,Medium,Gold
P7212,57,Male,Medium,
P7213,78,Female,Medium,Silver
P7214,66,Female,Medium,Gold
P7215,65,Female,Low,Silver
P7216,20,Male,Low,
P7217,73,Male,Medium,
P7218,52,Female,Low,Gold
P7219,66,Female,Medium,
P7220,64,Male,Medium,Silver
P7221,52,Male,High,
P7222,33,Male,Medium,
P7223,18,Female,Medium,
P7224,28,Female,Medium,
P7225,77,Female,Medium,
P7226,18,Male,Low,
P7227,70,Male,High,
P7228,76,Male,Medium,Platinum
P7229,56,Male,Low,Platinum
P7230,39,Male,Low,Platinum
P7231,79,Male,Medium,
P7232,33,Female,Low,Gold
P7233,47,Male,High,
P7234,62,Male,Low,
P7235,66,Female,Medium,
P7236,67,Male,Low,Platinum
P7237,62,Female,Medium,Silver
P7238,68,Male,Medium,Gold
P7239,22,Male,Low,
P7240,52,Male,Medium,Platinum
P7241,36,Female,High,Silver
P7242,67,Male,Low,Gold
P7243,68,Female,Medium,Silver
P7244,61,Male,Medium,Gold
P7245,53,Male,Medium,Silver
P7246,44,Female,High,Silver
P7247,28,Male,Low,
P7248,34,Male,Low,
P7249,18,Female,Low,Gold
P7250,62,Female,Low,Platinum
P7251,50,Female,High,Silver
P7252,71,Male,Low,Silver
P7253,35,Female,Medium,Silver
P7254,53,Male,Low,
P7255,61,Male,Medium,
P7256,41,Male,Low,Silver
P7257,44,Male,Medium,
P7258,32,Female,Medium,Silver
P7259,66,Male,Low,
P7260,56,Female,Medium,Silver
P7261,37,Male,Low,Silver
P7262,57,Male,High,Platinum
P7263,27,Female,Medium,
P7264,35,Male,Low,Silver
P7265,43,Female,High,Gold
P7266,18,Male,High,Silver
P7267,79,Male,Medium,
P7268,70,Male,Low,Platinum
P7269,30,Female,Low,
P7270,29,Female,High,Platinum
P7271,64,Female,Medium,Silver
P7272,54,Male,Medium,
P7273,69,Female,High,Platinum
P7274,39,Female,Medium,Gold
P7275,19,Male,High,
P7276,44,Female,Low,
P7277,77,Male,Medium,Platinum
P7278,19,Female,Low,
P7279,51,Male,Medium,
P7280,22,Male,Low,
P7281,36,Female,Medium,
P7282,65,Male,High,
P7283,36,Male,Medium,
P7284,62,Female,Low,Gold
P7285,39,Male,Medium,
P7286,28,Female,Medium,
P7287,49,Male,Low,Gold
P7288,54,Male,Low,Gold
P7289,57,Female,High,
P7290,47,Female,Medium,
P7291,52,Male,Low,
P7292,43,Male,Medium,Silver
P7293,36,Female,High,Platinum
P7294,19,Male,Medium,
P7295,34,Male,High,Silver
P7296,20,Female,Medium,Silver
P7297,76,Male,Medium,
P7298,59,Male,Medium,
P7299,32,Male,Medium,
P7300,78,Female,Low,Platinum
P7301,69,Female,Medium,Gold
P7302,67,Female,Medium,Gold
P7303,42,Female,Medium,
P7304,63,Male,Medium,Silver
P7305,63,Male,Medium,
P7306,26,Female,Medium,
P7307,28,Female,Medium,
P7308,32,Female,Medium,Gold
P7309,35,Male,High,
P7310,57,Female,High,
P7311,63,Male,Medium,
P7312,37,Male,High,Platinum
P7313,75,Male,High,Silver
P7314,52,Male,Low,
P7315,46,Female,Medium,Gold
P7316,42,Male,Low,
P7317,72,Male,Low,
P7318,45,Female,Medium,
P7319,52,Male,Medium,
P7320,56,Male,Medium,Platinum
P7321,41,Female,High,
P7322,39,Female,Medium,
P7323,21,Female,Low,Gold
P7324,25,Female,Low,
P7325,73,Female,Medium,Silver
P7326,29,Male,Low,Silver
P7327,41,Male,High,
P7328,58,Male,Low,Platinum
P7329,61,Male,Medium,Silver
P7330,51,Male,Medium,
P7331,36,Female,Medium,
P7332,45,Male,High,Platinum
P7333,28,Male,Low,Silver
P7334,47,Female,Low,
P7335,63,Male,High,
P7336,59,Male,Medium,Silver
P7337,65,Male,High,Gold
P7338,34,Male,High,
P7339,57,Female,Medium,Gold
P7340,41,Female,High,Gold
P7341,22,Female,Medium,
P7342,76,Female,Medium,Gold
P7343,55,Male,Medium,
P7344,37,Male,Medium,
P7345,25,Male,Medium,
P7346,64,Female,Medium,
P7347,38,Male,High,
P7348,34,Female,Medium,Silver
P7349,36,Female,Low,Gold
P7350,19,Female,Medium,
P7351,29,Male,Medium,
P7352,22,Female,Medium,Silver
P7353,61,Female,Medium,
P7354,78,Female,Low,
P7355,79,Female,Medium,Gold
P7356,47,Female,High,
P7357,66,Male,Medium,
P7358,36,Female,Low,
P7359,21,Female,Medium,Silver
P7360,63,Female,High,Silver
P7361,29,Female,Medium,
P7362,52,Female,Low,Silver
P7363,50,Male,Medium,Silver
P7364,42,Female,High,
P7365,74,Male,High,
P7366,38,Female,Medium,
P7367,78,Male,Low,
P7368,19,Female,Medium,
P7369,67,Male,Medium,Gold
P7370,39,Female,Medium,Gold
P7371,55,Male,Medium,Silver
P7372,79,Male,Medium,Silver
P7373,68,Male,Low,
P7374,21,Male,High,
P7375,62,Female,High,
P7376,24,Male,High,Silver
P7377,57,Male,High,Gold
P7378,53,Female,Medium,
P7379,79,Male,Medium,
P7380,67,Male,High,Silver
P7381,76,Male,Medium,
P7382,61,Male,Medium,
P7383,68,Male,High,
P7384,29,Female,Low,Platinum
P7385,33,Male,Medium,Silver
P7386,24,Male,High,Silver
P7387,29,Female,High,Silver
P7388,23,Female,High,Silver
P7389,65,Female,Low,
P7390,22,Male,Medium,
P7391,31,Male,Low,
P7392,69,Male,Medium,
P7393,48,Female,Medium,
P7394,79,Male,Low,
P7395,77,Female,High,Silver
P7396,23,Male,Medium,
P7397,45,Female,Medium,
P7398,32,Male,Medium,Silver
P7399,79,Female,Medium,
P7400,28,Male,Medium,
P7401,69,Male,High,
P7402,32,Female,High,Platinum
P7403,62,Female,Medium,
P7404,56,Female,Low,Silver
P7405,34,Female,Low,Gold
P7406,76,Female,Medium,
P7407,49,Male,High,Silver
P7408,37,Male,High,Silver
P7409,72,Male,High,
P7410,49,Male,Medium,
P7411,45,Male,Medium,
P7412,75,Female,Medium,Gold
P7413,41,Male,Medium,Silver
P7414,59,Female,Medium,
P7415,24,Male,High,
P7416,22,Female,Low,Silver
P7417,45,Male,High,Gold
P7418,69,Female,Medium,
P7419,77,Female,Medium,
P7420,31,Male,Medium,Gold
P7421,24,Male,Medium,
P7422,62,Male,High,
P7423,44,Female,Medium,
P7424,34,Male,Medium,
P7425,23,Female,Medium,
P7426,25,Female,Medium,
P7427,64,Female,High,Gold
P7428,75,Male,Medium,
P7429,60,Female,High,Silver
P7430,57,Female,Medium,Silver
P7431,79,Female,Medium,Silver
P7432,26,Male,Medium,
P7433,44,Male,High,Gold
P7434,69,Male,Medium,Silver
P7435,63,Male,High,Gold
P7436,41,Female,Low,Gold
P7437,79,Female,Medium,
P7438,19,Male,Low,
P7439,45,Female,High,
P7440,37,Female,Low,Silver
P7441,26,Female,Medium,
P7442,34,Female,Medium,Silver
P7443,45,Male,Low,Gold
P7444,59,Female,Medium,Silver
P7445,42,Male,Medium,Platinum
P7446,50,Male,Medium,
P7447,72,Female,Medium,Silver
P7448,76,Female,High,Silver
P7449,76,Male,Medium,
P7450,72,Female,Low,
P7451,57,Male,Medium,Silver
P7452,39,Female,Low,
P7453,67,Female,Medium,
P7454,62,Male,Low,Platinum
P7455,63,Male,Medium,Gold
P7456,38,Female,High,
P7457,27,Male,Medium,Platinum
P7458,49,Male,High,Gold
P7459,54,Female,High,
P7460,24,Female,Low,Platinum
P7461,54,Male,Medium,Silver
P7462,72,Male,High,
P7463,50,Male,Low,Platinum
P7464,59,Male,High,Gold
P7465,70,Female,Low,
P7466,28,Female,Low,Gold
P7467,73,Female,Medium,Gold
P7468,31,Male,Low,
P7469,49,Female,Low,
P7470,40,Male,Medium,Platinum
P7471,53,Male,Low,
P7472,22,Male,Low,
P7473,40,Male,Low,
P7474,53,Female,Medium,Platinum
P7475,23,Male,Medium,
P7476,50,Male,Medium,Gold
P7477,63,Female,Medium,Silver
P7478,50,Male,Low,Gold
P7479,66,Male,High,
P7480,46,Male,High,Platinum
P7481,43,Male,Low,Silver
P7482,35,Male,Low,Silver
P7483,38,Male,High,
P7484,40,Female,High,Silver
P7485,54,Male,Low,Platinum
P7486,58,Female,Medium,Platinum
P7487,23,Male,High,Platinum
P7488,47,Female,Medium,Gold
P7489,65,Female,High,
P7490,63,Female,Medium,Silver
P7491,60,Female,Medium,Gold
P7492,55,Male,Medium,Silver
P7493,28,Male,Medium,
P7494,61,Male,Medium,Platinum
P7495,62,Male,Medium,
P7496,63,Male,Medium,Gold
P7497,53,Male,High,
P7498,56,Male,Low,
P7499,59,Female,Low,
P7500,46,Male,Medium,Silver
P7501,25,Female,Medium,
P7502,63,Female,Medium,Gold
P7503,29,Female,High,Gold
P7504,61,Female,Medium,Platinum
P7505,56,Male,High,
P7506,56,Female,High,Silver
P7507,63,Female,Low,Platinum
P7508,79,Male,High,Silver
P7509,64,Male,Medium,
P7510,61,Male,Medium,Silver
P7511,54,Male,Low,Silver
P7512,27,Female,Medium,Silver
P7513,73,Female,Medium,
P7514,31,Male,Medium,Silver
P7515,40,Female,Medium,
P7516,30,Male,Low,
P7517,78,Male,Low,Silver
P7518,25,Female,Low,
P7519,41,Female,Medium,Silver
P7520,64,Female,Low,Gold
P7521,64,Female,High,
P7522,20,Female,High,Platinum
P7523,19,Male,High,Platinum
P7524,53,Female,High,
P7525,25,Female,Medium,
P7526,35,Female,Medium,
P7527,36,Male,Medium,Platinum
P7528,73,Male,Medium,
P7529,75,Female,High,
P7530,57,Female,Medium,
P7531,69,Male,Medium,Silver
P7532,72,Male,Low,
P7533,59,Female,Low,
P7534,57,Male,High,Silver
P7535,60,Male,High,
P7536,29,Male,High,Gold
P7537,41,Female,High,
P7538,37,Male,Low,Platinum
P7539,50,Female,Low,
P7540,42,Male,Medium,Silver
P7541,57,Female,Medium,
P7542,77,Male,Medium,
P7543,44,Male,Low,
P7544,42,Female,Medium,Silver
P7545,68,Female,Medium,Silver
P7546,65,Female,Medium,
P7547,66,Male,Medium,
P7548,41,Female,Medium,
P7549,40,Female,Medium,Platinum
P7550,41,Female,High,Gold
P7551,41,Female,Low,Silver
P7552,28,Male,High,Silver
P7553,56,Male,High,
P7554,72,Male,Medium,
P7555,69,Male,Low,
P7556,25,Male,Low,
P7557,54,Male,Medium,Silver
P7558,47,Male,Low,Platinum
P7559,51,Female,Medium,
P7560,31,Male,Medium,
P7561,23,Female,Low,Gold
P7562,18,Male,Medium,
P7563,67,Male,Medium,Gold
P7564,78,Female,Low,Silver
P7565,27,Male,Medium,Gold
P7566,53,Male,Medium,Silver
P7567,44,Male,Medium,Platinum
P7568,74,Female,Low,Silver
P7569,26,Female,High,Platinum
P7570,62,Male,Low,
P7571,54,Male,Medium,Silver
P7572,47,Male,High,
P7573,66,Male,High,
P7574,71,Female,Low,Platinum
P7575,76,Male,Medium,Gold
P7576,70,Female,High,Gold
P7577,46,Male,Medium,Silver
P7578,19,Male,Medium,Silver
P7579,67,Female,Low,
P7580,79,Female,Medium,
P7581,39,Male,Medium,
P7582,63,Male,Medium,Silver
P7583,78,Female,Medium,Gold
P7584,73,Male,Low,
P7585,54,Female,Medium,
P7586,63,Male,Low,Gold
P7587,63,Male,Low,Gold
P7588,53,Female,Low,
P7589,21,Female,High,
P7590,68,Female,Medium,
P7591,63,Male,Medium,Platinum
P7592,27,Male,Medium,Gold
P7593,36,Female,High,Platinum
P7594,72,Male,High,Silver
P7595,24,Female,Medium,
P7596,61,Male,Low,
P7597,77,Male,Medium,Silver
P7598,47,Female,High,Silver
P7599,38,Male,High,Platinum
P7600,49,Female,Low,
P7601,59,Male,Low,Silver
P7602,36,Male,High,Silver
P7603,34,Female,Low,
P7604,43,Female,High,Silver
P7605,33,Female,Medium,Gold
P7606,30,Female,Low,
P7607,54,Female,Medium,Silver
P7608,46,Female,Low,
P7609,79,Male,Low,Silver
P7610,77,Female,High,
P7611,63,Female,High,
P7612,40,Female,Medium,Gold
P7613,42,Male,High,Gold
P7614,54,Male,Low,Gold
P7615,69,Male,Medium,
P7616,62,Female,Medium,Platinum
P7617,28,Female,Low,
P7618,37,Female,Medium,Gold
P7619,19,Female,Medium,Silver
P7620,72,Female,Medium,
P7621,30,Female,Medium,
P7622,29,Female,Medium,Silver
P7623,22,Male,Medium,
P7624,57,Male,Medium,
P7625,74,Male,Low,
P7626,24,Male,Medium,Gold
P7627,29,Female,Low,
P7628,43,Male,High,Silver
P7629,26,Male,Medium,Gold
P7630,34,Male,Low,Gold
P7631,58,Female,Low,
P7632,23,Female,Low,Gold
P7633,24,Female,Medium,
P7634,47,Female,Low,Silver
P7635,53,Female,Medium,
P7636,59,Male,Low,Platinum
P7637,30,Male,Medium,Silver
P7638,58,Male,Medium,
P7639,18,Male,Medium,Platinum
P7640,36,Male,Low,Silver
P7641,47,Female,Medium,Gold
P7642,53,Female,Medium,
P7643,22,Female,Medium,Platinum
P7644,73,Female,Medium,Silver
P7645,44,Female,Medium,Platinum
P7646,32,Male,Low,Silver
P7647,27,Male,Low,
P7648,20,Male,Low,Silver
P7649,76,Female,High,
P7650,25,Male,High,Platinum
P7651,39,Female,Medium,Silver
P7652,67,Female,Medium,Platinum
P7653,73,Male,Medium,Silver
P7654,54,Male,Low,Silver
P7655,40,Female,Low,Silver
P7656,39,Male,Medium,
P7657,22,Male,Medium,Silver
P7658,77,Male,Low,
P7659,32,Male,Medium,Gold
P7660,58,Male,Medium,
P7661,74,Female,Medium,
P7662,32,Male,Medium,Silver
P7663,47,Male,Medium,Silver
P7664,47,Female,Low,Platinum
P7665,42,Female,Low,
P7666,48,Male,Low,
P7667,34,Female,Medium,
P7668,48,Male,Low,Gold
P7669,40,Female,Medium,Platinum
P7670,56,Male,Medium,Silver
P7671,19,Male,Low,Platinum
P7672,42,Male,High,
P7673,36,Female,Low,
P7674,53,Female,Low,Silver
P7675,72,Male,Low,
P7676,72,Male,Medium,Silver
P7677,21,Female,Medium,Silver
P7678,45,Female,Medium,
P7679,50,Male,Medium,Silver
P7680,38,Female,Medium,
P7681,21,Male,Low,
P7682,52,Male,Medium,
P7683,30,Male,Medium,
P7684,46,Male,Medium,Platinum
P7685,41,Female,Medium,
P7686,59,Male,Medium,
P7687,69,Female,Medium,
P7688,75,Male,Medium,
P7689,40,Male,Low,
P7690,40,Male,High,Gold
P7691,62,Male,High,
P7692,59,Female,Low,
P7693,77,Female,Medium,
P7694,22,Male,Medium,Gold
P7695,26,Male,Medium,
P7696,54,Male,Medium,
P7697,54,Male,Medium,Gold
P7698,51,Female,Medium,
P7699,40,Female,Medium,
P7700,30,Male,Low,
P7701,55,Male,Medium,Gold
P7702,59,Female,High,Gold
P7703,58,Female,High,
P7704,41,Male,High,
P7705,47,Female,Low,
P7706,19,Male,Medium,Silver
P7707,66,Female,Medium,
P7708,68,Female,High,
P7709,42,Male,High,
P7710,37,Male,Medium,
P7711,74,Female,Medium,Silver
P7712,55,Female,Medium,Gold
P7713,70,Female,Low,Gold
P7714,32,Male,Medium,
P7715,77,Male,Medium,
P7716,54,Male,Medium,Platinum
P7717,22,Female,Low,Silver
P7718,43,Male,Low,Platinum
P7719,65,Male,Medium,
P7720,35,Female,Medium,
P7721,32,Female,Low,
P7722,72,Male,Medium,Gold
P7723,58,Female,Medium,
P7724,23,Female,High,
P7725,25,Female,Low,
P7726,48,Female,Medium,
P7727,62,Male,Medium,Gold
P7728,59,Male,Medium,
P7729,74,Male,High,Gold
P7730,68,Female,Medium,Platinum
P7731,67,Male,High,
P7732,26,Male,Medium,
P7733,27,Male,Medium,
P7734,38,Male,Medium,
P7735,55,Male,Low,
P7736,26,Female,Medium,
P7737,48,Female,Medium,Silver
P7738,33,Female,Medium,Gold
P7739,19,Female,Medium,Silver
P7740,52,Male,Medium,Gold
P7741,57,Male,Low,Platinum
P7742,44,Male,Low,
P7743,51,Male,High,
P7744,19,Male,High,Gold
P7745,21,Male,Low,Silver
P7746,72,Female,Medium,Silver
P7747,75,Female,Low,
P7748,43,Male,High,
P7749,31,Male,High,
P7750,64,Male,Medium,Platinum
P7751,46,Male,High,
P7752,49,Male,Medium,Silver
P7753,40,Male,High,Gold
P7754,19,Male,Medium,
P7755,75,Male,Medium,
P7756,58,Female,High,Silver
P7757,24,Female,Low,Platinum
P7758,67,Male,Medium,Gold
P7759,21,Female,Medium,Gold
P7760,62,Male,High,Platinum
P7761,57,Female,High,
P7762,79,Male,High,
P7763,75,Male,Low,
P7764,25,Female,Medium,
P7765,21,Female,Medium,Gold
P7766,20,Male,Low,
P7767,70,Male,Medium,Platinum
P7768,47,Male,Medium,Silver
P7769,76,Female,Low,
P7770,61,Female,Medium,
P7771,21,Female,High,
P7772,60,Male,Medium,Platinum
P7773,46,Female,High,
P7774,69,Female,High,Silver
P7775,28,Female,Low,Silver
P7776,75,Male,Medium,
P7777,61,Male,Low,Gold
P7778,40,Female,Medium,
P7779,41,Female,Medium,
P7780,56,Female,Medium,Platinum
P7781,66,Male,Medium,
P7782,62,Male,Low,Gold
P7783,52,Female,Medium,
P7784,35,Female,Medium,
P7785,24,Male,Medium,
P7786,45,Female,Low,Silver
P7787,45,Male,Low,Silver
P7788,24,Male,Low,
P7789,70,Male,Medium,
P7790,18,Female,Medium,
P7791,21,Male,Low,Gold
P7792,33,Male,Medium,
P7793,31,Male,High,
P7794,71,Female,Low,Gold
P7795,71,Female,Low,
P7796,60,Male,High,Silver
P7797,75,Female,High,
P7798,25,Female,Medium,Gold
P7799,19,Female,Medium,
P7800,49,Female,High,
P7801,61,Male,Medium,
P7802,31,Male,Medium,Silver
P7803,72,Female,Low,Platinum
P7804,57,Male,High,Platinum
P7805,20,Male,Low,Silver
P7806,20,Male,Medium,
P7807,21,Female,Low,Platinum
P7808,56,Male,Medium,
P7809,58,Male,Medium,
P7810,34,Male,Low,Silver
P7811,46,Male,Medium,
P7812,38,Female,High,
P7813,72,Male,High,Silver
P7814,34,Male,Low,Platinum
P7815,45,Female,Medium,Silver
P7816,51,Male,Medium,Silver
P7817,78,Male,Medium,
P7818,79,Female,Medium,Gold
P7819,56,Female,Medium,Silver
P7820,72,Female,Low,Silver
P7821,74,Male,Medium,
P7822,23,Female,Medium,Silver
P7823,76,Female,High,Silver
P7824,30,Female,Low,Platinum
P7825,78,Female,Low,
P7826,63,Male,Medium,
P7827,75,Female,Medium,Gold
P7828,79,Male,Low,Platinum
P7829,46,Male,Medium,
P7830,62,Female,Medium,
P7831,51,Male,Medium,Platinum
P7832,65,Female,High,Platinum
P7833,73,Female,Medium,
P7834,41,Male,Low,Platinum
P7835,27,Male,Low,
P7836,69,Female,High,Silver
P7837,64,Male,Medium,Platinum
P7838,32,Female,Low,
P7839,39,Male,Low,
P7840,28,Male,Medium,
P7841,57,Male,High,
P7842,48,Female,Low,Platinum
P7843,27,Male,Low,
P7844,58,Female,Medium,
P7845,24,Male,High,Silver
P7846,54,Female,Low,
P7847,51,Female,Medium,
P7848,30,Female,Medium,Platinum
P7849,66,Female,Medium,
P7850,18,Male,Medium,Platinum
P7851,61,Female,High,
P7852,19,Male,Medium,Gold
P7853,72,Male,Low,
P7854,21,Female,Medium,Gold
P7855,21,Female,Medium,
P7856,55,Male,Medium,
P7857,34,Female,Low,
P7858,33,Female,Medium,
P7859,73,Male,Medium,
P7860,76,Female,Medium,Gold
P7861,33,Female,High,Gold
P7862,79,Male,Medium,
P7863,78,Female,Low,
P7864,74,Female,Medium,Platinum
P7865,66,Female,Low,
P7866,51,Female,High,Gold
P7867,72,Female,Low,Silver
P7868,75,Male,Medium,
P7869,22,Male,Medium,Gold
P7870,43,Male,Medium,
P7871,74,Male,Low,Gold
P7872,18,Male,Medium,Gold
P7873,35,Male,Medium,
P7874,63,Male,Medium,
P7875,65,Male,Low,Platinum
P7876,71,Female,Medium,Silver
P7877,53,Female,Low,Silver
P7878,33,Female,High,Silver
P7879,18,Male,Medium,
P7880,70,Male,Medium,
P7881,32,Male,Medium,
P7882,29,Female,Medium,Silver
P7883,28,Male,Medium,
P7884,50,Female,High,
P7885,45,Male,Low,Gold
P7886,56,Female,Medium,Gold
P7887,36,Female,Low,Silver
P7888,27,Male,Low,Silver
P7889,31,Male,Low,
P7890,78,Female,Low,
P7891,55,Female,Medium,
P7892,74,Male,High,
P7893,62,Female,Low,Platinum
P7894,59,Male,High,Silver
P7895,38,Female,Medium,
P7896,18,Male,Low,Silver
P7897,66,Female,Medium,Silver
P7898,26,Female,Low,Gold
P7899,19,Female,High,
P7900,61,Female,Medium,Gold
P7901,58,Male,Medium,
P7902,29,Female,Low,Platinum
P7903,18,Male,Low,
P7904,50,Male,Low,
P7905,42,Male,Medium,Platinum
P7906,66,Female,Low,Gold
P7907,79,Male,Medium,
P7908,41,Female,Medium,Silver
P7909,46,Female,High,
P7910,51,Male,Low,Silver
P7911,62,Female,Low,Silver
P7912,68,Male,High,
P7913,31,Female,Medium,Gold
P7914,25,Female,Medium,Platinum
P7915,68,Male,Medium,Gold
P7916,46,Male,High,
P7917,39,Female,Low,Gold
P7918,35,Male,Medium,Gold
P7919,66,Female,High,Platinum
P7920,36,Male,Medium,Gold
P7921,23,Female,Medium,Silver
P7922,35,Male,Low,Gold
P7923,68,Female,High,
P7924,63,Male,High,Gold
P7925,33,Male,High,
P7926,73,Male,Medium,
P7927,62,Male,Low,Silver
P7928,72,Female,Medium,Platinum
P7929,24,Female,Medium,Gold
P7930,74,Female,Low,
P7931,54,Female,Medium,Silver
P7932,40,Female,High,Silver
P7933,38,Female,Medium,Platinum
P7934,37,Male,Low,Silver
P7935,71,Female,Medium,
P7936,74,Female,High,Silver
P7937,48,Male,Medium,
P7938,67,Female,Low,Silver
P7939,68,Female,Medium,Gold
P7940,21,Male,Medium,Platinum
P7941,27,Male,Medium,
P7942,76,Male,Medium,
P7943,51,Female,Medium,
P7944,35,Male,Low,
P7945,20,Male,Low,
P7946,31,Female,Medium,Silver
P7947,77,Female,Medium,Silver
P7948,74,Male,Low,
P7949,18,Female,Medium,
P7950,33,Female,Low,Silver
P7951,51,Male,Medium,
P7952,27,Female,Low,Silver
P7953,72,Female,Medium,Gold
P7954,53,Male,Medium,Silver
P7955,72,Female,Low,
P7956,47,Female,High,
P7957,34,Male,Medium,Silver
P7958,66,Male,Low,Silver
P7959,64,Female,Low,Silver
P7960,47,Female,High,Platinum
P7961,57,Female,Low,
P7962,21,Male,Medium,
P7963,28,Female,High,
P7964,35,Male,Medium,
P7965,74,Male,High,
P7966,65,Male,Low,
P7967,41,Female,Low,
P7968,25,Female,Low,Silver
P7969,57,Male,Medium,Gold
P7970,41,Male,High,
P7971,25,Male,Low,Silver
P7972,25,Female,Low,
P7973,20,Male,Medium,Silver
P7974,58,Male,Low,Silver
P7975,27,Female,High,Platinum
P7976,46,Female,Medium,
P7977,37,Female,High,Silver
P7978,28,Male,Medium,Silver
P7979,26,Male,Low,
P7980,40,Female,Medium,Silver
P7981,63,Male,Low,
P7982,36,Male,Low,Silver
P7983,25,Male,High,Gold
P7984,67,Female,Medium,
P7985,51,Male,Medium,Gold
P7986,24,Male,Medium,
P7987,61,Male,Medium,Silver
P7988,73,Female,Low,
P7989,79,Male,Low,
P7990,41,Male,Medium,Gold
P7991,53,Male,Medium,Platinum
P7992,54,Female,Low,
P7993,21,Male,Medium,
P7994,47,Male,Low,Gold
P7995,47,Male,Medium,
P7996,24,Female,Low,
P7997,54,Male,Low,
P7998,29,Female,Medium,
P7999,41,Female,Medium,Gold
P8000,52,Male,Medium,
P8001,62,Female,Medium,Silver
P8002,45,Male,Medium,
P8003,18,Male,Low,
P8004,35,Female,Medium,
P8005,67,Female,High,Silver
P8006,56,Female,Medium,Silver
P8007,28,Female,Low,
P8008,24,Female,Medium,Platinum
P8009,34,Female,Low,Gold
P8010,42,Female,High,Platinum
P8011,63,Male,High,
P8012,18,Male,Low,Silver
P8013,70,Male,Low,Silver
P8014,47,Female,Medium,Platinum
P8015,35,Female,High,
P8016,53,Female,High,
P8017,28,Male,Low,Platinum
P8018,65,Female,High,Gold
P8019,54,Male,Low,
P8020,43,Female,Low,
P8021,30,Female,Medium,Silver
P8022,29,Male,Medium,Silver
P8023,35,Male,High,Gold
P8024,18,Female,Medium,Silver
P8025,25,Female,High,
P8026,68,Female,Medium,Gold
P8027,40,Male,Medium,
P8028,63,Female,High,Platinum
P8029,60,Female,Low,Silver
P8030,54,Male,Low,
P8031,32,Male,Medium,
P8032,69,Male,Medium,Platinum
P8033,50,Female,High,
P8034,63,Male,Low,
P8035,77,Female,Low,Silver
P8036,73,Female,Medium,Silver
P8037,71,Female,High,Silver
P8038,65,Male,Medium,
P8039,44,Male,Medium,Platinum
P8040,34,Female,Medium,Platinum
P8041,52,Female,High,
P8042,68,Female,Low,
P8043,55,Female,Medium,
P8044,52,Female,Medium,
P8045,47,Male,Low,Gold
P8046,25,Male,Low,Gold
P8047,18,Male,Medium,
P8048,64,Male,Low,
P8049,70,Female,Low,Platinum
P8050,64,Male,High,Silver
P8051,63,Female,Low,Silver
P8052,42,Male,Medium,
P8053,39,Female,Medium,
P8054,72,Male,High,
P8055,19,Male,Medium,
P8056,53,Female,High,Silver
P8057,59,Male,Medium,
P8058,67,Male,Low,
P8059,65,Male,Low,
P8060,50,Male,Medium,Gold
P8061,73,Female,High,Gold
P8062,39,Female,Medium,
P8063,59,Female,High,Platinum
P8064,33,Female,High,
P8065,35,Male,Medium,
P8066,30,Female,Medium,Gold
P8067,65,Female,Low,Gold
P8068,56,Male,Low,
P8069,24,Female,Medium,
P8070,70,Female,Medium,
P8071,26,Male,Low,
P8072,38,Male,Medium,
P8073,21,Male,Medium,Silver
P8074,77,Male,Medium,Platinum
P8075,42,Female,Low,
P8076,57,Male,Medium,
P8077,54,Female,Low,
P8078,41,Male,Medium,
P8079,74,Female,Medium,Silver
P8080,28,Female,Medium,Platinum
P8081,75,Male,Low,Silver
P8082,48,Female,Medium,Silver
P8083,65,Male,Low,
P8084,35,Male,Medium,
P8085,40,Female,Low,
P8086,33,Female,Medium,Silver
P8087,31,Male,Medium,
P8088,62,Male,Medium,Silver
P8089,21,Male,Low,Silver
P8090,22,Male,Medium,Gold
P8091,41,Female,Medium,
P8092,66,Male,High,
P8093,78,Female,Low,
P8094,65,Female,Low,Gold
P8095,71,Female,Medium,
P8096,44,Male,Low,Silver
P8097,28,Female,Medium,Silver
P8098,23,Female,Medium,Silver
P8099,34,Male,Low,
P8100,21,Female,Medium,Platinum
P8101,56,Male,Medium,Silver
P8102,43,Male,Low,Gold
P8103,31,Female,Medium,Silver
P8104,51,Male,Low,Silver
P8105,78,Female,Medium,
P8106,72,Male,High,
P8107,20,Female,High,
P8108,41,Female,High,Platinum
P8109,37,Male,High,Silver
P8110,36,Female,High,
P8111,55,Female,Medium,Gold
P8112,77,Female,Low,Gold
P8113,37,Male,Medium,Gold
P8114,56,Male,Medium,
P8115,72,Male,Low,Gold
P8116,24,Female,Low,Silver
P8117,43,Male,Low,
P8118,26,Male,Low,
P8119,38,Female,Low,Silver
P8120,51,Male,Low,Platinum
P8121,59,Female,High,
P8122,77,Male,Low,
P8123,75,Female,Low,
P8124,58,Female,Medium,
P8125,40,Male,High,Platinum
P8126,50,Female,High,Gold
P8127,78,Female,Low,Silver
P8128,77,Male,Medium,
P8129,59,Female,Low,Silver
P8130,79,Male,Medium,
P8131,79,Male,Medium,
P8132,43,Male,Medium,
P8133,75,Female,High,
P8134,49,Male,Medium,
P8135,42,Male,Medium,
P8136,71,Female,Medium,Gold
P8137,64,Male,Low,
P8138,58,Male,Medium,
P8139,71,Female,Low,
P8140,35,Male,Low,
P8141,36,Female,Medium,
P8142,76,Female,Medium,Silver
P8143,48,Male,Medium,Silver
P8144,56,Female,High,
P8145,22,Male,Low,Silver
P8146,31,Male,High,Silver
P8147,63,Female,High,
P8148,26,Female,Low,Silver
P8149,30,Male,Low,
P8150,22,Male,Medium,
P8151,65,Female,Low,
P8152,74,Male,Low,
P8153,21,Male,High,
P8154,28,Female,Medium,
P8155,71,Male,Medium,
P8156,18,Female,Low,Silver
P8157,18,Male,Medium,Silver
P8158,49,Female,Medium,Silver
P8159,46,Female,Medium,
P8160,19,Female,Medium,
P8161,77,Female,High,
P8162,58,Female,High,Silver
P8163,49,Male,Medium,Silver
P8164,73,Male,Medium,Gold
P8165,51,Female,Medium,Silver
P8166,31,Male,Medium,Silver
P8167,49,Male,Low,Platinum
P8168,45,Female,Medium,Silver
P8169,33,Female,Medium,Silver
P8170,66,Male,Low,
P8171,64,Male,High,
P8172,48,Male,Medium,
P8173,26,Male,Medium,
P8174,77,Male,Low,
P8175,69,Female,Low,Platinum
P8176,25,Female,Medium,
P8177,28,Female,Medium,Gold
P8178,77,Male,Medium,
P8179,30,Female,Medium,Gold
P8180,40,Male,Medium,
P8181,78,Male,Low,
P8182,67,Female,Low,Gold
P8183,18,Female,High,Silver
P8184,57,Female,Medium,Silver
P8185,78,Female,Medium,
P8186,49,Female,High,
P8187,60,Female,Low,
P8188,21,Male,Low,Silver
P8189,48,Male,Medium,
P8190,23,Male,Medium,
P8191,41,Female,Medium,Platinum
P8192,57,Male,Medium,Platinum
P8193,24,Male,High,Silver
P8194,45,Male,Medium,Silver
P8195,66,Female,Low,Gold
P8196,76,Female,Medium,
P8197,54,Female,Low,
P8198,22,Female,Medium,Silver
P8199,67,Female,High,
P8200,68,Male,Low,
P8201,58,Female,Low,
P8202,79,Female,Low,
P8203,74,Female,Low,Gold
P8204,47,Female,Low,Silver
P8205,47,Male,Medium,Gold
P8206,74,Female,Medium,Silver
P8207,69,Female,Medium,Platinum
P8208,55,Female,Low,
P8209,34,Male,Medium,
P8210,79,Female,High,
P8211,40,Male,High,
P8212,32,Male,Low,Gold
P8213,57,Male,Medium,Silver
P8214,53,Male,Medium,
P8215,49,Male,Medium,
P8216,31,Female,High,
P8217,73,Male,Medium,Silver
P8218,47,Male,Low,Gold
P8219,45,Male,Low,
P8220,53,Male,Medium,
P8221,23,Female,Medium,Silver
P8222,58,Female,Medium,Platinum
P8223,77,Female,Medium,
P8224,69,Female,Medium,Gold
P8225,69,Female,High,Silver
P8226,45,Female,Low,Platinum
P8227,70,Female,Medium,Gold
P8228,66,Male,Medium,
P8229,73,Female,High,
P8230,27,Female,Medium,
P8231,62,Female,Medium,Gold
P8232,18,Male,High,Gold
P8233,44,Female,High,
P8234,47,Female,Medium,
P8235,33,Male,High,
P8236,37,Female,High,Platinum
P8237,58,Female,High,Silver
P8238,61,Male,Medium,
P8239,32,Female,Medium,Silver
P8240,34,Female,Medium,Silver
P8241,27,Male,Medium,Gold
P8242,77,Male,Medium,Silver
P8243,76,Female,High,
P8244,49,Male,Medium,Gold
P8245,56,Male,Low,
P8246,20,Female,Medium,Platinum
P8247,23,Female,Low,Gold
P8248,28,Male,Medium,
P8249,55,Female,Medium,Silver
P8250,63,Male,High,Gold
P8251,56,Female,Medium,
P8252,66,Female,Medium,
P8253,25,Male,Medium,
P8254,46,Female,Low,Silver
P8255,47,Female,High,Gold
P8256,75,Male,High,Platinum
P8257,50,Male,High,
P8258,69,Female,Medium,
P8259,53,Female,Medium,
P8260,34,Male,High,Silver
P8261,71,Female,Low,Platinum
P8262,38,Female,Low,
P8263,40,Male,Low,Gold
P8264,75,Female,Low,
P8265,21,Male,Medium,Silver
P8266,54,Female,Medium,
P8267,26,Female,High,
P8268,40,Male,Medium,
P8269,21,Male,Medium,Silver
P8270,19,Male,Medium,
P8271,63,Female,Medium,
P8272,45,Female,Medium,Silver
P8273,72,Male,Low,Platinum
P8274,57,Female,Low,
P8275,73,Female,Low,
P8276,48,Female,Low,
P8277,46,Male,High,
P8278,56,Male,High,
P8279,56,Female,Low,
P8280,56,Male,Low,
P8281,64,Male,Medium,Silver
P8282,48,Female,Medium,
P8283,33,Female,Medium,
P8284,40,Female,Medium,Platinum
P8285,56,Male,Medium,Silver
P8286,39,Female,Low,Gold
P8287,19,Male,Medium,
P8288,72,Female,Low,Gold
P8289,42,Male,Low,
P8290,52,Female,Low,
P8291,44,Male,Low,Gold
P8292,65,Male,Medium,Silver
P8293,72,Male,High,
P8294,44,Male,Low,Silver
P8295,36,Male,Low,
P8296,30,Female,High,
P8297,29,Female,Medium,
P8298,40,Female,Low,
P8299,31,Male,Low,
P8300,73,Male,Low,
P8301,53,Male,Medium,Platinum
P8302,47,Male,Low,Silver
P8303,25,Male,Medium,
P8304,77,Female,Low,
P8305,71,Female,High,
P8306,43,Female,Medium,Silver
P8307,78,Female,Low,
P8308,55,Female,High,Silver
P8309,55,Female,Medium,
P8310,57,Female,High,Gold
P8311,22,Female,Medium,
P8312,30,Male,Low,Gold
P8313,27,Female,Low,
P8314,32,Male,High,Silver
P8315,70,Male,Medium,
P8316,55,Male,Medium,Gold
P8317,48,Male,Low,Gold
P8318,53,Male,Medium,Platinum
P8319,20,Female,Medium,Gold
P8320,56,Female,Medium,
P8321,39,Female,Low,Silver
P8322,55,Male,Medium,Platinum
P8323,37,Male,Medium,Gold
P8324,58,Male,Low,Silver
P8325,20,Male,High,
P8326,54,Male,Low,
P8327,54,Male,Medium,Platinum
P8328,62,Male,Medium,Silver
P8329,59,Female,Low,
P8330,54,Female,High,Silver
P8331,44,Female,High,Silver
P8332,21,Male,High,
P8333,31,Female,High,Silver
P8334,78,Female,Medium,
P8335,47,Female,Low,
P8336,48,Female,Medium,
P8337,55,Female,High,
P8338,27,Female,High,
P8339,47,Male,Medium,Platinum
P8340,57,Female,High,Silver
P8341,75,Female,High,Gold
P8342,48,Male,Medium,Platinum
P8343,79,Female,Medium,Gold
P8344,29,Male,High,
P8345,38,Male,High,Gold
P8346,42,Male,High,Platinum
P8347,68,Female,Medium,
P8348,43,Male,Medium,Silver
P8349,73,Male,Low,
P8350,75,Female,Medium,
P8351,21,Male,Low,Silver
P8352,40,Male,Low,
P8353,35,Female,Medium,
P8354,73,Female,Medium,Silver
P8355,31,Male,Low,Platinum
P8356,61,Female,Low,Platinum
P8357,27,Male,High,Silver
P8358,52,Male,Medium,
P8359,44,Male,Medium,
P8360,55,Female,Low,Platinum
P8361,26,Male,Medium,Silver
P8362,73,Female,Low,Gold
P8363,59,Female,Medium,Gold
P8364,69,Female,Medium,
P8365,71,Female,Medium,Silver
P8366,26,Male,Medium,Gold
P8367,46,Female,Medium,
P8368,43,Male,High,Silver
P8369,25,Male,Low,Silver
P8370,23,Female,Medium,Gold
P8371,72,Male,Medium,Gold
P8372,36,Female,Low,
P8373,40,Male,Medium,Silver
P8374,45,Female,Low,
P8375,47,Male,Medium,Silver
P8376,57,Male,Medium,
P8377,26,Female,Medium,Gold
P8378,41,Male,Medium,
P8379,74,Female,High,Platinum
P8380,54,Female,Low,
P8381,42,Female,Low,
P8382,31,Male,High,
P8383,32,Female,Low,Gold
P8384,68,Male,Medium,Gold
P8385,56,Male,Low,Gold
P8386,44,Female,Medium,Gold
P8387,45,Male,Medium,Gold
P8388,59,Male,Medium,Platinum
P8389,41,Male,Medium,Silver
P8390,59,Female,Low,Silver
P8391,61,Male,Medium,
P8392,53,Male,Medium,
P8393,30,Male,Low,
P8394,77,Female,Medium,
P8395,35,Female,Medium,Platinum
P8396,28,Male,Low,Gold
P8397,20,Male,Medium,
P8398,77,Male,Low,Gold
P8399,24,Male,High,Silver
P8400,57,Female,Medium,Gold
P8401,56,Female,Medium,
P8402,67,Female,Medium,Silver
P8403,73,Female,Low,
P8404,26,Female,Low,
P8405,42,Male,Low,
P8406,53,Male,Low,
P8407,66,Female,Medium,
P8408,31,Female,Medium,Gold
P8409,26,Male,Medium,Silver
P8410,45,Female,Low,Gold
P8411,40,Male,Low,Silver
P8412,53,Male,Low,Gold
P8413,27,Female,Low,Gold
P8414,59,Male,Medium,
P8415,64,Female,Medium,
P8416,24,Female,Low,
P8417,63,Male,Medium,
P8418,37,Male,Low,
P8419,72,Female,Low,
P8420,73,Female,Medium,Gold
P8421,59,Male,Medium,Silver
P8422,32,Female,High,Silver
P8423,31,Male,Medium,
P8424,18,Female,Medium,Silver
P8425,23,Male,High,Gold
P8426,54,Female,Low,
P8427,30,Male,Medium,
P8428,64,Female,Medium,Silver
P8429,50,Female,Medium,
P8430,24,Male,Low,
P8431,68,Female,Low,Platinum
P8432,58,Female,Low,
P8433,36,Male,Low,
P8434,26,Male,Medium,Platinum
P8435,38,Female,Low,
P8436,41,Male,Low,
P8437,62,Female,Medium,Gold
P8438,79,Female,Low,
P8439,58,Female,Medium,Gold
P8440,33,Male,Medium,Gold
P8441,73,Female,High,
P8442,43,Female,Medium,
P8443,24,Male,Low,
P8444,41,Female,Low,Platinum
P8445,51,Female,Low,Silver
P8446,33,Female,Low,
P8447,77,Female,Low,
P8448,52,Female,Medium,Silver
P8449,56,Male,Medium,
P8450,45,Male,High,
P8451,57,Male,Medium,Silver
P8452,39,Male,Low,Silver
P8453,78,Male,Medium,Gold
P8454,71,Male,Medium,
P8455,30,Male,Low,Platinum
P8456,32,Male,Medium,
P8457,26,Male,Medium,
P8458,59,Female,Low,Silver
P8459,78,Male,Medium,
P8460,29,Male,Medium,
P8461,75,Female,Low,Platinum
P8462,20,Male,High,
P8463,51,Male,Medium,Silver
P8464,47,Male,Medium,Silver
P8465,63,Male,Medium,
P8466,21,Male,High,
P8467,36,Male,Medium,
P8468,54,Male,Low,
P8469,18,Male,High,
P8470,25,Female,Low,
P8471,79,Female,Low,
P8472,38,Female,High,Silver
P8473,30,Female,High,
P8474,75,Male,High,
P8475,32,Female,High,
P8476,63,Female,Medium,
P8477,46,Female,Medium,Gold
P8478,56,Male,Medium,
P8479,31,Male,High,Platinum
P8480,48,Male,High,Gold
P8481,76,Female,Medium,
P8482,73,Male,Low,Silver
P8483,57,Male,Medium,Platinum
P8484,40,Male,High,
P8485,73,Female,Medium,Platinum
P8486,79,Female,Low,
P8487,57,Male,Low,Gold
P8488,78,Male,Medium,Silver
P8489,74,Female,High,
P8490,48,Male,High,
P8491,45,Female,High,
P8492,61,Male,Low,Silver
P8493,79,Female,High,
P8494,29,Female,Low,
P8495,42,Male,Medium,
P8496,38,Female,Medium,Silver
P8497,42,Female,Medium,
P8498,61,Male,High,Platinum
P8499,63,Male,High,Silver
P8500,29,Female,High,
P8501,59,Male,Low,
P8502,66,Male,Medium,
P8503,52,Male,Medium,
P8504,26,Male,Low,Silver
P8505,30,Female,Medium,Silver
P8506,26,Female,Medium,
P8507,29,Female,Medium,
P8508,38,Male,High,Silver
P8509,56,Male,Medium,
P8510,58,Male,Medium,
P8511,36,Male,Medium,Platinum
P8512,65,Female,High,Platinum
P8513,40,Male,Low,Silver
P8514,64,Female,Low,
P8515,76,Male,Low,
P8516,40,Male,High,Gold
P8517,54,Female,Low,Gold
P8518,67,Female,Medium,Gold
P8519,18,Female,Low,
P8520,34,Female,High,
P8521,29,Male,Low,
P8522,34,Female,High,Platinum
P8523,71,Male,High,
P8524,26,Male,High,
P8525,29,Male,High,Gold
P8526,39,Female,Medium,Silver
P8527,58,Male,High,Silver
P8528,25,Male,Medium,Silver
P8529,25,Female,Medium,Silver
P8530,42,Female,Medium,
P8531,77,Male,Low,
P8532,53,Female,Low,Silver
P8533,50,Male,Low,
P8534,66,Male,Medium,
P8535,37,Female,Low,
P8536,22,Male,Medium,
P8537,57,Female,Medium,
P8538,52,Female,Medium,
P8539,30,Female,Medium,
P8540,49,Male,Medium,
P8541,34,Male,Medium,Gold
P8542,37,Male,Low,Platinum
P8543,19,Male,Low,
P8544,29,Female,Medium,
P8545,26,Female,Low,Platinum
P8546,24,Male,High,Gold
P8547,31,Female,Medium,
P8548,36,Female,Low,
P8549,27,Male,Low,
P8550,28,Male,Medium,Gold
P8551,36,Female,Medium,Gold
P8552,23,Male,Low,
P8553,68,Male,Low,
P8554,45,Male,Medium,
P8555,66,Female,Medium,Silver
P8556,51,Female,Medium,
P8557,58,Female,Low,Gold
P8558,70,Female,Medium,Silver
P8559,27,Female,Medium,
P8560,22,Female,High,Gold
P8561,73,Male,Medium,
P8562,20,Male,Medium,Silver
P8563,57,Female,Low,Silver
P8564,21,Male,High,Silver
P8565,26,Female,Low,Gold
P8566,40,Male,Low,Platinum
P8567,41,Male,Medium,Platinum
P8568,31,Male,Medium,
P8569,18,Male,Medium,
P8570,18,Female,High,Gold
P8571,65,Female,Medium,
P8572,47,Female,Medium,
P8573,62,Female,Low,Silver
P8574,19,Female,Low,
P8575,23,Female,High,Silver
P8576,67,Male,High,Gold
P8577,30,Male,Low,
P8578,42,Female,Medium,
P8579,33,Male,Low,
P8580,48,Female,Medium,Silver
P8581,30,Male,High,Gold
P8582,32,Female,High,Silver
P8583,55,Male,Low,
P8584,65,Male,Medium,
P8585,69,Male,High,Gold
P8586,57,Male,Medium,Silver
P8587,75,Female,Medium,
P8588,69,Female,Medium,
P8589,67,Female,Medium,
P8590,64,Female,Low,
P8591,27,Male,Medium,
P8592,49,Male,Low,Silver
P8593,36,Male,Medium,
P8594,75,Female,High,
P8595,48,Male,High,Silver
P8596,48,Female,Medium,Silver
P8597,57,Male,Low,Gold
P8598,26,Female,Medium,
P8599,18,Female,Medium,Gold
P8600,51,Female,Low,
P8601,42,Male,Medium,Gold
P8602,25,Male,Low,
P8603,46,Male,Medium,
P8604,57,Female,Medium,Platinum
P8605,59,Female,High,Platinum
P8606,62,Male,Low,
P8607,40,Male,High,Gold
P8608,38,Female,Medium,Gold
P8609,42,Male,Medium,
P8610,73,Female,Low,
P8611,64,Male,Medium,Silver
P8612,23,Female,High,Gold
P8613,46,Female,Low,
P8614,46,Female,Low,Platinum
P8615,27,Male,High,
P8616,32,Female,Medium,
P8617,63,Female,High,
P8618,22,Female,High,Platinum
P8619,66,Female,Medium,
P8620,76,Male,Medium,
P8621,65,Male,Low,
P8622,73,Male,Medium,
P8623,61,Male,Medium,
P8624,25,Male,Low,Platinum
P8625,33,Male,High,Silver
P8626,31,Female,Medium,Silver
P8627,39,Male,High,Platinum
P8628,19,Female,Medium,
P8629,57,Male,Medium,
P8630,64,Female,Low,Gold
P8631,61,Female,Medium,
P8632,62,Male,Low,Silver
P8633,53,Female,Medium,
P8634,39,Male,High,
P8635,28,Male,Medium,
P8636,37,Male,Low,
P8637,57,Female,Low,
P8638,61,Male,Medium,Gold
P8639,46,Female,Low,Silver
P8640,19,Female,Medium,
P8641,62,Male,Medium,Silver
P8642,29,Female,High,Gold
P8643,63,Male,Medium,
P8644,36,Female,High,
P8645,23,Female,Low,
P8646,51,Male,Low,Silver
P8647,61,Male,Medium,Gold
P8648,57,Male,Medium,Silver
P8649,69,Female,Medium,
P8650,67,Female,High,Gold
P8651,45,Female,Low,Silver
P8652,67,Female,Medium,
P8653,21,Female,Medium,Gold
P8654,23,Female,Medium,Platinum
P8655,29,Male,Low,
P8656,68,Male,Medium,Silver
P8657,63,Female,Medium,
P8658,63,Male,Low,Silver
P8659,54,Male,High,
P8660,55,Male,High,Silver
P8661,55,Female,High,Gold
P8662,24,Male,Medium,Silver
P8663,59,Female,High,
P8664,75,Female,Medium,Silver
P8665,38,Male,Medium,Platinum
P8666,32,Female,Low,
P8667,27,Male,Medium,Silver
P8668,57,Male,Medium,
P8669,64,Female,Medium,
P8670,70,Male,Low,
P8671,21,Female,High,
P8672,65,Female,Medium,Platinum
P8673,22,Male,Medium,Silver
P8674,53,Female,Medium,
P8675,52,Male,Low,Gold
P8676,54,Male,Medium,Platinum
P8677,20,Male,Medium,
P8678,44,Female,Low,Silver
P8679,67,Male,Medium,Gold
P8680,68,Female,Medium,
P8681,56,Female,Medium,
P8682,44,Male,Medium,
P8683,57,Female,Medium,Platinum
P8684,54,Male,High,
P8685,68,Female,Medium,Silver
P8686,72,Male,Low,
P8687,43,Male,High,Silver
P8688,63,Female,High,
P8689,43,Male,Low,
P8690,24,Female,Medium,
P8691,39,Female,Low,
P8692,55,Male,Medium,Silver
P8693,65,Female,High,
P8694,76,Female,Medium,
P8695,55,Female,Medium,
P8696,48,Female,High,
P8697,40,Male,High,
P8698,73,Male,Medium,Gold
P8699,32,Female,Medium,
P8700,23,Male,Medium,Silver
P8701,27,Male,Medium,Gold
P8702,28,Female,High,Silver
P8703,65,Female,Medium,Silver
P8704,18,Male,Medium,
P8705,39,Male,High,
P8706,35,Male,Low,
P8707,53,Female,Low,Silver
P8708,25,Male,Medium,
P8709,55,Female,Low,
P8710,65,Female,High,Silver
P8711,19,Female,Medium,
P8712,78,Male,Medium,Silver
P8713,68,Male,Low,
P8714,35,Female,High,
P8715,79,Male,Medium,
P8716,24,Female,High,
P8717,29,Female,Low,
P8718,56,Female,High,Silver
P8719,75,Male,Medium,
P8720,66,Female,Low,
P8721,75,Male,Medium,
P8722,39,Male,Medium,Platinum
P8723,57,Male,Medium,Silver
P8724,55,Male,High,Silver
P8725,56,Male,Low,Platinum
P8726,61,Female,Low,
P8727,75,Female,High,
P8728,69,Male,Medium,Platinum
P8729,36,Female,Medium,
P8730,38,Female,High,
P8731,75,Female,Medium,Silver
P8732,68,Male,Medium,Gold
P8733,36,Male,Medium,Silver
P8734,79,Male,Medium,Gold
P8735,53,Female,Medium,Gold
P8736,49,Female,Medium,Gold
P8737,51,Female,High,Platinum
P8738,48,Female,Medium,
P8739,58,Female,Low,Gold
P8740,73,Female,Medium,
P8741,40,Female,Low,Gold
P8742,77,Female,High,Silver
P8743,56,Male,Low,Silver
P8744,44,Male,Medium,Silver
P8745,72,Male,Low,
P8746,47,Male,High,Silver
P8747,22,Male,Medium,
P8748,65,Female,Medium,Gold
P8749,77,Male,Medium,Gold
P8750,52,Female,Medium,
P8751,41,Male,High,Gold
P8752,58,Female,High,
P8753,65,Male,Low,Platinum
P8754,44,Male,Medium,Silver
P8755,37,Male,Medium,Gold
P8756,76,Male,High,Platinum
P8757,65,Male,Medium,
P8758,35,Male,High,
P8759,24,Female,Medium,
P8760,75,Male,Medium,
P8761,50,Male,Medium,Silver
P8762,68,Female,Medium,
P8763,78,Female,Medium,
P8764,28,Male,Medium,
P8765,60,Female,Low,
P8766,77,Male,Medium,
P8767,55,Male,High,
P8768,55,Female,High,Silver
P8769,29,Male,Medium,
P8770,67,Female,Medium,
P8771,72,Female,Medium,
P8772,43,Male,High,
P8773,53,Male,Medium,Silver
P8774,48,Female,High,Silver
P8775,70,Female,Low,
P8776,36,Male,Low,
P8777,26,Female,High,
P8778,61,Female,Medium,Platinum
P8779,22,Female,Medium,
P8780,61,Male,Low,
P8781,33,Male,Medium,Gold
P8782,22,Female,Medium,
P8783,41,Male,High,
P8784,71,Female,High,
P8785,34,Male,Medium,Gold
P8786,41,Female,Medium,
P8787,29,Male,High,Silver
P8788,64,Female,Medium,Silver
P8789,62,Female,Medium,Silver
P8790,70,Male,High,Silver
P8791,53,Female,High,
P8792,26,Male,Medium,
P8793,76,Female,Medium,Platinum
P8794,57,Male,Medium,
P8795,77,Male,High,Platinum
P8796,33,Male,Medium,
P8797,43,Female,Medium,
P8798,37,Male,Medium,Silver
P8799,60,Male,Low,
P8800,77,Female,Medium,Platinum
P8801,70,Female,Medium,Gold
P8802,67,Female,Medium,Silver
P8803,25,Female,Low,Gold
P8804,29,Male,Medium,
P8805,32,Female,High,Gold
P8806,27,Female,Medium,
P8807,41,Female,Low,
P8808,63,Male,Medium,
P8809,73,Female,High,Gold
P8810,70,Female,Medium,Silver
P8811,70,Male,Medium,
P8812,56,Male,Medium,Platinum
P8813,49,Female,High,Gold
P8814,52,Female,Medium,
P8815,36,Male,Medium,
P8816,76,Male,High,Silver
P8817,27,Female,Low,Gold
P8818,49,Female,Low,Gold
P8819,51,Male,Low,Gold
P8820,46,Male,Low,
P8821,22,Male,Medium,Silver
P8822,40,Female,Low,
P8823,27,Male,Medium,Gold
P8824,35,Male,Low,
P8825,57,Male,Medium,Silver
P8826,66,Male,Medium,Silver
P8827,24,Male,Medium,
P8828,28,Female,Medium,
P8829,20,Female,Low,
P8830,23,Male,Medium,
P8831,19,Male,Medium,Platinum
P8832,33,Female,Low,Gold
P8833,63,Female,Medium,Silver
P8834,31,Male,Medium,Silver
P8835,21,Female,Low,Gold
P8836,70,Male,High,
P8837,21,Male,Medium,
P8838,76,Female,Medium,Silver
P8839,27,Male,High,
P8840,21,Male,Low,
P8841,58,Female,Medium,Silver
P8842,32,Female,Medium,Gold
P8843,24,Female,Low,Platinum
P8844,28,Male,Low,
P8845,63,Male,Medium,Gold
P8846,49,Male,Low,Silver
P8847,68,Male,Medium,
P8848,22,Female,Medium,
P8849,43,Female,Low,Gold
P8850,21,Male,Medium,
P8851,79,Female,High,Silver
P8852,21,Male,Medium,
P8853,21,Male,Medium,
P8854,78,Male,High,
P8855,22,Female,Medium,Platinum
P8856,43,Female,High,
P8857,79,Female,Medium,Silver
P8858,75,Male,Medium,
P8859,56,Male,Low,
P8860,28,Male,Medium,
P8861,44,Female,Medium,
P8862,69,Male,Low,Silver
P8863,23,Male,Low,
P8864,53,Male,Low,Silver
P8865,28,Male,High,
P8866,77,Female,Low,
P8867,60,Female,Low,
P8868,77,Male,Medium,Gold
P8869,57,Male,Low,Gold
P8870,64,Female,Low,Silver
P8871,69,Male,Medium,
P8872,44,Male,Medium,Gold
P8873,34,Female,High,
P8874,40,Female,Medium,Platinum
P8875,62,Female,Medium,Gold
P8876,19,Female,Medium,
P8877,24,Female,Low,Platinum
P8878,65,Female,Low,Platinum
P8879,35,Female,Low,
P8880,27,Male,High,
P8881,78,Male,High,Gold
P8882,47,Female,High,Platinum
P8883,68,Female,Medium,
P8884,72,Male,Low,Platinum
P8885,68,Female,Medium,
P8886,45,Female,High,
P8887,72,Female,Medium,
P8888,72,Female,Medium,Silver
P8889,54,Female,Low,
P8890,42,Female,Medium,Silver
P8891,47,Male,Medium,Gold
P8892,70,Female,High,
P8893,27,Female,Medium,
P8894,20,Male,Low,Gold
P8895,28,Female,Medium,
P8896,30,Male,High,
P8897,75,Male,Low,Silver
P8898,44,Female,Low,
P8899,18,Female,Low,
P8900,21,Male,High,
P8901,46,Male,Low,Silver
P8902,41,Female,Medium,
P8903,24,Female,Medium,
P8904,60,Male,High,Gold
P8905,56,Male,Medium,Platinum
P8906,45,Male,Low,
P8907,59,Male,Medium,
P8908,60,Female,Medium,Silver
P8909,65,Male,Medium,Gold
P8910,38,Female,Low,
P8911,47,Female,Medium,
P8912,66,Male,Medium,
P8913,48,Male,High,Silver
P8914,30,Male,High,
P8915,20,Male,High,Gold
P8916,50,Male,Low,Silver
P8917,28,Male,Medium,Silver
P8918,45,Female,High,Silver
P8919,27,Female,Low,
P8920,66,Female,Low,Silver
P8921,58,Female,Medium,Silver
P8922,38,Female,Medium,Silver
P8923,60,Female,Low,Silver
P8924,26,Male,High,
P8925,31,Male,Medium,
P8926,50,Male,Medium,Gold
P8927,59,Female,Low,Silver
P8928,38,Female,Medium,
P8929,46,Male,Medium,
P8930,35,Female,Low,Gold
P8931,21,Female,Medium,Silver
P8932,45,Female,Low,
P8933,56,Male,Low,
P8934,23,Female,High,Silver
P8935,46,Female,Medium,Silver
P8936,20,Female,Low,
P8937,64,Male,Medium,Platinum
P8938,22,Male,Medium,
P8939,74,Female,Medium,Gold
P8940,63,Male,Low,Silver
P8941,32,Female,Medium,Silver
P8942,51,Female,High,Silver
P8943,62,Male,Medium,
P8944,49,Female,Medium,Silver
P8945,70,Male,High,Platinum
P8946,27,Female,Low,Silver
P8947,70,Male,Medium,
P8948,67,Male,Medium,Silver
P8949,29,Female,High,
P8950,33,Female,Low,Gold
P8951,61,Male,Medium,
P8952,33,Male,Low,Silver
P8953,55,Male,High,Platinum
P8954,34,Female,Medium,
P8955,40,Female,Low,
P8956,76,Female,Low,
P8957,50,Female,Low,
P8958,23,Female,Medium,Silver
P8959,69,Male,Medium,Silver
P8960,31,Female,Medium,
P8961,66,Female,Medium,
P8962,21,Female,Low,Gold
P8963,18,Female,Medium,
P8964,22,Female,Medium,
P8965,47,Male,Medium,Platinum
P8966,79,Male,Medium,Gold
P8967,52,Male,High,Gold
P8968,25,Male,Medium,Platinum
P8969,27,Male,Low,Platinum
P8970,73,Female,High,
P8971,74,Male,Medium,
P8972,48,Male,High,
P8973,50,Male,Medium,Platinum
P8974,63,Male,Medium,
P8975,18,Male,Low,Silver
P8976,30,Male,High,
P8977,24,Female,High,Gold
P8978,60,Female,High,Silver
P8979,68,Female,Medium,Gold
P8980,47,Male,Medium,
P8981,59,Female,Medium,
P8982,32,Female,Medium,
P8983,78,Male,Medium,
P8984,49,Female,Low,Silver
P8985,56,Male,Medium,Silver
P8986,22,Male,Medium,
P8987,61,Male,Medium,Gold
P8988,70,Female,Medium,
P8989,57,Female,High,
P8990,60,Male,Medium,
P8991,59,Male,High,
P8992,62,Female,Low,Gold
P8993,66,Male,Medium,
P8994,48,Male,High,Silver
P8995,28,Male,Low,
P8996,37,Male,Low,Platinum
P8997,41,Male,Low,Silver
P8998,77,Female,Medium,Silver
P8999,53,Male,Medium,Gold
P9000,43,Female,Medium,
P9001,50,Male,Medium,Silver
P9002,36,Male,Low,Silver
P9003,42,Female,Low,Gold
P9004,69,Female,Medium,Gold
P9005,47,Male,High,Silver
P9006,53,Male,Medium,
P9007,67,Male,Low,Gold
P9008,73,Male,Low,Silver
P9009,65,Female,Low,
P9010,41,Female,Low,Silver
P9011,74,Female,Low,
P9012,63,Female,Medium,
P9013,66,Female,Medium,Silver
P9014,53,Female,Medium,
P9015,70,Male,Low,Silver
P9016,37,Male,Low,
P9017,78,Female,High,
P9018,22,Male,Low,Silver
P9019,45,Male,Medium,
P9020,37,Male,Low,
P9021,43,Male,Medium,Gold
P9022,79,Male,Medium,
P9023,67,Male,High,
P9024,21,Male,Low,
P9025,27,Female,Low,
P9026,27,Male,Medium,Silver
P9027,24,Female,Medium,Platinum
P9028,61,Female,Medium,
P9029,51,Male,Medium,Gold
P9030,33,Female,High,
P9031,27,Male,Low,Silver
P9032,63,Female,High,Silver
P9033,30,Female,Medium,Platinum
P9034,42,Male,High,Silver
P9035,37,Male,Medium,Gold
P9036,31,Male,Low,Gold
P9037,61,Female,High,
P9038,71,Male,Medium,
P9039,77,Male,Medium,Gold
P9040,46,Male,High,Silver
P9041,47,Male,High,
P9042,62,Female,Low,Silver
P9043,19,Female,Low,Gold
P9044,78,Female,Medium,Silver
P9045,73,Male,High,
P9046,54,Female,Medium,Gold
P9047,66,Male,Medium,Platinum
P9048,73,Female,Medium,Silver
P9049,79,Female,Medium,Platinum
P9050,68,Female,Low,Silver
P9051,79,Male,Medium,Silver
P9052,68,Female,Low,Platinum
P9053,30,Male,Medium,Silver
P9054,68,Female,Low,Gold
P9055,23,Male,Low,
P9056,19,Male,Medium,
P9057,43,Male,Medium,
P9058,28,Male,Medium,
P9059,25,Female,Low,
P9060,47,Male,Medium,
P9061,54,Male,Low,Platinum
P9062,50,Male,Low,Gold
P9063,73,Male,Medium,Gold
P9064,50,Male,Medium,
P9065,20,Male,Medium,
P9066,19,Female,Medium,Silver
P9067,54,Male,Medium,Silver
P9068,24,Male,Low,Platinum
P9069,45,Female,Low,
P9070,41,Male,Low,
P9071,75,Female,Low,
P9072,31,Male,Low,Gold
P9073,29,Male,Medium,
P9074,29,Male,Medium,Platinum
P9075,79,Female,High,
P9076,41,Male,High,Silver
P9077,69,Female,Medium,
P9078,56,Male,Low,Gold
P9079,33,Male,Medium,Silver
P9080,71,Female,Low,
P9081,77,Male,Medium,
P9082,22,Female,Low,
P9083,59,Female,High,
P9084,49,Female,Medium,Silver
P9085,74,Male,Medium,Silver
P9086,59,Female,Medium,
P9087,21,Female,Low,
P9088,56,Male,Medium,Silver
P9089,47,Male,Medium,Silver
P9090,71,Female,High,
P9091,59,Female,Low,Silver
P9092,65,Male,Medium,Platinum
P9093,35,Male,Medium,
P9094,62,Female,Low,
P9095,73,Female,Low,
P9096,55,Female,Medium,
P9097,63,Male,Low,Platinum
P9098,73,Female,Medium,
P9099,69,Male,Low,
P9100,32,Male,Medium,Silver
P9101,53,Male,Medium,Gold
P9102,37,Male,Medium,Silver
P9103,25,Male,Medium,Gold
P9104,56,Male,Low,Silver
P9105,49,Female,Medium,
P9106,30,Male,Low,
P9107,31,Male,Medium,
P9108,61,Male,Medium,Gold
P9109,79,Male,Low,Silver
P9110,51,Male,Medium,Platinum
P9111,59,Male,High,Platinum
P9112,65,Female,Low,
P9113,26,Male,Low,
P9114,46,Female,Low,Platinum
P9115,20,Male,Low,
P9116,72,Male,High,Silver
P9117,30,Female,Medium,
P9118,54,Male,Low,
P9119,37,Male,Medium,Gold
P9120,62,Male,High,
P9121,53,Male,High,Platinum
P9122,70,Female,Low,
P9123,41,Male,Medium,Platinum
P9124,64,Female,High,Silver
P9125,48,Female,Medium,
P9126,37,Male,Medium,
P9127,58,Female,Medium,
P9128,33,Female,Medium,Silver
P9129,73,Male,Medium,
P9130,24,Male,Low,Gold
P9131,56,Male,Medium,Silver
P9132,76,Male,High,Silver
P9133,31,Male,Medium,
P9134,68,Male,Medium,
P9135,52,Female,Medium,
P9136,45,Male,Medium,Silver
P9137,41,Female,Medium,
P9138,79,Female,Medium,Silver
P9139,63,Female,Medium,Silver
P9140,76,Male,Medium,Silver
P9141,28,Female,Medium,
P9142,19,Female,Low,Silver
P9143,21,Male,Medium,Platinum
P9144,27,Female,Medium,Silver
P9145,47,Male,Low,Gold
P9146,60,Male,High,
P9147,65,Male,High,Silver
P9148,22,Male,Medium,
P9149,55,Male,Medium,
P9150,28,Male,Low,
P9151,36,Female,Medium,
P9152,57,Male,Medium,
P9153,64,Female,Low,Platinum
P9154,69,Female,High,
P9155,54,Female,Medium,
P9156,18,Female,High,Silver
P9157,51,Female,Medium,Silver
P9158,56,Female,Low,
P9159,35,Female,Low,
P9160,22,Male,Low,
P9161,61,Male,Medium,
P9162,49,Male,High,Gold
P9163,60,Female,Low,Silver
P9164,72,Female,Low,Gold
P9165,67,Female,High,
P9166,47,Male,High,Gold
P9167,73,Male,Medium,
P9168,21,Female,Medium,Silver
P9169,71,Male,Medium,Silver
P9170,75,Female,Medium,Gold
P9171,31,Male,Medium,Silver
P9172,24,Male,Medium,Silver
P9173,25,Male,Low,Platinum
P9174,40,Male,Medium,Silver
P9175,42,Male,Medium,
P9176,25,Female,Medium,
P9177,27,Female,Low,
P9178,25,Female,Medium,Silver
P9179,77,Male,Medium,
P9180,73,Male,High,Silver
P9181,59,Female,Low,
P9182,20,Male,High,Silver
P9183,55,Female,Medium,
P9184,63,Female,Medium,
P9185,68,Male,Medium,
P9186,21,Female,Low,Silver
P9187,69,Male,Low,Silver
P9188,73,Female,Medium,Gold
P9189,22,Male,Low,Platinum
P9190,63,Male,Low,
P9191,79,Male,Low,
P9192,58,Male,Low,Platinum
P9193,60,Male,Medium,Gold
P9194,68,Female,Low,
P9195,55,Male,Medium,
P9196,36,Female,High,Platinum
P9197,59,Female,High,
P9198,32,Female,Medium,
P9199,70,Male,Medium,Silver
P9200,56,Female,Medium,Silver
P9201,39,Male,Low,
P9202,49,Male,Low,Gold
P9203,53,Female,High,
P9204,78,Male,Low,
P9205,24,Male,Low,Silver
P9206,64,Female,Medium,
P9207,60,Male,Low,Gold
P9208,60,Female,High,
P9209,27,Female,Medium,
P9210,70,Male,Low,
P9211,79,Female,Medium,
P9212,67,Male,Medium,
P9213,40,Male,Medium,
P9214,55,Female,High,Silver
P9215,18,Male,Low,
P9216,35,Female,Medium,
P9217,70,Female,Low,
P9218,79,Female,Low,Platinum
P9219,31,Male,Low,
P9220,75,Female,Medium,Gold
P9221,31,Male,High,Silver
P9222,75,Male,Medium,Gold
P9223,77,Male,Medium,
P9224,27,Female,Medium,
P9225,45,Female,Medium,Silver
P9226,22,Male,High,Gold
P9227,68,Male,Medium,
P9228,55,Male,Medium,
P9229,65,Male,Medium,
P9230,78,Male,Medium,Silver
P9231,53,Male,Low,Silver
P9232,75,Female,Medium,
P9233,68,Male,Medium,
P9234,65,Male,Medium,Silver
P9235,77,Male,Medium,
P9236,49,Male,Medium,Platinum
P9237,24,Male,Low,
P9238,67,Male,Medium,Silver
P9239,43,Female,Medium,
P9240,42,Male,High,
P9241,79,Female,Low,Gold
P9242,61,Female,Low,
P9243,46,Male,Low,
P9244,23,Female,Medium,Platinum
P9245,46,Female,Low,
P9246,33,Male,Medium,Silver
P9247,50,Male,Medium,
P9248,34,Male,Medium,
P9249,44,Male,Medium,
P9250,67,Female,Medium,
P9251,44,Male,High,Silver
P9252,25,Male,Medium,Silver
P9253,36,Male,Low,
P9254,20,Female,High,
P9255,65,Male,Medium,
P9256,44,Male,High,Gold
P9257,20,Female,Medium,Gold
P9258,42,Female,High,
P9259,49,Female,Low,Silver
P9260,44,Female,Low,Gold
P9261,31,Female,Medium,Platinum
P9262,26,Male,Medium,
P9263,47,Male,High,
P9264,30,Male,High,Silver
P9265,68,Male,Low,Silver
P9266,37,Female,Medium,
P9267,78,Male,High,
P9268,34,Female,Low,Gold
P9269,48,Female,Low,Gold
P9270,42,Female,Low,Silver
P9271,53,Female,Medium,
P9272,46,Male,Medium,Silver
P9273,53,Female,High,Gold
P9274,27,Female,Medium,Silver
P9275,28,Male,High,Gold
P9276,37,Male,High,Silver
P9277,66,Male,Medium,
P9278,21,Female,Medium,Platinum
P9279,58,Male,Medium,Silver
P9280,21,Male,Low,
P9281,73,Male,Medium,
P9282,34,Female,Medium,Silver
P9283,68,Male,Medium,Gold
P9284,30,Female,Low,
P9285,27,Male,Medium,
P9286,65,Female,Low,Silver
P9287,43,Male,Medium,Silver
P9288,57,Male,Medium,
P9289,69,Female,Medium,Gold
P9290,52,Female,Medium,
P9291,56,Female,Low,
P9292,25,Male,High,
P9293,79,Male,High,
P9294,50,Male,Medium,Gold
P9295,52,Male,High,Gold
P9296,68,Female,High,Silver
P9297,46,Male,Low,
P9298,33,Male,Low,
P9299,42,Female,Medium,
P9300,78,Female,Medium,Silver
P9301,65,Female,Medium,Silver
P9302,45,Male,Low,
P9303,77,Female,Medium,
P9304,74,Male,High,Silver
P9305,23,Male,Medium,Silver
P9306,56,Male,Medium,
P9307,37,Male,Low,
P9308,48,Female,High,
P9309,63,Female,Medium,Gold
P9310,58,Female,Medium,Gold
P9311,69,Female,Medium,Gold
P9312,51,Male,High,Gold
P9313,32,Male,High,
P9314,66,Male,High,
P9315,39,Male,Medium,
P9316,52,Female,High,Gold
P9317,33,Male,High,Platinum
P9318,20,Male,Medium,Gold
P9319,64,Female,Medium,
P9320,76,Male,Medium,
P9321,58,Male,Medium,
P9322,26,Female,High,
P9323,66,Female,Medium,
P9324,77,Male,Low,
P9325,57,Male,High,
P9326,32,Female,High,Platinum
P9327,22,Male,High,
P9328,21,Male,Low,
P9329,66,Female,Medium,Gold
P9330,26,Male,Medium,
P9331,35,Female,High,Gold
P9332,61,Female,Medium,
P9333,69,Female,High,Silver
P9334,28,Male,Medium,
P9335,25,Male,Low,
P9336,56,Female,Medium,Silver
P9337,31,Female,Medium,
P9338,55,Male,Medium,
P9339,54,Male,Medium,Gold
P9340,76,Male,Medium,
P9341,74,Male,Medium,
P9342,19,Female,Medium,Gold
P9343,55,Male,Medium,Silver
P9344,59,Female,Medium,Platinum
P9345,56,Female,Medium,Silver
P9346,47,Female,High,Silver
P9347,40,Female,Low,
P9348,73,Female,Low,
P9349,58,Female,Medium,Silver
P9350,29,Male,Low,Silver
P9351,41,Male,High,Gold
P9352,26,Male,High,
P9353,66,Male,Medium,Gold
P9354,19,Male,Medium,
P9355,50,Female,Medium,Gold
P9356,67,Female,Medium,Platinum
P9357,52,Female,Medium,
P9358,43,Female,Medium,Gold
P9359,32,Female,High,Silver
P9360,37,Female,High,
P9361,23,Male,High,
P9362,20,Male,Medium,
P9363,69,Male,High,Gold
P9364,24,Female,Medium,
P9365,63,Male,Medium,
P9366,78,Male,Low,Silver
P9367,75,Male,Medium,
P9368,30,Female,Medium,
P9369,46,Male,Medium,
P9370,76,Female,Low,Silver
P9371,55,Male,Low,Silver
P9372,51,Female,Medium,
P9373,25,Female,Low,
P9374,47,Male,Medium,Silver
P9375,58,Male,Low,
P9376,59,Male,Low,
P9377,67,Female,Medium,Gold
P9378,59,Female,Medium,
P9379,19,Female,High,
P9380,27,Male,Low,Gold
P9381,68,Female,Low,
P9382,43,Female,High,
P9383,64,Female,Medium,
P9384,32,Male,Medium,
P9385,54,Female,Low,
P9386,63,Female,Medium,
P9387,64,Male,High,
P9388,46,Male,High,Gold
P9389,76,Male,Medium,Silver
P9390,73,Female,Low,Silver
P9391,33,Male,Medium,
P9392,39,Male,Low,Silver
P9393,22,Female,Medium,
P9394,78,Female,High,
P9395,70,Female,Medium,Gold
P9396,66,Male,Medium,Silver
P9397,77,Female,Low,
P9398,23,Male,High,
P9399,74,Male,Low,
P9400,25,Female,Medium,Platinum
P9401,18,Male,High,
P9402,52,Male,Medium,Gold
P9403,77,Female,High,
P9404,40,Female,Medium,Platinum
P9405,32,Male,High,
P9406,40,Male,Low,
P9407,79,Female,Medium,Gold
P9408,79,Female,Medium,
P9409,39,Female,High,Silver
P9410,32,Male,Medium,Silver
P9411,31,Female,High,Platinum
P9412,44,Female,Medium,Gold
P9413,71,Male,Low,Silver
P9414,27,Male,Medium,
P9415,37,Female,High,Silver
P9416,56,Male,Low,Gold
P9417,30,Male,High,Gold
P9418,26,Female,Low,Silver
P9419,20,Male,Medium,
P9420,62,Male,Low,
P9421,65,Male,Medium,
P9422,39,Male,Low,
P9423,67,Female,Low,
P9424,60,Female,Medium,Gold
P9425,43,Female,Low,
P9426,66,Female,Low,
P9427,22,Male,High,Silver
P9428,47,Female,High,
P9429,76,Female,Medium,Silver
P9430,20,Female,Low,
P9431,35,Male,Medium,
P9432,34,Male,Medium,
P9433,53,Male,Medium,Platinum
P9434,18,Male,Medium,
P9435,20,Female,Medium,
P9436,59,Male,Low,
P9437,65,Male,Medium,
P9438,59,Male,Low,
P9439,78,Male,Low,
P9440,28,Female,Medium,
P9441,36,Male,High,
P9442,38,Male,Medium,Silver
P9443,45,Male,Medium,
P9444,51,Male,Medium,
P9445,39,Female,Medium,Silver
P9446,60,Male,Low,
P9447,39,Male,Low,Silver
P9448,21,Female,Medium,Platinum
P9449,19,Male,High,Gold
P9450,41,Male,Medium,Silver
P9451,61,Male,Low,
P9452,78,Male,Medium,
P9453,33,Female,High,Gold
P9454,35,Female,Low,Gold
P9455,52,Female,Medium,
P9456,18,Female,Low,
P9457,48,Male,Low,
P9458,74,Female,Medium,
P9459,19,Female,High,Gold
P9460,51,Male,Low,Silver
P9461,26,Female,Low,Silver
P9462,42,Male,Medium,Platinum
P9463,63,Male,High,Platinum
P9464,75,Female,Low,
P9465,50,Male,Low,
P9466,28,Male,Medium,Gold
P9467,61,Male,Medium,Silver
P9468,61,Male,Low,
P9469,35,Female,High,
P9470,69,Female,Medium,
P9471,57,Female,Low,
P9472,38,Male,Medium,Gold
P9473,44,Female,Low,Silver
P9474,48,Male,High,Silver
P9475,42,Male,High,Platinum
P9476,30,Female,Medium,Gold
P9477,75,Male,Low,
P9478,51,Female,High,
P9479,32,Male,Medium,Gold
P9480,37,Male,Medium,Silver
P9481,28,Male,Low,Silver
P9482,57,Male,High,
P9483,79,Female,Medium,
P9484,68,Female,High,
P9485,52,Female,Low,Silver
P9486,43,Male,Medium,
P9487,22,Male,Low,
P9488,56,Female,Medium,Silver
P9489,78,Female,High,
P9490,51,Male,Medium,
P9491,25,Female,Medium,
P9492,27,Male,Medium,Platinum
P9493,27,Male,Medium,
P9494,63,Male,Low,
P9495,45,Female,High,Silver
P9496,64,Male,High,Silver
P9497,24,Male,Medium,Silver
P9498,59,Female,Medium,Silver
P9499,21,Female,Medium,Platinum
P9500,73,Female,Medium,
P9501,21,Female,Low,Silver
P9502,37,Female,Low,
P9503,40,Male,High,
P9504,29,Male,Medium,
P9505,50,Male,High,
P9506,74,Male,Medium,
P9507,22,Male,Low,
P9508,64,Female,Medium,Platinum
P9509,47,Male,High,
P9510,73,Male,Medium,
P9511,60,Male,Low,
P9512,26,Female,Medium,Silver
P9513,60,Female,Medium,Platinum
P9514,65,Female,High,
P9515,74,Male,Medium,Silver
P9516,71,Female,Medium,Silver
P9517,73,Male,Low,Platinum
P9518,39,Female,Medium,
P9519,36,Female,Low,Gold
P9520,22,Female,Medium,Platinum
P9521,45,Male,High,Gold
P9522,57,Female,Low,
P9523,56,Male,High,Silver
P9524,45,Female,Medium,Silver
P9525,62,Male,Medium,Silver
P9526,78,Male,High,
P9527,45,Male,Medium,
P9528,54,Female,Low,
P9529,24,Female,Low,
P9530,69,Male,Medium,Silver
P9531,33,Female,High,Platinum
P9532,18,Male,Medium,Platinum
P9533,70,Female,Medium,Gold
P9534,68,Male,Low,
P9535,25,Male,Medium,
P9536,53,Female,Low,
P9537,62,Male,Medium,
P9538,31,Female,Medium,
P9539,65,Female,Medium,
P9540,21,Male,Medium,Platinum
P9541,78,Male,Low,
P9542,54,Female,Medium,
P9543,41,Female,High,Gold
P9544,64,Male,Low,
P9545,49,Male,Medium,
P9546,72,Male,Medium,
P9547,49,Male,Medium,
P9548,22,Male,Medium,
P9549,61,Female,Medium,Silver
P9550,38,Male,Medium,Silver
P9551,24,Female,Medium,
P9552,42,Female,Low,
P9553,77,Female,Medium,
P9554,20,Male,Medium,
P9555,59,Male,Low,Silver
P9556,66,Female,Low,
P9557,61,Male,Medium,
P9558,51,Female,Medium,
P9559,20,Female,Low,
P9560,19,Female,Medium,
P9561,37,Female,Medium,Platinum
P9562,52,Male,Low,Gold
P9563,26,Female,Medium,
P9564,27,Male,Medium,Silver
P9565,75,Female,Low,Platinum
P9566,64,Female,Low,
P9567,77,Female,High,
P9568,43,Female,Medium,
P9569,72,Male,Low,Gold
P9570,70,Male,Medium,
P9571,35,Male,Medium,Silver
P9572,76,Male,High,Silver
P9573,54,Male,Low,Gold
P9574,39,Male,High,
P9575,28,Male,Low,Silver
P9576,65,Male,Medium,
P9577,22,Female,Medium,Silver
P9578,66,Male,High,
P9579,52,Female,Low,Silver
P9580,23,Male,Medium,
P9581,29,Male,High,Platinum
P9582,55,Male,High,
P9583,45,Male,High,
P9584,58,Male,Medium,Silver
P9585,61,Female,Low,Silver
P9586,26,Male,Low,Silver
P9587,76,Male,Low,Silver
P9588,25,Male,Medium,
P9589,34,Male,Low,
P9590,55,Male,Medium,
P9591,23,Female,Medium,
P9592,19,Male,Low,Silver
P9593,56,Male,Low,Silver
P9594,31,Male,Low,Gold
P9595,47,Female,High,
P9596,22,Female,Medium,
P9597,61,Male,High,Silver
P9598,68,Female,High,
P9599,53,Female,Medium,
P9600,74,Female,High,
P9601,45,Male,Medium,
P9602,46,Male,Medium,Platinum
P9603,78,Female,Low,
P9604,76,Male,High,
P9605,24,Male,Medium,
P9606,45,Female,Low,Gold
P9607,42,Male,Low,Silver
P9608,39,Male,Medium,Gold
P9609,45,Female,Low,
P9610,67,Female,Medium,Platinum
P9611,42,Female,Medium,
P9612,74,Male,High,Silver
P9613,29,Male,Medium,Silver
P9614,72,Female,Low,Platinum
P9615,59,Female,Low,Silver
P9616,65,Male,Medium,
P9617,43,Female,Low,Gold
P9618,79,Female,Medium,Silver
P9619,75,Female,High,Gold
P9620,63,Female,Medium,Silver
P9621,74,Female,High,
P9622,19,Male,Medium,
P9623,32,Female,High,
P9624,66,Male,Low,Platinum
P9625,79,Female,Medium,Silver
P9626,20,Male,Low,Gold
P9627,45,Female,Medium,
P9628,75,Female,Medium,Gold
P9629,49,Male,Low,Silver
P9630,33,Female,Medium,
P9631,73,Female,Low,Platinum
P9632,45,Male,High,Silver
P9633,72,Female,Medium,
P9634,53,Female,Medium,Platinum
P9635,23,Female,Medium,
P9636,37,Male,Medium,Gold
P9637,61,Female,High,Silver
P9638,31,Male,Low,
P9639,79,Female,Medium,
P9640,24,Female,Medium,Platinum
P9641,23,Male,Medium,
P9642,58,Female,Low,Platinum
P9643,54,Female,Medium,
P9644,47,Female,Medium,
P9645,65,Male,Low,Gold
P9646,70,Female,High,
P9647,46,Female,High,
P9648,41,Female,Medium,
P9649,41,Male,Medium,
P9650,57,Female,Low,Gold
P9651,74,Female,Medium,Silver
P9652,51,Female,Low,Gold
P9653,63,Female,Low,
P9654,77,Male,High,Silver
P9655,18,Female,Medium,Gold
P9656,59,Male,Medium,Silver
P9657,57,Female,Medium,Silver
P9658,48,Female,Medium,Platinum
P9659,60,Female,Medium,Gold
P9660,61,Male,Medium,
P9661,62,Female,Medium,Silver
P9662,40,Female,Low,Silver
P9663,75,Male,Medium,Silver
P9664,72,Female,Low,
P9665,74,Male,High,Gold
P9666,36,Male,Medium,
P9667,39,Male,Medium,
P9668,70,Male,High,
P9669,70,Male,Low,Gold
P9670,63,Male,Medium,
P9671,25,Male,Medium,
P9672,46,Female,Medium,Platinum
P9673,30,Male,High,Gold
P9674,33,Male,Medium,Silver
P9675,20,Male,Medium,
P9676,67,Male,High,Silver
P9677,19,Male,High,Silver
P9678,22,Male,Medium,
P9679,64,Male,Low,
P9680,18,Male,Medium,
P9681,43,Male,Low,
P9682,66,Female,High,
P9683,23,Female,Medium,Gold
P9684,58,Female,Medium,Gold
P9685,30,Male,Low,
P9686,50,Female,Medium,Platinum
P9687,71,Male,Low,
P9688,40,Female,Medium,Silver
P9689,42,Male,Low,Platinum
P9690,76,Male,Medium,
P9691,76,Female,Medium,
P9692,42,Male,Low,
P9693,29,Female,High,Platinum
P9694,29,Female,Low,Silver
P9695,69,Female,Medium,
P9696,48,Male,High,
P9697,21,Male,Low,Silver
P9698,60,Male,Medium,
P9699,69,Male,Medium,
P9700,37,Male,Low,Gold
P9701,76,Male,High,Platinum
P9702,65,Female,Medium,Silver
P9703,64,Male,High,
P9704,47,Male,Medium,
P9705,38,Male,Medium,
P9706,63,Male,High,Silver
P9707,76,Male,Medium,
P9708,46,Male,Medium,
P9709,36,Male,High,Silver
P9710,43,Male,Medium,
P9711,72,Female,Medium,Gold
P9712,76,Female,Medium,
P9713,36,Male,High,
P9714,34,Female,Medium,
P9715,59,Male,Medium,Gold
P9716,73,Female,Low,
P9717,20,Male,Low,Platinum
P9718,46,Male,Medium,Platinum
P9719,55,Male,Medium,
P9720,44,Male,High,Silver
P9721,72,Female,Medium,Silver
P9722,32,Female,Medium,
P9723,61,Male,Medium,Silver
P9724,65,Female,High,
P9725,58,Male,Medium,
P9726,56,Female,Medium,
P9727,20,Male,Low,Gold
P9728,22,Male,Low,Gold
P9729,67,Female,Medium,Silver
P9730,44,Male,Low,
P9731,67,Female,Low,Silver
P9732,27,Male,Low,
P9733,43,Male,Low,Silver
P9734,38,Male,Low,Gold
P9735,42,Female,Medium,
P9736,24,Female,Low,Silver
P9737,64,Female,Medium,Silver
P9738,24,Male,Low,Silver
P9739,65,Female,Medium,Platinum
P9740,73,Male,Low,
P9741,60,Male,Medium,Gold
P9742,57,Female,Low,Platinum
P9743,21,Female,Low,Silver
P9744,46,Female,Medium,
P9745,69,Female,Medium,Silver
P9746,78,Male,Low,
P9747,70,Male,Low,Gold
P9748,38,Female,Medium,Silver
P9749,31,Male,Medium,
P9750,22,Female,Medium,
P9751,76,Female,Medium,
P9752,70,Female,Medium,Gold
P9753,79,Female,Medium,
P9754,36,Male,High,Gold
P9755,74,Male,Medium,
P9756,32,Male,High,
P9757,27,Female,Medium,Silver
P9758,69,Male,High,
P9759,46,Male,Medium,
P9760,34,Male,Low,Gold
P9761,20,Male,Low,
P9762,62,Male,Medium,Silver
P9763,38,Male,Low,Silver
P9764,22,Male,High,Gold
P9765,22,Male,Medium,
P9766,43,Male,Medium,Gold
P9767,52,Female,Low,Silver
P9768,72,Male,Low,
P9769,62,Male,Medium,
P9770,22,Female,Medium,
P9771,68,Female,High,Silver
P9772,36,Male,Medium,
P9773,49,Female,Medium,Platinum
P9774,23,Female,Medium,Gold
P9775,64,Male,Low,Silver
P9776,75,Male,Medium,
P9777,61,Female,Low,
P9778,64,Female,Low,
P9779,77,Male,Low,
P9780,46,Male,Low,
P9781,46,Male,Medium,
P9782,66,Male,Low,
P9783,31,Female,Low,
P9784,19,Female,Low,Gold
P9785,43,Female,Medium,Platinum
P9786,19,Male,Medium,Silver
P9787,19,Female,Low,Gold
P9788,38,Male,Medium,
P9789,74,Female,High,Silver
P9790,40,Female,High,
P9791,68,Female,Medium,
P9792,42,Male,Low,
P9793,41,Male,Medium,Silver
P9794,59,Female,Medium,Gold
P9795,50,Female,Medium,
P9796,37,Male,Medium,Silver
P9797,46,Female,High,Platinum
P9798,61,Female,Medium,
P9799,71,Female,High,
P9800,25,Female,Low,Silver
P9801,63,Male,Medium,Gold
P9802,48,Male,Low,Gold
P9803,75,Male,High,
P9804,58,Female,Medium,
P9805,28,Male,Medium,Gold
P9806,60,Female,Low,
P9807,19,Female,Medium,Silver
P9808,40,Male,Medium,
P9809,72,Female,Low,
P9810,45,Female,Low,Platinum
P9811,41,Female,High,
P9812,71,Male,Medium,Silver
P9813,36,Male,Medium,Silver
P9814,65,Male,Low,Gold
P9815,34,Female,Medium,Gold
P9816,26,Male,High,Silver
P9817,78,Male,Medium,Platinum
P9818,22,Female,Medium,Silver
P9819,37,Female,Medium,
P9820,66,Male,High,Gold
P9821,40,Female,Medium,
P9822,33,Male,Medium,
P9823,34,Male,Low,Platinum
P9824,43,Female,Low,Platinum
P9825,55,Male,Low,Silver
P9826,76,Female,High,
P9827,33,Female,High,
P9828,23,Female,High,Silver
P9829,42,Female,Low,Gold
P9830,24,Female,Low,Gold
P9831,51,Female,High,
P9832,49,Male,Medium,Platinum
P9833,74,Male,Low,
P9834,71,Male,Medium,
P9835,52,Male,Medium,Platinum
P9836,63,Female,Medium,
P9837,24,Male,Medium,Silver
P9838,26,Male,Medium,
P9839,40,Male,Low,Silver
P9840,45,Male,Low,Platinum
P9841,29,Female,Medium,
P9842,20,Female,Low,Silver
P9843,52,Male,Medium,Gold
P9844,60,Female,Low,
P9845,32,Male,Low,
P9846,37,Female,Low,
P9847,45,Male,Low,Gold
P9848,74,Male,Low,
P9849,31,Female,Medium,
P9850,57,Male,Medium,
P9851,36,Male,Low,
P9852,66,Male,High,Silver
P9853,29,Female,High,
P9854,20,Female,Low,Silver
P9855,77,Female,Medium,
P9856,18,Female,Medium,
P9857,62,Male,Medium,Silver
P9858,54,Female,Low,Gold
P9859,35,Male,Medium,Platinum
P9860,55,Male,Medium,
P9861,53,Female,Low,
P9862,39,Male,Medium,
P9863,18,Male,Low,Gold
P9864,18,Female,Low,
P9865,22,Male,Medium,
P9866,44,Female,Medium,Platinum
P9867,44,Female,Medium,
P9868,36,Male,Low,
P9869,64,Male,Medium,
P9870,66,Male,Medium,
P9871,42,Male,Medium,Silver
P9872,60,Male,Medium,
P9873,40,Female,Medium,
P9874,57,Female,High,
P9875,25,Female,Medium,Silver
P9876,71,Male,Low,Silver
P9877,40,Male,Medium,
P9878,77,Female,Low,Silver
P9879,44,Male,Low,Silver
P9880,58,Male,Medium,
P9881,61,Female,High,Silver
P9882,34,Male,Medium,Gold
P9883,30,Female,Medium,
P9884,40,Female,Medium,Silver
P9885,66,Male,Low,Gold
P9886,67,Male,Medium,Gold
P9887,41,Male,Medium,
P9888,56,Female,Low,Platinum
P9889,55,Female,Medium,
P9890,38,Male,Low,Gold
P9891,23,Male,High,
P9892,24,Male,Medium,
P9893,70,Male,High,
P9894,42,Male,Low,
P9895,72,Female,Low,Gold
P9896,33,Female,Medium,Silver
P9897,29,Male,High,
P9898,57,Male,Low,
P9899,74,Male,Low,Silver
P9900,55,Female,Low,
P9901,55,Male,Medium,
P9902,44,Female,Medium,Silver
P9903,53,Female,High,
P9904,19,Male,High,
P9905,33,Female,Medium,
P9906,27,Male,Medium,Silver
P9907,50,Female,Medium,Gold
P9908,70,Male,Medium,Gold
P9909,30,Male,Medium,Silver
P9910,62,Male,Medium,Silver
P9911,32,Female,High,Silver
P9912,75,Female,Medium,
P9913,43,Female,Low,Silver
P9914,53,Female,Medium,Gold
P9915,18,Male,Low,
P9916,19,Male,High,Silver
P9917,51,Male,Medium,
P9918,42,Male,Medium,
P9919,45,Male,Medium,Silver
P9920,78,Male,Low,Silver
P9921,68,Male,Medium,Gold
P9922,61,Female,Low,Silver
P9923,67,Male,Low,Platinum
P9924,31,Male,High,Platinum
P9925,68,Female,High,Silver
P9926,44,Male,High,Gold
P9927,57,Female,Low,Gold
P9928,79,Male,Low,
P9929,60,Female,Medium,
P9930,18,Female,High,Gold
P9931,38,Male,Medium,Silver
P9932,33,Male,Medium,
P9933,40,Female,Medium,Platinum
P9934,46,Female,Low,
P9935,46,Male,Low,Silver
P9936,21,Male,High,
P9937,79,Male,Low,Gold
P9938,30,Male,Low,
P9939,58,Female,Medium,
P9940,22,Female,Medium,
P9941,56,Male,Medium,
P9942,76,Female,Low,Platinum
P9943,37,Female,Medium,
P9944,78,Female,Medium,
P9945,19,Male,Medium,
P9946,21,Female,Medium,Silver
P9947,56,Female,High,Silver
P9948,45,Female,Medium,Silver
P9949,38,Female,Low,
P9950,71,Male,Low,Silver
P9951,77,Male,Low,Gold
P9952,41,Male,High,Silver
P9953,49,Male,Low,
P9954,67,Female,Medium,Silver
P9955,36,Male,Low,Gold
P9956,61,Female,Low,
P9957,61,Female,Low,
P9958,21,Male,High,Silver
P9959,28,Male,High,Silver
P9960,44,Male,Medium,
P9961,61,Male,Medium,Platinum
P9962,50,Male,Medium,
P9963,64,Male,Medium,
P9964,38,Male,Low,Silver
P9965,29,Female,Low,Silver
P9966,53,Male,Medium,
P9967,38,Male,High,
P9968,38,Female,Medium,
P9969,37,Female,High,Silver
P9970,62,Female,Medium,
P9971,65,Male,High,Gold
P9972,75,Female,Low,Silver
P9973,62,Male,Low,
P9974,57,Male,Medium,Silver
P9975,18,Male,Low,
P9976,31,Male,High,
P9977,40,Male,Medium,
P9978,50,Female,Medium,Platinum
P9979,76,Male,Low,Platinum
P9980,57,Male,High,Silver
P9981,69,Female,Low,
P9982,32,Female,Medium,Silver
P9983,74,Female,Medium,
P9984,29,Female,Medium,
P9985,60,Female,High,Silver
P9986,50,Female,Low,Gold
P9987,68,Male,Medium,
P9988,25,Male,Low,
P9989,23,Male,Low,Platinum
P9990,67,Female,Medium,Gold
P9991,46,Male,Medium,
P9992,61,Male,Medium,Gold
P9993,72,Female,Medium,
P9994,37,Male,High,
P9995,47,Male,Medium,Silver
P9996,34,Male,Low,
P9997,49,Male,Medium,
P9998,58,Male,High,
P9999,49,Male,Low,Gold
P10000,68,Female,Medium,
