Flight_ID,Airline,Departure_Airport,Arrival_Airport,Departure_Time,Departure_Date,Departure_Hour,Flight_Duration_Minutes,Flight_Status,Distance_Miles,Delay_Minutes,Weather_Impact
F68,Southwest,JFK,ATL,2024-03-27 06:22:00,2024-03-27,06:22:00,161,On-time,803,0,1
F1687,Southwest,JFK,DFW,2024-12-28 09:18:00,2024-12-28,09:18:00,130,On-time,1605,2,0
F1745,United,ORD,ORD,2024-05-23 23:28:00,2024-05-23,23:28:00,169,On-time,908,0,0
F1514,Delta,SEA,ORD,2023-10-31 08:09:00,2023-10-31,08:09:00,227,On-time,63,9,1
F1753,Southwest,LAX,JFK,2025-01-17 22:21:00,2025-01-17,22:21:00,150,On-time,628,3,0
F1928,Delta,SFO,LAX,2025-02-15 01:17:00,2025-02-15,01:17:00,155,On-time,1409,11,0
F532,Delta,ATL,SEA,2024-10-30 14:20:00,2024-10-30,14:20:00,170,On-time,794,17,0
F857,Delta,DFW,LAX,2023-11-12 13:05:00,2023-11-12,13:05:00,82,On-time,1273,11,0
F16,American Airlines,ATL,SEA,2023-11-16 00:44:00,2023-11-16,00:44:00,191,On-time,1196,16,0
F473,United,DEN,JFK,2025-04-18 01:27:00,2025-04-18,01:27:00,201,On-time,1115,1,1
F960,United,SEA,SFO,2024-04-29 10:38:00,2024-04-29,10:38:00,245,On-time,818,4,0
F170,JetBlue,DFW,ATL,2023-06-20 14:41:00,2023-06-20,14:41:00,101,On-time,1148,7,0
F1171,American Airlines,DFW,ORD,2024-02-28 01:57:00,2024-02-28,01:57:00,108,Delayed,1167,13,0
F1788,United,DEN,JFK,2024-09-18 07:37:00,2024-09-18,07:37:00,237,On-time,1544,3,0
F377,Southwest,JFK,DEN,2024-05-13 12:05:00,2024-05-13,12:05:00,188,On-time,596,8,0
F484,Southwest,SEA,SEA,2023-05-12 20:15:00,2023-05-12,20:15:00,228,On-time,1256,3,0
F1631,JetBlue,DFW,ORD,2023-10-19 19:34:00,2023-10-19,19:34:00,85,On-time,1012,11,0
F478,JetBlue,DFW,SFO,2024-01-26 01:03:00,2024-01-26,01:03:00,167,Delayed,1240,4,0
F362,JetBlue,ATL,JFK,2024-09-19 00:55:00,2024-09-19,00:55:00,83,On-time,1387,2,0
F1143,Southwest,ATL,LAX,2023-11-16 21:04:00,2023-11-16,21:04:00,248,On-time,1004,4,0
F39,Delta,ORD,DEN,2023-08-24 21:38:00,2023-08-24,21:38:00,229,On-time,1278,9,1
F1663,American Airlines,SFO,SEA,2025-02-11 07:57:00,2025-02-11,07:57:00,87,On-time,902,3,0
F290,JetBlue,LAX,SEA,2023-05-25 00:18:00,2023-05-25,00:18:00,256,Cancelled,1328,16,0
F888,JetBlue,ORD,JFK,2023-08-06 21:18:00,2023-08-06,21:18:00,238,On-time,959,6,0
F1447,United,ORD,LAX,2024-05-26 10:14:00,2024-05-26,10:14:00,138,On-time,1397,6,0
F47,Delta,ATL,LAX,2025-02-06 21:23:00,2025-02-06,21:23:00,117,On-time,1059,14,0
F556,United,SEA,SEA,2023-06-30 13:32:00,2023-06-30,13:32:00,169,On-time,1403,7,0
F427,American Airlines,SFO,DFW,2025-01-13 20:17:00,2025-01-13,20:17:00,192,On-time,1096,2,1
F939,American Airlines,DEN,LAX,2023-06-06 21:53:00,2023-06-06,21:53:00,145,On-time,1272,11,0
F922,Southwest,ORD,ATL,2023-12-11 09:10:00,2023-12-11,09:10:00,100,Cancelled,1615,7,0
F127,JetBlue,DEN,JFK,2024-03-20 19:22:00,2024-03-20,19:22:00,224,On-time,875,2,0
F602,United,SFO,LAX,2024-09-19 07:53:00,2024-09-19,07:53:00,241,Delayed,1188,0,0
F186,American Airlines,LAX,ATL,2023-07-06 20:34:00,2023-07-06,20:34:00,115,On-time,1622,14,1
F699,American Airlines,ORD,SFO,2024-01-09 11:27:00,2024-01-09,11:27:00,146,On-time,1435,0,0
F215,Delta,LAX,DFW,2024-01-30 02:16:00,2024-01-30,02:16:00,218,On-time,2558,7,0
F1221,American Airlines,DFW,JFK,2023-08-18 11:53:00,2023-08-18,11:53:00,262,Cancelled,1198,8,0
F117,American Airlines,DFW,SFO,2023-08-14 12:46:00,2023-08-14,12:46:00,187,On-time,986,16,0
F807,JetBlue,ATL,LAX,2024-06-25 08:10:00,2024-06-25,08:10:00,291,On-time,1030,3,0
F657,Delta,ATL,LAX,2024-10-16 09:50:00,2024-10-16,09:50:00,92,On-time,1231,0,0
F1353,American Airlines,JFK,ATL,2023-11-15 21:25:00,2023-11-15,21:25:00,182,Delayed,938,13,0
F1179,Delta,LAX,DEN,2023-11-14 06:00:00,2023-11-14,06:00:00,92,On-time,1458,0,1
F1036,Southwest,DFW,ATL,2025-04-18 01:08:00,2025-04-18,01:08:00,179,On-time,925,28,0
F229,American Airlines,SFO,SEA,2023-12-13 06:55:00,2023-12-13,06:55:00,218,On-time,1241,14,0
F1553,JetBlue,ORD,DEN,2024-03-31 08:11:00,2024-03-31,08:11:00,158,On-time,1134,8,0
F1759,JetBlue,LAX,ORD,2023-08-28 02:18:00,2023-08-28,02:18:00,165,On-time,1479,9,0
F726,JetBlue,JFK,DFW,2025-01-20 05:45:00,2025-01-20,05:45:00,89,Cancelled,1096,1,0
F121,Southwest,DEN,SFO,2025-01-16 00:19:00,2025-01-16,00:19:00,261,Delayed,1301,6,0
F1441,JetBlue,JFK,DEN,2023-06-05 23:34:00,2023-06-05,23:34:00,145,On-time,1441,26,0
F1698,JetBlue,DEN,JFK,2023-05-23 17:58:00,2023-05-23,17:58:00,268,On-time,1286,11,0
F1577,JetBlue,SEA,LAX,2025-02-09 16:35:00,2025-02-09,16:35:00,193,On-time,1204,8,0
F670,JetBlue,JFK,JFK,2024-02-07 02:13:00,2024-02-07,02:13:00,29,On-time,703,2,1
F1540,Southwest,ATL,ATL,2023-10-11 12:39:00,2023-10-11,12:39:00,173,On-time,1071,5,1
F1222,Southwest,DFW,SFO,2024-05-16 12:49:00,2024-05-16,12:49:00,59,Delayed,898,18,1
F1537,United,DFW,DEN,2024-11-18 12:59:00,2024-11-18,12:59:00,77,On-time,1149,15,0
F1982,United,ORD,ATL,2023-06-28 10:28:00,2023-06-28,10:28:00,115,On-time,1188,12,0
F1995,United,ATL,DEN,2024-09-10 08:04:00,2024-09-10,08:04:00,261,On-time,1143,3,0
F571,United,SFO,ORD,2024-01-12 19:55:00,2024-01-12,19:55:00,157,On-time,974,2,0
F1972,Delta,JFK,DFW,2025-02-01 03:06:00,2025-02-01,03:06:00,233,On-time,1440,8,0
F959,JetBlue,SEA,LAX,2023-10-01 19:16:00,2023-10-01,19:16:00,180,Delayed,1101,51,0
F237,JetBlue,DEN,ATL,2025-04-10 04:15:00,2025-04-10,04:15:00,216,On-time,803,5,0
F1,United,DFW,SEA,2024-02-17 13:14:00,2024-02-17,13:14:00,168,On-time,1388,56,0
F444,United,ATL,LAX,2023-11-13 03:11:00,2023-11-13,03:11:00,275,On-time,1242,1,0
F1874,American Airlines,LAX,DEN,2023-07-12 07:10:00,2023-07-12,07:10:00,181,On-time,1097,4,0
F109,Southwest,LAX,JFK,2024-02-19 18:47:00,2024-02-19,18:47:00,148,On-time,1452,22,0
F530,American Airlines,DFW,ORD,2024-12-01 02:09:00,2024-12-01,02:09:00,93,Delayed,1698,2,0
F1668,Southwest,LAX,DEN,2023-06-01 07:19:00,2023-06-01,07:19:00,147,On-time,1589,6,0
F751,American Airlines,SEA,ORD,2023-10-02 13:56:00,2023-10-02,13:56:00,98,On-time,1058,9,0
F1731,American Airlines,SEA,DFW,2023-09-30 21:20:00,2023-09-30,21:20:00,274,Delayed,1483,5,1
F1956,Southwest,SEA,DFW,2023-12-19 05:14:00,2023-12-19,05:14:00,182,Delayed,1298,8,0
F899,JetBlue,LAX,DFW,2023-09-09 10:02:00,2023-09-09,10:02:00,229,On-time,595,19,0
F1648,Delta,DEN,ATL,2024-04-14 18:13:00,2024-04-14,18:13:00,205,On-time,1572,11,0
F771,Delta,DFW,DFW,2024-11-13 20:10:00,2024-11-13,20:10:00,282,On-time,1074,7,0
F826,JetBlue,ATL,SEA,2024-04-11 04:24:00,2024-04-11,04:24:00,230,On-time,1585,3,0
F1892,JetBlue,ATL,DEN,2023-08-26 15:03:00,2023-08-26,15:03:00,174,On-time,1263,0,0
F1831,American Airlines,ORD,DFW,2023-05-06 20:07:00,2023-05-06,20:07:00,198,On-time,1022,10,0
F1272,Southwest,ORD,DEN,2025-03-14 20:19:00,2025-03-14,20:19:00,176,On-time,859,8,0
F1993,American Airlines,ATL,ORD,2024-05-06 07:46:00,2024-05-06,07:46:00,173,On-time,950,11,0
F1742,Southwest,JFK,SEA,2023-12-20 12:20:00,2023-12-20,12:20:00,153,On-time,1061,3,1
F1367,Delta,LAX,DEN,2024-06-25 04:17:00,2024-06-25,04:17:00,167,On-time,1178,24,0
F740,American Airlines,DEN,DEN,2024-04-12 04:12:00,2024-04-12,04:12:00,201,On-time,1042,22,1
F36,United,DFW,DFW,2024-12-01 06:57:00,2024-12-01,06:57:00,193,On-time,1434,4,0
F1141,United,JFK,ATL,2024-03-18 03:44:00,2024-03-18,03:44:00,256,On-time,895,7,1
F582,American Airlines,ORD,LAX,2024-09-23 20:10:00,2024-09-23,20:10:00,227,On-time,1566,8,0
F660,Delta,ATL,DFW,2024-11-01 18:01:00,2024-11-01,18:01:00,172,On-time,749,4,0
F832,United,SFO,DFW,2025-01-30 14:45:00,2025-01-30,14:45:00,243,On-time,611,16,0
F1776,Southwest,LAX,LAX,2023-11-24 02:48:00,2023-11-24,02:48:00,175,Delayed,1262,23,0
F495,American Airlines,JFK,DEN,2023-06-21 13:52:00,2023-06-21,13:52:00,145,Delayed,1093,5,0
F405,United,ORD,SEA,2024-08-23 02:59:00,2024-08-23,02:59:00,200,On-time,1180,0,0
F60,Southwest,ORD,SFO,2024-06-10 10:46:00,2024-06-10,10:46:00,160,Cancelled,1101,4,1
F1659,Southwest,DFW,DFW,2023-12-17 10:50:00,2023-12-17,10:50:00,121,On-time,836,1,0
F589,JetBlue,DFW,LAX,2024-03-18 22:45:00,2024-03-18,22:45:00,197,On-time,999,32,0
F116,United,SFO,JFK,2023-10-01 13:07:00,2023-10-01,13:07:00,249,On-time,1468,4,0
F159,Delta,ORD,SEA,2024-05-12 05:39:00,2024-05-12,05:39:00,250,Delayed,1436,2,0
F1291,JetBlue,ATL,ATL,2023-05-04 14:50:00,2023-05-04,14:50:00,254,On-time,1216,7,0
F1829,Southwest,LAX,DEN,2023-10-11 22:09:00,2023-10-11,22:09:00,111,Delayed,921,23,0
F561,JetBlue,LAX,LAX,2024-11-07 22:46:00,2024-11-07,22:46:00,158,Cancelled,1275,15,0
F1104,American Airlines,SFO,ORD,2025-03-24 07:35:00,2025-03-24,07:35:00,209,Delayed,1142,5,1
F619,American Airlines,DEN,DEN,2023-07-06 05:31:00,2023-07-06,05:31:00,131,On-time,1361,47,0
F146,Southwest,SEA,SEA,2023-05-15 01:27:00,2023-05-15,01:27:00,221,On-time,889,10,0
F1655,American Airlines,DEN,JFK,2024-08-02 17:46:00,2024-08-02,17:46:00,215,On-time,1439,22,0
F542,Delta,SFO,SFO,2023-09-17 07:54:00,2023-09-17,07:54:00,194,On-time,877,1,0
F1320,Delta,DEN,SEA,2024-04-03 17:13:00,2024-04-03,17:13:00,244,On-time,1305,1,0
F866,Southwest,DFW,DFW,2024-11-10 04:44:00,2024-11-10,04:44:00,205,On-time,1827,5,0
F292,Southwest,ATL,JFK,2025-04-04 15:26:00,2025-04-04,15:26:00,161,On-time,1390,1,0
F1328,American Airlines,LAX,ORD,2024-02-22 20:02:00,2024-02-22,20:02:00,104,On-time,901,4,0
F910,American Airlines,ATL,DEN,2024-07-27 12:19:00,2024-07-27,12:19:00,157,Delayed,1073,1,0
F15,American Airlines,DEN,ORD,2023-10-27 12:24:00,2023-10-27,12:24:00,202,On-time,1303,15,0
F249,United,DEN,DFW,2023-09-09 23:52:00,2023-09-09,23:52:00,131,On-time,1592,1,0
F967,United,SFO,JFK,2024-10-12 21:37:00,2024-10-12,21:37:00,105,On-time,1518,10,1
F894,Southwest,SFO,ATL,2024-03-08 01:25:00,2024-03-08,01:25:00,242,On-time,950,3,0
F1596,Delta,ATL,DEN,2025-03-14 14:00:00,2025-03-14,14:00:00,133,Cancelled,925,7,0
F1029,JetBlue,SEA,SEA,2024-04-26 02:25:00,2024-04-26,02:25:00,261,On-time,1094,6,0
F590,JetBlue,JFK,SFO,2024-07-07 02:14:00,2024-07-07,02:14:00,146,On-time,1255,5,0
F1014,American Airlines,LAX,DFW,2023-05-26 10:35:00,2023-05-26,10:35:00,156,On-time,1107,3,0
F472,Delta,SFO,ATL,2023-11-16 03:31:00,2023-11-16,03:31:00,145,Delayed,979,0,0
F1697,American Airlines,JFK,SEA,2023-12-07 12:28:00,2023-12-07,12:28:00,204,Delayed,985,9,0
F1043,United,SEA,LAX,2023-12-28 10:40:00,2023-12-28,10:40:00,155,On-time,832,2,1
F1965,American Airlines,DFW,LAX,2024-11-26 21:32:00,2024-11-26,21:32:00,237,On-time,1775,6,1
F1475,United,ATL,ORD,2024-04-29 05:54:00,2024-04-29,05:54:00,140,On-time,1306,6,0
F1349,United,SEA,ORD,2023-07-31 01:34:00,2023-07-31,01:34:00,117,On-time,1450,3,0
F539,American Airlines,DFW,DEN,2024-10-27 11:28:00,2024-10-27,11:28:00,252,On-time,1480,1,0
F1332,Southwest,LAX,SEA,2023-12-05 10:17:00,2023-12-05,10:17:00,208,Cancelled,1130,12,0
F940,American Airlines,JFK,SEA,2024-06-22 04:31:00,2024-06-22,04:31:00,264,Delayed,1103,5,0
F913,United,ATL,ATL,2025-04-11 17:28:00,2025-04-11,17:28:00,94,On-time,1395,22,0
F1539,American Airlines,SEA,ORD,2024-02-16 15:15:00,2024-02-16,15:15:00,200,On-time,1294,7,0
F1437,JetBlue,SFO,ORD,2023-07-19 21:38:00,2023-07-19,21:38:00,164,On-time,1125,0,0
F345,JetBlue,SFO,LAX,2024-04-03 23:05:00,2024-04-03,23:05:00,189,On-time,837,11,0
F349,JetBlue,LAX,LAX,2023-05-11 17:08:00,2023-05-11,17:08:00,191,On-time,1288,6,1
F747,United,JFK,SFO,2023-07-08 15:21:00,2023-07-08,15:21:00,255,On-time,1044,1,0
F1572,American Airlines,LAX,SFO,2024-12-26 00:15:00,2024-12-26,00:15:00,132,On-time,935,13,0
F33,Delta,ORD,SFO,2024-07-19 18:07:00,2024-07-19,18:07:00,168,On-time,1251,8,1
F1202,JetBlue,DFW,ORD,2024-01-28 10:20:00,2024-01-28,10:20:00,143,On-time,1496,27,0
F1672,Southwest,DEN,SFO,2025-04-11 15:06:00,2025-04-11,15:06:00,188,On-time,1352,12,0
F101,JetBlue,ORD,DFW,2023-05-21 20:12:00,2023-05-21,20:12:00,152,On-time,1072,19,0
F1632,Southwest,ATL,ATL,2023-12-09 20:31:00,2023-12-09,20:31:00,172,On-time,1369,37,0
F367,Delta,DFW,SEA,2023-06-28 15:51:00,2023-06-28,15:51:00,252,On-time,615,3,0
F467,Southwest,ATL,DEN,2024-05-12 00:28:00,2024-05-12,00:28:00,145,Delayed,1025,18,0
F1873,JetBlue,DFW,LAX,2024-11-04 05:44:00,2024-11-04,05:44:00,181,On-time,1249,6,0
F1775,United,ORD,ATL,2024-07-19 14:07:00,2024-07-19,14:07:00,204,On-time,1568,4,0
F1924,JetBlue,LAX,ORD,2024-06-06 13:14:00,2024-06-06,13:14:00,319,On-time,1294,3,0
F1557,United,SEA,DFW,2023-10-03 09:15:00,2023-10-03,09:15:00,225,On-time,1136,13,1
F1675,JetBlue,ATL,DFW,2023-11-12 11:19:00,2023-11-12,11:19:00,203,On-time,1780,7,1
F1414,Delta,DFW,JFK,2024-02-26 08:20:00,2024-02-26,08:20:00,181,Cancelled,725,19,0
F56,American Airlines,ATL,ORD,2024-06-06 18:03:00,2024-06-06,18:03:00,172,On-time,1488,11,0
F437,Southwest,LAX,DFW,2023-09-22 02:27:00,2023-09-22,02:27:00,283,On-time,1529,7,1
F782,American Airlines,DFW,LAX,2024-12-04 11:48:00,2024-12-04,11:48:00,178,On-time,1387,1,0
F1880,Southwest,JFK,SFO,2024-02-22 13:48:00,2024-02-22,13:48:00,197,On-time,1491,5,0
F1236,American Airlines,ATL,SEA,2024-07-05 00:20:00,2024-07-05,00:20:00,160,On-time,1302,3,0
F1015,American Airlines,LAX,SFO,2024-06-13 07:10:00,2024-06-13,07:10:00,132,On-time,968,13,0
F1695,Southwest,ATL,ORD,2024-04-20 21:25:00,2024-04-20,21:25:00,205,On-time,1029,0,0
F1166,American Airlines,ORD,JFK,2025-03-17 12:41:00,2025-03-17,12:41:00,223,Delayed,1326,12,0
F1027,American Airlines,ORD,LAX,2025-04-15 21:43:00,2025-04-15,21:43:00,169,On-time,777,4,0
F43,United,LAX,DFW,2024-05-15 08:06:00,2024-05-15,08:06:00,167,On-time,1222,1,0
F1017,American Airlines,SFO,LAX,2024-05-30 14:31:00,2024-05-30,14:31:00,127,On-time,1027,16,0
F1990,American Airlines,DEN,DFW,2023-09-21 09:17:00,2023-09-21,09:17:00,224,Delayed,1126,5,0
F1336,Southwest,ORD,DEN,2024-09-04 11:42:00,2024-09-04,11:42:00,442,On-time,1470,17,0
F1555,Delta,SEA,JFK,2025-01-31 00:06:00,2025-01-31,00:06:00,38,On-time,907,14,0
F1492,American Airlines,SEA,ORD,2024-05-01 05:49:00,2024-05-01,05:49:00,228,On-time,812,1,0
F711,Delta,SFO,DEN,2023-09-17 21:47:00,2023-09-17,21:47:00,154,On-time,1562,0,1
F506,American Airlines,LAX,DFW,2023-10-28 03:30:00,2023-10-28,03:30:00,266,Delayed,1076,3,0
F295,Delta,DFW,SFO,2023-11-15 04:47:00,2023-11-15,04:47:00,192,Delayed,897,2,0
F1817,Southwest,ATL,LAX,2023-08-06 20:00:00,2023-08-06,20:00:00,146,On-time,1142,2,0
F689,United,SEA,SEA,2024-03-11 03:28:00,2024-03-11,03:28:00,252,On-time,1434,1,0
F107,American Airlines,LAX,SEA,2023-11-01 18:48:00,2023-11-01,18:48:00,170,On-time,1597,5,1
F1311,Southwest,LAX,JFK,2024-06-06 11:05:00,2024-06-06,11:05:00,201,On-time,734,8,0
F596,Southwest,ORD,ORD,2023-05-04 10:04:00,2023-05-04,10:04:00,208,On-time,754,10,0
F633,American Airlines,DEN,ORD,2023-10-25 12:58:00,2023-10-25,12:58:00,171,Cancelled,1144,8,0
F1834,American Airlines,SFO,ORD,2023-12-13 06:42:00,2023-12-13,06:42:00,211,Cancelled,1127,7,0
F741,American Airlines,SFO,DFW,2025-01-14 22:13:00,2025-01-14,22:13:00,124,Delayed,1497,2,0
F366,Southwest,LAX,LAX,2024-07-19 22:41:00,2024-07-19,22:41:00,270,Delayed,1538,4,0
F521,Southwest,DFW,SEA,2024-09-21 17:44:00,2024-09-21,17:44:00,224,On-time,966,9,1
F282,Southwest,JFK,ORD,2024-10-02 23:58:00,2024-10-02,23:58:00,169,Delayed,1395,20,0
F154,United,DEN,LAX,2023-07-08 17:03:00,2023-07-08,17:03:00,29,On-time,1013,6,1
F1047,American Airlines,DEN,SFO,2024-07-14 14:59:00,2024-07-14,14:59:00,255,On-time,1494,27,0
F90,Delta,ORD,DEN,2024-11-22 00:14:00,2024-11-22,00:14:00,179,On-time,1351,6,0
F662,United,ORD,SFO,2023-08-28 22:01:00,2023-08-28,22:01:00,190,Delayed,1198,7,0
F943,United,ATL,ATL,2023-04-26 02:26:00,2023-04-26,02:26:00,151,On-time,1629,1,0
F586,Delta,LAX,SFO,2024-04-06 15:54:00,2024-04-06,15:54:00,171,Delayed,716,4,0
F1882,American Airlines,ATL,ORD,2023-06-16 06:17:00,2023-06-16,06:17:00,201,On-time,1688,6,0
F1408,United,SEA,DEN,2024-06-07 09:49:00,2024-06-07,09:49:00,163,On-time,1063,5,0
F416,American Airlines,SFO,JFK,2023-11-19 12:52:00,2023-11-19,12:52:00,177,Cancelled,1191,6,1
F1073,JetBlue,ATL,ORD,2024-11-04 00:51:00,2024-11-04,00:51:00,185,On-time,878,25,0
F1958,United,ORD,DFW,2023-05-09 07:14:00,2023-05-09,07:14:00,183,On-time,808,16,0
F1774,Delta,DEN,LAX,2024-01-04 00:15:00,2024-01-04,00:15:00,181,Cancelled,1206,1,0
F420,United,JFK,JFK,2024-06-13 01:35:00,2024-06-13,01:35:00,342,On-time,1227,15,0
F744,Delta,LAX,JFK,2024-10-15 18:08:00,2024-10-15,18:08:00,116,On-time,2045,12,0
F284,Southwest,ORD,JFK,2023-08-25 17:27:00,2023-08-25,17:27:00,92,On-time,1537,2,0
F175,JetBlue,JFK,ATL,2025-02-28 05:02:00,2025-02-28,05:02:00,61,On-time,1504,9,1
F1856,United,ATL,JFK,2023-09-21 23:49:00,2023-09-21,23:49:00,163,On-time,898,2,0
F228,JetBlue,SFO,DFW,2024-03-10 08:11:00,2024-03-10,08:11:00,108,Delayed,1374,18,0
F1550,Delta,DEN,JFK,2025-02-27 01:24:00,2025-02-27,01:24:00,254,On-time,1292,47,0
F931,Delta,ORD,LAX,2024-03-01 00:12:00,2024-03-01,00:12:00,115,On-time,1069,0,0
F1658,JetBlue,DFW,ATL,2023-04-27 21:41:00,2023-04-27,21:41:00,150,On-time,750,56,0
F551,United,SEA,SFO,2024-03-05 21:33:00,2024-03-05,21:33:00,262,On-time,2087,17,1
F1278,Southwest,SFO,JFK,2024-04-21 00:34:00,2024-04-21,00:34:00,113,Delayed,893,6,0
F1650,United,JFK,SFO,2025-03-16 11:09:00,2025-03-16,11:09:00,241,On-time,659,5,0
F1884,American Airlines,ORD,ORD,2025-01-15 20:23:00,2025-01-15,20:23:00,160,On-time,992,11,0
F620,United,LAX,JFK,2024-12-09 23:40:00,2024-12-09,23:40:00,142,On-time,928,10,0
F1480,JetBlue,DEN,ATL,2025-01-26 22:48:00,2025-01-26,22:48:00,74,On-time,1395,7,0
F729,Southwest,ATL,DFW,2024-12-03 03:01:00,2024-12-03,03:01:00,162,On-time,1881,17,1
F1765,American Airlines,ORD,ATL,2023-07-27 06:57:00,2023-07-27,06:57:00,155,On-time,1362,14,0
F89,Southwest,LAX,DFW,2025-01-19 16:04:00,2025-01-19,16:04:00,177,Delayed,571,15,1
F1140,American Airlines,SEA,JFK,2024-07-08 06:03:00,2024-07-08,06:03:00,250,On-time,1537,31,0
F434,Southwest,SFO,JFK,2024-11-26 06:59:00,2024-11-26,06:59:00,140,On-time,892,8,1
F1773,United,ORD,ORD,2023-09-24 19:08:00,2023-09-24,19:08:00,168,On-time,1137,7,1
F1443,JetBlue,LAX,ATL,2024-02-14 20:17:00,2024-02-14,20:17:00,118,On-time,940,8,0
F1522,JetBlue,ATL,LAX,2024-07-31 18:09:00,2024-07-31,18:09:00,59,On-time,1020,24,0
F923,JetBlue,SFO,LAX,2023-09-27 03:56:00,2023-09-27,03:56:00,118,On-time,1179,8,0
F1088,United,ORD,LAX,2024-10-07 02:05:00,2024-10-07,02:05:00,101,On-time,1046,2,0
F1848,United,SEA,DFW,2024-11-25 14:38:00,2024-11-25,14:38:00,255,On-time,796,8,0
F501,Delta,ATL,SFO,2024-07-10 14:10:00,2024-07-10,14:10:00,296,On-time,1285,10,0
F1823,Southwest,ATL,ATL,2024-07-23 09:59:00,2024-07-23,09:59:00,182,On-time,866,4,0
F1175,United,JFK,SEA,2024-05-30 13:35:00,2024-05-30,13:35:00,266,On-time,1115,3,0
F96,United,DEN,LAX,2024-04-17 18:12:00,2024-04-17,18:12:00,248,On-time,1192,9,0
F136,Southwest,DEN,JFK,2024-04-26 15:14:00,2024-04-26,15:14:00,112,Cancelled,1024,18,0
F1947,United,ATL,LAX,2024-05-09 17:03:00,2024-05-09,17:03:00,212,On-time,898,4,0
F1186,United,DEN,ATL,2024-11-02 01:50:00,2024-11-02,01:50:00,158,On-time,1534,18,1
F1294,Delta,ORD,SEA,2024-11-21 03:44:00,2024-11-21,03:44:00,107,Delayed,390,32,0
F545,JetBlue,JFK,LAX,2025-03-08 15:43:00,2025-03-08,15:43:00,226,On-time,806,27,0
F1962,American Airlines,DFW,ATL,2023-11-21 20:57:00,2023-11-21,20:57:00,108,On-time,1068,7,1
F1795,Southwest,DFW,SEA,2023-06-08 10:55:00,2023-06-08,10:55:00,179,On-time,1277,7,0
F1872,JetBlue,JFK,DFW,2023-08-24 15:25:00,2023-08-24,15:25:00,143,On-time,1505,11,0
F564,Southwest,SEA,JFK,2023-09-05 22:11:00,2023-09-05,22:11:00,190,On-time,1030,7,0
F1238,Delta,DEN,ATL,2023-06-03 14:45:00,2023-06-03,14:45:00,232,On-time,935,1,1
F594,JetBlue,DFW,JFK,2023-10-11 14:27:00,2023-10-11,14:27:00,263,On-time,1374,16,1
F255,Southwest,DEN,JFK,2025-04-06 17:42:00,2025-04-06,17:42:00,37,On-time,1125,5,1
F1260,Delta,JFK,SEA,2023-08-25 16:52:00,2023-08-25,16:52:00,200,On-time,1377,12,0
F664,JetBlue,DEN,DFW,2023-05-07 15:54:00,2023-05-07,15:54:00,183,Cancelled,1300,13,1
F455,JetBlue,DEN,LAX,2025-03-19 12:24:00,2025-03-19,12:24:00,229,On-time,905,1,0
F1783,Delta,JFK,DFW,2023-10-19 00:49:00,2023-10-19,00:49:00,138,On-time,962,0,0
F1032,JetBlue,DEN,ORD,2025-02-16 03:18:00,2025-02-16,03:18:00,249,On-time,1383,7,0
F1573,American Airlines,ORD,ORD,2023-05-18 07:28:00,2023-05-18,07:28:00,225,On-time,1138,12,0
F1455,Delta,ORD,ORD,2024-08-12 03:59:00,2024-08-12,03:59:00,158,On-time,1593,3,0
F1310,Southwest,LAX,DFW,2024-07-12 11:55:00,2024-07-12,11:55:00,224,On-time,1565,13,1
F1159,Delta,DEN,LAX,2024-05-15 15:58:00,2024-05-15,15:58:00,223,On-time,1496,14,1
F1529,Southwest,ORD,SEA,2024-07-06 17:01:00,2024-07-06,17:01:00,168,On-time,1611,15,1
F1585,JetBlue,JFK,LAX,2023-09-17 20:49:00,2023-09-17,20:49:00,208,On-time,1496,7,0
F686,American Airlines,DEN,JFK,2023-07-09 21:29:00,2023-07-09,21:29:00,53,On-time,958,18,0
F1473,JetBlue,SEA,DFW,2023-12-27 14:08:00,2023-12-27,14:08:00,162,Delayed,1417,1,0
F1505,American Airlines,SEA,SEA,2023-08-26 22:13:00,2023-08-26,22:13:00,126,On-time,956,7,0
F1280,JetBlue,SEA,DEN,2023-05-28 02:26:00,2023-05-28,02:26:00,40,On-time,1439,6,0
F1594,Delta,DEN,ATL,2024-08-19 01:13:00,2024-08-19,01:13:00,139,On-time,1450,5,0
F1576,Delta,LAX,SFO,2023-08-04 12:59:00,2023-08-04,12:59:00,174,On-time,1397,14,0
F1523,Delta,LAX,ORD,2025-02-02 01:57:00,2025-02-02,01:57:00,135,Delayed,368,12,1
F1741,Southwest,DFW,ORD,2024-01-17 14:50:00,2024-01-17,14:50:00,211,On-time,834,2,0
F934,Southwest,DEN,DFW,2024-06-27 23:25:00,2024-06-27,23:25:00,173,On-time,1683,7,0
F1331,United,SEA,JFK,2024-07-29 10:43:00,2024-07-29,10:43:00,149,On-time,1770,19,1
F147,Southwest,DEN,DFW,2023-06-18 10:00:00,2023-06-18,10:00:00,238,On-time,907,15,0
F864,American Airlines,DEN,SFO,2024-12-20 13:36:00,2024-12-20,13:36:00,185,On-time,1041,1,0
F1835,Southwest,ORD,LAX,2025-01-25 13:48:00,2025-01-25,13:48:00,159,On-time,1327,4,1
F580,JetBlue,DFW,ATL,2023-11-05 04:23:00,2023-11-05,04:23:00,131,On-time,1367,6,0
F325,JetBlue,DEN,SEA,2023-09-19 16:32:00,2023-09-19,16:32:00,226,Cancelled,704,4,0
F1701,JetBlue,JFK,SEA,2025-03-24 09:44:00,2025-03-24,09:44:00,143,Cancelled,1104,2,0
F1329,Southwest,LAX,JFK,2023-11-14 08:46:00,2023-11-14,08:46:00,174,Delayed,585,36,0
F1263,JetBlue,SEA,DEN,2024-12-20 21:39:00,2024-12-20,21:39:00,270,On-time,1167,21,0
F1980,United,DEN,DEN,2025-02-22 20:21:00,2025-02-22,20:21:00,142,On-time,1008,1,1
F1334,Delta,SEA,JFK,2024-10-19 10:01:00,2024-10-19,10:01:00,121,On-time,1196,5,0
F669,Southwest,SFO,SFO,2023-09-09 22:37:00,2023-09-09,22:37:00,167,On-time,1891,2,0
F1407,United,SFO,ATL,2023-06-23 05:06:00,2023-06-23,05:06:00,208,Delayed,701,8,0
F58,American Airlines,SEA,LAX,2024-06-27 23:09:00,2024-06-27,23:09:00,155,On-time,1159,2,0
F938,American Airlines,DEN,ORD,2023-09-13 15:21:00,2023-09-13,15:21:00,97,On-time,1332,28,0
F697,JetBlue,JFK,ATL,2025-04-21 17:55:00,2025-04-21,17:55:00,259,Cancelled,1418,15,0
F945,United,DEN,DFW,2023-07-14 11:29:00,2023-07-14,11:29:00,210,Delayed,721,5,0
F1201,United,JFK,JFK,2025-03-02 00:32:00,2025-03-02,00:32:00,227,On-time,1356,1,0
F1033,United,SEA,ATL,2025-02-11 02:31:00,2025-02-11,02:31:00,206,On-time,1258,12,0
F1063,JetBlue,DFW,DFW,2023-08-03 12:37:00,2023-08-03,12:37:00,140,On-time,1400,10,0
F1532,United,ATL,DEN,2023-09-25 17:32:00,2023-09-25,17:32:00,86,On-time,1397,10,0
F982,JetBlue,DEN,DEN,2024-12-23 20:04:00,2024-12-23,20:04:00,122,On-time,857,8,0
F1403,JetBlue,LAX,JFK,2025-02-08 12:59:00,2025-02-08,12:59:00,89,Cancelled,1596,4,0
F704,Delta,DFW,ATL,2024-07-26 18:07:00,2024-07-26,18:07:00,282,On-time,528,11,0
F303,American Airlines,JFK,ATL,2025-03-25 18:56:00,2025-03-25,18:56:00,147,On-time,1457,14,0
F1191,Delta,LAX,DEN,2024-12-27 03:18:00,2024-12-27,03:18:00,164,On-time,1353,4,0
F185,Delta,JFK,ATL,2025-03-09 09:56:00,2025-03-09,09:56:00,165,On-time,954,7,0
F1569,United,LAX,DEN,2024-10-24 20:23:00,2024-10-24,20:23:00,143,On-time,934,0,0
F1813,Southwest,ATL,ORD,2025-01-16 23:56:00,2025-01-16,23:56:00,129,On-time,1443,8,0
F371,Delta,LAX,LAX,2024-05-19 16:33:00,2024-05-19,16:33:00,208,Delayed,1560,2,1
F1622,JetBlue,ORD,LAX,2024-10-03 15:31:00,2024-10-03,15:31:00,203,Cancelled,1411,4,0
F950,JetBlue,DEN,LAX,2025-02-21 23:28:00,2025-02-21,23:28:00,171,On-time,1324,23,0
F409,JetBlue,DFW,ORD,2025-03-21 06:50:00,2025-03-21,06:50:00,237,On-time,750,6,1
F1871,Southwest,DEN,ORD,2024-01-24 01:41:00,2024-01-24,01:41:00,228,On-time,1291,2,0
F1495,Southwest,ATL,ORD,2023-11-25 10:43:00,2023-11-25,10:43:00,139,On-time,563,21,0
F1801,United,JFK,SEA,2023-11-01 06:39:00,2023-11-01,06:39:00,125,On-time,1438,13,1
F1004,American Airlines,DFW,LAX,2023-11-10 21:43:00,2023-11-10,21:43:00,181,On-time,1500,2,0
F132,United,LAX,SEA,2024-07-26 10:01:00,2024-07-26,10:01:00,155,On-time,1031,10,0
F401,Delta,SFO,LAX,2024-09-10 11:19:00,2024-09-10,11:19:00,159,On-time,1226,27,0
F1638,United,JFK,ORD,2023-07-27 07:01:00,2023-07-27,07:01:00,151,On-time,1061,1,0
F889,American Airlines,DEN,LAX,2024-09-16 12:01:00,2024-09-16,12:01:00,116,On-time,1624,0,1
F818,JetBlue,SEA,SFO,2024-03-08 18:04:00,2024-03-08,18:04:00,149,On-time,1645,3,1
F549,JetBlue,JFK,ORD,2023-08-01 11:25:00,2023-08-01,11:25:00,141,On-time,1140,7,0
F1453,JetBlue,ATL,SFO,2023-11-14 08:18:00,2023-11-14,08:18:00,108,On-time,1465,11,0
F1112,Delta,SFO,SFO,2024-10-04 12:59:00,2024-10-04,12:59:00,247,On-time,1610,0,1
F86,American Airlines,ORD,ORD,2025-01-04 23:02:00,2025-01-04,23:02:00,158,On-time,1181,22,0
F1721,JetBlue,DEN,DFW,2025-01-19 23:02:00,2025-01-19,23:02:00,102,On-time,1169,7,0
F91,Delta,SFO,JFK,2024-12-24 20:59:00,2024-12-24,20:59:00,248,On-time,1461,15,0
F280,United,LAX,SEA,2024-02-26 01:32:00,2024-02-26,01:32:00,153,On-time,1176,15,1
F1347,American Airlines,LAX,JFK,2025-03-17 12:16:00,2025-03-17,12:16:00,142,On-time,1075,12,0
F285,Southwest,ATL,LAX,2023-10-06 00:32:00,2023-10-06,00:32:00,178,On-time,623,1,0
F1184,American Airlines,LAX,DFW,2023-09-20 04:45:00,2023-09-20,04:45:00,290,On-time,1105,3,1
F1997,United,SEA,SEA,2024-11-08 17:48:00,2024-11-08,17:48:00,297,On-time,819,4,1
F173,American Airlines,SEA,ORD,2024-07-31 16:00:00,2024-07-31,16:00:00,197,On-time,979,4,0
F1780,American Airlines,ATL,JFK,2023-09-30 03:18:00,2023-09-30,03:18:00,250,Delayed,1086,2,0
F676,Delta,DEN,LAX,2024-01-18 07:12:00,2024-01-18,07:12:00,60,Delayed,1100,21,0
F209,Delta,DEN,LAX,2023-11-09 18:07:00,2023-11-09,18:07:00,135,On-time,1059,0,0
F1351,JetBlue,DEN,SEA,2025-02-14 21:07:00,2025-02-14,21:07:00,122,On-time,1463,5,0
F854,American Airlines,LAX,DFW,2024-01-04 06:30:00,2024-01-04,06:30:00,165,On-time,799,13,0
F605,Southwest,JFK,LAX,2023-05-10 10:02:00,2023-05-10,10:02:00,198,Delayed,1533,9,0
F1781,Delta,JFK,ORD,2023-04-26 12:42:00,2023-04-26,12:42:00,180,On-time,540,3,0
F625,United,LAX,LAX,2024-10-28 06:55:00,2024-10-28,06:55:00,212,On-time,692,21,0
F351,American Airlines,LAX,ATL,2024-09-07 06:52:00,2024-09-07,06:52:00,119,On-time,822,2,0
F820,Delta,LAX,LAX,2024-01-08 17:36:00,2024-01-08,17:36:00,95,On-time,1753,16,0
F1413,JetBlue,DEN,SFO,2024-10-12 22:02:00,2024-10-12,22:02:00,152,Delayed,1505,27,0
F1153,Southwest,DFW,DEN,2025-02-04 12:27:00,2025-02-04,12:27:00,146,On-time,1223,17,0
F1128,JetBlue,ATL,SFO,2025-04-17 21:17:00,2025-04-17,21:17:00,159,On-time,1176,2,0
F1152,JetBlue,SEA,SFO,2024-07-24 10:54:00,2024-07-24,10:54:00,193,On-time,1041,1,0
F677,Delta,LAX,JFK,2024-02-13 02:57:00,2024-02-13,02:57:00,221,On-time,1193,5,0
F410,JetBlue,DFW,LAX,2023-07-24 13:13:00,2023-07-24,13:13:00,193,Delayed,952,20,0
F1694,JetBlue,SEA,SFO,2024-02-14 08:42:00,2024-02-14,08:42:00,202,On-time,1370,15,0
F1419,American Airlines,DEN,DFW,2024-06-17 04:10:00,2024-06-17,04:10:00,90,Delayed,1191,0,0
F762,Southwest,ATL,SEA,2024-10-19 23:59:00,2024-10-19,23:59:00,206,On-time,1447,30,0
F831,JetBlue,SFO,DEN,2024-03-01 17:51:00,2024-03-01,17:51:00,205,On-time,1357,11,0
F1561,Southwest,ORD,ORD,2025-02-24 16:20:00,2025-02-24,16:20:00,204,Delayed,1281,27,0
F72,Delta,ORD,SEA,2024-09-24 14:36:00,2024-09-24,14:36:00,232,On-time,1042,19,0
F538,Delta,JFK,JFK,2025-04-05 06:02:00,2025-04-05,06:02:00,155,On-time,1191,5,0
F1951,Southwest,ATL,SEA,2024-08-23 20:52:00,2024-08-23,20:52:00,152,On-time,534,7,0
F1845,Delta,LAX,LAX,2025-02-06 12:37:00,2025-02-06,12:37:00,245,Delayed,1748,4,1
F179,Delta,JFK,SEA,2025-03-15 06:00:00,2025-03-15,06:00:00,174,On-time,1221,8,0
F882,Southwest,ATL,LAX,2024-02-22 07:29:00,2024-02-22,07:29:00,146,Delayed,1284,30,0
F224,American Airlines,DFW,DFW,2023-10-09 11:04:00,2023-10-09,11:04:00,151,On-time,1071,19,0
F892,United,JFK,SEA,2023-05-21 23:28:00,2023-05-21,23:28:00,163,On-time,720,1,0
F1609,United,ATL,LAX,2024-11-24 03:13:00,2024-11-24,03:13:00,78,On-time,959,3,0
F1458,Southwest,SFO,DFW,2025-01-26 02:17:00,2025-01-26,02:17:00,191,On-time,603,50,0
F1114,American Airlines,ATL,ORD,2023-09-18 09:16:00,2023-09-18,09:16:00,236,On-time,1384,25,0
F1549,JetBlue,LAX,DEN,2023-11-28 07:43:00,2023-11-28,07:43:00,243,On-time,1109,6,0
F1618,Southwest,LAX,JFK,2023-12-08 02:25:00,2023-12-08,02:25:00,120,On-time,770,8,0
F288,American Airlines,JFK,LAX,2024-04-24 01:07:00,2024-04-24,01:07:00,52,On-time,1230,36,0
F850,American Airlines,ATL,LAX,2024-12-31 05:43:00,2024-12-31,05:43:00,178,Cancelled,1405,30,0
F896,Southwest,SEA,DEN,2024-01-19 07:16:00,2024-01-19,07:16:00,226,On-time,880,3,0
F1621,United,SFO,LAX,2024-07-15 07:00:00,2024-07-15,07:00:00,193,On-time,1368,1,0
F397,Delta,DEN,JFK,2025-02-07 17:40:00,2025-02-07,17:40:00,188,On-time,1162,6,0
F13,United,ORD,ATL,2023-12-18 11:22:00,2023-12-18,11:22:00,165,On-time,1087,6,0
F97,JetBlue,SEA,SEA,2024-12-02 10:27:00,2024-12-02,10:27:00,143,Delayed,809,2,0
F1250,Southwest,ORD,SFO,2025-02-28 05:12:00,2025-02-28,05:12:00,170,On-time,1253,18,0
F929,JetBlue,DFW,JFK,2023-12-20 06:18:00,2023-12-20,06:18:00,162,Cancelled,1428,1,0
F772,American Airlines,JFK,ORD,2024-11-30 14:21:00,2024-11-30,14:21:00,188,On-time,912,14,0
F245,American Airlines,DFW,LAX,2023-08-30 14:50:00,2023-08-30,14:50:00,136,On-time,535,20,0
F1726,JetBlue,JFK,SEA,2024-02-04 17:07:00,2024-02-04,17:07:00,273,On-time,1395,4,0
F981,American Airlines,LAX,ATL,2023-10-02 07:44:00,2023-10-02,07:44:00,227,Delayed,1461,0,0
F1964,Delta,DEN,SFO,2025-04-02 19:27:00,2025-04-02,19:27:00,129,On-time,587,2,0
F1135,JetBlue,ORD,DFW,2023-05-26 06:42:00,2023-05-26,06:42:00,145,On-time,1083,11,0
F453,Delta,SFO,SEA,2024-03-22 01:25:00,2024-03-22,01:25:00,151,On-time,1048,18,1
F230,American Airlines,DFW,JFK,2025-04-03 02:45:00,2025-04-03,02:45:00,176,Delayed,871,4,0
F1078,Southwest,ATL,JFK,2024-08-13 22:39:00,2024-08-13,22:39:00,127,On-time,1346,0,0
F975,Southwest,DEN,LAX,2024-01-13 16:39:00,2024-01-13,16:39:00,138,On-time,1269,6,0
F1106,United,DEN,DEN,2024-07-04 07:55:00,2024-07-04,07:55:00,218,On-time,1220,6,0
F1531,United,LAX,LAX,2025-02-05 22:33:00,2025-02-05,22:33:00,153,On-time,1550,1,0
F21,United,ORD,SEA,2025-02-04 21:20:00,2025-02-04,21:20:00,190,On-time,1261,28,0
F1464,American Airlines,JFK,ORD,2023-12-23 07:42:00,2023-12-23,07:42:00,159,On-time,879,2,1
F735,American Airlines,ORD,LAX,2024-03-17 03:56:00,2024-03-17,03:56:00,119,On-time,1742,2,1
F875,JetBlue,DEN,ATL,2025-04-15 03:02:00,2025-04-15,03:02:00,251,Delayed,804,6,0
F1031,JetBlue,ORD,JFK,2025-02-28 16:35:00,2025-02-28,16:35:00,174,On-time,1621,4,0
F848,JetBlue,LAX,JFK,2024-02-10 21:48:00,2024-02-10,21:48:00,165,On-time,1009,23,0
F1335,American Airlines,ORD,ORD,2025-04-18 17:52:00,2025-04-18,17:52:00,163,On-time,805,4,0
F1806,JetBlue,DFW,ORD,2024-03-13 20:37:00,2024-03-13,20:37:00,229,Cancelled,1219,3,0
F862,Southwest,DEN,DFW,2023-11-04 22:15:00,2023-11-04,22:15:00,140,On-time,937,10,0
F1702,United,JFK,SFO,2024-11-16 18:42:00,2024-11-16,18:42:00,269,On-time,1599,32,0
F69,American Airlines,DFW,LAX,2023-07-06 12:09:00,2023-07-06,12:09:00,45,On-time,1219,1,1
F1513,Southwest,JFK,JFK,2023-12-06 17:38:00,2023-12-06,17:38:00,179,On-time,1774,10,0
F1907,JetBlue,ORD,DFW,2024-09-06 17:29:00,2024-09-06,17:29:00,218,On-time,1049,4,0
F1986,United,SFO,DEN,2023-07-12 11:54:00,2023-07-12,11:54:00,207,On-time,1275,16,0
F1006,Delta,SEA,LAX,2024-12-15 15:56:00,2024-12-15,15:56:00,164,On-time,1630,3,1
F893,United,JFK,ORD,2023-10-02 23:38:00,2023-10-02,23:38:00,125,On-time,1337,4,1
F581,Southwest,LAX,SEA,2024-11-07 04:32:00,2024-11-07,04:32:00,153,On-time,1304,27,0
F337,Southwest,SEA,LAX,2023-06-01 09:31:00,2023-06-01,09:31:00,94,On-time,999,16,0
F1131,Delta,ORD,DFW,2025-02-02 05:52:00,2025-02-02,05:52:00,85,On-time,1374,19,0
F388,American Airlines,SEA,DFW,2024-05-14 06:24:00,2024-05-14,06:24:00,248,On-time,1529,5,0
F829,Delta,LAX,ATL,2024-02-08 19:04:00,2024-02-08,19:04:00,149,On-time,1140,1,0
F1151,Delta,DEN,ATL,2025-03-23 00:41:00,2025-03-23,00:41:00,258,On-time,1697,10,0
F287,Southwest,JFK,DFW,2023-07-23 07:18:00,2023-07-23,07:18:00,135,On-time,1116,12,0
F1545,American Airlines,LAX,DEN,2025-04-09 01:14:00,2025-04-09,01:14:00,187,On-time,1413,21,0
F35,Southwest,LAX,ATL,2025-02-23 06:21:00,2025-02-23,06:21:00,294,On-time,1268,1,0
F1889,Delta,SFO,ATL,2023-07-14 05:57:00,2023-07-14,05:57:00,214,On-time,810,3,0
F466,United,SFO,SEA,2024-11-05 17:59:00,2024-11-05,17:59:00,193,On-time,1155,9,0
F1279,JetBlue,SEA,JFK,2025-01-18 12:42:00,2025-01-18,12:42:00,59,On-time,1302,2,1
F250,Delta,SFO,ORD,2023-10-15 02:14:00,2023-10-15,02:14:00,294,On-time,1138,9,0
F1376,Delta,SEA,SFO,2023-12-16 07:14:00,2023-12-16,07:14:00,199,On-time,1275,21,0
F1346,Southwest,SEA,SEA,2025-04-21 11:44:00,2025-04-21,11:44:00,257,On-time,1429,13,1
F732,United,DFW,ATL,2023-11-15 15:25:00,2023-11-15,15:25:00,137,On-time,1023,0,0
F1177,Southwest,SEA,ORD,2025-03-28 14:34:00,2025-03-28,14:34:00,149,On-time,1531,2,0
F1120,Southwest,ATL,DFW,2023-05-16 18:50:00,2023-05-16,18:50:00,242,On-time,688,8,0
F944,Delta,JFK,ORD,2025-04-17 00:22:00,2025-04-17,00:22:00,240,On-time,361,19,0
F157,Southwest,LAX,JFK,2023-06-26 23:45:00,2023-06-26,23:45:00,298,On-time,1327,4,0
F338,American Airlines,DEN,ORD,2024-04-07 09:18:00,2024-04-07,09:18:00,132,On-time,699,8,1
F1378,Delta,SFO,LAX,2023-10-15 13:41:00,2023-10-15,13:41:00,112,Cancelled,1093,2,1
F1916,United,DEN,LAX,2024-02-08 18:24:00,2024-02-08,18:24:00,175,On-time,1388,3,0
F1722,Southwest,DFW,DFW,2023-11-23 11:13:00,2023-11-23,11:13:00,239,On-time,975,9,1
F774,United,DFW,ATL,2023-10-28 08:47:00,2023-10-28,08:47:00,152,On-time,869,4,0
F1606,Southwest,DFW,LAX,2023-12-28 14:09:00,2023-12-28,14:09:00,228,On-time,856,4,0
F251,JetBlue,LAX,ORD,2024-11-01 17:23:00,2024-11-01,17:23:00,55,On-time,1029,6,0
F1628,American Airlines,JFK,JFK,2024-05-17 19:06:00,2024-05-17,19:06:00,239,On-time,1428,5,0
F746,Delta,ORD,SEA,2025-01-22 06:56:00,2025-01-22,06:56:00,171,On-time,1263,3,0
F408,United,ORD,SEA,2025-04-11 02:49:00,2025-04-11,02:49:00,194,On-time,1381,7,0
F653,Delta,LAX,ORD,2025-03-01 02:30:00,2025-03-01,02:30:00,249,Cancelled,769,15,0
F523,American Airlines,JFK,SEA,2023-10-21 12:15:00,2023-10-21,12:15:00,201,On-time,1420,9,0
F1178,Southwest,ATL,ATL,2023-12-14 09:54:00,2023-12-14,09:54:00,73,On-time,1079,7,1
F435,Southwest,DFW,JFK,2024-06-05 05:51:00,2024-06-05,05:51:00,170,On-time,1256,6,0
F1340,American Airlines,SFO,ORD,2024-02-19 21:44:00,2024-02-19,21:44:00,156,On-time,1647,5,0
F1688,Delta,ORD,DFW,2024-06-05 00:16:00,2024-06-05,00:16:00,216,On-time,1322,5,0
F256,American Airlines,LAX,DFW,2023-12-17 05:47:00,2023-12-17,05:47:00,258,Delayed,1222,1,0
F1612,United,SFO,DEN,2024-04-13 05:08:00,2024-04-13,05:08:00,107,Delayed,892,18,1
F1616,United,DEN,DEN,2024-10-12 02:00:00,2024-10-12,02:00:00,242,On-time,1448,2,0
F1240,United,ATL,DEN,2024-08-02 14:07:00,2024-08-02,14:07:00,203,Delayed,1607,14,0
F1262,Delta,SEA,DFW,2023-11-02 06:44:00,2023-11-02,06:44:00,267,On-time,1177,2,0
F488,Delta,ATL,SEA,2024-04-19 03:06:00,2024-04-19,03:06:00,257,On-time,495,13,0
F905,Delta,LAX,SEA,2023-07-31 18:27:00,2023-07-31,18:27:00,239,On-time,1146,2,0
F1230,American Airlines,DFW,DFW,2024-07-18 10:27:00,2024-07-18,10:27:00,240,Cancelled,1525,8,0
F6,JetBlue,ORD,SFO,2023-08-01 18:07:00,2023-08-01,18:07:00,181,On-time,1474,5,0
F190,Southwest,SEA,JFK,2024-06-10 22:38:00,2024-06-10,22:38:00,185,On-time,1378,13,0
F1229,Southwest,DFW,SEA,2024-04-16 18:27:00,2024-04-16,18:27:00,171,On-time,1182,9,1
F1786,American Airlines,ATL,LAX,2024-03-08 19:52:00,2024-03-08,19:52:00,256,On-time,1684,8,0
F1448,Delta,DFW,ORD,2023-06-12 17:37:00,2023-06-12,17:37:00,215,On-time,1109,9,0
F958,Delta,SFO,ATL,2023-11-29 07:15:00,2023-11-29,07:15:00,249,On-time,1199,20,0
F1883,JetBlue,DFW,DEN,2023-11-23 00:20:00,2023-11-23,00:20:00,159,Delayed,1304,3,0
F354,Delta,LAX,DEN,2023-06-20 04:20:00,2023-06-20,04:20:00,136,On-time,1215,21,0
F9,American Airlines,DFW,LAX,2024-11-17 12:33:00,2024-11-17,12:33:00,245,On-time,1585,5,0
F1506,Delta,ORD,SFO,2024-03-29 16:29:00,2024-03-29,16:29:00,260,On-time,1443,20,0
F519,American Airlines,ORD,ATL,2025-04-12 20:55:00,2025-04-12,20:55:00,221,Cancelled,1083,5,0
F400,American Airlines,DEN,DFW,2024-12-23 01:28:00,2024-12-23,01:28:00,72,On-time,1129,21,0
F457,Delta,DEN,SFO,2025-04-09 22:41:00,2025-04-09,22:41:00,154,Delayed,1227,10,1
F1069,JetBlue,LAX,ATL,2023-09-25 11:40:00,2023-09-25,11:40:00,327,Delayed,1537,17,0
F180,United,SEA,DEN,2023-07-20 18:43:00,2023-07-20,18:43:00,156,On-time,658,9,0
F102,American Airlines,DEN,ORD,2023-07-28 15:16:00,2023-07-28,15:16:00,116,Delayed,1051,11,0
F840,United,SEA,DEN,2023-09-19 01:26:00,2023-09-19,01:26:00,139,On-time,807,5,0
F70,JetBlue,DFW,DEN,2024-12-24 11:57:00,2024-12-24,11:57:00,121,On-time,1326,4,1
F1617,United,SFO,LAX,2023-06-08 12:32:00,2023-06-08,12:32:00,225,On-time,871,24,1
F1877,Southwest,ATL,JFK,2024-08-14 03:54:00,2024-08-14,03:54:00,210,On-time,1071,9,0
F685,Southwest,ORD,ATL,2023-05-06 03:35:00,2023-05-06,03:35:00,213,On-time,877,9,0
F1146,United,ORD,LAX,2024-09-28 03:43:00,2024-09-28,03:43:00,197,On-time,1024,31,1
F1242,United,SFO,SEA,2024-09-12 11:55:00,2024-09-12,11:55:00,137,Cancelled,1453,6,0
F1811,Southwest,DEN,DFW,2023-06-20 06:26:00,2023-06-20,06:26:00,177,On-time,1644,0,1
F1287,American Airlines,SFO,ORD,2024-03-04 00:37:00,2024-03-04,00:37:00,56,On-time,1521,12,0
F123,JetBlue,ATL,SEA,2024-01-08 22:31:00,2024-01-08,22:31:00,291,On-time,1491,3,0
F456,JetBlue,JFK,ORD,2024-08-11 23:25:00,2024-08-11,23:25:00,164,On-time,1059,47,0
F936,Delta,ATL,DFW,2025-04-18 12:54:00,2025-04-18,12:54:00,211,Delayed,1271,0,0
F681,Southwest,SEA,ATL,2024-07-06 05:23:00,2024-07-06,05:23:00,169,On-time,1738,5,0
F214,Delta,DEN,SEA,2024-08-31 09:55:00,2024-08-31,09:55:00,64,On-time,1290,1,0
F1415,Delta,JFK,SEA,2024-06-08 02:29:00,2024-06-08,02:29:00,131,On-time,1296,3,0
F296,American Airlines,SEA,ORD,2024-07-23 05:34:00,2024-07-23,05:34:00,285,On-time,858,4,0
F600,JetBlue,DFW,SEA,2023-07-16 19:06:00,2023-07-16,19:06:00,176,On-time,1764,5,0
F330,American Airlines,SEA,DEN,2024-01-02 00:22:00,2024-01-02,00:22:00,246,On-time,1440,17,0
F1053,Southwest,ATL,DFW,2023-06-08 07:57:00,2023-06-08,07:57:00,85,Delayed,1590,1,0
F723,American Airlines,JFK,ORD,2025-02-02 01:13:00,2025-02-02,01:13:00,106,On-time,1085,4,0
F143,American Airlines,LAX,SEA,2024-10-19 04:44:00,2024-10-19,04:44:00,178,On-time,1029,4,0
F1567,Delta,DEN,JFK,2024-08-12 04:43:00,2024-08-12,04:43:00,277,On-time,941,3,0
F1265,JetBlue,DEN,ATL,2024-12-12 17:30:00,2024-12-12,17:30:00,95,Delayed,1133,9,1
F928,Southwest,DEN,JFK,2025-04-22 10:24:00,2025-04-22,10:24:00,181,On-time,1631,1,0
F481,United,ATL,JFK,2024-05-16 09:29:00,2024-05-16,09:29:00,93,On-time,728,4,0
F1491,American Airlines,ORD,ORD,2023-09-26 05:39:00,2023-09-26,05:39:00,204,On-time,1397,2,0
F1044,Delta,JFK,SFO,2023-07-30 22:35:00,2023-07-30,22:35:00,118,On-time,1196,1,0
F1527,American Airlines,SEA,ATL,2024-04-10 05:04:00,2024-04-10,05:04:00,198,On-time,1394,2,0
F1226,American Airlines,SEA,DEN,2023-12-21 03:20:00,2023-12-21,03:20:00,153,On-time,837,1,0
F1507,Southwest,SEA,JFK,2024-11-16 14:25:00,2024-11-16,14:25:00,334,On-time,1096,1,0
F1442,Southwest,SFO,DFW,2024-01-04 13:11:00,2024-01-04,13:11:00,157,Cancelled,994,2,0
F1716,JetBlue,DEN,ORD,2024-10-19 20:26:00,2024-10-19,20:26:00,210,On-time,1074,18,0
F1381,American Airlines,DFW,ATL,2023-10-18 12:18:00,2023-10-18,12:18:00,153,On-time,862,2,0
F450,American Airlines,ATL,SFO,2024-09-24 19:34:00,2024-09-24,19:34:00,122,On-time,1096,3,0
F350,Delta,DEN,SEA,2024-05-03 09:38:00,2024-05-03,09:38:00,170,Delayed,913,40,0
F1028,Delta,ORD,JFK,2024-05-22 06:44:00,2024-05-22,06:44:00,263,On-time,1671,34,0
F1876,JetBlue,DFW,ORD,2024-12-18 18:04:00,2024-12-18,18:04:00,113,On-time,1226,4,0
F622,JetBlue,DEN,LAX,2025-03-29 04:40:00,2025-03-29,04:40:00,128,On-time,1682,2,0
F318,United,SEA,JFK,2024-11-17 10:49:00,2024-11-17,10:49:00,60,On-time,1076,12,0
F1518,JetBlue,JFK,SEA,2023-10-17 01:31:00,2023-10-17,01:31:00,93,On-time,671,3,0
F1099,JetBlue,LAX,DEN,2024-04-12 10:23:00,2024-04-12,10:23:00,215,On-time,1328,8,0
F853,United,DEN,DFW,2024-03-06 23:08:00,2024-03-06,23:08:00,82,On-time,932,39,0
F852,American Airlines,JFK,ATL,2023-11-23 13:01:00,2023-11-23,13:01:00,151,On-time,867,9,0
F795,American Airlines,SFO,ORD,2024-01-29 01:47:00,2024-01-29,01:47:00,157,Delayed,1692,4,0
F1948,American Airlines,ORD,SFO,2024-01-31 21:33:00,2024-01-31,21:33:00,88,On-time,1347,3,0
F1216,JetBlue,ATL,SEA,2023-08-05 17:23:00,2023-08-05,17:23:00,201,On-time,1017,0,0
F656,American Airlines,JFK,LAX,2025-01-22 14:53:00,2025-01-22,14:53:00,181,On-time,1257,1,1
F1212,American Airlines,LAX,DFW,2024-04-14 06:35:00,2024-04-14,06:35:00,154,On-time,1677,28,0
F759,Delta,LAX,ORD,2024-11-10 15:23:00,2024-11-10,15:23:00,203,On-time,1045,16,0
F834,Delta,ORD,JFK,2024-09-24 03:25:00,2024-09-24,03:25:00,209,On-time,1461,12,0
F95,JetBlue,JFK,DEN,2024-08-20 09:05:00,2024-08-20,09:05:00,153,On-time,1119,12,0
F1156,American Airlines,ATL,ORD,2024-12-22 05:00:00,2024-12-22,05:00:00,179,Cancelled,1300,8,0
F1183,Southwest,SEA,DFW,2023-05-19 07:29:00,2023-05-19,07:29:00,215,On-time,1057,1,1
F1219,JetBlue,LAX,ORD,2023-07-06 08:06:00,2023-07-06,08:06:00,152,On-time,1125,2,0
F1314,Southwest,LAX,ORD,2024-06-12 07:44:00,2024-06-12,07:44:00,167,Delayed,1367,0,0
F353,Southwest,DEN,SFO,2025-03-05 13:33:00,2025-03-05,13:33:00,76,On-time,1057,16,0
F1424,Delta,SFO,SFO,2024-04-04 04:13:00,2024-04-04,04:13:00,221,On-time,1070,0,0
F461,United,LAX,DFW,2024-10-22 13:02:00,2024-10-22,13:02:00,130,Cancelled,558,6,0
F161,United,DEN,DEN,2024-03-16 19:06:00,2024-03-16,19:06:00,160,On-time,709,10,0
F1366,United,ORD,SEA,2024-04-15 16:49:00,2024-04-15,16:49:00,272,Cancelled,1218,5,0
F1707,JetBlue,ATL,SEA,2023-05-02 04:10:00,2023-05-02,04:10:00,153,On-time,1473,1,0
F847,Delta,DFW,LAX,2025-03-18 03:17:00,2025-03-18,03:17:00,215,On-time,905,20,0
F1683,JetBlue,ATL,SFO,2023-11-09 18:22:00,2023-11-09,18:22:00,206,On-time,930,10,0
F1098,American Airlines,DEN,JFK,2024-01-10 18:27:00,2024-01-10,18:27:00,192,On-time,1402,11,0
F1791,Delta,LAX,LAX,2024-10-03 00:35:00,2024-10-03,00:35:00,201,On-time,763,26,0
F632,Delta,DFW,ORD,2025-01-29 09:03:00,2025-01-29,09:03:00,103,On-time,962,33,0
F331,JetBlue,JFK,SEA,2023-08-16 14:50:00,2023-08-16,14:50:00,348,On-time,1345,4,1
F1952,JetBlue,DEN,LAX,2023-05-07 03:08:00,2023-05-07,03:08:00,154,On-time,1646,1,0
F797,United,SEA,ORD,2024-04-11 02:33:00,2024-04-11,02:33:00,129,Delayed,1011,10,0
F442,American Airlines,DFW,DEN,2024-01-09 16:17:00,2024-01-09,16:17:00,319,Delayed,1266,1,0
F844,Southwest,SFO,SEA,2024-10-13 11:46:00,2024-10-13,11:46:00,51,Delayed,1485,5,0
F1412,Delta,ATL,SFO,2024-10-05 14:32:00,2024-10-05,14:32:00,110,Cancelled,1525,14,0
F1317,Southwest,ATL,DFW,2023-09-09 11:16:00,2023-09-09,11:16:00,162,Delayed,1359,4,0
F283,JetBlue,SFO,DFW,2023-09-20 07:05:00,2023-09-20,07:05:00,213,On-time,1142,12,1
F1062,Southwest,JFK,SEA,2023-12-08 00:43:00,2023-12-08,00:43:00,248,On-time,1280,3,0
F1556,JetBlue,SEA,JFK,2024-11-16 05:19:00,2024-11-16,05:19:00,135,On-time,965,4,0
F915,Delta,SFO,SEA,2024-01-07 09:23:00,2024-01-07,09:23:00,160,On-time,1077,35,0
F755,United,JFK,SFO,2024-05-15 07:04:00,2024-05-15,07:04:00,121,On-time,1363,2,0
F1777,American Airlines,SFO,ATL,2024-05-19 18:13:00,2024-05-19,18:13:00,110,On-time,1349,7,0
F1967,JetBlue,JFK,DFW,2024-12-16 12:55:00,2024-12-16,12:55:00,306,On-time,1502,18,0
F668,American Airlines,ORD,DFW,2024-08-19 12:04:00,2024-08-19,12:04:00,75,On-time,1219,21,0
F29,Delta,DFW,JFK,2025-01-31 18:13:00,2025-01-31,18:13:00,188,On-time,1188,13,0
F1560,American Airlines,ATL,DEN,2023-08-27 06:36:00,2023-08-27,06:36:00,250,On-time,714,10,0
F382,United,SEA,DFW,2025-01-01 04:10:00,2025-01-01,04:10:00,245,On-time,791,31,0
F1299,JetBlue,DEN,SEA,2024-05-01 02:11:00,2024-05-01,02:11:00,211,Delayed,699,12,0
F1929,Delta,LAX,ATL,2023-09-29 23:56:00,2023-09-29,23:56:00,303,On-time,1528,17,1
F286,United,DFW,SEA,2025-03-01 06:38:00,2025-03-01,06:38:00,126,On-time,1449,22,0
F23,Southwest,SFO,ORD,2023-09-15 15:51:00,2023-09-15,15:51:00,185,On-time,1105,2,0
F1941,Delta,LAX,ORD,2025-01-20 14:35:00,2025-01-20,14:35:00,185,On-time,949,6,0
F94,JetBlue,DEN,SFO,2024-12-09 10:48:00,2024-12-09,10:48:00,159,On-time,1477,4,0
F770,American Airlines,LAX,DEN,2023-05-01 01:29:00,2023-05-01,01:29:00,172,On-time,1189,5,0
F570,Southwest,SFO,LAX,2023-09-03 10:34:00,2023-09-03,10:34:00,169,On-time,1109,1,0
F413,United,SFO,SFO,2025-01-05 17:16:00,2025-01-05,17:16:00,178,On-time,1579,0,0
F1809,United,ORD,DEN,2023-09-15 19:25:00,2023-09-15,19:25:00,33,On-time,1437,8,1
F1039,United,ORD,DFW,2023-09-22 22:08:00,2023-09-22,22:08:00,140,On-time,1015,13,0
F487,Delta,ATL,SFO,2024-08-26 18:11:00,2024-08-26,18:11:00,290,Cancelled,1804,12,0
F1830,Delta,LAX,ATL,2025-04-22 09:22:00,2025-04-22,09:22:00,169,On-time,1186,1,0
F1840,United,SFO,DEN,2023-06-17 22:45:00,2023-06-17,22:45:00,109,On-time,1001,4,0
F1764,Delta,JFK,ORD,2025-03-02 12:55:00,2025-03-02,12:55:00,140,Delayed,1070,22,0
F44,Delta,ATL,SEA,2024-10-04 20:26:00,2024-10-04,20:26:00,179,On-time,957,11,0
F64,JetBlue,ATL,DEN,2024-03-08 09:26:00,2024-03-08,09:26:00,173,On-time,1308,6,0
F199,Southwest,LAX,SFO,2023-11-20 14:20:00,2023-11-20,14:20:00,108,On-time,1567,10,0
F946,Southwest,DEN,DFW,2025-02-19 11:31:00,2025-02-19,11:31:00,194,Delayed,748,29,0
F192,JetBlue,SEA,SFO,2024-07-07 16:14:00,2024-07-07,16:14:00,265,On-time,998,1,0
F1574,JetBlue,ORD,ORD,2024-02-22 10:09:00,2024-02-22,10:09:00,161,On-time,479,29,0
F113,JetBlue,SEA,LAX,2024-12-19 02:45:00,2024-12-19,02:45:00,236,On-time,1054,10,0
F1377,Delta,ORD,DFW,2024-09-24 02:07:00,2024-09-24,02:07:00,110,On-time,958,8,0
F1239,Southwest,ATL,LAX,2024-06-10 21:55:00,2024-06-10,21:55:00,194,Delayed,609,27,0
F1653,Southwest,SFO,LAX,2023-07-29 03:03:00,2023-07-29,03:03:00,246,On-time,979,5,1
F716,Southwest,LAX,JFK,2025-01-30 17:49:00,2025-01-30,17:49:00,133,Delayed,854,17,0
F55,Delta,DEN,DFW,2024-12-08 02:59:00,2024-12-08,02:59:00,154,On-time,1366,14,0
F942,JetBlue,JFK,JFK,2023-10-29 00:46:00,2023-10-29,00:46:00,118,On-time,1006,19,1
F1113,Delta,SFO,DFW,2023-09-15 15:38:00,2023-09-15,15:38:00,128,On-time,1158,11,0
F872,United,SFO,ORD,2023-10-27 21:57:00,2023-10-27,21:57:00,148,Delayed,930,5,0
F1541,JetBlue,SFO,LAX,2024-02-28 12:15:00,2024-02-28,12:15:00,174,On-time,1310,4,1
F277,American Airlines,LAX,SFO,2024-10-08 05:15:00,2024-10-08,05:15:00,180,On-time,1189,24,0
F1526,American Airlines,JFK,SFO,2024-06-16 03:52:00,2024-06-16,03:52:00,274,On-time,919,1,0
F817,American Airlines,SEA,SEA,2024-12-18 16:18:00,2024-12-18,16:18:00,183,On-time,1071,10,0
F952,United,SEA,LAX,2023-08-26 09:10:00,2023-08-26,09:10:00,104,Delayed,1375,19,0
F1897,Southwest,LAX,ATL,2024-06-19 03:43:00,2024-06-19,03:43:00,176,On-time,1113,0,0
F1479,Delta,DEN,SEA,2023-10-05 12:10:00,2023-10-05,12:10:00,200,Delayed,851,12,0
F1619,United,DEN,ORD,2024-01-02 15:52:00,2024-01-02,15:52:00,159,On-time,1507,8,1
F276,Southwest,SFO,LAX,2024-03-25 10:30:00,2024-03-25,10:30:00,155,On-time,758,15,0
F550,JetBlue,ORD,JFK,2023-05-02 20:22:00,2023-05-02,20:22:00,193,Cancelled,1103,14,0
F342,American Airlines,SEA,DFW,2023-12-17 01:37:00,2023-12-17,01:37:00,110,On-time,1219,14,1
F344,Delta,DEN,DFW,2023-11-02 12:45:00,2023-11-02,12:45:00,174,On-time,868,16,0
F165,Southwest,ORD,SFO,2023-08-13 15:05:00,2023-08-13,15:05:00,314,On-time,983,18,0
F1875,Delta,ATL,DFW,2023-10-09 23:48:00,2023-10-09,23:48:00,164,On-time,1338,3,0
F684,United,ORD,DFW,2024-02-10 08:02:00,2024-02-10,08:02:00,240,Delayed,1252,9,0
F27,United,JFK,SEA,2023-06-05 10:45:00,2023-06-05,10:45:00,200,On-time,1418,2,0
F933,Delta,DEN,SEA,2024-08-07 18:13:00,2024-08-07,18:13:00,272,On-time,1321,21,0
F1601,American Airlines,SFO,DFW,2024-06-26 07:54:00,2024-06-26,07:54:00,187,On-time,1010,49,0
F1121,JetBlue,ORD,SFO,2025-04-15 15:14:00,2025-04-15,15:14:00,156,On-time,1431,6,0
F528,JetBlue,ORD,LAX,2023-07-03 17:11:00,2023-07-03,17:11:00,102,On-time,1430,4,0
F868,American Airlines,ATL,ORD,2025-01-06 19:21:00,2025-01-06,19:21:00,197,On-time,1439,18,0
F1209,Southwest,LAX,LAX,2023-07-27 15:38:00,2023-07-27,15:38:00,124,Delayed,961,15,1
F498,American Airlines,DFW,SEA,2024-02-26 06:55:00,2024-02-26,06:55:00,151,On-time,1359,31,0
F1744,American Airlines,SEA,ORD,2023-12-10 13:26:00,2023-12-10,13:26:00,254,On-time,1061,27,0
F429,United,DFW,SFO,2025-02-17 19:48:00,2025-02-17,19:48:00,100,On-time,1401,6,0
F503,JetBlue,ATL,ATL,2024-11-25 04:54:00,2024-11-25,04:54:00,293,On-time,705,8,0
F25,JetBlue,JFK,DFW,2024-04-15 11:56:00,2024-04-15,11:56:00,285,On-time,1667,5,0
F901,Southwest,JFK,SEA,2024-04-05 10:30:00,2024-04-05,10:30:00,175,Delayed,1437,24,0
F54,Southwest,DEN,DEN,2023-12-25 02:14:00,2023-12-25,02:14:00,183,On-time,1029,19,0
F279,American Airlines,JFK,ATL,2023-10-06 07:31:00,2023-10-06,07:31:00,160,On-time,1539,0,1
F623,United,ATL,SFO,2024-06-17 23:50:00,2024-06-17,23:50:00,147,Delayed,1101,0,0
F904,JetBlue,ORD,ORD,2024-04-13 06:53:00,2024-04-13,06:53:00,135,On-time,1417,27,0
F1204,Delta,JFK,LAX,2023-06-21 00:41:00,2023-06-21,00:41:00,215,On-time,1483,5,0
F1322,Delta,DFW,DEN,2024-09-15 01:14:00,2024-09-15,01:14:00,244,On-time,1508,6,0
F1167,Delta,DFW,ORD,2023-05-09 08:46:00,2023-05-09,08:46:00,267,On-time,839,19,0
F1961,Delta,ORD,JFK,2023-09-18 02:41:00,2023-09-18,02:41:00,200,On-time,1265,1,0
F432,JetBlue,DEN,DEN,2024-09-18 07:40:00,2024-09-18,07:40:00,203,Delayed,1537,4,0
F603,JetBlue,ATL,JFK,2024-09-27 10:16:00,2024-09-27,10:16:00,171,On-time,1527,12,0
F494,Delta,DEN,SFO,2024-11-29 08:12:00,2024-11-29,08:12:00,63,On-time,1195,0,0
F1234,American Airlines,ATL,SFO,2024-03-26 08:29:00,2024-03-26,08:29:00,139,On-time,1288,1,1
F1602,Delta,DFW,SEA,2023-10-17 16:31:00,2023-10-17,16:31:00,230,On-time,1254,2,0
F1048,United,JFK,ATL,2024-01-18 14:53:00,2024-01-18,14:53:00,98,On-time,1744,4,0
F265,JetBlue,LAX,DEN,2023-11-23 22:53:00,2023-11-23,22:53:00,57,On-time,1499,17,1
F1170,JetBlue,DEN,DEN,2025-04-17 15:25:00,2025-04-17,15:25:00,196,On-time,1287,20,0
F324,JetBlue,LAX,SFO,2024-04-24 14:12:00,2024-04-24,14:12:00,213,On-time,1347,16,0
F1546,Southwest,LAX,JFK,2024-09-11 15:58:00,2024-09-11,15:58:00,269,On-time,737,1,0
F833,Delta,SEA,DEN,2025-03-21 02:28:00,2025-03-21,02:28:00,191,On-time,1152,44,0
F803,Southwest,SEA,JFK,2024-07-29 21:33:00,2024-07-29,21:33:00,215,On-time,1477,3,0
F1758,American Airlines,JFK,DFW,2024-11-07 02:29:00,2024-11-07,02:29:00,173,On-time,1034,20,0
F1289,Southwest,JFK,DEN,2024-07-15 13:06:00,2024-07-15,13:06:00,276,On-time,1529,0,0
F468,JetBlue,LAX,JFK,2025-04-04 20:56:00,2025-04-04,20:56:00,159,On-time,1155,14,0
F615,United,SFO,DFW,2024-07-07 15:49:00,2024-07-07,15:49:00,213,On-time,1174,2,0
F1118,United,SFO,SEA,2025-02-23 12:05:00,2025-02-23,12:05:00,255,On-time,929,2,0
F126,Delta,ATL,SFO,2024-08-17 06:57:00,2024-08-17,06:57:00,157,Cancelled,1168,6,0
F1249,Southwest,ORD,LAX,2024-02-20 15:37:00,2024-02-20,15:37:00,216,On-time,1525,9,1
F814,American Airlines,DFW,LAX,2023-08-03 19:57:00,2023-08-03,19:57:00,272,On-time,929,1,0
F465,JetBlue,ATL,DEN,2024-03-28 08:59:00,2024-03-28,08:59:00,202,Delayed,1573,5,0
F1850,JetBlue,DEN,DEN,2024-10-18 17:16:00,2024-10-18,17:16:00,92,On-time,1085,17,1
F1020,Delta,DEN,LAX,2024-02-10 14:56:00,2024-02-10,14:56:00,225,On-time,1733,9,0
F1582,Southwest,DEN,SFO,2023-05-15 19:01:00,2023-05-15,19:01:00,221,On-time,1194,28,0
F418,United,SEA,DEN,2023-06-22 00:06:00,2023-06-22,00:06:00,186,Delayed,1112,2,0
F822,Southwest,ORD,DEN,2024-04-29 07:58:00,2024-04-29,07:58:00,198,On-time,1066,9,0
F1933,United,ORD,DEN,2024-11-10 13:09:00,2024-11-10,13:09:00,211,On-time,1310,12,0
F1805,Southwest,DFW,SFO,2024-01-21 12:24:00,2024-01-21,12:24:00,195,Cancelled,1057,2,0
F52,Delta,DFW,SEA,2024-04-27 16:27:00,2024-04-27,16:27:00,94,On-time,1056,0,0
F148,Southwest,SEA,DFW,2024-10-10 07:29:00,2024-10-10,07:29:00,262,On-time,1726,5,0
F1196,American Airlines,JFK,ATL,2024-12-11 22:38:00,2024-12-11,22:38:00,223,On-time,2004,1,1
F1584,United,ATL,ATL,2024-07-15 09:59:00,2024-07-15,09:59:00,156,On-time,840,7,0
F1913,American Airlines,SFO,LAX,2023-11-10 21:02:00,2023-11-10,21:02:00,145,On-time,755,20,0
F166,United,SEA,ORD,2023-05-14 13:49:00,2023-05-14,13:49:00,161,Delayed,824,4,0
F1440,Delta,LAX,SEA,2023-11-30 06:03:00,2023-11-30,06:03:00,277,On-time,1222,18,0
F412,American Airlines,DEN,DFW,2024-03-15 15:22:00,2024-03-15,15:22:00,159,On-time,1515,21,1
F203,Southwest,ATL,JFK,2024-01-26 12:28:00,2024-01-26,12:28:00,245,On-time,1090,3,0
F1251,Southwest,DFW,LAX,2025-03-17 01:28:00,2025-03-17,01:28:00,238,On-time,2324,6,0
F1023,JetBlue,DEN,SFO,2023-12-22 14:30:00,2023-12-22,14:30:00,238,On-time,1384,5,0
F352,United,LAX,LAX,2023-12-28 20:03:00,2023-12-28,20:03:00,138,On-time,1646,1,1
F357,United,SFO,SEA,2024-06-12 18:56:00,2024-06-12,18:56:00,318,On-time,1159,31,1
F1390,JetBlue,JFK,ATL,2024-07-22 23:02:00,2024-07-22,23:02:00,171,On-time,823,7,0
F1371,Southwest,DEN,ORD,2024-07-24 11:59:00,2024-07-24,11:59:00,161,On-time,911,2,0
F1940,Delta,SFO,DEN,2024-07-15 07:02:00,2024-07-15,07:02:00,175,On-time,1323,4,0
F869,United,JFK,DFW,2024-04-14 10:29:00,2024-04-14,10:29:00,140,On-time,1062,45,0
F1227,JetBlue,SFO,ORD,2024-09-30 10:45:00,2024-09-30,10:45:00,263,On-time,870,7,1
F1139,United,SEA,DFW,2023-10-03 14:23:00,2023-10-03,14:23:00,236,On-time,812,3,0
F1037,Southwest,JFK,ORD,2023-10-01 11:05:00,2023-10-01,11:05:00,185,Cancelled,1080,8,1
F1072,American Airlines,SEA,DFW,2025-03-27 16:48:00,2025-03-27,16:48:00,11,Delayed,1486,6,0
F1896,Delta,SFO,DFW,2023-05-28 17:14:00,2023-05-28,17:14:00,152,On-time,1577,24,0
F1665,Southwest,SFO,ATL,2023-10-25 03:37:00,2023-10-25,03:37:00,128,On-time,928,3,1
F1953,American Airlines,DFW,ATL,2024-12-10 19:32:00,2024-12-10,19:32:00,115,On-time,1294,1,0
F1756,American Airlines,DFW,DFW,2023-06-04 04:09:00,2023-06-04,04:09:00,183,On-time,936,35,1
F1852,American Airlines,JFK,SFO,2023-05-07 12:23:00,2023-05-07,12:23:00,114,On-time,1050,10,0
F911,United,DEN,JFK,2024-07-31 14:05:00,2024-07-31,14:05:00,287,On-time,1290,1,0
F591,Southwest,SEA,DEN,2024-05-20 02:58:00,2024-05-20,02:58:00,52,On-time,1599,12,0
F365,Southwest,LAX,DEN,2023-07-17 10:27:00,2023-07-17,10:27:00,78,Delayed,865,4,0
F1651,JetBlue,SFO,DFW,2023-05-26 04:15:00,2023-05-26,04:15:00,232,On-time,1291,2,0
F1836,Delta,JFK,ATL,2024-08-12 21:39:00,2024-08-12,21:39:00,219,On-time,1331,8,0
F145,JetBlue,SFO,ATL,2023-12-23 00:16:00,2023-12-23,00:16:00,189,On-time,1266,6,0
F1639,Southwest,JFK,ATL,2025-02-07 21:59:00,2025-02-07,21:59:00,145,Delayed,1009,1,0
F144,Southwest,JFK,SEA,2025-02-01 11:53:00,2025-02-01,11:53:00,55,On-time,1309,0,1
F84,American Airlines,SEA,DFW,2024-03-19 05:09:00,2024-03-19,05:09:00,264,Delayed,974,25,0
F873,JetBlue,DFW,SFO,2024-04-30 07:30:00,2024-04-30,07:30:00,245,On-time,1362,2,0
F176,Southwest,ORD,DEN,2024-01-07 02:45:00,2024-01-07,02:45:00,214,On-time,1528,11,0
F168,Southwest,DEN,JFK,2023-11-23 06:28:00,2023-11-23,06:28:00,171,On-time,898,21,0
F1270,Southwest,ORD,JFK,2025-03-14 13:38:00,2025-03-14,13:38:00,239,Delayed,1449,2,0
F1686,Southwest,SFO,DFW,2025-02-17 09:03:00,2025-02-17,09:03:00,327,Delayed,1471,9,0
F248,American Airlines,DFW,DFW,2023-12-15 09:08:00,2023-12-15,09:08:00,166,On-time,1076,21,0
F703,United,JFK,JFK,2024-09-02 06:21:00,2024-09-02,06:21:00,150,On-time,1432,1,0
F19,United,ATL,JFK,2024-02-04 00:57:00,2024-02-04,00:57:00,267,On-time,1022,8,0
F1426,United,SEA,ORD,2024-10-23 22:00:00,2024-10-23,22:00:00,137,Delayed,990,1,0
F1690,United,JFK,LAX,2024-07-06 13:02:00,2024-07-06,13:02:00,272,Delayed,1674,9,0
F858,United,LAX,SEA,2024-11-15 16:30:00,2024-11-15,16:30:00,143,Delayed,1396,13,1
F1664,United,SFO,SFO,2023-05-23 02:26:00,2023-05-23,02:26:00,182,On-time,1089,8,0
F1911,JetBlue,JFK,SFO,2023-07-02 02:20:00,2023-07-02,02:20:00,172,On-time,960,9,0
F1025,Southwest,ATL,ORD,2023-08-28 19:31:00,2023-08-28,19:31:00,110,On-time,1316,6,0
F1076,Delta,LAX,LAX,2024-10-07 16:52:00,2024-10-07,16:52:00,139,On-time,1577,6,1
F743,Delta,SEA,LAX,2024-10-17 00:50:00,2024-10-17,00:50:00,109,On-time,797,0,1
F1134,United,DFW,ATL,2024-11-01 10:31:00,2024-11-01,10:31:00,186,On-time,538,3,0
F1673,Delta,DFW,DFW,2024-01-21 02:50:00,2024-01-21,02:50:00,284,On-time,1661,5,0
F1133,JetBlue,LAX,SFO,2024-08-11 09:39:00,2024-08-11,09:39:00,118,Cancelled,1690,2,0
F1388,Southwest,DEN,SFO,2023-05-30 01:56:00,2023-05-30,01:56:00,124,On-time,986,6,1
F698,Delta,DFW,LAX,2023-09-05 07:26:00,2023-09-05,07:26:00,131,On-time,674,0,0
F433,American Airlines,LAX,SFO,2023-07-05 20:51:00,2023-07-05,20:51:00,186,On-time,851,4,0
F1838,American Airlines,JFK,SEA,2024-09-21 11:46:00,2024-09-21,11:46:00,121,Delayed,1467,14,0
F574,Delta,JFK,SEA,2024-12-12 10:03:00,2024-12-12,10:03:00,214,Delayed,1177,0,1
F407,JetBlue,JFK,SFO,2023-12-05 17:30:00,2023-12-05,17:30:00,156,On-time,1066,26,0
F252,United,ATL,DEN,2024-11-15 23:59:00,2024-11-15,23:59:00,87,On-time,1156,4,1
F320,JetBlue,ATL,DFW,2025-03-22 12:01:00,2025-03-22,12:01:00,141,On-time,1034,6,0
F1680,American Airlines,ATL,DEN,2023-12-16 09:58:00,2023-12-16,09:58:00,191,On-time,693,23,0
F1976,Southwest,DEN,SFO,2024-05-20 01:54:00,2024-05-20,01:54:00,178,On-time,978,13,0
F1258,Southwest,SFO,SFO,2024-07-06 20:46:00,2024-07-06,20:46:00,177,On-time,948,1,0
F1535,Southwest,LAX,JFK,2023-12-27 06:54:00,2023-12-27,06:54:00,111,On-time,971,6,0
F1315,Delta,ORD,LAX,2024-06-02 13:16:00,2024-06-02,13:16:00,203,On-time,1081,43,0
F785,Southwest,SEA,DFW,2023-08-27 20:04:00,2023-08-27,20:04:00,238,Delayed,1076,2,0
F1050,Delta,LAX,DEN,2024-09-17 03:33:00,2024-09-17,03:33:00,87,Delayed,1454,3,0
F88,JetBlue,LAX,ATL,2025-01-03 04:32:00,2025-01-03,04:32:00,108,On-time,923,8,0
F1253,Southwest,ATL,ORD,2024-10-20 22:33:00,2024-10-20,22:33:00,263,On-time,820,1,0
F1365,Delta,SEA,SEA,2024-09-25 17:30:00,2024-09-25,17:30:00,239,On-time,789,5,0
F188,Delta,LAX,SFO,2024-05-20 15:07:00,2024-05-20,15:07:00,204,On-time,742,5,0
F1487,Southwest,LAX,LAX,2023-07-07 07:39:00,2023-07-07,07:39:00,257,On-time,1554,1,0
F1109,Southwest,LAX,LAX,2024-08-19 03:50:00,2024-08-19,03:50:00,219,On-time,1589,18,0
F616,United,JFK,JFK,2023-07-06 14:02:00,2023-07-06,14:02:00,187,Cancelled,893,2,0
F1460,Delta,LAX,SFO,2023-10-20 00:13:00,2023-10-20,00:13:00,174,On-time,1261,3,0
F138,JetBlue,ORD,LAX,2023-08-01 22:50:00,2023-08-01,22:50:00,122,On-time,1610,1,0
F713,JetBlue,DEN,SEA,2024-01-12 02:40:00,2024-01-12,02:40:00,220,On-time,1345,1,1
F859,JetBlue,ATL,ORD,2023-11-06 08:15:00,2023-11-06,08:15:00,236,On-time,1160,1,0
F73,Delta,ORD,ORD,2024-10-13 21:23:00,2024-10-13,21:23:00,256,On-time,1248,14,0
F1417,American Airlines,DEN,LAX,2024-07-19 21:23:00,2024-07-19,21:23:00,242,Delayed,886,2,0
F1011,American Airlines,LAX,SEA,2025-02-28 21:39:00,2025-02-28,21:39:00,243,On-time,1491,8,0
F1968,Southwest,JFK,ORD,2023-06-15 15:23:00,2023-06-15,15:23:00,234,On-time,1011,26,0
F340,United,SFO,SFO,2024-08-03 07:11:00,2024-08-03,07:11:00,111,Cancelled,919,8,0
F1425,Delta,SEA,JFK,2023-11-03 18:26:00,2023-11-03,18:26:00,65,Cancelled,1257,25,0
F1472,Delta,SFO,LAX,2024-01-29 05:14:00,2024-01-29,05:14:00,173,Delayed,882,2,1
F547,Delta,ATL,JFK,2024-01-17 00:36:00,2024-01-17,00:36:00,192,On-time,1162,17,0
F577,United,ORD,ATL,2024-04-21 10:55:00,2024-04-21,10:55:00,106,On-time,1592,1,0
F1420,JetBlue,JFK,DFW,2023-10-08 06:53:00,2023-10-08,06:53:00,210,On-time,1163,7,0
F1853,Delta,ORD,DEN,2024-04-30 03:48:00,2024-04-30,03:48:00,145,On-time,1095,13,0
F1999,American Airlines,DEN,ORD,2024-09-21 08:35:00,2024-09-21,08:35:00,150,On-time,1556,13,0
F932,Southwest,JFK,DEN,2024-04-10 09:42:00,2024-04-10,09:42:00,123,On-time,1100,9,0
F1837,Delta,ORD,SEA,2024-03-24 13:02:00,2024-03-24,13:02:00,166,On-time,774,4,0
F796,JetBlue,JFK,ORD,2025-03-05 13:02:00,2025-03-05,13:02:00,167,Delayed,800,11,0
F688,Southwest,DFW,DFW,2024-07-20 17:45:00,2024-07-20,17:45:00,262,On-time,1091,2,1
F392,Southwest,LAX,SFO,2024-02-08 16:56:00,2024-02-08,16:56:00,261,Delayed,1469,9,0
F1525,JetBlue,ATL,ORD,2024-11-17 21:10:00,2024-11-17,21:10:00,169,On-time,772,4,0
F403,JetBlue,JFK,DEN,2025-02-09 05:45:00,2025-02-09,05:45:00,142,On-time,1005,16,0
F1563,Delta,DEN,SEA,2025-04-09 04:34:00,2025-04-09,04:34:00,206,Delayed,1064,6,0
F1627,United,JFK,JFK,2024-06-19 00:39:00,2024-06-19,00:39:00,148,On-time,568,0,0
F239,JetBlue,ORD,DFW,2023-08-03 02:30:00,2023-08-03,02:30:00,195,On-time,1852,2,0
F177,American Airlines,JFK,ORD,2024-02-22 04:26:00,2024-02-22,04:26:00,142,On-time,1089,2,0
F855,JetBlue,SEA,DEN,2024-06-19 17:47:00,2024-06-19,17:47:00,256,On-time,1356,8,1
F1095,Delta,ATL,DEN,2024-08-06 14:47:00,2024-08-06,14:47:00,145,Delayed,1410,35,0
F406,JetBlue,SEA,ORD,2023-04-28 02:33:00,2023-04-28,02:33:00,183,On-time,1481,3,1
F1485,American Airlines,DEN,ATL,2024-11-19 23:33:00,2024-11-19,23:33:00,83,On-time,1802,2,0
F1508,American Airlines,SFO,LAX,2023-05-14 22:32:00,2023-05-14,22:32:00,163,On-time,1009,43,0
F965,American Airlines,JFK,SFO,2023-08-16 09:34:00,2023-08-16,09:34:00,124,On-time,709,6,0
F1307,American Airlines,DEN,ORD,2024-07-12 00:19:00,2024-07-12,00:19:00,184,On-time,1187,15,1
F914,Southwest,SFO,ORD,2024-05-28 11:37:00,2024-05-28,11:37:00,161,On-time,1422,2,0
F1699,Southwest,DEN,SEA,2023-06-17 02:08:00,2023-06-17,02:08:00,206,On-time,1174,6,0
F1881,American Airlines,ATL,ATL,2023-09-01 14:10:00,2023-09-01,14:10:00,175,Delayed,1252,4,0
F1481,Southwest,ORD,SEA,2023-06-03 15:38:00,2023-06-03,15:38:00,140,On-time,1264,21,0
F1949,American Airlines,SFO,JFK,2023-07-28 08:25:00,2023-07-28,08:25:00,80,On-time,1245,4,1
F1684,Southwest,DEN,SFO,2024-05-06 22:59:00,2024-05-06,22:59:00,262,Delayed,1171,12,0
F130,JetBlue,LAX,LAX,2024-04-17 01:34:00,2024-04-17,01:34:00,251,On-time,787,16,0
F801,United,LAX,JFK,2023-09-30 10:35:00,2023-09-30,10:35:00,249,Delayed,699,20,1
F1501,United,DFW,DEN,2024-12-17 03:56:00,2024-12-17,03:56:00,76,On-time,1538,14,0
F1233,American Airlines,JFK,ORD,2024-12-11 01:42:00,2024-12-11,01:42:00,150,On-time,731,14,0
F82,Southwest,ORD,LAX,2024-08-31 17:02:00,2024-08-31,17:02:00,172,On-time,1121,2,0
F1649,United,DFW,LAX,2024-11-22 08:20:00,2024-11-22,08:20:00,160,On-time,1629,7,0
F492,United,DEN,JFK,2023-08-27 09:16:00,2023-08-27,09:16:00,92,On-time,1298,2,1
F737,American Airlines,SFO,ATL,2023-06-24 10:35:00,2023-06-24,10:35:00,196,On-time,1050,2,0
F197,United,SFO,DEN,2023-06-26 19:49:00,2023-06-26,19:49:00,165,On-time,832,10,0
F845,Southwest,ORD,SFO,2023-11-16 17:52:00,2023-11-16,17:52:00,273,On-time,1008,18,0
F728,United,SEA,ORD,2023-10-01 18:00:00,2023-10-01,18:00:00,234,On-time,867,1,0
F1041,Southwest,SFO,JFK,2024-08-06 09:41:00,2024-08-06,09:41:00,100,Delayed,1697,7,0
F393,United,SFO,LAX,2023-05-25 08:54:00,2023-05-25,08:54:00,234,On-time,1676,34,0
F202,JetBlue,LAX,DFW,2024-04-19 09:59:00,2024-04-19,09:59:00,242,On-time,1905,1,0
F683,Southwest,LAX,JFK,2024-11-18 09:48:00,2024-11-18,09:48:00,118,Delayed,1223,7,0
F696,JetBlue,JFK,LAX,2024-06-18 10:57:00,2024-06-18,10:57:00,136,On-time,1143,1,1
F779,JetBlue,ORD,ATL,2025-02-02 13:07:00,2025-02-02,13:07:00,249,On-time,1225,7,0
F98,Southwest,DEN,DEN,2023-07-09 16:15:00,2023-07-09,16:15:00,74,On-time,917,19,0
F321,Southwest,SEA,DFW,2025-01-07 04:05:00,2025-01-07,04:05:00,182,On-time,803,8,1
F1235,United,ATL,SFO,2023-11-20 13:24:00,2023-11-20,13:24:00,186,On-time,1322,9,0
F1261,American Airlines,JFK,SEA,2024-01-10 14:03:00,2024-01-10,14:03:00,258,On-time,1128,14,0
F133,Delta,SEA,ORD,2024-05-08 12:29:00,2024-05-08,12:29:00,256,On-time,1854,12,0
F1538,Southwest,JFK,JFK,2023-07-16 21:43:00,2023-07-16,21:43:00,242,On-time,1358,18,0
F119,American Airlines,DFW,JFK,2023-12-09 05:02:00,2023-12-09,05:02:00,170,On-time,1584,22,1
F1945,American Airlines,LAX,ATL,2023-10-05 03:27:00,2023-10-05,03:27:00,129,On-time,1080,1,0
F1862,Southwest,DEN,SFO,2023-09-17 10:17:00,2023-09-17,10:17:00,267,On-time,1366,16,0
F1839,JetBlue,SFO,SFO,2024-09-14 11:53:00,2024-09-14,11:53:00,209,On-time,1403,9,0
F1832,Southwest,SFO,ORD,2023-06-28 17:14:00,2023-06-28,17:14:00,204,On-time,1748,18,0
F67,United,LAX,DFW,2023-10-20 04:36:00,2023-10-20,04:36:00,103,On-time,1174,6,0
F430,United,SFO,SFO,2024-04-27 06:08:00,2024-04-27,06:08:00,236,Delayed,1194,5,0
F1355,United,DEN,LAX,2024-03-17 23:48:00,2024-03-17,23:48:00,164,On-time,1281,7,0
F422,Delta,SFO,DEN,2023-10-21 18:58:00,2023-10-21,18:58:00,199,Delayed,1163,21,0
F1312,Delta,LAX,LAX,2024-11-11 10:03:00,2024-11-11,10:03:00,190,On-time,1233,41,1
F28,Delta,JFK,JFK,2024-03-15 18:31:00,2024-03-15,18:31:00,191,On-time,1408,38,0
F1503,Southwest,DFW,JFK,2025-02-16 16:26:00,2025-02-16,16:26:00,308,On-time,961,14,0
F1715,Delta,DFW,JFK,2023-10-23 03:24:00,2023-10-23,03:24:00,197,Delayed,1562,8,0
F308,United,DEN,DEN,2024-06-24 06:25:00,2024-06-24,06:25:00,39,On-time,1014,11,0
F1293,Delta,JFK,DEN,2024-06-01 09:55:00,2024-06-01,09:55:00,259,On-time,480,28,0
F504,Southwest,DFW,JFK,2024-12-02 17:54:00,2024-12-02,17:54:00,170,On-time,905,9,0
F613,Delta,SEA,SEA,2023-08-16 23:49:00,2023-08-16,23:49:00,138,Delayed,920,9,0
F1359,American Airlines,LAX,ATL,2025-02-13 22:02:00,2025-02-13,22:02:00,84,On-time,897,3,0
F1747,United,SFO,DEN,2024-05-15 19:08:00,2024-05-15,19:08:00,238,On-time,1465,27,1
F1510,United,LAX,SFO,2024-04-15 22:53:00,2024-04-15,22:53:00,68,On-time,1523,4,0
F566,JetBlue,DEN,JFK,2024-01-01 04:53:00,2024-01-01,04:53:00,101,On-time,662,4,0
F114,American Airlines,DFW,SFO,2024-01-20 10:23:00,2024-01-20,10:23:00,223,On-time,813,40,1
F1083,United,DEN,SFO,2023-05-18 02:48:00,2023-05-18,02:48:00,96,On-time,1689,73,0
F1452,American Airlines,SEA,SFO,2023-12-12 07:33:00,2023-12-12,07:33:00,138,On-time,1097,7,0
F621,United,DEN,SFO,2024-11-15 14:21:00,2024-11-15,14:21:00,249,On-time,1602,33,0
F989,American Airlines,SFO,DFW,2024-08-27 21:37:00,2024-08-27,21:37:00,216,On-time,1373,20,0
F1939,United,ATL,SEA,2024-04-24 04:28:00,2024-04-24,04:28:00,116,On-time,1116,1,0
F819,JetBlue,SEA,DFW,2024-04-19 22:46:00,2024-04-19,22:46:00,148,On-time,1271,0,0
F1466,American Airlines,LAX,DFW,2023-12-12 09:22:00,2023-12-12,09:22:00,186,On-time,1161,16,0
F1245,American Airlines,SFO,JFK,2023-10-27 16:32:00,2023-10-27,16:32:00,267,On-time,855,21,0
F1751,Delta,JFK,DFW,2024-09-19 12:11:00,2024-09-19,12:11:00,85,Delayed,1456,4,0
F1090,American Airlines,JFK,JFK,2024-06-12 10:43:00,2024-06-12,10:43:00,216,On-time,801,2,0
F627,Southwest,ORD,ORD,2023-12-04 08:54:00,2023-12-04,08:54:00,129,On-time,1179,1,0
F1977,American Airlines,DEN,LAX,2025-04-18 07:30:00,2025-04-18,07:30:00,131,On-time,1051,9,0
F502,United,ATL,DEN,2024-09-03 01:15:00,2024-09-03,01:15:00,322,On-time,490,7,0
F2000,Southwest,ATL,ORD,2023-11-06 18:58:00,2023-11-06,18:58:00,207,On-time,1288,19,0
F106,Delta,SFO,SEA,2023-11-28 22:54:00,2023-11-28,22:54:00,253,On-time,1030,7,0
F640,United,SFO,JFK,2024-07-15 12:01:00,2024-07-15,12:01:00,98,On-time,1053,0,0
F1969,Southwest,JFK,ORD,2023-10-19 06:41:00,2023-10-19,06:41:00,250,Delayed,779,7,0
F1200,United,LAX,DEN,2024-03-20 00:50:00,2024-03-20,00:50:00,150,Delayed,603,8,0
F805,JetBlue,ORD,SFO,2024-10-12 03:14:00,2024-10-12,03:14:00,141,On-time,1446,1,0
F1797,American Airlines,ATL,SFO,2024-04-08 15:24:00,2024-04-08,15:24:00,186,On-time,1517,3,0
F995,JetBlue,JFK,SEA,2023-09-09 23:51:00,2023-09-09,23:51:00,121,On-time,906,11,1
F976,American Airlines,SEA,ATL,2025-01-29 08:21:00,2025-01-29,08:21:00,182,Cancelled,1468,5,0
F675,Delta,DFW,JFK,2023-05-04 22:28:00,2023-05-04,22:28:00,184,On-time,1679,12,0
F512,United,ATL,DFW,2024-12-28 11:00:00,2024-12-28,11:00:00,177,On-time,962,25,0
F1493,Southwest,DEN,ATL,2023-06-20 23:13:00,2023-06-20,23:13:00,148,On-time,1543,9,1
F1108,JetBlue,JFK,JFK,2024-02-15 15:14:00,2024-02-15,15:14:00,255,On-time,1102,2,0
F569,United,JFK,JFK,2024-07-19 03:12:00,2024-07-19,03:12:00,163,On-time,1132,11,0
F1670,Delta,SFO,DFW,2023-06-10 20:32:00,2023-06-10,20:32:00,129,On-time,958,0,1
F1930,Delta,DFW,DFW,2024-02-10 20:57:00,2024-02-10,20:57:00,295,On-time,1452,15,0
F637,Delta,DFW,DEN,2025-01-09 02:01:00,2025-01-09,02:01:00,143,On-time,937,16,0
F935,United,LAX,LAX,2024-11-22 22:21:00,2024-11-22,22:21:00,108,On-time,1075,5,0
F1409,Delta,SEA,LAX,2024-09-08 20:55:00,2024-09-08,20:55:00,167,On-time,697,17,0
F120,United,LAX,DEN,2023-09-07 20:23:00,2023-09-07,20:23:00,160,On-time,980,10,1
F1542,American Airlines,JFK,SFO,2024-02-24 13:10:00,2024-02-24,13:10:00,110,On-time,1531,16,0
F1615,United,SEA,LAX,2024-01-11 22:15:00,2024-01-11,22:15:00,172,On-time,841,2,0
F1060,JetBlue,ATL,SEA,2024-12-01 18:21:00,2024-12-01,18:21:00,197,On-time,738,18,0
F1428,American Airlines,LAX,ORD,2024-04-02 20:40:00,2024-04-02,20:40:00,149,On-time,1198,6,0
F1918,Delta,LAX,JFK,2023-09-10 09:31:00,2023-09-10,09:31:00,166,On-time,1327,13,0
F299,Southwest,DEN,ORD,2025-04-03 22:18:00,2025-04-03,22:18:00,117,On-time,1417,5,0
F645,Delta,LAX,JFK,2025-01-25 07:32:00,2025-01-25,07:32:00,229,On-time,1106,9,0
F865,Delta,SFO,JFK,2024-04-10 19:15:00,2024-04-10,19:15:00,161,Cancelled,727,6,1
F242,Southwest,DFW,LAX,2024-06-15 12:52:00,2024-06-15,12:52:00,215,On-time,1372,25,0
F1372,American Airlines,ATL,SFO,2023-09-04 07:10:00,2023-09-04,07:10:00,210,On-time,1328,6,0
F12,American Airlines,LAX,DEN,2025-04-11 07:17:00,2025-04-11,07:17:00,178,On-time,1079,12,0
F919,Delta,LAX,DFW,2023-07-23 10:02:00,2023-07-23,10:02:00,297,On-time,1510,20,0
F1309,American Airlines,SEA,DFW,2024-10-26 06:20:00,2024-10-26,06:20:00,231,On-time,606,5,0
F1275,Delta,JFK,ATL,2023-10-15 10:47:00,2023-10-15,10:47:00,129,On-time,1093,2,1
F733,United,JFK,ORD,2024-10-22 22:06:00,2024-10-22,22:06:00,121,On-time,991,2,0
F1125,JetBlue,DEN,ORD,2024-08-29 14:26:00,2024-08-29,14:26:00,78,On-time,964,14,0
F1308,JetBlue,ATL,DEN,2024-01-05 08:59:00,2024-01-05,08:59:00,86,On-time,1089,3,0
F271,JetBlue,DEN,ATL,2025-01-04 12:03:00,2025-01-04,12:03:00,111,On-time,588,10,0
F1909,Southwest,DFW,ATL,2024-11-03 04:14:00,2024-11-03,04:14:00,156,Delayed,1390,0,0
F20,JetBlue,LAX,ORD,2023-09-23 02:46:00,2023-09-23,02:46:00,158,On-time,1677,27,0
F886,Southwest,ATL,ATL,2023-05-23 22:59:00,2023-05-23,22:59:00,204,On-time,1452,10,0
F1959,American Airlines,SEA,SFO,2023-09-03 02:36:00,2023-09-03,02:36:00,158,Delayed,1242,1,1
F5,JetBlue,SEA,DEN,2023-07-19 03:06:00,2023-07-19,03:06:00,234,On-time,1529,3,0
F607,JetBlue,ORD,LAX,2023-10-26 09:03:00,2023-10-26,09:03:00,175,On-time,1184,54,0
F385,JetBlue,ATL,SEA,2024-04-11 09:25:00,2024-04-11,09:25:00,84,On-time,938,3,0
F851,Delta,SFO,JFK,2025-02-15 14:31:00,2025-02-15,14:31:00,130,Cancelled,1150,15,0
F956,United,LAX,JFK,2025-04-22 08:49:00,2025-04-22,08:49:00,197,On-time,920,3,0
F1842,Southwest,SEA,SFO,2024-10-01 10:16:00,2024-10-01,10:16:00,193,Delayed,1010,21,0
F1298,JetBlue,SFO,SEA,2024-04-20 22:56:00,2024-04-20,22:56:00,149,On-time,1503,3,1
F560,JetBlue,JFK,SFO,2024-02-10 16:21:00,2024-02-10,16:21:00,112,Delayed,881,7,1
F610,Southwest,SEA,ORD,2024-05-23 06:22:00,2024-05-23,06:22:00,121,On-time,1299,3,0
F391,JetBlue,ORD,DFW,2024-11-09 14:23:00,2024-11-09,14:23:00,192,Cancelled,1352,1,0
F890,American Airlines,ATL,JFK,2023-07-20 17:43:00,2023-07-20,17:43:00,226,On-time,1229,3,0
F900,United,DEN,JFK,2023-12-30 02:39:00,2023-12-30,02:39:00,239,On-time,1552,4,0
F1276,Southwest,LAX,SEA,2023-08-18 23:06:00,2023-08-18,23:06:00,214,Cancelled,1572,20,1
F1122,Southwest,LAX,JFK,2024-05-10 17:31:00,2024-05-10,17:31:00,117,On-time,1252,11,0
F1588,Delta,SFO,ATL,2025-02-23 19:11:00,2025-02-23,19:11:00,250,On-time,1573,3,1
F1552,American Airlines,DFW,ATL,2024-11-04 18:06:00,2024-11-04,18:06:00,284,Delayed,1235,6,0
F1010,American Airlines,DEN,DFW,2024-10-30 07:09:00,2024-10-30,07:09:00,259,On-time,1443,12,0
F1145,Delta,LAX,SFO,2025-03-26 09:36:00,2025-03-26,09:36:00,165,On-time,1647,25,0
F724,United,JFK,SEA,2024-07-14 11:20:00,2024-07-14,11:20:00,229,On-time,1068,13,0
F836,JetBlue,SEA,ATL,2025-02-05 01:53:00,2025-02-05,01:53:00,274,On-time,982,29,0
F1728,JetBlue,ATL,LAX,2024-09-21 10:22:00,2024-09-21,10:22:00,182,On-time,1497,4,0
F1595,Delta,DEN,DFW,2025-04-16 06:07:00,2025-04-16,06:07:00,218,On-time,1392,43,0
F1737,Delta,SFO,SFO,2023-12-16 02:35:00,2023-12-16,02:35:00,162,Delayed,1146,36,0
F500,Southwest,ATL,JFK,2025-04-18 16:54:00,2025-04-18,16:54:00,134,On-time,916,17,0
F920,American Airlines,ORD,ORD,2023-07-09 23:55:00,2023-07-09,23:55:00,204,Delayed,1235,1,0
F526,Delta,DEN,LAX,2023-11-13 00:51:00,2023-11-13,00:51:00,150,On-time,1171,19,0
F1519,United,LAX,SFO,2023-09-19 04:34:00,2023-09-19,04:34:00,164,On-time,1538,10,0
F1358,Southwest,SFO,ORD,2024-03-09 00:00:00,2024-03-09,00:00:00,133,On-time,858,25,0
F631,United,SFO,LAX,2024-06-21 01:12:00,2024-06-21,01:12:00,181,On-time,1478,18,0
F1130,Delta,ORD,LAX,2023-05-23 17:29:00,2023-05-23,17:29:00,100,On-time,1388,3,0
F497,Southwest,DFW,DEN,2024-01-01 14:55:00,2024-01-01,14:55:00,142,On-time,1160,1,0
F1868,United,SFO,DFW,2023-06-28 07:49:00,2023-06-28,07:49:00,295,On-time,1628,3,1
F244,Delta,SEA,LAX,2024-01-03 00:03:00,2024-01-03,00:03:00,130,On-time,932,4,0
F541,United,ORD,DFW,2025-02-01 01:52:00,2025-02-01,01:52:00,118,Delayed,1646,2,0
F83,Delta,ATL,ORD,2024-04-16 00:26:00,2024-04-16,00:26:00,137,On-time,1218,2,1
F1150,Southwest,SEA,LAX,2025-03-25 07:53:00,2025-03-25,07:53:00,54,On-time,1427,5,0
F1199,Southwest,ATL,SFO,2024-07-13 03:32:00,2024-07-13,03:32:00,136,Delayed,1352,1,0
F1575,JetBlue,DEN,DEN,2023-09-18 20:24:00,2023-09-18,20:24:00,119,On-time,1531,4,1
F208,JetBlue,SFO,ATL,2024-10-11 10:09:00,2024-10-11,10:09:00,146,On-time,1199,4,0
F336,JetBlue,DFW,SFO,2024-09-25 15:56:00,2024-09-25,15:56:00,88,On-time,943,3,0
F1306,Delta,DFW,ORD,2024-06-04 17:12:00,2024-06-04,17:12:00,137,On-time,1404,11,0
F1970,Southwest,SEA,DFW,2023-07-18 21:38:00,2023-07-18,21:38:00,339,On-time,1715,2,0
F1477,Delta,ATL,ORD,2023-05-18 03:59:00,2023-05-18,03:59:00,146,Delayed,1522,3,0
F794,JetBlue,ATL,SEA,2024-11-09 23:20:00,2024-11-09,23:20:00,212,On-time,1066,6,0
F731,American Airlines,SEA,JFK,2023-10-06 06:09:00,2023-10-06,06:09:00,304,On-time,1532,4,1
F775,JetBlue,ATL,LAX,2024-03-14 18:51:00,2024-03-14,18:51:00,213,On-time,1258,4,0
F211,United,LAX,DFW,2024-10-21 00:15:00,2024-10-21,00:15:00,172,On-time,1611,4,0
F328,United,ATL,SEA,2024-03-11 13:24:00,2024-03-11,13:24:00,217,On-time,1286,2,0
F128,Delta,JFK,JFK,2024-08-23 21:56:00,2024-08-23,21:56:00,241,On-time,1063,1,0
F1833,Southwest,ORD,SEA,2023-11-22 06:49:00,2023-11-22,06:49:00,213,On-time,1108,1,0
F673,American Airlines,ORD,SEA,2023-05-20 18:22:00,2023-05-20,18:22:00,220,On-time,1748,3,0
F1863,American Airlines,SFO,DEN,2024-03-27 05:12:00,2024-03-27,05:12:00,201,Cancelled,868,5,1
F1433,Southwest,SEA,JFK,2023-05-10 06:38:00,2023-05-10,06:38:00,138,Delayed,1434,9,0
F655,United,SFO,SEA,2024-06-22 04:30:00,2024-06-22,04:30:00,171,On-time,1516,1,0
F1127,American Airlines,LAX,JFK,2024-04-20 22:51:00,2024-04-20,22:51:00,77,On-time,1121,7,0
F1936,Delta,ATL,DEN,2024-11-23 21:26:00,2024-11-23,21:26:00,223,On-time,1592,20,0
F1384,Southwest,DEN,ORD,2024-09-18 09:35:00,2024-09-18,09:35:00,181,On-time,1162,26,0
F1894,Southwest,SFO,SEA,2024-12-31 05:36:00,2024-12-31,05:36:00,179,On-time,1083,2,0
F171,Delta,JFK,JFK,2024-06-27 12:05:00,2024-06-27,12:05:00,107,On-time,930,9,0
F1350,American Airlines,DFW,DFW,2024-02-12 21:24:00,2024-02-12,21:24:00,176,On-time,1641,2,0
F597,Delta,DEN,DEN,2024-11-10 16:22:00,2024-11-10,16:22:00,162,On-time,1551,0,0
F647,United,SEA,DFW,2023-06-02 01:43:00,2023-06-02,01:43:00,225,On-time,1332,4,1
F415,Southwest,SFO,SEA,2023-09-20 17:29:00,2023-09-20,17:29:00,190,On-time,695,2,0
F1814,American Airlines,JFK,ORD,2024-04-11 09:53:00,2024-04-11,09:53:00,175,On-time,1154,13,0
F1890,United,DEN,SEA,2024-04-30 12:50:00,2024-04-30,12:50:00,201,On-time,1016,14,0
F1054,Delta,SEA,DEN,2023-11-01 17:44:00,2023-11-01,17:44:00,188,On-time,1276,4,0
F954,Delta,ATL,ORD,2024-10-11 07:06:00,2024-10-11,07:06:00,246,On-time,1769,4,1
F1364,American Airlines,LAX,SFO,2025-01-27 19:17:00,2025-01-27,19:17:00,175,On-time,1057,27,0
F828,American Airlines,JFK,DFW,2024-03-30 09:04:00,2024-03-30,09:04:00,89,Cancelled,1164,11,1
F1717,Delta,DFW,DFW,2024-06-09 08:34:00,2024-06-09,08:34:00,213,On-time,1294,8,0
F1444,Delta,SEA,ATL,2024-01-11 09:30:00,2024-01-11,09:30:00,205,On-time,1240,6,0
F1844,JetBlue,ATL,ATL,2023-07-09 13:15:00,2023-07-09,13:15:00,123,On-time,1271,12,0
F871,American Airlines,DFW,DEN,2024-09-17 01:23:00,2024-09-17,01:23:00,78,On-time,1156,18,1
F636,JetBlue,SEA,DEN,2025-02-15 22:43:00,2025-02-15,22:43:00,173,On-time,1277,5,0
F1282,American Airlines,ORD,SFO,2023-09-15 14:27:00,2023-09-15,14:27:00,197,On-time,642,6,0
F578,Southwest,DFW,ATL,2023-09-07 01:00:00,2023-09-07,01:00:00,216,On-time,1255,10,0
F48,Southwest,DEN,SEA,2024-12-21 03:25:00,2024-12-21,03:25:00,109,Delayed,1168,6,0
F441,Southwest,ATL,DFW,2023-10-16 16:17:00,2023-10-16,16:17:00,161,On-time,850,15,0
F1214,JetBlue,LAX,JFK,2024-01-19 07:43:00,2024-01-19,07:43:00,234,On-time,1099,5,1
F315,JetBlue,SEA,JFK,2023-04-26 19:37:00,2023-04-26,19:37:00,135,Delayed,1243,10,0
F1666,Delta,ATL,SFO,2024-07-15 17:40:00,2024-07-15,17:40:00,149,On-time,1515,24,0
F1771,JetBlue,DFW,LAX,2024-04-23 22:26:00,2024-04-23,22:26:00,247,On-time,1512,1,0
F1313,Southwest,DFW,SEA,2024-02-16 08:00:00,2024-02-16,08:00:00,92,On-time,768,11,1
F1706,United,DFW,SEA,2024-04-16 06:30:00,2024-04-16,06:30:00,203,On-time,1398,4,1
F1119,Delta,ORD,ATL,2024-02-01 12:51:00,2024-02-01,12:51:00,118,On-time,1057,15,0
F187,JetBlue,SFO,DFW,2025-04-02 00:32:00,2025-04-02,00:32:00,207,On-time,1050,16,0
F346,JetBlue,JFK,SEA,2023-12-02 12:16:00,2023-12-02,12:16:00,162,On-time,1364,20,0
F1337,American Airlines,JFK,DEN,2024-10-21 14:22:00,2024-10-21,14:22:00,226,On-time,1336,14,0
F247,Southwest,SFO,DEN,2025-01-10 02:28:00,2025-01-10,02:28:00,84,On-time,1182,7,0
F1590,Delta,DEN,ORD,2023-11-25 17:16:00,2023-11-25,17:16:00,208,On-time,1399,0,0
F1754,Delta,ORD,SEA,2023-12-30 12:47:00,2023-12-30,12:47:00,105,On-time,1466,8,0
F781,Southwest,SEA,SEA,2024-01-17 08:00:00,2024-01-17,08:00:00,284,On-time,1150,4,0
F1580,Southwest,JFK,DEN,2024-02-14 09:15:00,2024-02-14,09:15:00,197,On-time,1414,3,1
F395,American Airlines,JFK,SFO,2023-12-26 07:38:00,2023-12-26,07:38:00,86,On-time,1609,1,0
F164,American Airlines,DFW,SFO,2024-07-17 04:09:00,2024-07-17,04:09:00,108,On-time,1458,9,0
F860,Delta,SFO,DFW,2024-09-18 08:33:00,2024-09-18,08:33:00,254,On-time,1049,0,0
F1324,Delta,SFO,ATL,2025-04-17 00:10:00,2025-04-17,00:10:00,201,On-time,1340,30,0
F1749,Southwest,DEN,ATL,2024-05-11 03:20:00,2024-05-11,03:20:00,215,On-time,981,23,0
F1946,Southwest,DEN,JFK,2025-02-06 14:19:00,2025-02-06,14:19:00,191,Cancelled,1492,43,0
F1898,JetBlue,SFO,ATL,2024-02-07 07:45:00,2024-02-07,07:45:00,132,On-time,1200,5,0
F1714,American Airlines,SEA,ATL,2024-01-01 14:45:00,2024-01-01,14:45:00,232,On-time,1015,11,0
F1449,Southwest,ATL,SFO,2024-08-06 00:23:00,2024-08-06,00:23:00,264,Delayed,741,1,0
F1679,Southwest,SEA,JFK,2025-04-02 10:29:00,2025-04-02,10:29:00,134,Delayed,1458,1,0
F1478,American Airlines,SEA,SEA,2023-06-12 06:23:00,2023-06-12,06:23:00,55,On-time,986,4,1
F1327,American Airlines,DFW,SEA,2023-07-06 09:01:00,2023-07-06,09:01:00,290,On-time,1272,1,0
F1123,Southwest,JFK,DEN,2023-12-26 01:57:00,2023-12-26,01:57:00,126,On-time,1279,6,0
F66,American Airlines,LAX,ORD,2024-11-01 12:54:00,2024-11-01,12:54:00,101,On-time,850,22,0
F1966,American Airlines,SEA,DEN,2023-10-16 06:18:00,2023-10-16,06:18:00,302,Delayed,1228,3,0
F609,United,DFW,ATL,2023-09-26 13:34:00,2023-09-26,13:34:00,224,On-time,1169,3,0
F1215,Southwest,ATL,LAX,2023-08-30 03:47:00,2023-08-30,03:47:00,188,On-time,1341,7,0
F235,Delta,ATL,JFK,2023-10-23 22:03:00,2023-10-23,22:03:00,180,On-time,1421,13,0
F1348,Delta,ORD,JFK,2023-07-10 17:22:00,2023-07-10,17:22:00,136,On-time,1075,15,0
F994,Delta,SFO,SEA,2024-12-12 20:15:00,2024-12-12,20:15:00,149,On-time,1384,24,0
F281,JetBlue,ATL,ORD,2025-04-03 00:40:00,2025-04-03,00:40:00,230,On-time,815,9,1
F134,Southwest,DFW,JFK,2024-12-25 23:39:00,2024-12-25,23:39:00,200,Delayed,1254,7,0
F799,American Airlines,ATL,LAX,2023-11-12 21:50:00,2023-11-12,21:50:00,196,On-time,962,21,0
F1246,JetBlue,SEA,DEN,2023-08-17 01:01:00,2023-08-17,01:01:00,185,On-time,1018,17,0
F1266,United,DEN,ORD,2023-09-14 16:27:00,2023-09-14,16:27:00,185,On-time,609,14,1
F1002,United,DEN,ORD,2024-10-18 07:58:00,2024-10-18,07:58:00,353,Delayed,1016,4,0
F1476,Southwest,JFK,SEA,2024-07-22 20:02:00,2024-07-22,20:02:00,84,On-time,1168,51,0
F1138,American Airlines,JFK,LAX,2024-02-14 02:06:00,2024-02-14,02:06:00,234,On-time,1268,2,0
F22,American Airlines,SFO,JFK,2023-10-04 23:24:00,2023-10-04,23:24:00,146,On-time,1417,10,0
F1738,Delta,LAX,DFW,2024-09-14 21:26:00,2024-09-14,21:26:00,251,On-time,1310,10,0
F463,Delta,SEA,DEN,2023-07-01 19:41:00,2023-07-01,19:41:00,92,On-time,1642,10,0
F1354,United,DEN,DEN,2024-05-21 08:34:00,2024-05-21,08:34:00,232,On-time,1093,4,0
F446,Southwest,ATL,LAX,2024-01-18 22:19:00,2024-01-18,22:19:00,145,On-time,822,11,1
F142,Southwest,LAX,DEN,2023-11-22 01:51:00,2023-11-22,01:51:00,209,On-time,1166,11,0
F1301,Southwest,SEA,SFO,2024-09-30 01:49:00,2024-09-30,01:49:00,162,On-time,1354,4,0
F1804,Delta,LAX,LAX,2024-04-05 23:03:00,2024-04-05,23:03:00,151,On-time,1509,33,0
F1808,JetBlue,DEN,SEA,2024-03-07 01:59:00,2024-03-07,01:59:00,120,Delayed,739,15,0
F1049,Delta,JFK,LAX,2025-01-11 07:21:00,2025-01-11,07:21:00,124,On-time,1425,16,0
F720,United,DEN,DFW,2024-05-03 18:48:00,2024-05-03,18:48:00,223,On-time,1424,15,0
F1363,Delta,DEN,SFO,2023-09-05 09:18:00,2023-09-05,09:18:00,182,On-time,1416,7,0
F1528,JetBlue,ORD,ATL,2024-12-29 23:37:00,2024-12-29,23:37:00,197,On-time,953,0,1
F1678,Delta,ATL,JFK,2025-04-03 19:50:00,2025-04-03,19:50:00,139,On-time,897,9,0
F1026,United,ATL,DFW,2023-10-12 16:40:00,2023-10-12,16:40:00,249,On-time,1224,12,0
F951,American Airlines,DFW,SEA,2024-08-16 10:24:00,2024-08-16,10:24:00,118,On-time,1182,5,0
F579,Southwest,DFW,DEN,2024-01-09 01:35:00,2024-01-09,01:35:00,216,On-time,975,8,1
F402,United,ORD,DEN,2023-09-30 16:15:00,2023-09-30,16:15:00,242,On-time,1539,26,0
F1794,JetBlue,DFW,SEA,2024-08-23 05:25:00,2024-08-23,05:25:00,132,On-time,1554,34,0
F937,Delta,ATL,SFO,2023-06-03 02:21:00,2023-06-03,02:21:00,194,Delayed,983,5,0
F667,United,ORD,DEN,2023-08-20 13:49:00,2023-08-20,13:49:00,86,On-time,1526,6,0
F1798,United,ATL,ORD,2023-05-12 17:54:00,2023-05-12,17:54:00,336,Cancelled,954,6,0
F1326,Southwest,DFW,JFK,2024-03-07 05:18:00,2024-03-07,05:18:00,105,On-time,1508,6,0
F411,American Airlines,ORD,JFK,2024-10-08 15:13:00,2024-10-08,15:13:00,167,On-time,1142,2,0
F548,JetBlue,JFK,JFK,2024-03-08 17:33:00,2024-03-08,17:33:00,187,On-time,1035,0,1
F1292,JetBlue,DFW,ATL,2024-11-21 15:24:00,2024-11-21,15:24:00,176,Delayed,1741,2,0
F962,United,SEA,SEA,2024-11-04 18:52:00,2024-11-04,18:52:00,-17,On-time,827,25,0
F1103,Delta,SEA,DEN,2024-01-01 19:40:00,2024-01-01,19:40:00,173,On-time,1096,16,0
F193,American Airlines,JFK,DEN,2024-02-22 03:15:00,2024-02-22,03:15:00,230,On-time,583,35,0
F339,Delta,ORD,SEA,2024-11-16 06:08:00,2024-11-16,06:08:00,220,On-time,1616,7,0
F1342,American Airlines,DFW,LAX,2025-04-05 02:19:00,2025-04-05,02:19:00,221,On-time,1112,3,0
F1009,Delta,LAX,LAX,2025-02-20 20:23:00,2025-02-20,20:23:00,231,On-time,1112,6,1
F1772,JetBlue,DFW,SEA,2024-08-25 15:14:00,2024-08-25,15:14:00,89,On-time,1057,27,0
F1826,JetBlue,SFO,ATL,2025-04-16 10:07:00,2025-04-16,10:07:00,140,On-time,1171,12,0
F1086,Southwest,JFK,LAX,2024-02-06 15:28:00,2024-02-06,15:28:00,158,On-time,1117,10,0
F151,Southwest,SEA,ORD,2025-04-06 20:09:00,2025-04-06,20:09:00,198,On-time,838,20,0
F475,JetBlue,LAX,DFW,2023-06-11 06:44:00,2023-06-11,06:44:00,217,On-time,1208,4,0
F1490,JetBlue,JFK,JFK,2023-10-26 04:11:00,2023-10-26,04:11:00,127,On-time,1171,1,0
F260,Delta,LAX,ATL,2023-12-10 07:37:00,2023-12-10,07:37:00,131,On-time,1377,2,0
F606,Delta,JFK,SFO,2023-08-29 09:59:00,2023-08-29,09:59:00,170,On-time,1210,5,0
F573,Southwest,LAX,DFW,2024-11-01 20:10:00,2024-11-01,20:10:00,216,On-time,646,11,0
F727,Southwest,LAX,LAX,2023-12-01 23:02:00,2023-12-01,23:02:00,250,Cancelled,1666,8,0
F221,Delta,SEA,DFW,2023-11-12 04:14:00,2023-11-12,04:14:00,255,Delayed,821,30,1
F419,American Airlines,JFK,ATL,2025-01-25 20:27:00,2025-01-25,20:27:00,331,On-time,1246,27,0
F1463,American Airlines,DEN,LAX,2023-08-22 11:57:00,2023-08-22,11:57:00,96,On-time,801,20,1
F414,Southwest,SFO,DEN,2024-01-14 00:50:00,2024-01-14,00:50:00,381,On-time,1230,12,1
F1393,Delta,SFO,SFO,2025-01-07 08:13:00,2025-01-07,08:13:00,78,Delayed,979,19,0
F1111,United,DFW,ORD,2023-10-18 18:34:00,2023-10-18,18:34:00,104,Delayed,497,12,0
F326,JetBlue,DFW,SEA,2025-04-06 15:28:00,2025-04-06,15:28:00,229,On-time,1006,1,0
F1954,Southwest,ATL,DFW,2024-12-10 04:40:00,2024-12-10,04:40:00,192,On-time,1126,5,0
F968,JetBlue,ATL,ORD,2024-01-19 18:30:00,2024-01-19,18:30:00,126,On-time,830,5,0
F424,JetBlue,ATL,ORD,2024-08-06 16:30:00,2024-08-06,16:30:00,162,Cancelled,799,7,0
F1144,American Airlines,SFO,ORD,2023-12-22 17:06:00,2023-12-22,17:06:00,97,On-time,1023,1,0
F1870,Southwest,SFO,DFW,2025-01-16 07:19:00,2025-01-16,07:19:00,171,On-time,1197,2,0
F1927,American Airlines,DEN,SEA,2025-03-02 18:43:00,2025-03-02,18:43:00,69,On-time,1630,4,0
F323,United,DEN,ORD,2023-05-26 22:49:00,2023-05-26,22:49:00,197,On-time,1226,7,0
F1504,JetBlue,LAX,JFK,2023-08-13 16:00:00,2023-08-13,16:00:00,121,On-time,759,4,0
F297,American Airlines,JFK,DFW,2024-04-19 23:51:00,2024-04-19,23:51:00,223,Delayed,968,10,1
F811,American Airlines,ORD,ORD,2024-12-17 03:44:00,2024-12-17,03:44:00,152,Delayed,593,2,0
F1038,United,DFW,DEN,2024-07-18 12:22:00,2024-07-18,12:22:00,110,On-time,436,6,0
F1180,Southwest,ATL,DFW,2024-11-12 22:50:00,2024-11-12,22:50:00,100,On-time,1000,2,0
F992,United,ORD,ATL,2023-06-03 04:48:00,2023-06-03,04:48:00,259,Delayed,1034,5,0
F1321,JetBlue,ATL,SEA,2024-09-07 16:07:00,2024-09-07,16:07:00,176,Delayed,1009,1,0
F863,American Airlines,LAX,JFK,2024-08-16 18:53:00,2024-08-16,18:53:00,223,On-time,1424,18,0
F1558,Southwest,DFW,ORD,2024-11-18 03:53:00,2024-11-18,03:53:00,190,Delayed,1254,8,0
F1161,JetBlue,DFW,SFO,2024-03-03 19:07:00,2024-03-03,19:07:00,179,Delayed,1516,8,0
F1264,United,DEN,ORD,2024-01-16 12:53:00,2024-01-16,12:53:00,170,On-time,1267,9,0
F1643,United,SEA,DEN,2024-01-15 12:38:00,2024-01-15,12:38:00,155,On-time,870,14,0
F1625,American Airlines,ORD,DFW,2025-04-19 23:58:00,2025-04-19,23:58:00,269,On-time,1352,21,0
F220,Delta,JFK,ATL,2023-09-23 15:37:00,2023-09-23,15:37:00,76,Cancelled,1409,9,0
F87,United,JFK,JFK,2023-07-01 09:46:00,2023-07-01,09:46:00,183,Delayed,827,28,0
F736,Delta,DFW,SEA,2024-10-26 11:16:00,2024-10-26,11:16:00,181,On-time,1689,13,1
F1849,JetBlue,SEA,SEA,2024-11-20 22:46:00,2024-11-20,22:46:00,215,On-time,919,7,0
F1469,JetBlue,LAX,DEN,2023-11-21 05:29:00,2023-11-21,05:29:00,102,Delayed,1048,2,0
F525,Southwest,ORD,SEA,2023-07-21 14:31:00,2023-07-21,14:31:00,190,On-time,1109,1,0
F680,Delta,SEA,DFW,2024-10-11 17:41:00,2024-10-11,17:41:00,208,On-time,1266,14,0
F849,JetBlue,DFW,SFO,2024-03-09 15:16:00,2024-03-09,15:16:00,209,Delayed,1139,3,0
F1644,Southwest,JFK,DEN,2024-04-25 19:01:00,2024-04-25,19:01:00,231,On-time,1226,5,0
F1654,JetBlue,DFW,ATL,2024-09-03 05:31:00,2024-09-03,05:31:00,247,On-time,868,1,0
F41,JetBlue,ATL,SFO,2025-04-11 17:45:00,2025-04-11,17:45:00,202,On-time,1512,3,1
F49,American Airlines,ATL,DEN,2024-08-18 00:46:00,2024-08-18,00:46:00,179,On-time,715,2,0
F1421,American Airlines,SFO,ORD,2023-09-16 17:51:00,2023-09-16,17:51:00,193,On-time,472,13,0
F1392,JetBlue,SFO,DEN,2024-07-20 07:54:00,2024-07-20,07:54:00,108,Cancelled,583,7,0
F930,Delta,ORD,LAX,2025-01-25 15:01:00,2025-01-25,15:01:00,34,On-time,1168,40,1
F555,American Airlines,ORD,LAX,2024-10-14 23:38:00,2024-10-14,23:38:00,209,On-time,1302,14,1
F1633,JetBlue,JFK,LAX,2024-05-10 07:59:00,2024-05-10,07:59:00,317,On-time,1310,2,0
F705,American Airlines,SFO,ORD,2024-05-28 13:28:00,2024-05-28,13:28:00,83,On-time,1401,9,0
F443,United,DEN,DFW,2024-01-03 06:16:00,2024-01-03,06:16:00,264,On-time,1050,2,0
F1661,Southwest,SFO,JFK,2025-04-10 19:36:00,2025-04-10,19:36:00,152,On-time,1213,27,0
F764,American Airlines,ATL,JFK,2023-05-08 07:55:00,2023-05-08,07:55:00,228,On-time,702,14,0
F152,JetBlue,ATL,DEN,2025-03-30 23:55:00,2025-03-30,23:55:00,190,On-time,1251,4,1
F1422,Southwest,ATL,JFK,2023-12-02 18:12:00,2023-12-02,18:12:00,151,On-time,1486,10,0
F1723,JetBlue,DFW,JFK,2024-06-30 09:23:00,2024-06-30,09:23:00,214,On-time,1241,12,0
F1198,JetBlue,ORD,JFK,2024-05-20 05:37:00,2024-05-20,05:37:00,73,On-time,1315,29,0
F1568,Southwest,DEN,ORD,2024-06-06 20:21:00,2024-06-06,20:21:00,128,On-time,1136,22,1
F376,JetBlue,SFO,LAX,2023-09-24 22:10:00,2023-09-24,22:10:00,258,On-time,1421,2,0
F1375,Delta,SEA,LAX,2025-01-04 14:43:00,2025-01-04,14:43:00,223,Cancelled,1373,44,0
F955,Delta,JFK,JFK,2024-02-21 01:57:00,2024-02-21,01:57:00,106,On-time,1082,3,0
F30,United,SEA,DFW,2024-12-08 05:44:00,2024-12-08,05:44:00,289,On-time,863,1,0
F1803,American Airlines,LAX,ORD,2024-11-28 08:35:00,2024-11-28,08:35:00,184,On-time,1425,11,0
F1547,Delta,JFK,SFO,2025-02-28 14:00:00,2025-02-28,14:00:00,262,On-time,1564,12,0
F1864,American Airlines,ATL,SEA,2023-07-11 00:00:00,2023-07-11,00:00:00,229,On-time,1312,4,0
F1100,Delta,DFW,LAX,2023-12-05 02:20:00,2023-12-05,02:20:00,253,On-time,1149,13,0
F1325,American Airlines,DEN,ORD,2023-06-20 11:44:00,2023-06-20,11:44:00,78,On-time,1769,2,1
F431,Southwest,ORD,SFO,2024-10-20 10:55:00,2024-10-20,10:55:00,219,On-time,1302,3,0
F1963,American Airlines,SFO,ATL,2023-12-14 00:21:00,2023-12-14,00:21:00,185,On-time,1638,8,0
F1498,JetBlue,LAX,SFO,2024-01-05 13:47:00,2024-01-05,13:47:00,168,On-time,1526,2,0
F870,Southwest,ATL,ORD,2024-07-05 03:24:00,2024-07-05,03:24:00,180,On-time,1245,7,0
F1769,Southwest,ORD,JFK,2024-06-21 19:01:00,2024-06-21,19:01:00,113,Delayed,838,10,0
F1559,JetBlue,JFK,ORD,2024-12-26 01:49:00,2024-12-26,01:49:00,214,On-time,1369,7,0
F439,United,DFW,DFW,2024-09-28 08:40:00,2024-09-28,08:40:00,80,Delayed,1711,2,0
F1708,United,SFO,SEA,2023-10-14 08:40:00,2023-10-14,08:40:00,120,On-time,1600,16,0
F1259,American Airlines,SFO,SFO,2025-03-02 08:23:00,2025-03-02,08:23:00,226,On-time,1208,20,0
F612,Delta,ORD,DEN,2023-11-14 04:12:00,2023-11-14,04:12:00,137,On-time,1228,11,0
F867,JetBlue,ATL,DEN,2024-05-17 22:10:00,2024-05-17,22:10:00,140,On-time,1303,3,1
F1084,Delta,ORD,LAX,2024-04-24 09:03:00,2024-04-24,09:03:00,251,On-time,1404,8,0
F969,United,ATL,LAX,2023-12-09 01:55:00,2023-12-09,01:55:00,203,On-time,1313,15,0
F322,United,JFK,SEA,2024-07-25 17:57:00,2024-07-25,17:57:00,103,Delayed,863,6,0
F1248,Delta,SFO,SEA,2024-12-02 06:17:00,2024-12-02,06:17:00,148,On-time,1677,8,0
F777,United,ATL,SEA,2023-11-06 10:48:00,2023-11-06,10:48:00,197,Cancelled,1395,31,0
F363,American Airlines,JFK,JFK,2025-02-07 11:36:00,2025-02-07,11:36:00,161,Delayed,1358,2,0
F1398,United,JFK,SEA,2024-05-07 16:45:00,2024-05-07,16:45:00,262,On-time,1825,9,0
F1544,Delta,JFK,DEN,2024-01-22 07:11:00,2024-01-22,07:11:00,206,On-time,1632,10,1
F225,Southwest,DEN,JFK,2024-04-12 15:28:00,2024-04-12,15:28:00,292,On-time,859,22,0
F65,Delta,SFO,LAX,2024-01-07 12:15:00,2024-01-07,12:15:00,109,On-time,1099,21,0
F1640,Delta,DEN,SFO,2024-10-18 20:37:00,2024-10-18,20:37:00,231,On-time,1287,2,0
F1284,Delta,ATL,JFK,2024-12-29 12:18:00,2024-12-29,12:18:00,86,On-time,1623,3,0
F2,JetBlue,DFW,ORD,2024-01-05 12:45:00,2024-01-05,12:45:00,111,Cancelled,779,11,0
F1921,Delta,DEN,LAX,2023-07-24 13:10:00,2023-07-24,13:10:00,205,On-time,1082,13,0
F1126,American Airlines,JFK,LAX,2024-09-06 12:13:00,2024-09-06,12:13:00,225,On-time,787,0,0
F1169,JetBlue,SFO,ATL,2025-02-28 13:44:00,2025-02-28,13:44:00,87,Delayed,811,4,0
F1693,Southwest,LAX,DEN,2024-06-12 01:10:00,2024-06-12,01:10:00,194,Cancelled,1253,19,0
F1746,United,ATL,ATL,2024-10-04 18:07:00,2024-10-04,18:07:00,189,On-time,1091,2,1
F1819,Southwest,ATL,DFW,2024-05-24 00:35:00,2024-05-24,00:35:00,156,On-time,1353,13,0
F742,United,SEA,ATL,2023-04-25 14:45:00,2023-04-25,14:45:00,123,On-time,963,2,0
F767,Southwest,JFK,ORD,2024-05-03 04:16:00,2024-05-03,04:16:00,184,On-time,1541,20,0
F1703,JetBlue,ORD,ORD,2024-02-12 04:32:00,2024-02-12,04:32:00,299,On-time,1032,3,1
F1465,United,DEN,ORD,2024-02-27 01:35:00,2024-02-27,01:35:00,229,On-time,1034,3,0
F671,Southwest,DEN,ORD,2024-03-25 04:39:00,2024-03-25,04:39:00,226,On-time,1607,39,1
F76,United,SEA,JFK,2023-12-04 05:55:00,2023-12-04,05:55:00,150,On-time,996,1,0
F486,Delta,ATL,DFW,2023-09-21 15:35:00,2023-09-21,15:35:00,109,On-time,1123,30,0
F534,Southwest,SFO,LAX,2023-11-14 00:04:00,2023-11-14,00:04:00,152,Delayed,1305,26,0
F1323,JetBlue,ORD,ORD,2023-06-28 15:25:00,2023-06-28,15:25:00,229,On-time,779,0,1
F846,American Airlines,DFW,LAX,2023-12-05 22:03:00,2023-12-05,22:03:00,279,On-time,1144,5,0
F792,American Airlines,DFW,SEA,2024-11-05 18:53:00,2024-11-05,18:53:00,155,On-time,1141,7,0
F1052,Delta,ORD,ORD,2024-01-13 22:19:00,2024-01-13,22:19:00,186,On-time,904,9,0
F562,JetBlue,LAX,JFK,2024-02-21 20:42:00,2024-02-21,20:42:00,187,On-time,666,13,0
F61,American Airlines,JFK,SEA,2023-05-17 16:17:00,2023-05-17,16:17:00,138,On-time,1156,51,0
F510,JetBlue,ORD,LAX,2024-08-16 07:22:00,2024-08-16,07:22:00,269,On-time,1259,2,0
F630,American Airlines,ATL,ORD,2023-09-13 04:13:00,2023-09-13,04:13:00,147,On-time,984,48,0
F470,United,ORD,DFW,2024-05-16 11:36:00,2024-05-16,11:36:00,207,On-time,960,12,0
F195,American Airlines,ORD,SEA,2023-10-10 10:12:00,2023-10-10,10:12:00,177,On-time,1099,0,0
F719,Delta,DEN,LAX,2023-10-21 01:06:00,2023-10-21,01:06:00,155,On-time,1170,4,0
F1729,United,SFO,ATL,2023-12-28 09:18:00,2023-12-28,09:18:00,153,On-time,1100,10,0
F460,Delta,DFW,JFK,2024-01-26 03:36:00,2024-01-26,03:36:00,197,On-time,1154,22,0
F810,JetBlue,DEN,ATL,2023-08-18 16:43:00,2023-08-18,16:43:00,251,On-time,1152,16,0
F769,United,ORD,ORD,2024-07-19 02:51:00,2024-07-19,02:51:00,170,Delayed,904,0,0
F270,Southwest,ORD,ORD,2024-04-24 12:09:00,2024-04-24,12:09:00,322,On-time,812,7,0
F184,United,DFW,ORD,2023-07-26 03:59:00,2023-07-26,03:59:00,229,On-time,1373,2,0
F1022,Southwest,LAX,LAX,2024-05-11 11:54:00,2024-05-11,11:54:00,197,Delayed,1125,2,0
F1446,American Airlines,ATL,LAX,2024-12-28 22:16:00,2024-12-28,22:16:00,132,On-time,1338,6,0
F558,American Airlines,SFO,JFK,2024-08-09 14:09:00,2024-08-09,14:09:00,53,On-time,1396,13,0
F150,United,DFW,DEN,2025-04-22 01:47:00,2025-04-22,01:47:00,187,On-time,876,5,0
F1389,United,JFK,DFW,2024-04-03 05:10:00,2024-04-03,05:10:00,75,On-time,836,17,0
F565,Southwest,SEA,ATL,2024-08-24 20:00:00,2024-08-24,20:00:00,225,On-time,1496,2,0
F1362,JetBlue,ORD,SEA,2025-01-29 22:00:00,2025-01-29,22:00:00,203,On-time,1485,2,0
F628,United,SFO,ATL,2024-01-14 16:21:00,2024-01-14,16:21:00,358,On-time,636,3,0
F1065,United,ORD,ORD,2024-02-02 04:26:00,2024-02-02,04:26:00,92,On-time,1283,5,0
F1416,American Airlines,DFW,ATL,2023-06-05 23:06:00,2023-06-05,23:06:00,148,Delayed,950,12,0
F1652,Southwest,SEA,DFW,2023-05-02 22:59:00,2023-05-02,22:59:00,276,On-time,1524,11,0
F162,Southwest,DFW,SFO,2023-08-15 18:05:00,2023-08-15,18:05:00,147,On-time,1349,6,0
F1496,Delta,DEN,ORD,2025-03-06 04:49:00,2025-03-06,04:49:00,169,On-time,1164,4,0
F1937,JetBlue,LAX,ORD,2024-07-02 09:46:00,2024-07-02,09:46:00,229,On-time,1590,20,0
F1790,Southwest,DEN,SFO,2023-11-27 14:19:00,2023-11-27,14:19:00,109,Delayed,1279,0,0
F766,Southwest,ORD,ORD,2024-09-28 22:55:00,2024-09-28,22:55:00,90,Delayed,1312,1,0
F635,American Airlines,LAX,DEN,2024-07-10 10:51:00,2024-07-10,10:51:00,233,Cancelled,1455,5,0
F812,Southwest,ATL,JFK,2023-05-15 23:16:00,2023-05-15,23:16:00,150,On-time,1590,0,0
F897,Delta,SEA,JFK,2024-06-23 23:51:00,2024-06-23,23:51:00,51,Delayed,1527,13,0
F289,American Airlines,SFO,DEN,2025-01-13 19:36:00,2025-01-13,19:36:00,247,Delayed,1528,15,1
F752,JetBlue,LAX,JFK,2024-10-27 18:28:00,2024-10-27,18:28:00,246,On-time,1355,12,0
F661,JetBlue,SEA,ORD,2025-04-19 23:15:00,2025-04-19,23:15:00,191,On-time,1052,9,0
F1182,Southwest,DEN,SEA,2024-01-22 13:33:00,2024-01-22,13:33:00,304,Cancelled,1283,14,0
F608,United,ORD,LAX,2025-01-17 05:48:00,2025-01-17,05:48:00,270,On-time,1209,2,0
F522,Southwest,LAX,DFW,2025-01-14 12:30:00,2025-01-14,12:30:00,171,On-time,1015,0,1
F1821,Southwest,ATL,JFK,2024-04-07 13:31:00,2024-04-07,13:31:00,61,On-time,1201,13,1
F92,American Airlines,ORD,DFW,2024-03-11 16:31:00,2024-03-11,16:31:00,176,Delayed,942,4,0
F300,Southwest,ORD,SFO,2025-01-24 16:46:00,2025-01-24,16:46:00,131,On-time,859,10,0
F1767,Southwest,JFK,SFO,2024-11-16 10:59:00,2024-11-16,10:59:00,87,On-time,1640,9,0
F1040,Southwest,JFK,SEA,2023-06-24 09:46:00,2023-06-24,09:46:00,161,On-time,1085,0,0
F1879,JetBlue,ATL,DEN,2024-05-29 16:36:00,2024-05-29,16:36:00,183,Delayed,672,3,0
F1562,United,SEA,SEA,2023-08-02 16:17:00,2023-08-02,16:17:00,173,On-time,1439,8,0
F1534,United,SFO,ATL,2024-11-20 10:02:00,2024-11-20,10:02:00,200,On-time,1318,18,0
F196,JetBlue,LAX,SFO,2024-06-13 22:20:00,2024-06-13,22:20:00,244,On-time,1102,5,0
F1494,Delta,DFW,DFW,2023-11-18 02:13:00,2023-11-18,02:13:00,164,Delayed,1618,4,0
F1667,JetBlue,JFK,JFK,2024-10-04 16:23:00,2024-10-04,16:23:00,196,On-time,1316,2,0
F272,United,LAX,LAX,2024-05-18 14:34:00,2024-05-18,14:34:00,52,On-time,1463,5,0
F1981,JetBlue,DFW,ORD,2023-08-25 17:54:00,2023-08-25,17:54:00,305,On-time,1601,4,0
F738,JetBlue,LAX,SEA,2024-06-03 02:28:00,2024-06-03,02:28:00,172,Delayed,1095,11,0
F1497,JetBlue,ORD,SEA,2023-07-10 08:14:00,2023-07-10,08:14:00,69,On-time,613,15,1
F1316,JetBlue,JFK,ORD,2024-12-23 04:56:00,2024-12-23,04:56:00,54,On-time,1126,10,0
F1373,American Airlines,JFK,SEA,2023-08-28 06:08:00,2023-08-28,06:08:00,211,On-time,1389,2,1
F18,Delta,SEA,SFO,2025-01-08 04:01:00,2025-01-08,04:01:00,157,On-time,1066,1,0
F1778,Southwest,ATL,DEN,2023-07-06 23:30:00,2023-07-06,23:30:00,254,On-time,1300,3,1
F536,JetBlue,SFO,JFK,2024-09-26 18:23:00,2024-09-26,18:23:00,84,On-time,1850,12,1
F1660,American Airlines,ORD,DFW,2024-02-04 11:41:00,2024-02-04,11:41:00,182,On-time,1410,6,0
F1300,United,LAX,JFK,2024-06-04 01:44:00,2024-06-04,01:44:00,116,On-time,824,45,0
F614,American Airlines,JFK,ATL,2024-02-03 19:13:00,2024-02-03,19:13:00,60,On-time,1017,33,0
F1784,JetBlue,DFW,SEA,2023-10-31 19:40:00,2023-10-31,19:40:00,172,On-time,1388,1,0
F1051,American Airlines,SFO,SFO,2024-05-18 22:01:00,2024-05-18,22:01:00,119,On-time,814,19,0
F524,JetBlue,LAX,SEA,2024-12-02 06:17:00,2024-12-02,06:17:00,273,On-time,1155,12,0
F1885,United,LAX,ATL,2023-05-13 14:10:00,2023-05-13,14:10:00,98,On-time,748,1,0
F204,JetBlue,LAX,JFK,2025-02-23 23:08:00,2025-02-23,23:08:00,219,On-time,1563,29,1
F1598,JetBlue,SFO,LAX,2024-12-02 10:13:00,2024-12-02,10:13:00,237,On-time,1357,18,0
F1097,Southwest,JFK,SEA,2024-12-09 10:59:00,2024-12-09,10:59:00,298,On-time,830,4,0
F359,JetBlue,DFW,DEN,2024-09-23 14:16:00,2024-09-23,14:16:00,223,On-time,1165,5,0
F1343,Southwest,SEA,ORD,2023-10-01 16:01:00,2023-10-01,16:01:00,161,On-time,1507,6,0
F1181,Southwest,ATL,SFO,2023-09-25 18:28:00,2023-09-25,18:28:00,101,On-time,1319,8,0
F1899,Southwest,DFW,JFK,2024-11-15 20:12:00,2024-11-15,20:12:00,133,On-time,1181,12,0
F347,American Airlines,ORD,SFO,2023-08-17 05:19:00,2023-08-17,05:19:00,175,On-time,1129,7,0
F730,Delta,ORD,DEN,2023-05-03 09:25:00,2023-05-03,09:25:00,173,On-time,1323,1,0
F172,American Airlines,SFO,ATL,2025-01-08 16:10:00,2025-01-08,16:10:00,251,On-time,1277,5,0
F1891,American Airlines,LAX,SEA,2023-12-10 22:17:00,2023-12-10,22:17:00,142,On-time,920,10,1
F654,American Airlines,DFW,SEA,2023-05-07 12:48:00,2023-05-07,12:48:00,113,On-time,1225,18,0
F1241,United,ORD,DFW,2023-09-12 07:52:00,2023-09-12,07:52:00,137,On-time,1196,18,0
F440,JetBlue,SFO,SFO,2024-03-31 22:23:00,2024-03-31,22:23:00,252,On-time,1354,18,0
F617,United,DEN,SEA,2025-04-08 10:40:00,2025-04-08,10:40:00,203,On-time,769,4,1
F1895,Delta,DEN,DFW,2024-04-18 09:47:00,2024-04-18,09:47:00,292,On-time,967,5,0
F977,Southwest,LAX,LAX,2024-08-27 14:49:00,2024-08-27,14:49:00,161,On-time,1368,8,1
F1474,Delta,SEA,JFK,2025-04-11 07:11:00,2025-04-11,07:11:00,182,On-time,1806,8,0
F1404,United,ORD,SFO,2024-06-17 09:54:00,2024-06-17,09:54:00,225,Delayed,1160,20,0
F1267,American Airlines,ATL,SEA,2024-05-26 19:53:00,2024-05-26,19:53:00,255,On-time,1059,13,1
F231,Southwest,DEN,LAX,2023-06-07 19:29:00,2023-06-07,19:29:00,212,On-time,785,19,0
F122,JetBlue,ORD,SFO,2024-12-23 21:45:00,2024-12-23,21:45:00,183,Delayed,1861,8,0
F1960,United,SFO,DFW,2024-04-30 10:29:00,2024-04-30,10:29:00,231,Delayed,1134,2,1
F1223,JetBlue,ATL,DEN,2024-06-30 01:04:00,2024-06-30,01:04:00,138,On-time,1255,3,0
F1018,Southwest,DFW,DEN,2023-06-13 07:25:00,2023-06-13,07:25:00,268,On-time,1256,37,0
F978,American Airlines,ORD,DEN,2023-09-07 21:19:00,2023-09-07,21:19:00,71,On-time,1451,1,0
F885,Southwest,SEA,JFK,2023-11-18 03:38:00,2023-11-18,03:38:00,249,On-time,1018,16,1
F709,JetBlue,SFO,JFK,2024-10-23 15:00:00,2024-10-23,15:00:00,119,On-time,1164,13,0
F876,Southwest,DEN,JFK,2024-05-16 00:13:00,2024-05-16,00:13:00,202,On-time,1161,25,0
F1579,Delta,JFK,ATL,2024-02-09 00:12:00,2024-02-09,00:12:00,209,On-time,998,2,1
F373,Southwest,JFK,SEA,2024-12-15 17:33:00,2024-12-15,17:33:00,185,Delayed,649,10,0
F81,Southwest,JFK,SFO,2024-01-22 13:13:00,2024-01-22,13:13:00,233,On-time,734,20,0
F1431,United,DFW,DEN,2023-12-26 22:29:00,2023-12-26,22:29:00,61,Cancelled,1226,10,1
F254,Delta,DFW,DFW,2023-06-16 14:04:00,2023-06-16,14:04:00,227,On-time,1118,33,1
F1341,American Airlines,SFO,ORD,2024-03-26 04:50:00,2024-03-26,04:50:00,171,On-time,1369,7,0
F1904,United,ORD,DEN,2024-12-24 15:16:00,2024-12-24,15:16:00,167,Delayed,894,8,0
F1176,JetBlue,JFK,DEN,2024-03-17 05:09:00,2024-03-17,05:09:00,256,On-time,1121,4,0
F1613,United,ORD,DFW,2024-10-12 05:10:00,2024-10-12,05:10:00,247,Delayed,1263,4,0
F490,Southwest,ORD,LAX,2024-02-21 20:27:00,2024-02-21,20:27:00,154,On-time,1108,6,0
F1395,JetBlue,JFK,DEN,2024-08-09 09:20:00,2024-08-09,09:20:00,248,On-time,1258,19,1
F77,JetBlue,DEN,ORD,2024-01-28 05:32:00,2024-01-28,05:32:00,217,Delayed,913,1,1
F1520,American Airlines,SEA,SFO,2023-05-02 02:54:00,2023-05-02,02:54:00,192,Cancelled,652,1,0
F112,JetBlue,JFK,DFW,2024-09-08 18:32:00,2024-09-08,18:32:00,174,On-time,1676,7,0
F1192,United,DFW,ORD,2023-07-05 05:11:00,2023-07-05,05:11:00,276,On-time,1295,14,0
F643,Southwest,SEA,JFK,2024-02-26 19:30:00,2024-02-26,19:30:00,195,On-time,1133,6,0
F1247,JetBlue,DFW,JFK,2025-03-31 14:40:00,2025-03-31,14:40:00,232,On-time,593,3,0
F1386,Delta,LAX,LAX,2025-04-03 01:13:00,2025-04-03,01:13:00,184,Delayed,875,31,0
F105,JetBlue,JFK,DFW,2025-02-15 07:18:00,2025-02-15,07:18:00,197,Delayed,795,1,0
F1482,Delta,JFK,DFW,2024-08-09 04:39:00,2024-08-09,04:39:00,100,On-time,830,38,0
F1793,Southwest,LAX,SFO,2023-06-30 02:12:00,2023-06-30,02:12:00,278,Delayed,922,14,0
F891,American Airlines,SEA,SEA,2023-08-18 20:14:00,2023-08-18,20:14:00,231,On-time,896,2,0
F806,Southwest,DEN,SEA,2023-05-27 22:49:00,2023-05-27,22:49:00,289,On-time,1441,47,0
F802,American Airlines,DEN,ATL,2024-04-18 06:26:00,2024-04-18,06:26:00,288,On-time,1434,5,0
F233,Southwest,JFK,DEN,2023-08-01 07:22:00,2023-08-01,07:22:00,101,On-time,1885,10,1
F535,JetBlue,ORD,SFO,2025-04-02 02:35:00,2025-04-02,02:35:00,175,On-time,1076,28,1
F476,JetBlue,ORD,ORD,2024-06-14 18:32:00,2024-06-14,18:32:00,174,On-time,1870,4,0
F1867,JetBlue,DEN,JFK,2025-03-05 06:39:00,2025-03-05,06:39:00,309,On-time,1389,10,1
F778,Delta,ORD,ORD,2023-07-23 06:04:00,2023-07-23,06:04:00,238,On-time,945,24,0
F1991,Delta,DEN,SFO,2024-05-01 13:05:00,2024-05-01,13:05:00,154,On-time,1296,0,0
F1057,Delta,DEN,DFW,2024-05-17 09:08:00,2024-05-17,09:08:00,373,On-time,1266,2,0
F1079,Delta,JFK,DEN,2023-08-26 18:09:00,2023-08-26,18:09:00,144,Delayed,1621,30,0
F583,Southwest,SFO,JFK,2024-05-26 18:04:00,2024-05-26,18:04:00,212,On-time,943,22,0
F205,Delta,SFO,JFK,2024-02-23 22:05:00,2024-02-23,22:05:00,229,Cancelled,1476,3,0
F717,JetBlue,SEA,LAX,2024-08-16 05:28:00,2024-08-16,05:28:00,97,On-time,1475,1,0
F1257,United,DFW,JFK,2024-02-08 06:43:00,2024-02-08,06:43:00,246,On-time,1239,8,0
F374,American Airlines,SFO,JFK,2024-08-17 03:05:00,2024-08-17,03:05:00,163,On-time,1462,15,0
F666,Delta,DFW,SEA,2025-01-13 09:46:00,2025-01-13,09:46:00,205,On-time,1198,6,0
F648,American Airlines,LAX,LAX,2023-07-22 14:52:00,2023-07-22,14:52:00,55,On-time,1421,3,0
F1462,American Airlines,DEN,SEA,2023-08-03 02:23:00,2023-08-03,02:23:00,252,On-time,769,2,0
F1869,American Airlines,LAX,LAX,2024-08-01 19:43:00,2024-08-01,19:43:00,78,Delayed,1260,19,0
F31,United,ORD,SFO,2025-04-03 20:33:00,2025-04-03,20:33:00,261,Cancelled,1373,10,1
F131,JetBlue,DEN,SEA,2023-06-28 10:58:00,2023-06-28,10:58:00,248,On-time,1683,6,1
F1438,American Airlines,ATL,JFK,2023-09-10 03:05:00,2023-09-10,03:05:00,219,On-time,1342,0,1
F925,American Airlines,SFO,DFW,2025-03-11 22:52:00,2025-03-11,22:52:00,164,Delayed,1581,3,0
F1304,United,SEA,ORD,2025-01-07 06:05:00,2025-01-07,06:05:00,191,Cancelled,1100,5,0
F540,American Airlines,LAX,DFW,2024-08-26 08:11:00,2024-08-26,08:11:00,234,On-time,1791,4,0
F515,JetBlue,JFK,SEA,2024-05-29 21:07:00,2024-05-29,21:07:00,182,Cancelled,1296,1,0
F1019,Southwest,SEA,DEN,2025-03-09 20:20:00,2025-03-09,20:20:00,245,On-time,1182,3,0
F563,Southwest,SEA,SFO,2023-12-06 14:02:00,2023-12-06,14:02:00,193,Cancelled,1274,24,0
F264,Southwest,SFO,SFO,2024-12-19 08:29:00,2024-12-19,08:29:00,242,On-time,1197,2,0
F421,JetBlue,LAX,ATL,2024-12-06 14:44:00,2024-12-06,14:44:00,154,Delayed,1013,14,1
F1866,JetBlue,JFK,ATL,2024-03-16 18:57:00,2024-03-16,18:57:00,171,On-time,1484,28,0
F1000,Southwest,DFW,JFK,2023-12-05 07:04:00,2023-12-05,07:04:00,106,On-time,1215,8,1
F79,Southwest,JFK,DEN,2025-02-07 10:57:00,2025-02-07,10:57:00,179,On-time,1092,16,0
F917,United,SEA,SEA,2023-09-17 02:42:00,2023-09-17,02:42:00,215,On-time,1303,26,0
F996,American Airlines,ATL,LAX,2023-12-26 20:57:00,2023-12-26,20:57:00,286,On-time,1094,23,0
F1669,Southwest,ATL,DEN,2025-03-16 09:10:00,2025-03-16,09:10:00,170,On-time,863,5,0
F693,American Airlines,LAX,SEA,2023-12-23 09:22:00,2023-12-23,09:22:00,224,On-time,1474,4,0
F1217,United,DEN,SFO,2024-03-26 13:35:00,2024-03-26,13:35:00,115,Delayed,1012,3,1
F1379,American Airlines,ORD,DEN,2025-03-04 08:30:00,2025-03-04,08:30:00,217,On-time,1279,1,0
F1571,United,JFK,SFO,2024-02-10 10:53:00,2024-02-10,10:53:00,148,On-time,961,8,1
F809,United,ATL,ORD,2024-05-04 04:21:00,2024-05-04,04:21:00,228,On-time,1024,3,0
F448,Southwest,ATL,SFO,2024-03-31 05:48:00,2024-03-31,05:48:00,242,On-time,1760,15,0
F980,Delta,DFW,SFO,2023-05-20 08:17:00,2023-05-20,08:17:00,159,On-time,985,8,0
F947,Delta,DEN,SEA,2024-12-17 23:41:00,2024-12-17,23:41:00,103,On-time,734,5,0
F651,Southwest,LAX,JFK,2024-03-10 08:49:00,2024-03-10,08:49:00,165,Delayed,1410,0,0
F1548,American Airlines,ORD,ATL,2024-06-14 04:26:00,2024-06-14,04:26:00,130,On-time,526,5,0
F1410,JetBlue,DFW,DFW,2023-06-02 20:00:00,2023-06-02,20:00:00,196,Delayed,1069,1,0
F576,Delta,SFO,ORD,2023-06-25 17:53:00,2023-06-25,17:53:00,165,On-time,1768,10,0
F1045,United,LAX,JFK,2023-04-25 22:08:00,2023-04-25,22:08:00,183,On-time,728,18,1
F1243,JetBlue,DEN,ORD,2024-10-25 21:02:00,2024-10-25,21:02:00,222,On-time,1005,3,1
F824,Southwest,LAX,JFK,2025-03-14 06:31:00,2025-03-14,06:31:00,288,Delayed,988,16,0
F452,United,LAX,JFK,2023-11-21 16:13:00,2023-11-21,16:13:00,65,Delayed,1540,9,1
F1583,American Airlines,JFK,SFO,2024-06-06 09:17:00,2024-06-06,09:17:00,218,On-time,1350,0,1
F721,JetBlue,ATL,LAX,2024-02-01 16:49:00,2024-02-01,16:49:00,227,On-time,906,1,0
F319,United,SEA,SEA,2023-06-02 18:08:00,2023-06-02,18:08:00,190,On-time,1220,0,0
F513,American Airlines,DFW,LAX,2023-05-22 03:17:00,2023-05-22,03:17:00,171,On-time,1432,3,0
F1471,United,DFW,SFO,2024-11-08 02:45:00,2024-11-08,02:45:00,129,On-time,1123,10,0
F1524,American Airlines,JFK,ORD,2023-11-30 20:26:00,2023-11-30,20:26:00,179,On-time,1280,3,0
F438,American Airlines,JFK,SFO,2024-09-25 09:37:00,2024-09-25,09:37:00,170,On-time,1420,5,0
F358,Delta,ATL,DFW,2023-11-11 05:14:00,2023-11-11,05:14:00,304,On-time,1111,10,0
F1368,Southwest,SFO,DEN,2025-04-14 03:52:00,2025-04-14,03:52:00,89,On-time,764,15,0
F874,JetBlue,ATL,LAX,2024-11-26 07:12:00,2024-11-26,07:12:00,121,On-time,559,12,0
F124,United,ORD,JFK,2023-05-10 12:29:00,2023-05-10,12:29:00,228,On-time,904,19,0
F907,Southwest,ORD,DEN,2025-01-01 08:07:00,2025-01-01,08:07:00,252,Delayed,1716,7,0
F1768,American Airlines,ATL,JFK,2024-04-21 15:58:00,2024-04-21,15:58:00,170,On-time,1626,9,0
F745,American Airlines,SEA,JFK,2024-08-01 17:00:00,2024-08-01,17:00:00,155,On-time,1499,11,0
F1671,United,DEN,SEA,2023-06-15 06:00:00,2023-06-15,06:00:00,114,On-time,1060,6,0
F1692,JetBlue,JFK,JFK,2024-08-05 08:14:00,2024-08-05,08:14:00,211,On-time,722,1,0
F360,United,JFK,DFW,2025-02-16 17:07:00,2025-02-16,17:07:00,152,On-time,1378,38,1
F682,American Airlines,JFK,JFK,2024-06-10 12:34:00,2024-06-10,12:34:00,249,On-time,1200,6,0
F1271,Delta,SEA,DFW,2024-10-31 16:48:00,2024-10-31,16:48:00,199,Delayed,1488,9,1
F32,Southwest,SEA,JFK,2023-08-02 20:57:00,2023-08-02,20:57:00,167,On-time,456,6,0
F575,American Airlines,SFO,JFK,2023-09-20 02:20:00,2023-09-20,02:20:00,233,On-time,1007,3,0
F387,Delta,SFO,JFK,2024-12-21 19:33:00,2024-12-21,19:33:00,217,On-time,1310,2,0
F718,United,LAX,JFK,2025-04-15 11:51:00,2025-04-15,11:51:00,157,Delayed,1500,9,0
F17,American Airlines,SFO,LAX,2024-01-18 03:57:00,2024-01-18,03:57:00,136,On-time,1474,9,0
F301,United,DFW,DEN,2023-05-18 13:02:00,2023-05-18,13:02:00,162,Delayed,502,11,0
F78,Southwest,SFO,DFW,2023-12-31 19:41:00,2023-12-31,19:41:00,113,On-time,1532,4,0
F1985,American Airlines,ATL,DEN,2024-10-17 23:37:00,2024-10-17,23:37:00,166,Delayed,1173,3,0
F552,Delta,ORD,SFO,2025-01-28 22:21:00,2025-01-28,22:21:00,242,On-time,913,29,0
F1468,American Airlines,DFW,LAX,2023-11-16 12:38:00,2023-11-16,12:38:00,183,On-time,1074,22,0
F924,United,JFK,DEN,2025-03-31 15:46:00,2025-03-31,15:46:00,270,On-time,1606,5,0
F692,JetBlue,DFW,ATL,2023-11-09 13:57:00,2023-11-09,13:57:00,71,On-time,1043,4,0
F1712,Delta,SFO,DFW,2024-01-19 20:55:00,2024-01-19,20:55:00,232,On-time,1396,4,0
F1356,Delta,LAX,SEA,2024-02-19 06:34:00,2024-02-19,06:34:00,247,On-time,1484,7,1
F1589,United,LAX,ATL,2023-06-04 22:31:00,2023-06-04,22:31:00,205,On-time,735,8,0
F1067,Southwest,SEA,SFO,2024-05-31 08:17:00,2024-05-31,08:17:00,119,On-time,1359,0,0
F59,United,ORD,ATL,2023-09-18 22:58:00,2023-09-18,22:58:00,219,On-time,1263,6,0
F1865,Delta,SEA,DFW,2024-04-14 13:21:00,2024-04-14,13:21:00,283,On-time,1626,10,0
F1499,Delta,JFK,DFW,2023-04-30 21:16:00,2023-04-30,21:16:00,274,On-time,942,7,0
F1285,American Airlines,JFK,DFW,2024-05-11 08:48:00,2024-05-11,08:48:00,197,Delayed,1016,22,0
F368,Delta,ATL,DFW,2023-10-09 03:06:00,2023-10-09,03:06:00,266,On-time,680,22,0
F1925,Southwest,SEA,ATL,2024-11-01 09:01:00,2024-11-01,09:01:00,154,On-time,1047,4,0
F1859,United,LAX,SEA,2025-04-18 07:53:00,2025-04-18,07:53:00,177,On-time,1031,16,1
F1533,JetBlue,DEN,ORD,2024-03-07 06:39:00,2024-03-07,06:39:00,258,On-time,1004,2,0
F599,American Airlines,SFO,ATL,2025-01-12 00:39:00,2025-01-12,00:39:00,130,On-time,797,2,0
F1096,United,JFK,DFW,2023-12-04 11:39:00,2023-12-04,11:39:00,179,On-time,1330,7,0
F1914,United,DFW,LAX,2024-04-09 08:06:00,2024-04-09,08:06:00,155,On-time,1210,2,1
F1488,United,SFO,ATL,2023-05-30 07:39:00,2023-05-30,07:39:00,134,On-time,1033,26,0
F701,Southwest,JFK,SFO,2023-08-05 19:30:00,2023-08-05,19:30:00,176,On-time,978,10,0
F1360,JetBlue,ORD,ORD,2023-04-25 14:53:00,2023-04-25,14:53:00,140,On-time,618,2,0
F1333,American Airlines,ATL,ATL,2025-02-22 18:17:00,2025-02-22,18:17:00,132,On-time,1230,2,0
F1396,Southwest,DFW,LAX,2025-02-21 22:28:00,2025-02-21,22:28:00,156,On-time,1021,2,1
F1570,JetBlue,JFK,ATL,2023-09-23 05:57:00,2023-09-23,05:57:00,223,On-time,1493,0,0
F1197,United,DEN,DFW,2024-07-08 17:22:00,2024-07-08,17:22:00,117,On-time,1237,7,0
F1094,United,DFW,DEN,2024-11-16 00:15:00,2024-11-16,00:15:00,218,On-time,1236,2,0
F517,American Airlines,ATL,DEN,2024-07-29 20:12:00,2024-07-29,20:12:00,143,Delayed,599,5,0
F191,Delta,ORD,SEA,2023-10-10 16:23:00,2023-10-10,16:23:00,194,On-time,933,10,0
F511,Delta,ATL,SFO,2023-04-30 00:24:00,2023-04-30,00:24:00,155,Delayed,1091,23,0
F369,United,SEA,JFK,2023-10-07 11:10:00,2023-10-07,11:10:00,232,On-time,1749,2,0
F823,American Airlines,DFW,SFO,2024-02-14 19:28:00,2024-02-14,19:28:00,202,On-time,897,6,1
F1147,United,DEN,ORD,2024-08-05 19:20:00,2024-08-05,19:20:00,148,On-time,996,11,0
F26,United,JFK,SFO,2024-02-16 19:35:00,2024-02-16,19:35:00,276,On-time,655,6,0
F1700,Southwest,SFO,ATL,2024-08-28 07:23:00,2024-08-28,07:23:00,122,On-time,705,2,0
F1003,JetBlue,LAX,DEN,2024-11-09 12:18:00,2024-11-09,12:18:00,230,On-time,1134,14,0
F477,JetBlue,ATL,JFK,2024-05-27 00:54:00,2024-05-27,00:54:00,140,On-time,1278,17,0
F223,Delta,SEA,SFO,2024-04-23 03:43:00,2024-04-23,03:43:00,314,On-time,925,0,0
F966,United,SFO,SFO,2024-08-21 07:00:00,2024-08-21,07:00:00,236,On-time,1520,28,0
F1810,Delta,SEA,JFK,2024-02-08 22:31:00,2024-02-08,22:31:00,178,On-time,1225,2,0
F1450,Southwest,SFO,ATL,2023-06-16 03:20:00,2023-06-16,03:20:00,205,On-time,1307,1,0
F1005,JetBlue,DEN,DFW,2024-05-20 21:47:00,2024-05-20,21:47:00,72,On-time,1413,0,1
F383,JetBlue,ORD,ORD,2025-02-06 14:25:00,2025-02-06,14:25:00,248,On-time,1045,0,0
F1210,Southwest,ORD,ATL,2023-12-03 23:55:00,2023-12-03,23:55:00,208,On-time,1076,17,0
F1674,JetBlue,ORD,SEA,2024-02-28 10:08:00,2024-02-28,10:08:00,330,On-time,625,2,1
F1878,United,ATL,ATL,2025-03-05 15:06:00,2025-03-05,15:06:00,231,On-time,681,0,0
F1755,American Airlines,LAX,ORD,2024-03-23 16:58:00,2024-03-23,16:58:00,165,On-time,1240,4,1
F1172,United,JFK,SFO,2025-03-24 17:14:00,2025-03-24,17:14:00,317,On-time,1293,2,1
F553,American Airlines,DEN,LAX,2025-04-19 00:17:00,2025-04-19,00:17:00,325,On-time,953,1,0
F783,Southwest,JFK,JFK,2024-01-09 20:24:00,2024-01-09,20:24:00,174,On-time,949,24,0
F634,American Airlines,DEN,SFO,2024-08-24 20:35:00,2024-08-24,20:35:00,131,On-time,1288,3,0
F1035,JetBlue,LAX,SFO,2024-07-01 08:28:00,2024-07-01,08:28:00,309,On-time,1631,12,0
F725,JetBlue,JFK,ORD,2024-12-13 21:16:00,2024-12-13,21:16:00,204,On-time,1793,5,0
F1824,American Airlines,DEN,ORD,2024-09-12 21:01:00,2024-09-12,21:01:00,172,On-time,1329,0,0
F1938,American Airlines,JFK,DEN,2024-01-28 04:34:00,2024-01-28,04:34:00,123,Delayed,925,8,1
F508,Southwest,LAX,LAX,2024-12-14 06:05:00,2024-12-14,06:05:00,203,On-time,1220,16,1
F639,Southwest,DFW,JFK,2024-11-25 07:11:00,2024-11-25,07:11:00,232,On-time,565,8,0
F1357,Southwest,ORD,DEN,2023-06-02 07:28:00,2023-06-02,07:28:00,210,On-time,1326,16,0
F543,Delta,SFO,JFK,2024-05-09 18:29:00,2024-05-09,18:29:00,206,On-time,1088,2,1
F1318,American Airlines,LAX,LAX,2023-07-01 10:45:00,2023-07-01,10:45:00,190,On-time,1585,2,1
F50,Southwest,ORD,JFK,2025-03-27 06:37:00,2025-03-27,06:37:00,150,Delayed,1348,2,0
F1081,United,SEA,ORD,2025-03-03 20:02:00,2025-03-03,20:02:00,231,On-time,973,16,0
F51,JetBlue,SFO,ORD,2023-07-11 05:50:00,2023-07-11,05:50:00,141,On-time,968,8,0
F1815,American Airlines,LAX,LAX,2024-06-06 11:29:00,2024-06-06,11:29:00,251,On-time,871,17,0
F1730,American Airlines,ORD,SEA,2023-09-01 06:59:00,2023-09-01,06:59:00,161,On-time,732,4,0
F1748,Southwest,JFK,DFW,2025-01-09 22:43:00,2025-01-09,22:43:00,80,Delayed,1214,14,0
F1502,United,DEN,JFK,2025-04-08 05:48:00,2025-04-08,05:48:00,196,On-time,1783,11,0
F1255,American Airlines,JFK,SFO,2023-05-12 01:57:00,2023-05-12,01:57:00,182,On-time,1511,4,0
F1603,Delta,DFW,SFO,2023-05-07 07:53:00,2023-05-07,07:53:00,237,Delayed,683,10,0
F587,Southwest,ORD,LAX,2023-09-21 17:20:00,2023-09-21,17:20:00,255,On-time,969,4,0
F593,American Airlines,DEN,JFK,2024-04-08 15:22:00,2024-04-08,15:22:00,192,On-time,1077,9,0
F425,United,DEN,DFW,2024-04-02 17:00:00,2024-04-02,17:00:00,163,On-time,1204,25,0
F1719,American Airlines,SEA,SFO,2023-11-01 01:35:00,2023-11-01,01:35:00,230,On-time,1415,10,1
F1509,American Airlines,DEN,SEA,2025-02-10 09:27:00,2025-02-10,09:27:00,217,On-time,1081,11,0
F34,United,ATL,SEA,2023-05-28 06:33:00,2023-05-28,06:33:00,152,On-time,722,3,0
F665,JetBlue,JFK,ORD,2023-10-17 17:58:00,2023-10-17,17:58:00,121,Delayed,1152,3,1
F1710,United,ATL,ORD,2024-12-14 21:43:00,2024-12-14,21:43:00,166,On-time,1049,5,0
F1059,United,JFK,DEN,2023-08-27 08:20:00,2023-08-27,08:20:00,137,On-time,1194,5,0
F390,Delta,SFO,SFO,2025-02-13 22:17:00,2025-02-13,22:17:00,161,On-time,1312,16,1
F1757,United,SEA,DEN,2024-06-28 10:21:00,2024-06-28,10:21:00,214,Delayed,897,10,0
F567,Southwest,LAX,SEA,2023-10-12 16:21:00,2023-10-12,16:21:00,247,On-time,906,11,0
F1160,American Airlines,JFK,SFO,2023-12-27 15:16:00,2023-12-27,15:16:00,262,Delayed,1149,18,0
F1851,American Airlines,LAX,SEA,2024-01-18 00:15:00,2024-01-18,00:15:00,196,On-time,999,45,0
F568,United,LAX,ORD,2023-04-24 23:27:00,2023-04-24,23:27:00,274,On-time,1471,6,0
F474,Delta,SFO,SFO,2024-07-10 01:07:00,2024-07-10,01:07:00,420,On-time,746,22,0
F210,United,DEN,LAX,2024-02-16 23:50:00,2024-02-16,23:50:00,114,On-time,905,10,0
F1641,American Airlines,SEA,SFO,2024-01-22 02:20:00,2024-01-22,02:20:00,185,Cancelled,1063,37,1
F1623,United,JFK,DEN,2024-11-28 12:58:00,2024-11-28,12:58:00,278,On-time,1224,24,0
F158,JetBlue,DEN,DFW,2023-08-14 22:11:00,2023-08-14,22:11:00,198,On-time,733,8,0
F378,American Airlines,LAX,LAX,2024-12-01 09:13:00,2024-12-01,09:13:00,185,On-time,1180,4,0
F375,Delta,DFW,ORD,2024-12-29 18:48:00,2024-12-29,18:48:00,149,Cancelled,1114,1,0
F1855,Southwest,ATL,SFO,2023-12-15 21:35:00,2023-12-15,21:35:00,104,On-time,1140,5,0
F529,Southwest,ATL,DFW,2024-08-14 22:07:00,2024-08-14,22:07:00,178,On-time,1570,5,0
F99,American Airlines,JFK,DFW,2024-01-30 04:11:00,2024-01-30,04:11:00,175,Cancelled,689,8,1
F1920,Southwest,DEN,JFK,2023-08-03 03:51:00,2023-08-03,03:51:00,134,On-time,1238,2,0
F1189,American Airlines,ATL,SEA,2024-12-18 08:22:00,2024-12-18,08:22:00,121,On-time,1471,19,0
F1973,United,SEA,DEN,2024-08-24 08:50:00,2024-08-24,08:50:00,238,On-time,1234,1,0
F1915,American Airlines,JFK,ATL,2023-11-28 06:24:00,2023-11-28,06:24:00,141,Delayed,1107,5,0
F1611,Delta,ORD,DEN,2024-06-06 10:00:00,2024-06-06,10:00:00,138,On-time,1083,3,0
F842,JetBlue,LAX,SEA,2024-12-21 21:34:00,2024-12-21,21:34:00,158,On-time,1043,57,0
F266,American Airlines,ATL,ORD,2024-07-11 13:38:00,2024-07-11,13:38:00,167,On-time,834,5,0
F1677,JetBlue,JFK,DFW,2023-04-23 08:09:00,2023-04-23,08:09:00,159,On-time,1482,4,0
F520,American Airlines,DFW,SEA,2023-07-30 20:45:00,2023-07-30,20:45:00,288,On-time,704,8,0
F1394,United,LAX,LAX,2023-10-29 17:47:00,2023-10-29,17:47:00,170,On-time,1114,15,0
F267,JetBlue,SFO,ORD,2023-11-08 00:02:00,2023-11-08,00:02:00,191,On-time,1057,20,0
F1996,Delta,SEA,ORD,2025-01-01 14:47:00,2025-01-01,14:47:00,269,On-time,1354,1,0
F1917,Southwest,DFW,LAX,2023-12-06 02:39:00,2023-12-06,02:39:00,222,On-time,1827,25,1
F1273,United,JFK,LAX,2024-08-15 06:54:00,2024-08-15,06:54:00,156,On-time,709,5,0
F1599,American Airlines,LAX,LAX,2024-09-14 07:39:00,2024-09-14,07:39:00,137,On-time,1380,14,0
F1218,Delta,DEN,LAX,2024-04-13 17:57:00,2024-04-13,17:57:00,262,On-time,970,30,0
F1430,Southwest,DFW,ORD,2023-09-18 02:25:00,2023-09-18,02:25:00,249,Delayed,1227,4,0
F789,American Airlines,DEN,ATL,2024-10-17 09:14:00,2024-10-17,09:14:00,193,On-time,981,30,0
F1401,JetBlue,DFW,DFW,2024-09-14 12:15:00,2024-09-14,12:15:00,131,Delayed,1645,5,0
F1676,JetBlue,ATL,SEA,2023-09-09 02:11:00,2023-09-09,02:11:00,231,On-time,1342,30,0
F483,American Airlines,ORD,SFO,2024-02-22 07:17:00,2024-02-22,07:17:00,220,On-time,1014,2,0
F883,JetBlue,DEN,ATL,2024-10-10 08:31:00,2024-10-10,08:31:00,182,On-time,1039,13,0
F53,JetBlue,ATL,LAX,2024-06-13 08:21:00,2024-06-13,08:21:00,114,On-time,1125,12,0
F1102,American Airlines,SEA,DFW,2023-12-23 05:11:00,2023-12-23,05:11:00,136,On-time,1092,5,0
F7,JetBlue,DFW,ORD,2024-01-27 15:23:00,2024-01-27,15:23:00,203,On-time,1570,21,0
F572,United,DEN,JFK,2024-10-16 05:25:00,2024-10-16,05:25:00,233,Delayed,963,0,0
F57,American Airlines,ATL,DFW,2023-05-27 21:37:00,2023-05-27,21:37:00,83,On-time,1198,5,0
F1168,Delta,SFO,SEA,2024-05-03 10:50:00,2024-05-03,10:50:00,53,On-time,893,2,0
F1950,Southwest,SEA,SFO,2023-07-09 18:34:00,2023-07-09,18:34:00,212,On-time,1619,7,0
F715,JetBlue,DEN,ORD,2023-06-28 12:44:00,2023-06-28,12:44:00,237,Delayed,1069,22,0
F598,United,ORD,DFW,2023-12-06 00:06:00,2023-12-06,00:06:00,92,On-time,747,10,0
F1269,United,ORD,JFK,2024-04-26 19:14:00,2024-04-26,19:14:00,183,On-time,1377,12,0
F953,United,ORD,ATL,2025-03-12 02:41:00,2025-03-12,02:41:00,134,On-time,999,2,0
F788,Delta,SEA,SEA,2024-06-04 04:45:00,2024-06-04,04:45:00,184,On-time,1775,9,0
F163,JetBlue,ORD,ORD,2024-12-02 13:38:00,2024-12-02,13:38:00,126,On-time,1646,45,0
F918,Delta,SEA,SEA,2025-01-19 14:13:00,2025-01-19,14:13:00,178,On-time,757,15,0
F708,American Airlines,DFW,SFO,2023-09-09 22:35:00,2023-09-09,22:35:00,236,On-time,916,2,0
F1634,American Airlines,DEN,LAX,2023-10-01 22:53:00,2023-10-01,22:53:00,189,Cancelled,398,5,0
F11,American Airlines,DEN,JFK,2023-08-16 04:59:00,2023-08-16,04:59:00,197,On-time,1575,4,0
F217,Delta,DFW,ATL,2024-08-25 02:03:00,2024-08-25,02:03:00,278,On-time,1240,46,0
F790,Delta,DEN,LAX,2024-10-03 05:45:00,2024-10-03,05:45:00,147,On-time,1008,12,0
F1093,JetBlue,SEA,ORD,2023-10-29 22:30:00,2023-10-29,22:30:00,81,On-time,1276,15,1
F957,American Airlines,DEN,DEN,2024-09-24 01:10:00,2024-09-24,01:10:00,177,On-time,1126,9,0
F464,United,JFK,ORD,2024-06-13 14:06:00,2024-06-13,14:06:00,222,Delayed,1127,0,0
F1800,United,JFK,SEA,2023-09-30 00:41:00,2023-09-30,00:41:00,230,On-time,927,0,0
F1517,Southwest,SEA,SFO,2023-10-14 21:18:00,2023-10-14,21:18:00,124,On-time,822,10,1
F1129,American Airlines,LAX,JFK,2024-05-16 01:03:00,2024-05-16,01:03:00,218,On-time,671,31,1
F141,JetBlue,ATL,ATL,2024-05-06 08:15:00,2024-05-06,08:15:00,157,Delayed,1208,47,0
F1220,United,ORD,LAX,2024-12-08 20:24:00,2024-12-08,20:24:00,43,On-time,1491,16,1
F1630,Southwest,DFW,ATL,2023-05-11 12:32:00,2023-05-11,12:32:00,169,On-time,1102,8,1
F970,American Airlines,ORD,SEA,2023-08-03 13:42:00,2023-08-03,13:42:00,140,On-time,1006,17,0
F973,American Airlines,ATL,ATL,2024-01-22 10:31:00,2024-01-22,10:31:00,177,Delayed,1479,8,0
F241,American Airlines,ORD,DEN,2023-12-29 16:27:00,2023-12-29,16:27:00,138,On-time,1300,1,0
F1274,American Airlines,LAX,ORD,2025-01-18 19:42:00,2025-01-18,19:42:00,319,Cancelled,1516,23,0
F335,American Airlines,ORD,DEN,2024-01-27 14:58:00,2024-01-27,14:58:00,236,On-time,1367,6,0
F1188,Delta,JFK,ORD,2024-02-23 06:18:00,2024-02-23,06:18:00,267,On-time,1652,2,1
F1339,American Airlines,SFO,DEN,2023-08-04 06:56:00,2023-08-04,06:56:00,155,Cancelled,1564,19,0
F722,American Airlines,SFO,JFK,2024-08-14 14:14:00,2024-08-14,14:14:00,138,On-time,1311,3,1
F156,American Airlines,ATL,SEA,2025-02-17 21:46:00,2025-02-17,21:46:00,85,Delayed,1555,12,0
F887,American Airlines,SFO,LAX,2024-09-05 19:35:00,2024-09-05,19:35:00,136,On-time,1413,2,1
F761,Southwest,ORD,SEA,2025-01-10 15:22:00,2025-01-10,15:22:00,121,On-time,1216,10,0
F232,United,SEA,DEN,2024-07-21 20:44:00,2024-07-21,20:44:00,254,On-time,1332,3,0
F856,United,SFO,LAX,2024-01-10 15:32:00,2024-01-10,15:32:00,321,On-time,1173,10,0
F518,United,LAX,SEA,2025-04-10 00:06:00,2025-04-10,00:06:00,240,On-time,732,3,0
F451,Southwest,LAX,ATL,2024-02-07 03:39:00,2024-02-07,03:39:00,223,On-time,1489,6,0
F1445,American Airlines,SEA,SEA,2023-08-20 00:20:00,2023-08-20,00:20:00,186,On-time,1353,11,0
F153,United,DFW,DEN,2025-04-04 06:50:00,2025-04-04,06:50:00,170,On-time,1474,11,0
F1281,JetBlue,SFO,LAX,2024-04-12 07:13:00,2024-04-12,07:13:00,143,On-time,1275,1,0
F1085,JetBlue,DFW,SEA,2024-01-08 13:56:00,2024-01-08,13:56:00,282,On-time,1000,8,1
F1213,Southwest,DEN,LAX,2025-03-27 17:25:00,2025-03-27,17:25:00,226,On-time,2201,3,0
F642,Delta,ORD,ATL,2024-04-26 12:46:00,2024-04-26,12:46:00,187,On-time,896,2,0
F1858,Southwest,ORD,SFO,2024-05-13 15:07:00,2024-05-13,15:07:00,282,On-time,924,12,1
F997,Southwest,DEN,SFO,2023-07-05 13:45:00,2023-07-05,13:45:00,210,On-time,1412,6,0
F1761,JetBlue,DEN,LAX,2024-05-04 10:58:00,2024-05-04,10:58:00,172,On-time,1387,7,0
F1061,JetBlue,DFW,ORD,2024-07-19 19:50:00,2024-07-19,19:50:00,118,On-time,1423,13,0
F773,Southwest,SFO,LAX,2025-03-15 19:27:00,2025-03-15,19:27:00,191,Delayed,1665,1,0
F1910,JetBlue,DFW,SEA,2025-04-13 07:45:00,2025-04-13,07:45:00,162,On-time,987,10,0
F1330,Delta,ATL,DFW,2024-06-14 17:29:00,2024-06-14,17:29:00,243,On-time,1091,12,0
F1931,Delta,LAX,SEA,2023-05-10 17:32:00,2023-05-10,17:32:00,156,On-time,1011,3,1
F1743,JetBlue,DEN,SEA,2023-06-19 16:55:00,2023-06-19,16:55:00,207,On-time,1112,12,0
F941,Delta,ATL,ORD,2023-08-04 15:56:00,2023-08-04,15:56:00,301,On-time,1207,6,0
F24,Delta,LAX,SEA,2023-10-25 07:06:00,2023-10-25,07:06:00,107,On-time,1326,10,0
F1935,Southwest,SFO,DEN,2025-04-17 13:05:00,2025-04-17,13:05:00,219,Delayed,1360,23,1
F213,Delta,SEA,DFW,2024-03-24 21:38:00,2024-03-24,21:38:00,233,On-time,721,62,0
F749,Delta,SFO,SEA,2023-09-11 13:47:00,2023-09-11,13:47:00,238,On-time,1377,3,0
F100,Delta,DFW,ORD,2023-09-23 08:03:00,2023-09-23,08:03:00,225,Delayed,1398,1,1
F307,American Airlines,SEA,ATL,2024-07-08 04:31:00,2024-07-08,04:31:00,182,On-time,1851,33,0
F1681,Delta,DFW,JFK,2023-12-07 03:08:00,2023-12-07,03:08:00,153,On-time,1341,13,0
F1383,JetBlue,LAX,LAX,2024-01-19 22:26:00,2024-01-19,22:26:00,179,On-time,966,28,0
F462,Southwest,DEN,ATL,2025-04-15 14:50:00,2025-04-15,14:50:00,174,On-time,1470,1,1
F800,JetBlue,DFW,SEA,2024-05-10 00:31:00,2024-05-10,00:31:00,100,On-time,805,10,0
F1988,American Airlines,LAX,ORD,2024-10-21 11:27:00,2024-10-21,11:27:00,225,Delayed,1055,44,0
F423,Southwest,ATL,SFO,2023-12-08 03:00:00,2023-12-08,03:00:00,174,On-time,927,11,0
F1586,American Airlines,LAX,LAX,2024-04-12 20:44:00,2024-04-12,20:44:00,126,Delayed,1000,8,0
F38,United,SEA,DFW,2024-04-07 17:08:00,2024-04-07,17:08:00,238,On-time,798,28,0
F991,Delta,ORD,LAX,2024-04-04 15:11:00,2024-04-04,15:11:00,263,On-time,1096,20,0
F381,Delta,ATL,SFO,2024-06-02 18:33:00,2024-06-02,18:33:00,162,Cancelled,878,20,0
F218,Delta,SEA,SFO,2023-12-21 15:37:00,2023-12-21,15:37:00,151,On-time,1446,5,0
F979,American Airlines,LAX,ORD,2024-06-04 22:17:00,2024-06-04,22:17:00,209,On-time,881,20,0
F1500,Southwest,ORD,DFW,2023-09-14 12:35:00,2023-09-14,12:35:00,172,On-time,1392,1,0
F469,Delta,DFW,DEN,2024-01-17 08:47:00,2024-01-17,08:47:00,58,On-time,849,3,0
F629,Southwest,DEN,DFW,2023-12-06 02:51:00,2023-12-06,02:51:00,161,On-time,1419,0,0
F1283,JetBlue,SFO,LAX,2023-10-17 17:56:00,2023-10-17,17:56:00,151,On-time,859,25,0
F1013,Delta,SEA,JFK,2024-05-19 19:36:00,2024-05-19,19:36:00,152,On-time,1634,13,0
F1624,JetBlue,DEN,SFO,2024-11-24 11:17:00,2024-11-24,11:17:00,240,Delayed,1083,4,0
F71,United,LAX,JFK,2023-10-07 21:26:00,2023-10-07,21:26:00,107,On-time,1381,6,0
F1604,Delta,ORD,JFK,2023-10-19 14:18:00,2023-10-19,14:18:00,200,On-time,1362,13,0
F1075,United,ORD,SFO,2025-02-20 16:47:00,2025-02-20,16:47:00,130,On-time,1527,31,0
F1629,American Airlines,LAX,JFK,2024-11-29 20:21:00,2024-11-29,20:21:00,228,On-time,1544,5,0
F304,Southwest,SFO,ORD,2023-08-22 03:24:00,2023-08-22,03:24:00,158,On-time,994,13,0
F776,Southwest,ATL,DEN,2025-04-10 08:19:00,2025-04-10,08:19:00,274,On-time,996,6,0
F830,Delta,SEA,DEN,2024-04-18 10:15:00,2024-04-18,10:15:00,234,Delayed,1130,5,0
F63,American Airlines,ORD,DFW,2024-04-13 00:16:00,2024-04-13,00:16:00,258,On-time,920,17,0
F971,United,LAX,JFK,2023-12-08 16:03:00,2023-12-08,16:03:00,274,On-time,1259,6,0
F1887,United,SEA,ORD,2023-10-08 18:56:00,2023-10-08,18:56:00,174,On-time,1247,1,0
F1893,United,SFO,SFO,2024-06-06 06:58:00,2024-06-06,06:58:00,179,On-time,1923,3,0
F756,Delta,JFK,JFK,2024-04-11 19:01:00,2024-04-11,19:01:00,190,On-time,692,25,0
F118,United,LAX,SFO,2023-10-29 00:25:00,2023-10-29,00:25:00,358,On-time,1118,35,0
F753,JetBlue,DFW,ATL,2023-05-07 16:52:00,2023-05-07,16:52:00,172,On-time,1326,20,0
F1254,United,DEN,SEA,2023-07-19 21:06:00,2023-07-19,21:06:00,145,On-time,1186,3,0
F485,United,DEN,JFK,2024-08-01 23:34:00,2024-08-01,23:34:00,233,On-time,1331,6,0
F262,Southwest,JFK,JFK,2024-05-05 00:40:00,2024-05-05,00:40:00,214,Delayed,1566,3,0
F436,Delta,ATL,LAX,2024-09-15 14:03:00,2024-09-15,14:03:00,259,On-time,1921,3,0
F821,Southwest,SEA,JFK,2024-07-12 12:02:00,2024-07-12,12:02:00,122,On-time,1724,2,0
F111,Delta,SEA,JFK,2024-11-22 23:32:00,2024-11-22,23:32:00,166,Cancelled,775,8,0
F399,Southwest,SEA,LAX,2024-07-27 15:52:00,2024-07-27,15:52:00,240,On-time,1192,1,0
F1405,Southwest,JFK,DFW,2025-01-11 15:34:00,2025-01-11,15:34:00,131,Delayed,1536,5,0
F1211,JetBlue,SFO,JFK,2024-01-18 17:33:00,2024-01-18,17:33:00,60,Delayed,706,19,0
F1370,American Airlines,DFW,JFK,2024-10-07 14:53:00,2024-10-07,14:53:00,156,On-time,1211,1,0
F1174,American Airlines,ATL,JFK,2024-10-19 23:29:00,2024-10-19,23:29:00,151,On-time,1868,13,0
F1812,American Airlines,SEA,SFO,2023-06-25 07:16:00,2023-06-25,07:16:00,167,Delayed,1119,8,0
F135,Delta,DFW,SFO,2025-03-31 23:31:00,2025-03-31,23:31:00,170,On-time,1266,3,0
F189,JetBlue,DFW,DFW,2025-01-30 11:47:00,2025-01-30,11:47:00,153,On-time,1225,2,0
F1705,United,DFW,SEA,2025-01-09 05:20:00,2025-01-09,05:20:00,176,Delayed,1187,3,0
F1971,JetBlue,JFK,SFO,2023-05-28 08:16:00,2023-05-28,08:16:00,176,On-time,1310,0,0
F1107,Delta,ORD,JFK,2024-01-08 07:53:00,2024-01-08,07:53:00,185,Cancelled,853,14,0
F313,United,ORD,SEA,2024-09-22 12:02:00,2024-09-22,12:02:00,202,On-time,1741,1,0
F1295,Southwest,ATL,DFW,2024-02-08 16:28:00,2024-02-08,16:28:00,114,Delayed,1670,3,0
F748,United,ATL,JFK,2023-11-21 08:20:00,2023-11-21,08:20:00,242,On-time,1730,1,0
F1923,JetBlue,ORD,SFO,2024-05-03 09:46:00,2024-05-03,09:46:00,136,On-time,1220,18,0
F1732,Southwest,DFW,DEN,2025-01-28 17:23:00,2025-01-28,17:23:00,208,On-time,1082,9,0
F546,Delta,DFW,DFW,2024-12-31 01:34:00,2024-12-31,01:34:00,149,On-time,1719,36,0
F1512,United,LAX,SEA,2024-01-21 20:17:00,2024-01-21,20:17:00,54,On-time,1079,7,0
F1068,United,SFO,DFW,2024-12-07 05:28:00,2024-12-07,05:28:00,195,On-time,1282,1,0
F1268,United,JFK,JFK,2023-08-05 13:59:00,2023-08-05,13:59:00,174,On-time,763,17,0
F1581,United,SEA,SEA,2023-11-02 20:29:00,2023-11-02,20:29:00,236,On-time,1436,2,0
F1886,Delta,JFK,DFW,2024-02-12 16:40:00,2024-02-12,16:40:00,15,On-time,1518,3,0
F479,Delta,DEN,DEN,2023-08-27 02:04:00,2023-08-27,02:04:00,194,On-time,972,1,0
F1056,Delta,ORD,SFO,2024-09-18 22:12:00,2024-09-18,22:12:00,88,On-time,1465,0,0
F361,Southwest,ORD,DEN,2025-02-01 08:27:00,2025-02-01,08:27:00,59,On-time,1107,5,0
F1016,JetBlue,JFK,SFO,2023-09-17 15:29:00,2023-09-17,15:29:00,115,Cancelled,1646,6,0
F998,Delta,ORD,ORD,2024-05-23 22:30:00,2024-05-23,22:30:00,225,On-time,1222,17,0
F1071,Delta,JFK,SEA,2024-02-06 12:13:00,2024-02-06,12:13:00,152,On-time,1060,22,0
F1515,Southwest,DFW,SFO,2023-08-22 07:35:00,2023-08-22,07:35:00,243,On-time,1049,5,0
F949,American Airlines,ATL,DFW,2025-03-23 03:18:00,2025-03-23,03:18:00,186,Delayed,1417,25,0
F417,Delta,JFK,LAX,2025-03-23 03:33:00,2025-03-23,03:33:00,219,On-time,610,3,0
F1657,American Airlines,ATL,SEA,2024-05-04 07:16:00,2024-05-04,07:16:00,212,On-time,1521,1,0
F1387,Southwest,ATL,LAX,2024-05-10 03:05:00,2024-05-10,03:05:00,143,On-time,1157,14,1
F1912,Southwest,LAX,ORD,2024-05-31 08:45:00,2024-05-31,08:45:00,91,On-time,900,10,0
F1187,United,SFO,DFW,2024-10-15 18:17:00,2024-10-15,18:17:00,144,Delayed,926,5,0
F1429,United,ORD,DFW,2025-03-25 19:49:00,2025-03-25,19:49:00,234,Cancelled,850,4,1
F1277,JetBlue,ATL,SEA,2024-08-30 18:06:00,2024-08-30,18:06:00,164,On-time,1455,5,0
F1711,American Airlines,ORD,SFO,2024-02-01 21:37:00,2024-02-01,21:37:00,209,On-time,854,0,0
F246,American Airlines,ORD,LAX,2025-01-04 22:45:00,2025-01-04,22:45:00,115,On-time,1097,5,0
F604,Southwest,LAX,DEN,2024-05-06 06:08:00,2024-05-06,06:08:00,154,Delayed,1274,8,0
F491,American Airlines,DEN,JFK,2023-07-26 14:10:00,2023-07-26,14:10:00,210,On-time,784,1,0
F74,Delta,SEA,SFO,2023-06-08 10:46:00,2023-06-08,10:46:00,276,On-time,1697,13,0
F312,United,SFO,JFK,2024-10-31 12:57:00,2024-10-31,12:57:00,252,On-time,1282,15,0
F679,JetBlue,DEN,DEN,2024-09-28 16:52:00,2024-09-28,16:52:00,217,On-time,1141,5,0
F757,JetBlue,DFW,ORD,2023-12-21 20:18:00,2023-12-21,20:18:00,88,On-time,1552,2,0
F372,American Airlines,JFK,SEA,2025-01-06 00:05:00,2025-01-06,00:05:00,61,On-time,1318,12,0
F974,American Airlines,SEA,LAX,2023-05-14 20:06:00,2023-05-14,20:06:00,237,On-time,1257,3,0
F1149,Delta,SFO,ORD,2023-09-22 13:50:00,2023-09-22,13:50:00,316,On-time,1117,3,0
F370,JetBlue,ATL,ATL,2023-04-27 02:51:00,2023-04-27,02:51:00,264,On-time,1415,3,1
F1089,JetBlue,DEN,SEA,2024-02-08 02:16:00,2024-02-08,02:16:00,210,On-time,1292,2,0
F990,United,ATL,SFO,2023-05-28 15:33:00,2023-05-28,15:33:00,257,On-time,1323,8,0
F1900,United,LAX,SEA,2024-07-25 14:50:00,2024-07-25,14:50:00,269,On-time,689,3,0
F1636,Delta,SFO,LAX,2024-05-19 21:58:00,2024-05-19,21:58:00,279,On-time,1152,1,0
F458,JetBlue,SEA,SFO,2024-08-25 05:58:00,2024-08-25,05:58:00,173,Delayed,1046,11,1
F1237,Southwest,JFK,JFK,2024-01-04 16:08:00,2024-01-04,16:08:00,200,On-time,1177,4,0
F160,Southwest,LAX,JFK,2024-09-18 12:49:00,2024-09-18,12:49:00,149,On-time,404,9,0
F291,Delta,ORD,ORD,2024-07-23 03:37:00,2024-07-23,03:37:00,174,Delayed,1010,0,1
F827,United,JFK,DEN,2024-09-09 20:11:00,2024-09-09,20:11:00,168,On-time,1365,1,0
F115,Delta,ATL,SFO,2024-06-14 12:16:00,2024-06-14,12:16:00,284,On-time,1219,21,0
F222,Southwest,ATL,DEN,2024-03-04 03:52:00,2024-03-04,03:52:00,220,On-time,1580,2,0
F1105,JetBlue,SFO,ATL,2023-07-09 13:32:00,2023-07-09,13:32:00,290,On-time,988,3,0
F1451,Southwest,JFK,ORD,2023-07-20 21:27:00,2023-07-20,21:27:00,133,On-time,1016,1,0
F1902,JetBlue,SEA,SFO,2024-10-15 14:37:00,2024-10-15,14:37:00,335,On-time,1037,10,0
F1256,United,ATL,DFW,2023-12-14 14:00:00,2023-12-14,14:00:00,164,On-time,1397,2,0
F1827,American Airlines,ORD,SEA,2025-01-12 10:48:00,2025-01-12,10:48:00,149,Cancelled,1680,5,0
F999,JetBlue,DFW,SEA,2023-05-18 06:49:00,2023-05-18,06:49:00,252,On-time,847,0,0
F1724,United,DEN,DFW,2024-12-26 05:17:00,2024-12-26,05:17:00,144,On-time,1244,9,0
F1361,American Airlines,SFO,LAX,2023-11-09 04:06:00,2023-11-09,04:06:00,149,On-time,1183,2,1
F1297,Southwest,JFK,LAX,2024-11-17 01:22:00,2024-11-17,01:22:00,79,On-time,1427,17,0
F103,American Airlines,DEN,ORD,2025-03-01 23:20:00,2025-03-01,23:20:00,197,On-time,1580,5,0
F1720,Delta,ORD,DFW,2024-03-07 12:50:00,2024-03-07,12:50:00,303,On-time,1203,9,0
F327,American Airlines,DFW,ATL,2023-07-01 15:27:00,2023-07-01,15:27:00,212,On-time,1269,10,0
F898,Southwest,DEN,JFK,2024-02-22 03:30:00,2024-02-22,03:30:00,57,On-time,1160,10,0
F258,Delta,ORD,LAX,2025-04-15 02:26:00,2025-04-15,02:26:00,193,On-time,1713,6,0
F108,JetBlue,DFW,DFW,2023-07-01 11:35:00,2023-07-01,11:35:00,221,On-time,1178,2,0
F1727,United,SEA,SFO,2023-10-20 06:12:00,2023-10-20,06:12:00,166,On-time,1492,1,0
F1816,Delta,DFW,DFW,2024-05-27 16:40:00,2024-05-27,16:40:00,94,On-time,1084,16,0
F1427,JetBlue,DFW,ORD,2024-02-22 12:08:00,2024-02-22,12:08:00,224,Cancelled,1181,8,0
F201,Southwest,DEN,JFK,2023-09-13 22:15:00,2023-09-13,22:15:00,181,On-time,1330,2,0
F75,Delta,LAX,LAX,2024-11-26 05:51:00,2024-11-26,05:51:00,93,Delayed,819,7,0
F1607,United,ORD,DEN,2024-01-11 04:53:00,2024-01-11,04:53:00,259,On-time,1613,2,0
F988,Southwest,SFO,DEN,2024-03-05 17:03:00,2024-03-05,17:03:00,156,Delayed,1639,26,0
F687,American Airlines,SEA,LAX,2024-06-14 21:15:00,2024-06-14,21:15:00,254,On-time,1158,2,0
F780,JetBlue,LAX,JFK,2024-02-27 20:12:00,2024-02-27,20:12:00,159,On-time,1178,16,0
F1782,Delta,JFK,ATL,2024-07-30 18:34:00,2024-07-30,18:34:00,162,On-time,343,7,0
F880,United,SFO,SFO,2024-12-09 11:42:00,2024-12-09,11:42:00,140,On-time,609,1,0
F825,United,ATL,SEA,2024-05-24 11:44:00,2024-05-24,11:44:00,166,On-time,1333,25,1
F1691,JetBlue,SEA,LAX,2024-01-13 17:13:00,2024-01-13,17:13:00,110,On-time,1375,3,1
F1521,JetBlue,SFO,SFO,2024-06-29 22:16:00,2024-06-29,22:16:00,228,On-time,436,20,0
F294,United,SEA,ORD,2024-05-05 20:18:00,2024-05-05,20:18:00,226,On-time,1626,32,1
F181,Southwest,ATL,ORD,2024-09-29 02:15:00,2024-09-29,02:15:00,171,On-time,671,5,0
F903,United,DFW,LAX,2025-02-23 22:53:00,2025-02-23,22:53:00,238,On-time,1203,8,0
F1860,JetBlue,LAX,SFO,2023-10-25 11:04:00,2023-10-25,11:04:00,294,On-time,1423,8,1
F1843,American Airlines,DFW,SFO,2023-11-20 18:50:00,2023-11-20,18:50:00,52,On-time,663,15,1
F760,JetBlue,ATL,DEN,2023-09-08 22:05:00,2023-09-08,22:05:00,157,On-time,1811,3,0
F1901,Southwest,DEN,ATL,2024-03-03 08:35:00,2024-03-03,08:35:00,236,On-time,730,17,0
F1082,American Airlines,ORD,SFO,2024-01-16 13:33:00,2024-01-16,13:33:00,126,On-time,1481,10,1
F1402,American Airlines,SEA,ATL,2024-02-10 05:39:00,2024-02-10,05:39:00,201,On-time,1320,14,0
F1165,JetBlue,DFW,SFO,2024-09-12 16:06:00,2024-09-12,16:06:00,195,On-time,966,9,0
F1228,Southwest,ATL,LAX,2023-04-28 09:42:00,2023-04-28,09:42:00,217,Delayed,863,10,1
F1158,American Airlines,SFO,JFK,2024-06-08 21:07:00,2024-06-08,21:07:00,245,On-time,1245,25,1
F1792,Delta,SEA,DFW,2023-04-30 03:46:00,2023-04-30,03:46:00,278,On-time,1247,16,0
F690,Delta,SFO,ORD,2025-03-13 00:17:00,2025-03-13,00:17:00,210,On-time,1489,3,0
F1115,JetBlue,JFK,DEN,2023-04-26 16:33:00,2023-04-26,16:33:00,173,On-time,1363,1,0
F1713,Southwest,DEN,SFO,2024-01-29 22:56:00,2024-01-29,22:56:00,222,On-time,900,2,0
F1193,Southwest,ATL,SEA,2025-03-10 08:25:00,2025-03-10,08:25:00,200,Cancelled,1321,12,0
F1001,United,DFW,SFO,2025-01-15 18:17:00,2025-01-15,18:17:00,168,On-time,1251,1,0
F1436,Southwest,DEN,DEN,2024-11-06 18:44:00,2024-11-06,18:44:00,153,On-time,1294,3,0
F1762,Delta,SEA,ATL,2024-10-28 07:57:00,2024-10-28,07:57:00,287,On-time,1117,5,0
F1822,American Airlines,JFK,SEA,2023-12-10 11:41:00,2023-12-10,11:41:00,128,Delayed,814,3,0
F482,Southwest,LAX,DFW,2023-06-30 01:17:00,2023-06-30,01:17:00,289,On-time,1611,30,0
F983,United,SEA,ATL,2024-08-15 18:30:00,2024-08-15,18:30:00,171,On-time,831,6,0
F206,United,JFK,DFW,2024-12-08 11:05:00,2024-12-08,11:05:00,226,On-time,1314,30,0
F1647,Southwest,DFW,JFK,2024-11-27 19:39:00,2024-11-27,19:39:00,230,On-time,1393,4,1
F1162,Delta,ATL,DFW,2024-09-24 17:41:00,2024-09-24,17:41:00,198,On-time,1093,16,0
F763,Delta,SEA,DEN,2023-09-26 02:07:00,2023-09-26,02:07:00,166,On-time,1009,22,0
F269,American Airlines,SEA,ORD,2024-04-26 11:39:00,2024-04-26,11:39:00,238,On-time,1347,16,0
F1418,American Airlines,DFW,LAX,2024-02-29 21:37:00,2024-02-29,21:37:00,267,On-time,943,12,0
F1467,Delta,LAX,DFW,2023-09-16 08:30:00,2023-09-16,08:30:00,136,On-time,1012,9,0
F710,Southwest,DEN,JFK,2024-05-27 20:55:00,2024-05-27,20:55:00,211,On-time,1537,6,0
F1620,American Airlines,SFO,ORD,2024-08-23 05:16:00,2024-08-23,05:16:00,174,On-time,2224,20,0
F499,American Airlines,SEA,SFO,2024-02-06 12:06:00,2024-02-06,12:06:00,171,On-time,1171,8,0
F1734,JetBlue,LAX,DEN,2024-10-27 16:28:00,2024-10-27,16:28:00,236,On-time,1239,2,0
F298,JetBlue,DFW,SEA,2023-12-15 10:02:00,2023-12-15,10:02:00,163,Delayed,1314,8,0
F261,American Airlines,DEN,SEA,2024-03-05 18:32:00,2024-03-05,18:32:00,143,On-time,658,6,0
F1074,Delta,LAX,DFW,2023-07-30 14:35:00,2023-07-30,14:35:00,151,On-time,1206,49,0
F663,JetBlue,DEN,SEA,2023-08-08 01:06:00,2023-08-08,01:06:00,256,Delayed,850,9,0
F1457,United,ORD,DEN,2023-08-27 04:30:00,2023-08-27,04:30:00,219,On-time,1341,3,0
F379,JetBlue,ATL,SFO,2024-06-25 08:08:00,2024-06-25,08:08:00,321,On-time,1195,14,0
F1637,JetBlue,ATL,LAX,2024-04-20 02:48:00,2024-04-20,02:48:00,121,On-time,1577,3,1
F507,Delta,SFO,SEA,2025-01-25 06:17:00,2025-01-25,06:17:00,266,On-time,446,1,0
F1024,Delta,JFK,DEN,2024-04-05 19:10:00,2024-04-05,19:10:00,182,On-time,1689,9,1
F309,Delta,ATL,ATL,2023-06-24 20:10:00,2023-06-24,20:10:00,186,Delayed,1039,7,0
F46,Delta,DFW,ORD,2023-10-20 06:32:00,2023-10-20,06:32:00,181,On-time,1141,2,0
F1454,American Airlines,LAX,SEA,2025-01-23 15:08:00,2025-01-23,15:08:00,105,Delayed,1369,16,0
F1489,Southwest,JFK,ORD,2025-04-05 03:21:00,2025-04-05,03:21:00,233,On-time,1216,3,0
F559,United,DEN,DEN,2024-12-03 09:22:00,2024-12-03,09:22:00,288,Delayed,874,7,0
F275,United,SFO,SFO,2025-04-10 02:39:00,2025-04-10,02:39:00,150,Delayed,1331,3,0
F85,American Airlines,SEA,JFK,2024-01-02 10:42:00,2024-01-02,10:42:00,202,On-time,723,7,1
F1070,Southwest,ORD,DFW,2024-03-13 03:12:00,2024-03-13,03:12:00,170,On-time,1509,5,1
F618,Southwest,ATL,JFK,2024-12-16 09:38:00,2024-12-16,09:38:00,238,On-time,1090,5,0
F691,United,JFK,DFW,2024-03-08 07:58:00,2024-03-08,07:58:00,220,On-time,558,6,0
F1116,Delta,SEA,ATL,2023-10-17 18:39:00,2023-10-17,18:39:00,286,On-time,1161,9,0
F80,American Airlines,JFK,DEN,2024-09-29 09:28:00,2024-09-29,09:28:00,178,On-time,1322,1,1
F219,Southwest,ORD,SFO,2023-11-13 15:52:00,2023-11-13,15:52:00,45,On-time,1241,3,0
F1592,American Airlines,ORD,ATL,2025-02-17 06:11:00,2025-02-17,06:11:00,137,Delayed,1636,10,0
F1303,JetBlue,ORD,SEA,2024-12-22 17:51:00,2024-12-22,17:51:00,178,On-time,986,27,0
F1750,Southwest,LAX,JFK,2025-03-07 17:08:00,2025-03-07,17:08:00,239,On-time,994,2,0
F961,JetBlue,DFW,LAX,2024-01-05 06:07:00,2024-01-05,06:07:00,151,On-time,962,15,0
F343,JetBlue,LAX,DEN,2024-04-21 12:01:00,2024-04-21,12:01:00,175,On-time,1289,26,0
F1290,Delta,SEA,ATL,2025-01-14 21:19:00,2025-01-14,21:19:00,254,On-time,1550,1,0
F1857,United,DFW,SFO,2024-03-28 15:35:00,2024-03-28,15:35:00,266,On-time,905,4,0
F167,American Airlines,SEA,JFK,2023-12-15 22:59:00,2023-12-15,22:59:00,273,On-time,1329,1,0
F841,United,SEA,ATL,2024-10-31 18:42:00,2024-10-31,18:42:00,99,Delayed,1083,2,0
F1739,American Airlines,JFK,ORD,2024-10-04 19:14:00,2024-10-04,19:14:00,188,On-time,1415,0,1
F380,JetBlue,ATL,DEN,2025-02-06 15:23:00,2025-02-06,15:23:00,200,On-time,868,0,0
F1034,American Airlines,SFO,SFO,2023-09-30 16:12:00,2023-09-30,16:12:00,204,On-time,954,7,0
F447,American Airlines,DEN,ATL,2024-02-10 05:51:00,2024-02-10,05:51:00,217,On-time,1277,24,0
F1736,American Airlines,SEA,DEN,2024-09-15 18:46:00,2024-09-15,18:46:00,223,On-time,1230,22,0
F1164,JetBlue,ORD,SEA,2024-12-10 15:37:00,2024-12-10,15:37:00,253,On-time,1174,1,0
F1483,Delta,JFK,SFO,2023-11-29 19:23:00,2023-11-29,19:23:00,257,On-time,1153,16,0
F302,JetBlue,ATL,SEA,2024-09-02 06:42:00,2024-09-02,06:42:00,186,On-time,1169,14,0
F1975,Southwest,LAX,ATL,2024-07-23 16:49:00,2024-07-23,16:49:00,164,On-time,355,4,0
F1922,American Airlines,DEN,SEA,2023-10-11 12:21:00,2023-10-11,12:21:00,278,Delayed,1286,7,0
F768,Southwest,DEN,DEN,2024-01-29 04:31:00,2024-01-29,04:31:00,234,On-time,1289,7,0
F986,Southwest,DEN,ATL,2023-06-15 06:56:00,2023-06-15,06:56:00,140,Delayed,668,4,0
F1766,JetBlue,LAX,SFO,2024-08-30 22:08:00,2024-08-30,22:08:00,107,On-time,1107,10,0
F1470,JetBlue,DEN,ORD,2024-07-26 05:39:00,2024-07-26,05:39:00,167,On-time,1206,8,0
F1593,American Airlines,SEA,DEN,2023-07-28 12:15:00,2023-07-28,12:15:00,174,Delayed,1017,3,0
F1110,Delta,JFK,DEN,2024-12-20 22:34:00,2024-12-20,22:34:00,137,On-time,1671,14,0
F646,United,DFW,DFW,2024-04-01 19:26:00,2024-04-01,19:26:00,118,On-time,964,42,0
F1352,Delta,ORD,ATL,2024-07-23 04:54:00,2024-07-23,04:54:00,194,On-time,1358,5,0
F1288,JetBlue,JFK,SFO,2024-06-02 06:25:00,2024-06-02,06:25:00,89,On-time,1341,13,0
F169,Southwest,JFK,DFW,2023-11-21 09:53:00,2023-11-21,09:53:00,231,On-time,868,2,0
F1978,American Airlines,SFO,LAX,2024-05-01 17:42:00,2024-05-01,17:42:00,154,On-time,807,3,0
F912,JetBlue,ORD,JFK,2025-03-16 13:50:00,2025-03-16,13:50:00,208,On-time,916,2,0
F1064,Delta,SFO,DEN,2024-10-21 12:26:00,2024-10-21,12:26:00,208,On-time,1354,4,0
F93,JetBlue,ATL,DEN,2023-08-03 21:44:00,2023-08-03,21:44:00,202,On-time,1244,5,0
F1770,American Airlines,ATL,ORD,2023-11-16 02:38:00,2023-11-16,02:38:00,157,On-time,1342,1,0
F198,Southwest,DEN,SFO,2024-03-04 04:38:00,2024-03-04,04:38:00,358,On-time,1248,4,0
F253,Southwest,SFO,SFO,2025-03-04 03:22:00,2025-03-04,03:22:00,203,Delayed,1004,6,0
F1195,American Airlines,SFO,ORD,2024-04-05 06:13:00,2024-04-05,06:13:00,189,On-time,1158,29,0
F317,American Airlines,JFK,SFO,2023-07-21 06:56:00,2023-07-21,06:56:00,180,On-time,657,4,1
F471,United,ATL,ORD,2024-09-29 02:11:00,2024-09-29,02:11:00,119,On-time,1148,6,0
F884,Southwest,ORD,DFW,2024-04-06 02:30:00,2024-04-06,02:30:00,138,On-time,986,2,1
F837,JetBlue,JFK,SEA,2024-10-06 03:14:00,2024-10-06,03:14:00,47,On-time,963,4,1
F1124,Southwest,SFO,ATL,2023-10-02 01:41:00,2023-10-02,01:41:00,202,Delayed,1155,1,0
F1740,Southwest,LAX,ATL,2024-07-27 11:34:00,2024-07-27,11:34:00,240,Cancelled,1176,20,0
F1846,Delta,ATL,SEA,2024-11-16 20:23:00,2024-11-16,20:23:00,166,On-time,889,8,0
F674,United,ATL,SEA,2024-08-03 00:00:00,2024-08-03,00:00:00,220,On-time,1074,24,0
F1397,JetBlue,SFO,ATL,2024-12-24 20:45:00,2024-12-24,20:45:00,313,On-time,1368,14,0
F1565,American Airlines,DEN,DFW,2023-05-10 14:19:00,2023-05-10,14:19:00,193,On-time,961,6,0
F987,American Airlines,JFK,DFW,2024-09-26 23:05:00,2024-09-26,23:05:00,166,On-time,973,18,0
F341,Delta,JFK,LAX,2024-04-27 11:21:00,2024-04-27,11:21:00,192,On-time,1071,52,0
F1682,American Airlines,SEA,SFO,2023-06-23 21:58:00,2023-06-23,21:58:00,268,On-time,1023,1,0
F1007,United,ATL,LAX,2024-08-19 11:56:00,2024-08-19,11:56:00,250,On-time,1390,29,0
F1656,Delta,DFW,SEA,2024-04-04 03:34:00,2024-04-04,03:34:00,199,Delayed,1161,4,1
F1709,United,SFO,DEN,2024-11-05 23:14:00,2024-11-05,23:14:00,205,On-time,528,11,0
F398,Southwest,DFW,DFW,2025-01-29 06:55:00,2025-01-29,06:55:00,170,Delayed,1214,26,0
F1194,Southwest,SFO,JFK,2024-01-24 07:04:00,2024-01-24,07:04:00,190,On-time,1705,7,0
F236,Southwest,DFW,ORD,2023-09-05 06:01:00,2023-09-05,06:01:00,132,On-time,1119,4,0
F1461,JetBlue,LAX,LAX,2023-12-21 08:27:00,2023-12-21,08:27:00,150,On-time,1278,38,0
F993,JetBlue,SEA,ATL,2023-10-29 01:43:00,2023-10-29,01:43:00,178,On-time,513,13,0
F200,JetBlue,ATL,SFO,2023-12-28 15:28:00,2023-12-28,15:28:00,174,On-time,1751,14,0
F1944,Southwest,SEA,ATL,2023-05-16 15:33:00,2023-05-16,15:33:00,186,Delayed,1169,9,0
F505,JetBlue,SFO,ATL,2023-07-21 03:09:00,2023-07-21,03:09:00,180,Cancelled,1513,3,0
F40,American Airlines,LAX,DFW,2024-04-07 14:00:00,2024-04-07,14:00:00,185,On-time,1002,5,0
F1148,Southwest,ORD,DFW,2025-04-18 09:10:00,2025-04-18,09:10:00,268,On-time,985,2,1
F1979,American Airlines,DEN,DEN,2023-07-02 18:31:00,2023-07-02,18:31:00,275,On-time,1573,9,0
F1597,JetBlue,ORD,ORD,2024-08-05 20:15:00,2024-08-05,20:15:00,150,Cancelled,1078,3,0
F588,JetBlue,SEA,LAX,2024-06-21 17:01:00,2024-06-21,17:01:00,220,Delayed,1622,5,1
F449,JetBlue,LAX,JFK,2024-06-13 13:40:00,2024-06-13,13:40:00,141,On-time,1779,6,0
F1484,Southwest,DEN,ATL,2024-07-20 15:00:00,2024-07-20,15:00:00,133,On-time,751,5,0
F155,JetBlue,DFW,DEN,2024-08-29 22:12:00,2024-08-29,22:12:00,178,Cancelled,1104,10,0
F678,United,DEN,SFO,2023-04-29 23:25:00,2023-04-29,23:25:00,160,On-time,1623,0,0
F480,United,ATL,LAX,2025-04-08 12:35:00,2025-04-08,12:35:00,172,On-time,831,7,0
F207,Delta,DFW,DFW,2024-08-03 20:00:00,2024-08-03,20:00:00,110,On-time,1557,4,0
F1608,United,DFW,SEA,2024-01-25 11:01:00,2024-01-25,11:01:00,142,Delayed,935,18,1
F1696,Southwest,ORD,SFO,2024-02-22 01:05:00,2024-02-22,01:05:00,88,On-time,743,18,0
F293,United,DEN,LAX,2024-11-08 00:40:00,2024-11-08,00:40:00,250,Delayed,590,13,1
F1385,JetBlue,LAX,ORD,2024-01-18 20:40:00,2024-01-18,20:40:00,64,On-time,1843,0,0
F45,Southwest,DFW,DEN,2024-08-03 21:38:00,2024-08-03,21:38:00,159,On-time,1435,0,1
F426,Southwest,LAX,ATL,2023-08-06 06:39:00,2023-08-06,06:39:00,53,On-time,1539,9,0
F584,Southwest,ATL,ATL,2023-11-14 14:22:00,2023-11-14,14:22:00,192,On-time,733,3,1
F1861,American Airlines,DFW,DFW,2023-05-12 09:32:00,2023-05-12,09:32:00,93,On-time,810,5,1
F389,Delta,DFW,DFW,2023-12-29 04:22:00,2023-12-29,04:22:00,253,On-time,1347,12,0
F333,JetBlue,ORD,DFW,2024-03-01 11:25:00,2024-03-01,11:25:00,194,On-time,1465,7,0
F1566,United,DFW,ATL,2024-02-05 18:20:00,2024-02-05,18:20:00,116,On-time,587,5,0
F243,United,JFK,SEA,2023-10-08 21:29:00,2023-10-08,21:29:00,157,On-time,951,5,0
F877,American Airlines,LAX,ATL,2024-07-27 00:56:00,2024-07-27,00:56:00,210,On-time,1262,30,0
F881,JetBlue,ATL,JFK,2023-06-02 10:32:00,2023-06-02,10:32:00,190,Delayed,1189,6,0
F1605,United,ORD,LAX,2023-05-19 02:55:00,2023-05-19,02:55:00,131,On-time,1275,11,0
F1984,United,SFO,SFO,2024-03-18 13:19:00,2024-03-18,13:19:00,235,On-time,932,15,0
F624,American Airlines,ATL,SEA,2024-11-12 21:53:00,2024-11-12,21:53:00,251,On-time,1508,10,0
F459,Delta,JFK,SEA,2024-01-20 20:38:00,2024-01-20,20:38:00,163,On-time,842,17,0
F908,JetBlue,SEA,ORD,2024-02-23 16:27:00,2024-02-23,16:27:00,235,On-time,1505,4,0
F1345,United,ORD,JFK,2024-08-19 12:30:00,2024-08-19,12:30:00,256,On-time,1069,14,0
F786,American Airlines,SFO,DEN,2024-02-20 00:20:00,2024-02-20,00:20:00,93,On-time,926,35,0
F1132,United,SFO,SEA,2023-07-27 01:50:00,2023-07-27,01:50:00,39,Delayed,1234,26,0
F516,American Airlines,SFO,LAX,2024-08-21 17:42:00,2024-08-21,17:42:00,182,On-time,1447,11,0
F226,American Airlines,ORD,ATL,2024-12-28 08:27:00,2024-12-28,08:27:00,180,On-time,1479,0,0
F1635,American Airlines,ATL,DEN,2024-11-12 15:38:00,2024-11-12,15:38:00,189,On-time,1854,8,1
F791,Delta,JFK,DEN,2023-09-04 06:38:00,2023-09-04,06:38:00,176,Cancelled,1325,1,0
F1854,American Airlines,SFO,DEN,2023-11-12 04:30:00,2023-11-12,04:30:00,127,On-time,1549,1,0
F1432,Southwest,JFK,SEA,2023-05-14 13:34:00,2023-05-14,13:34:00,242,On-time,858,1,0
F700,JetBlue,ORD,SFO,2024-03-31 00:08:00,2024-03-31,00:08:00,182,Cancelled,1461,5,0
F238,JetBlue,DEN,ORD,2023-04-26 05:57:00,2023-04-26,05:57:00,184,Delayed,857,13,0
F1943,Southwest,DEN,DEN,2024-12-07 15:49:00,2024-12-07,15:49:00,194,On-time,707,16,1
F1286,Delta,DEN,SEA,2023-05-28 07:25:00,2023-05-28,07:25:00,218,On-time,1349,5,0
F1820,American Airlines,LAX,DEN,2023-12-06 13:06:00,2023-12-06,13:06:00,244,Cancelled,1170,8,0
F585,JetBlue,ORD,ATL,2023-09-19 03:29:00,2023-09-19,03:29:00,191,Cancelled,981,21,0
F234,Delta,LAX,SEA,2024-09-05 02:11:00,2024-09-05,02:11:00,149,On-time,1358,14,0
F1543,Southwest,ORD,LAX,2024-10-26 08:49:00,2024-10-26,08:49:00,104,On-time,1290,2,0
F1626,Southwest,LAX,ORD,2025-03-24 02:27:00,2025-03-24,02:27:00,270,Delayed,1299,23,1
F695,American Airlines,DFW,ORD,2023-08-02 04:07:00,2023-08-02,04:07:00,205,Delayed,832,6,0
F879,American Airlines,ATL,DEN,2025-03-26 01:57:00,2025-03-26,01:57:00,132,On-time,1118,3,0
F1807,American Airlines,DEN,JFK,2023-05-31 06:38:00,2023-05-31,06:38:00,146,On-time,1076,5,0
F557,Southwest,SFO,DFW,2023-07-27 00:27:00,2023-07-27,00:27:00,184,On-time,1860,2,0
F1456,American Airlines,DFW,LAX,2025-03-22 13:22:00,2025-03-22,13:22:00,111,On-time,1413,11,0
F1155,Southwest,JFK,SFO,2024-02-11 14:58:00,2024-02-11,14:58:00,266,On-time,1685,22,0
F1058,JetBlue,SEA,LAX,2024-07-09 13:02:00,2024-07-09,13:02:00,177,On-time,1097,2,0
F804,JetBlue,JFK,DFW,2023-09-17 18:12:00,2023-09-17,18:12:00,211,Delayed,1300,8,0
F1101,American Airlines,SEA,LAX,2024-12-03 17:28:00,2024-12-03,17:28:00,269,On-time,1109,18,1
F1818,Southwest,ORD,DFW,2024-07-01 16:46:00,2024-07-01,16:46:00,183,On-time,966,1,0
F1645,Delta,LAX,ATL,2023-10-01 22:55:00,2023-10-01,22:55:00,97,On-time,1168,16,0
F838,Delta,ATL,ORD,2025-01-24 02:57:00,2025-01-24,02:57:00,155,On-time,1351,21,0
F1087,American Airlines,LAX,SFO,2023-06-30 05:48:00,2023-06-30,05:48:00,162,On-time,757,30,0
F194,United,LAX,ORD,2023-11-06 15:44:00,2023-11-06,15:44:00,141,On-time,1126,4,0
F1459,Delta,ATL,SFO,2024-12-13 22:30:00,2024-12-13,22:30:00,175,Delayed,1039,2,0
F592,JetBlue,JFK,ATL,2023-10-03 21:42:00,2023-10-03,21:42:00,167,On-time,1388,21,0
F816,Southwest,DEN,SFO,2023-09-11 09:06:00,2023-09-11,09:06:00,227,On-time,1438,22,1
F835,United,DFW,ATL,2025-02-24 14:44:00,2025-02-24,14:44:00,80,On-time,1452,86,0
F1789,Delta,DEN,SEA,2025-03-24 08:15:00,2025-03-24,08:15:00,166,Delayed,1222,27,0
F739,American Airlines,LAX,ORD,2023-07-29 15:27:00,2023-07-29,15:27:00,212,On-time,890,2,0
F1847,Delta,SEA,ATL,2025-04-01 11:11:00,2025-04-01,11:11:00,139,On-time,1489,15,0
F1841,Southwest,DEN,SFO,2025-03-09 10:45:00,2025-03-09,10:45:00,201,On-time,1559,11,0
F734,United,DFW,SFO,2024-04-24 10:52:00,2024-04-24,10:52:00,175,On-time,1059,5,0
F394,American Airlines,SEA,ATL,2023-11-28 15:09:00,2023-11-28,15:09:00,164,On-time,1393,1,0
F310,Delta,SFO,DFW,2023-08-14 16:04:00,2023-08-14,16:04:00,199,Delayed,1461,11,0
F259,Delta,DFW,ATL,2023-10-20 18:22:00,2023-10-20,18:22:00,174,On-time,1750,14,0
F489,JetBlue,DFW,LAX,2024-09-30 06:33:00,2024-09-30,06:33:00,148,Delayed,935,10,0
F985,American Airlines,JFK,DFW,2023-06-23 03:45:00,2023-06-23,03:45:00,211,On-time,866,5,0
F1578,Delta,ORD,DEN,2025-01-04 22:45:00,2025-01-04,22:45:00,204,On-time,597,6,0
F1406,American Airlines,DEN,SFO,2025-03-06 06:21:00,2025-03-06,06:21:00,167,On-time,1217,2,0
F1142,American Airlines,SFO,ORD,2024-03-23 07:56:00,2024-03-23,07:56:00,253,On-time,905,16,0
F174,JetBlue,SFO,SFO,2024-11-21 16:31:00,2024-11-21,16:31:00,151,Delayed,1499,0,1
F355,Delta,SEA,JFK,2023-06-27 19:49:00,2023-06-27,19:49:00,313,On-time,1081,2,0
F861,JetBlue,DEN,DEN,2023-10-22 19:58:00,2023-10-22,19:58:00,197,On-time,938,13,0
F428,American Airlines,DEN,ATL,2024-03-15 07:34:00,2024-03-15,07:34:00,241,Delayed,974,6,1
F1008,American Airlines,JFK,ATL,2023-07-27 20:08:00,2023-07-27,20:08:00,264,On-time,1025,6,0
F750,United,JFK,DFW,2024-09-13 13:52:00,2024-09-13,13:52:00,232,On-time,705,10,0
F125,American Airlines,ATL,JFK,2024-02-18 14:19:00,2024-02-18,14:19:00,156,On-time,952,23,0
F1225,JetBlue,DFW,JFK,2024-07-01 18:54:00,2024-07-01,18:54:00,194,On-time,728,2,0
F527,JetBlue,SEA,LAX,2023-07-17 01:33:00,2023-07-17,01:33:00,153,On-time,1141,6,0
F1224,American Airlines,DEN,ORD,2024-01-03 03:10:00,2024-01-03,03:10:00,96,Delayed,744,1,0
F509,Delta,SFO,DEN,2024-01-17 09:27:00,2024-01-17,09:27:00,104,On-time,1448,5,1
F638,American Airlines,LAX,DEN,2023-10-11 03:01:00,2023-10-11,03:01:00,159,Delayed,932,5,1
F1685,American Airlines,SEA,SEA,2023-11-28 05:11:00,2023-11-28,05:11:00,203,On-time,986,0,0
F305,United,DEN,SFO,2024-12-04 03:38:00,2024-12-04,03:38:00,133,Cancelled,1226,14,0
F1232,JetBlue,ATL,ATL,2024-01-30 20:01:00,2024-01-30,20:01:00,196,On-time,981,2,0
F356,Southwest,ATL,ORD,2024-12-04 23:17:00,2024-12-04,23:17:00,69,Delayed,1144,4,0
F1092,American Airlines,ORD,SFO,2024-03-31 01:56:00,2024-03-31,01:56:00,155,On-time,1574,15,0
F1374,JetBlue,DEN,ATL,2025-02-26 18:38:00,2025-02-26,18:38:00,175,On-time,1350,2,0
F178,Southwest,JFK,DEN,2024-11-28 21:15:00,2024-11-28,21:15:00,139,Cancelled,1369,10,0
F212,Southwest,ORD,SEA,2024-07-07 01:17:00,2024-07-07,01:17:00,212,On-time,1659,2,1
F493,American Airlines,ATL,DEN,2023-10-03 01:28:00,2023-10-03,01:28:00,174,On-time,1045,2,0
F658,American Airlines,JFK,ATL,2023-06-17 11:55:00,2023-06-17,11:55:00,84,On-time,1021,8,0
F702,Southwest,JFK,JFK,2023-10-14 05:49:00,2023-10-14,05:49:00,209,Delayed,1236,12,0
F815,Southwest,ORD,SFO,2025-04-13 13:45:00,2025-04-13,13:45:00,241,On-time,924,4,0
F37,United,LAX,LAX,2023-05-24 04:06:00,2023-05-24,04:06:00,124,On-time,1726,15,0
F1400,Delta,ORD,LAX,2025-02-26 01:22:00,2025-02-26,01:22:00,286,Delayed,1563,0,0
F754,JetBlue,SFO,ATL,2024-11-08 21:41:00,2024-11-08,21:41:00,122,On-time,1409,36,0
F672,Southwest,LAX,SEA,2024-05-15 01:23:00,2024-05-15,01:23:00,163,On-time,1529,27,0
F1998,JetBlue,SEA,SFO,2023-08-07 21:22:00,2023-08-07,21:22:00,170,On-time,1144,10,0
F1042,Delta,LAX,DFW,2024-08-08 20:31:00,2024-08-08,20:31:00,157,On-time,1225,25,0
F1154,JetBlue,ORD,DEN,2024-12-08 12:21:00,2024-12-08,12:21:00,136,Delayed,1293,21,1
F906,Southwest,SFO,ORD,2024-09-12 09:33:00,2024-09-12,09:33:00,146,On-time,2086,29,0
F1642,JetBlue,ATL,SEA,2025-04-12 22:47:00,2025-04-12,22:47:00,90,On-time,1410,5,0
F595,American Airlines,DEN,LAX,2023-10-11 14:40:00,2023-10-11,14:40:00,227,On-time,1050,7,0
F1302,Southwest,DFW,DFW,2024-06-02 13:34:00,2024-06-02,13:34:00,336,On-time,1225,2,0
F139,JetBlue,ATL,SFO,2024-04-18 11:58:00,2024-04-18,11:58:00,122,On-time,1234,0,0
F1434,JetBlue,DFW,LAX,2024-03-22 06:35:00,2024-03-22,06:35:00,152,On-time,1387,8,0
F1136,American Airlines,SFO,ORD,2024-08-13 11:54:00,2024-08-13,11:54:00,154,On-time,938,4,0
F1888,American Airlines,ORD,ORD,2024-02-01 19:58:00,2024-02-01,19:58:00,162,On-time,1399,5,0
F641,United,JFK,JFK,2023-08-10 03:43:00,2023-08-10,03:43:00,143,On-time,1945,4,0
F396,Delta,SFO,SEA,2024-04-17 11:38:00,2024-04-17,11:38:00,241,On-time,1152,18,0
F1511,Delta,SEA,SFO,2023-11-16 16:58:00,2023-11-16,16:58:00,136,On-time,689,7,0
F707,JetBlue,DFW,ORD,2025-01-21 17:15:00,2025-01-21,17:15:00,136,Cancelled,1095,17,0
F1382,Southwest,ORD,ORD,2024-08-25 20:28:00,2024-08-25,20:28:00,106,On-time,1133,18,1
F384,American Airlines,DEN,SEA,2023-08-18 10:36:00,2023-08-18,10:36:00,214,Delayed,1196,8,1
F1516,United,DFW,DFW,2024-09-18 20:27:00,2024-09-18,20:27:00,33,On-time,1047,8,0
F1205,Delta,SFO,DEN,2024-11-25 00:46:00,2024-11-25,00:46:00,312,On-time,1205,21,0
F4,United,DEN,LAX,2023-06-01 13:29:00,2023-06-01,13:29:00,210,Delayed,1411,30,1
F268,United,DEN,LAX,2023-10-31 03:00:00,2023-10-31,03:00:00,227,Delayed,1786,8,0
F963,Delta,ORD,DEN,2024-09-28 12:15:00,2024-09-28,12:15:00,129,On-time,1329,0,0
F314,Southwest,SFO,LAX,2024-10-28 19:48:00,2024-10-28,19:48:00,100,On-time,598,3,0
F1906,American Airlines,JFK,DEN,2025-04-01 07:45:00,2025-04-01,07:45:00,145,On-time,1150,5,0
F1207,JetBlue,LAX,LAX,2024-07-27 19:28:00,2024-07-27,19:28:00,172,On-time,1404,15,0
F784,United,SFO,SFO,2024-03-01 07:00:00,2024-03-01,07:00:00,241,On-time,581,22,0
F1077,JetBlue,LAX,DEN,2025-03-09 17:42:00,2025-03-09,17:42:00,120,On-time,1178,13,0
F1117,JetBlue,LAX,ORD,2023-05-08 18:02:00,2023-05-08,18:02:00,187,On-time,1124,0,0
F1231,Delta,SEA,SFO,2023-12-18 07:21:00,2023-12-18,07:21:00,150,On-time,1552,10,0
F916,United,DEN,ATL,2024-07-25 22:03:00,2024-07-25,22:03:00,177,Delayed,818,0,1
F514,United,ATL,LAX,2023-05-17 02:13:00,2023-05-17,02:13:00,201,On-time,1299,19,0
F1802,United,JFK,ORD,2023-08-26 16:16:00,2023-08-26,16:16:00,214,On-time,930,10,0
F1825,Delta,DFW,DFW,2025-02-09 06:13:00,2025-02-09,06:13:00,183,On-time,1025,4,0
F1934,United,JFK,LAX,2025-03-13 02:06:00,2025-03-13,02:06:00,148,Delayed,646,3,0
F1055,American Airlines,SEA,JFK,2023-08-21 17:39:00,2023-08-21,17:39:00,208,On-time,1613,53,0
F110,United,DFW,SEA,2024-03-02 18:28:00,2024-03-02,18:28:00,119,On-time,1527,0,0
F694,JetBlue,DEN,SEA,2025-03-02 23:22:00,2025-03-02,23:22:00,150,On-time,989,0,0
F1554,United,SFO,LAX,2024-07-12 14:19:00,2024-07-12,14:19:00,210,On-time,1165,8,0
F712,American Airlines,JFK,JFK,2024-12-01 08:23:00,2024-12-01,08:23:00,221,On-time,1335,9,1
F972,American Airlines,DEN,DFW,2025-01-05 20:58:00,2025-01-05,20:58:00,197,On-time,1059,0,0
F813,Southwest,DFW,ORD,2023-10-10 06:59:00,2023-10-10,06:59:00,162,On-time,483,16,0
F454,American Airlines,SFO,DEN,2023-11-14 02:53:00,2023-11-14,02:53:00,92,Cancelled,1631,3,0
F1203,United,SFO,SFO,2024-08-29 08:31:00,2024-08-29,08:31:00,250,On-time,1504,1,0
F964,United,SEA,LAX,2023-08-22 10:44:00,2023-08-22,10:44:00,315,On-time,1142,4,0
F1391,Delta,LAX,DEN,2023-09-18 11:55:00,2023-09-18,11:55:00,169,On-time,1030,3,0
F1903,Southwest,JFK,DFW,2024-07-13 03:07:00,2024-07-13,03:07:00,108,On-time,1463,3,0
F1955,American Airlines,ATL,ORD,2023-07-28 13:58:00,2023-07-28,13:58:00,289,On-time,939,20,0
F311,Southwest,ATL,LAX,2024-03-14 11:35:00,2024-03-14,11:35:00,156,On-time,785,24,0
F8,JetBlue,SEA,JFK,2023-09-13 11:54:00,2023-09-13,11:54:00,183,On-time,465,27,0
F1787,Delta,SFO,JFK,2023-09-18 22:54:00,2023-09-18,22:54:00,168,On-time,1011,15,0
F544,United,ORD,LAX,2024-03-23 21:55:00,2024-03-23,21:55:00,186,On-time,1647,5,0
F1662,Southwest,LAX,DFW,2023-11-23 19:19:00,2023-11-23,19:19:00,165,On-time,1409,7,0
F1600,JetBlue,ATL,DEN,2024-02-15 20:11:00,2024-02-15,20:11:00,107,On-time,842,10,0
F1530,American Airlines,ATL,SFO,2024-11-18 11:35:00,2024-11-18,11:35:00,125,On-time,696,24,0
F1796,Delta,DEN,LAX,2025-04-14 08:25:00,2025-04-14,08:25:00,100,On-time,1348,11,1
F1190,American Airlines,JFK,DEN,2023-06-15 17:03:00,2023-06-15,17:03:00,223,On-time,1692,8,1
F659,American Airlines,SEA,DEN,2023-05-05 08:37:00,2023-05-05,08:37:00,132,On-time,1382,23,1
F1338,Delta,ATL,LAX,2024-12-23 07:49:00,2024-12-23,07:49:00,198,On-time,1521,56,0
F921,American Airlines,DFW,ORD,2024-07-07 05:29:00,2024-07-07,05:29:00,136,On-time,1522,23,0
F386,Southwest,DEN,LAX,2024-12-10 13:35:00,2024-12-10,13:35:00,268,On-time,746,3,0
F1411,United,DFW,SEA,2025-03-20 08:37:00,2025-03-20,08:37:00,177,Delayed,1116,13,0
F1591,Delta,LAX,DEN,2023-06-12 19:46:00,2023-06-12,19:46:00,193,On-time,821,5,0
F263,Delta,SFO,ATL,2024-03-11 11:31:00,2024-03-11,11:31:00,226,On-time,1054,10,0
F1030,JetBlue,ORD,SFO,2024-09-25 03:58:00,2024-09-25,03:58:00,138,On-time,1094,8,0
F240,American Airlines,SEA,SFO,2024-07-24 20:20:00,2024-07-24,20:20:00,256,On-time,1431,5,0
F1760,American Airlines,SFO,DFW,2024-03-15 19:57:00,2024-03-15,19:57:00,76,On-time,844,1,0
F927,Southwest,ATL,DEN,2024-08-15 11:39:00,2024-08-15,11:39:00,103,On-time,929,14,0
F329,Delta,SFO,SFO,2024-01-23 21:51:00,2024-01-23,21:51:00,221,Delayed,1111,8,0
F1733,JetBlue,JFK,LAX,2024-06-03 03:10:00,2024-06-03,03:10:00,151,On-time,1012,1,0
F1752,American Airlines,ORD,ATL,2024-10-05 00:38:00,2024-10-05,00:38:00,216,Delayed,1354,4,0
F895,Southwest,ATL,ORD,2024-09-09 15:40:00,2024-09-09,15:40:00,199,On-time,1581,9,0
F216,JetBlue,ATL,JFK,2023-12-16 15:41:00,2023-12-16,15:41:00,218,Delayed,1000,3,1
F1551,Delta,ORD,LAX,2024-11-02 21:09:00,2024-11-02,21:09:00,249,On-time,586,0,0
F182,JetBlue,ATL,LAX,2023-11-23 03:22:00,2023-11-23,03:22:00,192,On-time,974,9,1
F42,United,SFO,JFK,2025-03-03 22:35:00,2025-03-03,22:35:00,179,On-time,1451,6,0
F1296,United,DEN,ATL,2024-04-24 09:06:00,2024-04-24,09:06:00,182,On-time,1349,2,0
F278,United,ATL,SEA,2024-09-05 09:33:00,2024-09-05,09:33:00,83,On-time,1119,23,0
F1919,Delta,ORD,SFO,2024-03-08 22:30:00,2024-03-08,22:30:00,266,On-time,1132,13,0
F1994,JetBlue,SFO,SEA,2024-03-04 07:23:00,2024-03-04,07:23:00,136,On-time,1720,33,0
F1828,American Airlines,SFO,SEA,2024-10-09 16:41:00,2024-10-09,16:41:00,188,On-time,1142,2,0
F1066,JetBlue,SEA,SFO,2023-10-24 19:08:00,2023-10-24,19:08:00,177,On-time,1046,30,0
F626,United,JFK,DFW,2023-05-22 05:31:00,2023-05-22,05:31:00,142,On-time,952,9,1
F257,Delta,SEA,LAX,2024-05-31 01:05:00,2024-05-31,01:05:00,288,On-time,1392,9,1
F10,United,SEA,ATL,2025-03-27 09:49:00,2025-03-27,09:49:00,299,On-time,1458,10,0
F1785,American Airlines,DEN,SFO,2024-01-28 09:09:00,2024-01-28,09:09:00,256,On-time,1054,18,0
F1974,JetBlue,JFK,DFW,2023-11-01 22:33:00,2023-11-01,22:33:00,177,On-time,1637,3,0
F332,Southwest,ATL,ORD,2025-03-07 18:34:00,2025-03-07,18:34:00,197,On-time,1471,3,1
F306,American Airlines,SEA,JFK,2025-04-11 09:52:00,2025-04-11,09:52:00,258,On-time,1182,16,0
F793,JetBlue,JFK,LAX,2023-08-11 19:56:00,2023-08-11,19:56:00,192,On-time,772,18,0
F1992,United,DEN,ATL,2024-05-30 01:10:00,2024-05-30,01:10:00,148,On-time,1438,2,0
F808,American Airlines,ATL,DFW,2024-12-22 01:11:00,2024-12-22,01:11:00,192,On-time,1304,3,0
F1704,Southwest,SFO,SEA,2023-04-29 05:36:00,2023-04-29,05:36:00,245,On-time,1205,1,0
F787,JetBlue,ATL,SEA,2025-03-16 04:41:00,2025-03-16,04:41:00,250,On-time,1300,5,0
F1932,Southwest,DFW,SEA,2024-06-29 00:45:00,2024-06-29,00:45:00,261,Delayed,1032,3,1
F1718,JetBlue,DFW,ATL,2024-08-06 06:59:00,2024-08-06,06:59:00,161,On-time,916,20,0
F1046,JetBlue,JFK,ATL,2024-02-08 14:50:00,2024-02-08,14:50:00,194,On-time,1141,3,0
F984,United,JFK,ATL,2024-08-24 19:59:00,2024-08-24,19:59:00,242,On-time,1288,60,0
F273,American Airlines,SEA,SFO,2023-05-21 15:36:00,2023-05-21,15:36:00,211,On-time,1084,4,1
F1091,JetBlue,DFW,ORD,2024-08-15 06:41:00,2024-08-15,06:41:00,207,On-time,1183,12,0
F1163,American Airlines,ORD,ORD,2024-06-10 21:30:00,2024-06-10,21:30:00,216,Delayed,499,24,0
F129,United,SFO,SFO,2024-01-11 20:07:00,2024-01-11,20:07:00,139,Delayed,1477,13,0
F1173,JetBlue,DFW,DEN,2024-05-30 18:28:00,2024-05-30,18:28:00,65,On-time,740,6,0
F706,Delta,JFK,SEA,2025-04-20 02:59:00,2025-04-20,02:59:00,227,Delayed,1281,12,0
F1244,Delta,ATL,ORD,2023-12-29 05:13:00,2023-12-29,05:13:00,159,On-time,1382,6,0
F1735,Southwest,DFW,ATL,2024-10-11 02:52:00,2024-10-11,02:52:00,140,Cancelled,1085,7,0
F1564,Delta,SFO,SEA,2023-12-06 21:18:00,2023-12-06,21:18:00,139,Delayed,1471,16,0
F1614,American Airlines,SFO,SEA,2024-07-23 18:56:00,2024-07-23,18:56:00,135,On-time,1723,3,0
F878,United,SFO,DFW,2023-06-22 11:52:00,2023-06-22,11:52:00,136,Delayed,1257,31,0
F1080,American Airlines,ORD,DEN,2023-07-29 05:33:00,2023-07-29,05:33:00,135,On-time,821,1,0
F1439,Southwest,DEN,ATL,2023-05-09 11:52:00,2023-05-09,11:52:00,223,On-time,1019,19,0
F1689,Southwest,JFK,JFK,2024-02-22 15:00:00,2024-02-22,15:00:00,134,On-time,1455,0,0
F1369,JetBlue,DEN,SEA,2023-05-03 05:21:00,2023-05-03,05:21:00,194,Cancelled,1575,5,0
F652,Southwest,DFW,ATL,2023-10-20 00:03:00,2023-10-20,00:03:00,139,On-time,1101,5,0
F104,United,DFW,LAX,2025-01-01 15:58:00,2025-01-01,15:58:00,67,On-time,1081,7,1
F137,United,LAX,JFK,2023-08-05 11:49:00,2023-08-05,11:49:00,146,On-time,1435,8,0
F1987,Southwest,ORD,SEA,2023-05-28 10:15:00,2023-05-28,10:15:00,178,On-time,1425,5,1
F1157,JetBlue,DFW,JFK,2023-07-13 02:56:00,2023-07-13,02:56:00,188,On-time,885,7,0
F1536,JetBlue,DFW,SEA,2024-10-19 05:53:00,2024-10-19,05:53:00,235,On-time,814,2,0
F1610,JetBlue,ORD,DEN,2023-08-19 05:23:00,2023-08-19,05:23:00,168,Delayed,1723,4,0
F183,United,ORD,LAX,2024-02-04 22:26:00,2024-02-04,22:26:00,134,On-time,1037,1,0
F404,United,LAX,DEN,2024-09-04 05:43:00,2024-09-04,05:43:00,162,On-time,725,1,0
F149,Delta,SEA,ORD,2023-10-06 14:11:00,2023-10-06,14:11:00,186,Cancelled,932,6,0
F1344,Delta,LAX,ORD,2023-11-21 03:00:00,2023-11-21,03:00:00,100,On-time,1080,1,0
F1983,Southwest,ATL,SFO,2024-11-09 03:03:00,2024-11-09,03:03:00,134,On-time,1269,35,0
F644,Delta,JFK,SFO,2025-03-11 17:23:00,2025-03-11,17:23:00,277,On-time,913,2,0
F1957,American Airlines,DFW,SFO,2024-07-29 00:55:00,2024-07-29,00:55:00,135,On-time,1227,1,0
F1942,Delta,JFK,JFK,2024-11-02 09:02:00,2024-11-02,09:02:00,229,On-time,1345,15,0
F316,United,SEA,DFW,2024-07-12 22:51:00,2024-07-12,22:51:00,143,Delayed,581,2,0
F334,American Airlines,ATL,ORD,2025-01-17 13:58:00,2025-01-17,13:58:00,241,Delayed,1654,24,0
F1305,American Airlines,SEA,ATL,2024-05-22 22:42:00,2024-05-22,22:42:00,110,On-time,681,4,0
F364,United,LAX,JFK,2024-12-20 02:14:00,2024-12-20,02:14:00,207,On-time,822,2,0
F1646,Delta,ATL,SFO,2024-05-17 06:36:00,2024-05-17,06:36:00,201,On-time,1280,3,0
F1905,Delta,ORD,JFK,2025-03-20 03:06:00,2025-03-20,03:06:00,112,On-time,876,1,0
F1779,American Airlines,JFK,DEN,2024-11-18 01:16:00,2024-11-18,01:16:00,198,On-time,1079,5,0
F765,JetBlue,JFK,LAX,2023-08-22 00:46:00,2023-08-22,00:46:00,148,On-time,1172,5,1
F445,American Airlines,JFK,SFO,2024-01-15 13:13:00,2024-01-15,13:13:00,92,On-time,964,12,0
F1486,Southwest,SEA,DFW,2023-06-02 02:01:00,2023-06-02,02:01:00,188,On-time,1335,2,0
F227,Delta,DEN,DFW,2024-03-12 11:17:00,2024-03-12,11:17:00,193,On-time,993,4,0
F533,Delta,ORD,ATL,2023-12-26 21:24:00,2023-12-26,21:24:00,156,On-time,1399,11,0
F1908,American Airlines,SFO,DEN,2023-10-11 10:52:00,2023-10-11,10:52:00,183,Delayed,1617,39,0
F650,Southwest,SFO,SFO,2023-07-29 23:33:00,2023-07-29,23:33:00,173,On-time,747,2,0
F1021,Southwest,LAX,DFW,2023-12-06 08:06:00,2023-12-06,08:06:00,221,Delayed,1111,4,0
F926,United,SFO,DEN,2023-08-19 03:45:00,2023-08-19,03:45:00,175,On-time,1403,0,0
F948,Southwest,SEA,ORD,2023-04-27 17:33:00,2023-04-27,17:33:00,122,On-time,1290,5,0
F1185,Delta,ATL,SFO,2024-08-23 20:22:00,2024-08-23,20:22:00,119,On-time,1166,9,0
F3,JetBlue,DFW,DEN,2023-05-07 18:11:00,2023-05-07,18:11:00,82,On-time,1042,11,0
F611,United,SFO,SFO,2025-03-28 02:59:00,2025-03-28,02:59:00,82,On-time,1067,10,0
F1763,United,ORD,ORD,2023-12-19 11:30:00,2023-12-19,11:30:00,219,On-time,792,5,0
F496,Southwest,DFW,DFW,2024-12-30 00:05:00,2024-12-30,00:05:00,172,On-time,1988,1,0
F843,Southwest,ORD,SEA,2024-02-18 09:46:00,2024-02-18,09:46:00,182,Delayed,1820,5,0
F1012,United,SEA,LAX,2025-04-06 01:06:00,2025-04-06,01:06:00,99,On-time,841,12,0
F1725,Southwest,LAX,ORD,2025-03-07 09:21:00,2025-03-07,09:21:00,187,On-time,1661,13,1
F1926,United,ORD,SEA,2023-07-15 21:38:00,2023-07-15,21:38:00,137,On-time,953,49,0
F1423,Delta,ORD,DFW,2023-05-03 08:23:00,2023-05-03,08:23:00,72,On-time,1141,6,0
F1435,American Airlines,JFK,SFO,2024-05-18 20:34:00,2024-05-18,20:34:00,150,On-time,1118,0,0
F902,Southwest,DEN,ATL,2025-02-03 07:08:00,2025-02-03,07:08:00,103,On-time,1334,16,0
F554,Delta,ATL,ORD,2024-03-12 07:56:00,2024-03-12,07:56:00,173,On-time,1198,2,0
F798,JetBlue,JFK,LAX,2024-12-14 19:16:00,2024-12-14,19:16:00,171,On-time,1300,46,0
F14,American Airlines,ORD,DEN,2024-04-09 14:15:00,2024-04-09,14:15:00,42,On-time,1036,3,0
F1252,Delta,JFK,SFO,2025-01-14 01:45:00,2025-01-14,01:45:00,145,On-time,1359,7,0
F909,United,DEN,SEA,2024-10-31 01:06:00,2024-10-31,01:06:00,218,On-time,1316,13,0
F140,Southwest,LAX,SEA,2025-04-01 14:35:00,2025-04-01,14:35:00,127,Delayed,1396,4,0
F531,Southwest,DFW,ATL,2023-09-14 18:25:00,2023-09-14,18:25:00,113,On-time,1284,7,0
F1137,Southwest,DEN,JFK,2024-02-12 17:15:00,2024-02-12,17:15:00,246,On-time,1888,5,0
F1319,JetBlue,JFK,DEN,2024-06-07 15:48:00,2024-06-07,15:48:00,87,On-time,1205,7,1
F1399,Delta,LAX,DFW,2024-11-14 12:53:00,2024-11-14,12:53:00,204,On-time,1121,8,0
F1206,Southwest,ATL,DFW,2023-10-18 13:55:00,2023-10-18,13:55:00,150,On-time,1098,8,0
F1380,Southwest,SEA,JFK,2024-02-16 09:29:00,2024-02-16,09:29:00,247,Delayed,1643,21,0
F537,Delta,JFK,JFK,2025-03-30 16:34:00,2025-03-30,16:34:00,114,On-time,1595,15,0
F601,Delta,SEA,SFO,2024-07-25 13:06:00,2024-07-25,13:06:00,150,On-time,1177,6,0
F649,Delta,DEN,ORD,2024-04-13 03:17:00,2024-04-13,03:17:00,76,On-time,715,27,0
F1989,JetBlue,SEA,LAX,2024-07-17 11:37:00,2024-07-17,11:37:00,121,Delayed,1705,10,1
F1799,JetBlue,DFW,SEA,2023-07-26 03:13:00,2023-07-26,03:13:00,166,On-time,1550,4,0
