date,Airport,temp,tmin,tmax,prcp,wspd
2023-04-23,JFK,14.9,10.6,20.6,32.0,16.9
2023-04-24,JFK,11.4,6.7,15.0,0.0,18.4
2023-04-25,JFK,11.1,7.2,14.4,0.0,13.7
2023-04-26,JFK,9.9,5.6,13.3,0.0,15.1
2023-04-27,JFK,10.9,8.9,13.9,0.0,12.2
2023-04-28,JFK,10.2,7.8,12.2,9.4,19.8
2023-04-29,JFK,10.2,8.9,11.1,44.5,29.5
2023-04-30,JFK,12.0,10.0,15.0,34.5,17.6
2023-05-01,JFK,13.4,9.4,16.7,0.8,28.1
2023-05-02,JFK,11.1,7.8,13.9,2.5,23.0
2023-05-03,JFK,10.6,8.3,13.3,0.3,16.9
2023-05-04,JFK,10.2,8.3,13.3,4.1,15.1
2023-05-05,JFK,11.3,6.7,16.1,0.0,10.8
2023-05-06,JFK,14.3,8.9,22.2,0.0,13.0
2023-05-07,JFK,16.2,11.7,22.8,0.0,16.2
2023-05-08,JFK,19.1,13.9,25.6,0.0,16.2
2023-05-09,JFK,15.8,10.0,17.2,0.0,13.7
2023-05-10,JFK,12.9,6.7,18.9,0.0,14.0
2023-05-11,JFK,16.8,10.6,23.9,0.0,15.8
2023-05-12,JFK,20.2,13.3,28.3,0.0,14.8
2023-05-13,JFK,21.9,17.8,26.7,0.0,15.5
2023-05-14,JFK,18.3,13.3,20.6,0.0,13.3
2023-05-15,JFK,16.4,10.6,22.2,0.0,19.4
2023-05-16,JFK,19.2,13.3,25.6,0.0,21.6
2023-05-17,JFK,17.7,9.4,20.0,0.0,25.9
2023-05-18,JFK,11.1,5.6,13.9,0.0,16.9
2023-05-19,JFK,13.8,10.6,18.9,0.0,19.1
2023-05-20,JFK,15.3,13.9,17.2,41.9,15.1
2023-05-21,JFK,17.4,13.3,22.2,0.0,21.2
2023-05-22,JFK,18.1,12.2,23.3,0.0,15.8
2023-05-23,JFK,14.6,11.1,18.3,0.0,13.7
2023-05-24,JFK,14.4,9.4,20.6,0.3,13.7
2023-05-25,JFK,14.9,9.4,20.0,0.0,23.0
2023-05-26,JFK,16.7,10.6,22.8,0.0,13.7
2023-05-27,JFK,17.4,10.0,22.8,0.0,12.2
2023-05-28,JFK,17.1,12.8,21.7,0.0,13.0
2023-05-29,JFK,18.4,13.3,23.9,0.0,22.0
2023-05-30,JFK,15.1,10.0,18.9,0.0,16.9
2023-05-31,JFK,14.7,8.9,21.1,0.0,8.3
2023-06-01,JFK,18.7,13.9,24.4,0.0,8.6
2023-06-02,JFK,20.1,15.6,26.1,0.5,10.1
2023-06-03,JFK,18.6,12.2,21.1,0.0,17.6
2023-06-04,JFK,14.6,9.4,21.1,0.0,16.9
2023-06-05,JFK,17.2,10.0,25.0,0.0,16.9
2023-06-06,JFK,19.2,15.0,25.0,0.8,16.6
2023-06-07,JFK,18.1,13.3,22.2,0.0,19.8
2023-06-08,JFK,16.9,10.6,21.7,0.0,9.0
2023-06-09,JFK,17.6,14.4,22.2,1.5,12.2
2023-06-10,JFK,18.6,13.3,26.7,0.8,16.9
2023-06-11,JFK,20.1,16.7,24.4,0.5,16.2
2023-06-12,JFK,20.4,18.3,24.4,4.6,20.5
2023-06-13,JFK,21.2,17.8,26.7,0.0,19.4
2023-06-14,JFK,19.7,16.1,22.2,6.1,20.2
2023-06-15,JFK,20.5,16.1,26.7,0.0,19.8
2023-06-16,JFK,20.5,16.1,25.6,5.1,10.4
2023-06-17,JFK,20.1,15.6,27.2,0.0,23.0
2023-06-18,JFK,21.6,17.8,27.8,0.0,16.6
2023-06-19,JFK,20.7,17.2,25.0,0.0,14.4
2023-06-20,JFK,19.5,16.1,23.9,0.0,16.6
2023-06-21,JFK,18.3,15.6,22.2,0.0,23.4
2023-06-22,JFK,18.3,14.4,22.8,0.0,18.7
2023-06-23,JFK,18.7,17.2,21.1,0.0,14.4
2023-06-24,JFK,20.4,18.9,24.4,0.8,13.0
2023-06-25,JFK,22.4,18.3,28.3,0.0,10.1
2023-06-26,JFK,22.2,20.0,27.2,0.3,15.5
2023-06-27,JFK,21.9,18.9,25.6,0.5,15.5
2023-06-28,JFK,22.5,19.4,28.3,4.3,11.2
2023-06-29,JFK,22.9,18.3,27.8,0.0,14.4
2023-06-30,JFK,22.8,19.4,28.3,0.0,13.7
2023-07-01,JFK,22.3,18.3,26.7,0.0,13.7
2023-07-02,JFK,23.5,20.6,28.9,11.9,15.5
2023-07-03,JFK,25.7,22.8,30.6,4.6,15.1
2023-07-04,JFK,24.6,22.2,27.8,3.6,9.4
2023-07-05,JFK,25.5,21.1,31.1,0.0,11.9
2023-07-06,JFK,25.1,21.7,28.9,0.0,12.2
2023-07-07,JFK,25.3,23.3,28.9,0.0,10.4
2023-07-08,JFK,25.3,22.8,28.9,0.0,10.8
2023-07-09,JFK,24.9,23.3,27.2,13.5,16.2
2023-07-10,JFK,25.3,21.7,30.6,0.0,15.8
2023-07-11,JFK,25.9,21.1,30.0,0.0,16.9
2023-07-12,JFK,27.0,22.2,32.2,0.0,15.8
2023-07-13,JFK,26.0,22.2,29.4,0.0,23.4
2023-07-14,JFK,25.2,21.7,28.9,3.0,16.9
2023-07-15,JFK,25.4,22.2,30.0,0.0,13.7
2023-07-16,JFK,25.2,23.3,27.2,11.4,15.1
2023-07-17,JFK,25.8,23.3,31.1,0.0,15.1
2023-07-18,JFK,24.8,21.1,28.3,35.3,14.4
2023-07-19,JFK,23.6,21.1,25.6,3.0,8.6
2023-07-20,JFK,24.4,21.1,28.9,0.0,11.9
2023-07-21,JFK,24.8,22.8,28.3,1.0,17.3
2023-07-22,JFK,25.3,21.1,30.0,0.0,14.4
2023-07-23,JFK,25.2,20.0,30.0,0.0,15.5
2023-07-24,JFK,24.8,21.7,28.3,0.0,16.6
2023-07-25,JFK,24.2,20.6,28.9,6.1,11.9
2023-07-26,JFK,24.0,20.0,28.9,0.0,17.3
2023-07-27,JFK,26.4,22.8,33.3,0.5,19.8
2023-07-28,JFK,28.2,24.4,32.8,1.0,11.9
2023-07-29,JFK,27.3,21.1,32.2,16.3,23.0
2023-07-30,JFK,23.3,18.9,27.2,0.0,20.2
2023-07-31,JFK,23.3,17.8,28.3,0.0,15.8
2023-08-01,JFK,22.8,18.9,27.2,0.0,14.8
2023-08-02,JFK,21.5,16.7,25.6,0.0,13.7
2023-08-03,JFK,21.5,17.2,25.6,0.0,22.3
2023-08-04,JFK,22.2,21.1,24.4,0.0,21.6
2023-08-05,JFK,24.2,20.6,28.9,0.0,13.3
2023-08-06,JFK,24.5,19.4,27.2,0.0,14.8
2023-08-07,JFK,23.4,20.0,26.1,21.1,24.8
2023-08-08,JFK,23.6,21.7,27.8,0.8,24.5
2023-08-09,JFK,25.2,20.6,30.6,0.0,24.5
2023-08-10,JFK,23.2,20.6,25.6,16.8,11.2
2023-08-11,JFK,23.6,19.4,30.0,0.0,17.3
2023-08-12,JFK,23.7,18.9,27.2,3.8,16.9
2023-08-13,JFK,25.2,20.0,31.7,16.0,16.2
2023-08-14,JFK,25.2,20.6,28.3,0.0,12.2
2023-08-15,JFK,24.4,21.7,27.2,8.4,14.8
2023-08-16,JFK,23.1,20.6,27.2,10.2,11.2
2023-08-17,JFK,22.6,21.7,24.4,0.0,16.6
2023-08-18,JFK,24.0,20.0,28.3,7.9,21.6
2023-08-19,JFK,21.9,17.2,26.1,0.0,21.2
2023-08-20,JFK,23.2,17.2,27.8,0.0,15.1
2023-08-21,JFK,25.8,21.1,31.1,0.0,15.5
2023-08-22,JFK,24.0,18.9,26.1,0.0,18.7
2023-08-23,JFK,21.2,17.2,25.0,0.0,14.4
2023-08-24,JFK,21.1,20.0,22.8,0.5,19.4
2023-08-25,JFK,22.4,21.1,25.0,10.4,21.2
2023-08-26,JFK,23.8,20.6,30.0,2.8,9.7
2023-08-27,JFK,23.6,20.0,28.3,0.0,12.2
2023-08-28,JFK,21.4,19.4,23.3,0.0,12.2
2023-08-29,JFK,22.0,19.4,27.2,0.0,9.7
2023-08-30,JFK,23.7,20.0,29.4,3.3,15.8
2023-08-31,JFK,21.6,17.2,25.0,0.0,22.3
2023-09-01,JFK,19.6,15.0,24.4,0.0,13.3
2023-09-02,JFK,19.3,15.6,23.9,0.0,18.7
2023-09-03,JFK,23.6,18.3,32.2,0.0,14.8
2023-09-04,JFK,26.0,21.1,31.7,0.0,7.6
2023-09-05,JFK,27.8,23.3,33.9,0.0,11.2
2023-09-06,JFK,27.8,23.3,33.9,0.0,8.6
2023-09-07,JFK,27.4,22.8,33.3,0.0,13.7
2023-09-08,JFK,25.4,22.8,30.0,0.3,10.8
2023-09-09,JFK,25.4,22.8,28.9,0.0,11.2
2023-09-10,JFK,23.6,20.6,26.7,28.2,10.4
2023-09-11,JFK,23.7,21.1,27.8,10.2,8.6
2023-09-12,JFK,23.0,20.6,27.2,0.0,11.2
2023-09-13,JFK,23.7,21.1,26.1,0.5,15.5
2023-09-14,JFK,22.2,17.2,26.7,0.0,20.9
2023-09-15,JFK,18.0,14.4,21.7,0.0,25.6
2023-09-16,JFK,19.5,16.1,25.6,0.0,22.0
2023-09-17,JFK,19.8,13.3,22.8,0.0,12.2
2023-09-18,JFK,19.4,16.7,21.7,17.8,13.7
2023-09-19,JFK,18.8,15.0,24.4,0.0,19.1
2023-09-20,JFK,19.6,13.3,24.4,0.0,14.0
2023-09-21,JFK,18.7,13.9,23.3,0.0,11.5
2023-09-22,JFK,17.6,13.9,22.8,0.0,21.2
2023-09-23,JFK,15.9,14.4,17.2,24.4,32.4
2023-09-24,JFK,17.0,16.7,18.3,14.2,26.3
2023-09-25,JFK,15.9,13.9,16.7,8.9,24.5
2023-09-26,JFK,14.9,11.7,16.1,0.3,18.4
2023-09-27,JFK,14.7,10.6,19.4,0.0,15.8
2023-09-28,JFK,15.2,12.2,19.4,15.7,15.8
2023-09-29,JFK,15.1,13.9,16.1,204.5,23.4
2023-09-30,JFK,15.3,13.3,20.0,5.6,19.4
2023-10-01,JFK,19.1,15.0,25.0,0.0,16.9
2023-10-02,JFK,20.6,16.1,25.6,0.0,13.0
2023-10-03,JFK,18.5,13.3,23.9,0.0,9.4
2023-10-04,JFK,20.3,16.1,25.6,0.0,9.7
2023-10-05,JFK,18.9,13.9,23.3,0.0,9.7
2023-10-06,JFK,19.3,17.8,22.2,0.0,13.0
2023-10-07,JFK,18.6,12.2,19.4,47.8,20.5
2023-10-08,JFK,13.2,10.0,16.1,0.0,29.2
2023-10-09,JFK,12.8,9.4,16.7,0.0,21.6
2023-10-10,JFK,14.1,10.6,17.8,0.0,10.8
2023-10-11,JFK,15.5,10.6,20.6,0.0,7.6
2023-10-12,JFK,15.4,10.6,20.0,0.0,7.9
2023-10-13,JFK,14.4,10.0,18.3,0.0,12.6
2023-10-14,JFK,11.6,10.0,12.8,20.3,13.3
2023-10-15,JFK,12.1,10.0,16.7,0.3,24.5
2023-10-16,JFK,12.8,8.3,18.9,0.0,17.3
2023-10-17,JFK,13.5,9.4,18.3,0.0,8.6
2023-10-18,JFK,14.2,10.0,18.3,0.0,7.9
2023-10-19,JFK,14.1,10.0,17.8,0.0,16.9
2023-10-20,JFK,16.3,15.6,17.8,17.0,19.4
2023-10-21,JFK,15.9,13.9,18.9,3.0,22.0
2023-10-22,JFK,13.2,8.3,16.1,0.0,31.7
2023-10-23,JFK,11.4,6.7,16.7,0.0,19.4
2023-10-24,JFK,11.6,6.1,17.2,0.0,12.2
2023-10-25,JFK,14.6,9.4,21.1,0.0,14.8
2023-10-26,JFK,16.3,11.1,23.3,0.0,10.8
2023-10-27,JFK,16.9,12.8,21.7,0.0,13.3
2023-10-28,JFK,20.1,14.4,27.2,0.0,16.2
2023-10-29,JFK,15.2,11.1,17.8,4.3,16.6
2023-10-30,JFK,13.7,10.0,16.7,10.2,16.9
2023-10-31,JFK,9.9,7.2,11.7,0.0,14.4
2023-11-01,JFK,7.7,3.3,10.0,0.5,21.6
2023-11-02,JFK,5.5,1.1,10.0,0.0,14.8
2023-11-03,JFK,8.6,3.9,12.8,0.0,19.4
2023-11-04,JFK,10.8,6.7,14.4,0.0,12.2
2023-11-05,JFK,12.4,6.1,18.3,0.0,9.7
2023-11-06,JFK,9.8,6.1,13.3,0.0,13.0
2023-11-07,JFK,13.7,11.7,17.2,0.3,17.6
2023-11-08,JFK,10.1,4.4,11.7,0.0,19.8
2023-11-09,JFK,9.7,3.3,15.0,0.0,10.8
2023-11-10,JFK,10.1,5.6,11.7,0.0,17.3
2023-11-11,JFK,8.6,3.9,13.3,0.0,17.3
2023-11-12,JFK,5.1,1.7,7.8,0.0,11.9
2023-11-13,JFK,4.1,-0.5,8.9,0.0,9.7
2023-11-14,JFK,8.6,3.9,12.8,0.0,21.6
2023-11-15,JFK,6.7,1.1,10.0,0.0,12.6
2023-11-16,JFK,10.4,5.0,16.7,0.0,13.0
2023-11-17,JFK,12.2,6.1,17.2,0.0,18.7
2023-11-18,JFK,12.5,4.4,15.0,0.0,22.7
2023-11-19,JFK,7.6,3.3,12.8,0.0,19.1
2023-11-20,JFK,5.7,1.1,7.8,0.0,15.5
2023-11-21,JFK,4.1,0.0,8.9,11.7,25.2
2023-11-22,JFK,10.9,8.9,15.0,18.8,21.2
2023-11-23,JFK,9.7,7.2,11.7,0.0,23.0
2023-11-24,JFK,8.4,0.0,11.1,0.0,24.1
2023-11-25,JFK,1.4,-2.7,5.0,0.0,10.4
2023-11-26,JFK,3.6,-1.6,12.8,8.6,19.1
2023-11-27,JFK,9.6,2.8,12.8,0.5,25.9
2023-11-28,JFK,2.6,-0.5,5.0,0.0,28.4
2023-11-29,JFK,-0.2,-3.2,2.2,0.0,23.0
2023-11-30,JFK,4.0,0.0,9.4,0.0,17.6
2023-12-01,JFK,6.4,1.7,8.9,14.0,11.2
2023-12-02,JFK,8.6,7.2,11.1,0.0,10.8
2023-12-03,JFK,9.0,6.7,10.0,18.8,15.5
2023-12-04,JFK,8.2,5.6,11.1,0.0,19.4
2023-12-05,JFK,5.4,2.8,6.7,0.0,15.1
2023-12-06,JFK,3.4,0.6,5.6,0.0,20.2
2023-12-07,JFK,1.6,-0.5,3.9,0.0,19.1
2023-12-08,JFK,4.1,-1.0,8.9,0.0,9.4
2023-12-09,JFK,7.6,1.7,12.8,0.0,9.4
2023-12-10,JFK,10.3,6.1,13.9,60.5,24.5
2023-12-11,JFK,7.4,2.2,11.7,15.0,30.6
2023-12-12,JFK,3.7,0.6,6.1,0.0,22.0
2023-12-13,JFK,5.1,2.2,7.8,0.0,21.6
2023-12-14,JFK,2.3,-0.5,8.3,0.0,18.7
2023-12-15,JFK,5.9,1.1,13.3,0.0,18.7
2023-12-16,JFK,8.5,3.3,12.8,0.0,13.7
2023-12-17,JFK,9.4,8.3,13.3,3.0,22.7
2023-12-18,JFK,12.1,5.6,15.0,37.3,37.1
2023-12-19,JFK,4.9,0.0,6.7,0.0,27.4
2023-12-20,JFK,1.6,-1.6,6.7,0.0,20.5
2023-12-21,JFK,2.9,-1.6,5.6,0.0,22.0
2023-12-22,JFK,-0.7,-3.8,4.4,0.0,7.2
2023-12-23,JFK,1.7,-2.1,6.1,0.0,9.0
2023-12-24,JFK,5.8,4.4,8.9,0.5,4.7
2023-12-25,JFK,6.4,3.9,9.4,0.0,6.8
2023-12-26,JFK,6.2,3.9,7.2,0.0,5.8
2023-12-27,JFK,6.2,4.4,9.4,4.8,10.8
2023-12-28,JFK,10.2,8.3,12.2,39.4,16.9
2023-12-29,JFK,9.3,7.2,11.7,0.5,14.4
2023-12-30,JFK,6.6,3.3,8.3,0.0,23.4
2023-12-31,JFK,5.1,3.3,6.1,0.0,19.4
2024-01-01,JFK,5.5,1.7,8.3,0.0,10.8
2024-01-02,JFK,2.1,-2.1,5.6,0.0,15.8
2024-01-03,JFK,3.7,0.6,7.2,0.0,13.7
2024-01-04,JFK,4.6,-2.1,7.8,0.0,23.0
2024-01-05,JFK,-0.4,-3.2,3.3,0.0,21.2
2024-01-06,JFK,0.6,-2.7,3.9,13.7,18.0
2024-01-07,JFK,2.8,1.7,3.9,7.1,25.2
2024-01-08,JFK,3.7,0.0,7.2,0.0,19.8
2024-01-09,JFK,2.9,-2.1,12.2,40.4,26.6
2024-01-10,JFK,9.9,6.1,12.2,7.1,36.4
2024-01-11,JFK,6.4,3.9,7.8,0.0,23.8
2024-01-12,JFK,5.6,1.1,8.9,1.5,18.4
2024-01-13,JFK,9.4,1.7,13.3,28.7,36.7
2024-01-14,JFK,2.6,-3.2,6.7,0.0,34.6
2024-01-15,JFK,-2.8,-4.9,-1.6,1.5,15.1
2024-01-16,JFK,-2.1,-5.5,0.0,9.1,23.0
2024-01-17,JFK,-5.7,-7.7,-4.3,0.0,29.2
2024-01-18,JFK,-3.5,-5.5,0.6,0.0,18.4
2024-01-19,JFK,-1.1,-3.8,0.6,0.3,17.6
2024-01-20,JFK,-5.2,-7.7,-3.2,0.0,33.5
2024-01-21,JFK,-4.8,-7.1,0.0,0.0,28.8
2024-01-22,JFK,-2.1,-5.5,2.2,0.0,20.2
2024-01-23,JFK,2.0,0.0,4.4,0.3,12.2
2024-01-24,JFK,4.1,2.2,7.2,2.3,8.6
2024-01-25,JFK,8.4,6.1,12.8,6.9,9.7
2024-01-26,JFK,7.1,5.0,7.8,5.3,13.0
2024-01-27,JFK,6.1,5.0,8.9,0.0,8.6
2024-01-28,JFK,4.4,2.8,5.0,23.4,22.0
2024-01-29,JFK,2.9,1.7,4.4,0.8,25.6
2024-01-30,JFK,2.2,1.1,3.3,0.0,12.6
2024-01-31,JFK,2.3,1.1,3.9,0.0,11.5
2024-02-01,JFK,3.4,0.0,6.7,0.0,11.9
2024-02-02,JFK,5.1,2.8,5.6,4.8,13.7
2024-02-03,JFK,2.8,0.0,6.1,0.0,22.7
2024-02-04,JFK,2.7,-1.0,7.8,0.0,17.3
2024-02-05,JFK,2.9,-1.0,7.2,0.0,20.5
2024-02-06,JFK,1.2,-2.7,5.6,0.0,16.9
2024-02-07,JFK,2.8,-1.6,8.9,0.0,11.2
2024-02-08,JFK,4.3,0.0,8.9,0.0,9.4
2024-02-09,JFK,6.2,3.3,9.4,0.0,15.8
2024-02-10,JFK,6.6,2.2,12.8,0.0,10.8
2024-02-11,JFK,8.8,6.1,10.6,0.0,15.5
2024-02-12,JFK,5.3,2.2,7.8,0.0,10.8
2024-02-13,JFK,2.3,0.0,3.9,16.5,23.4
2024-02-14,JFK,1.1,-2.1,3.3,0.0,37.4
2024-02-15,JFK,-0.8,-3.2,2.2,0.0,20.2
2024-02-16,JFK,3.1,1.1,6.1,0.0,24.5
2024-02-17,JFK,0.4,-3.2,2.2,8.4,18.4
2024-02-18,JFK,-0.9,-3.8,4.4,0.0,28.1
2024-02-19,JFK,2.2,-1.6,5.0,0.0,17.3
2024-02-20,JFK,-0.4,-3.8,2.2,0.0,12.2
2024-02-21,JFK,-0.2,-4.3,3.9,0.0,12.2
2024-02-22,JFK,2.6,0.6,5.0,1.3,13.7
2024-02-23,JFK,6.2,4.4,8.9,1.3,11.9
2024-02-24,JFK,5.7,-2.1,7.2,0.0,22.7
2024-02-25,JFK,-1.3,-6.0,2.2,0.0,16.9
2024-02-26,JFK,3.5,0.0,8.9,0.0,14.0
2024-02-27,JFK,6.0,1.1,11.1,8.4,20.2
2024-02-28,JFK,9.1,6.7,13.3,2.0,35.3
2024-02-29,JFK,3.9,-0.5,6.7,0.0,30.6
2024-03-01,JFK,1.9,-2.1,5.0,0.0,16.9
2024-03-02,JFK,6.8,5.0,11.7,36.8,18.0
2024-03-03,JFK,11.7,8.3,20.0,0.0,16.6
2024-03-04,JFK,10.1,5.6,12.8,0.0,16.9
2024-03-05,JFK,6.9,5.6,8.9,10.7,17.6
2024-03-06,JFK,8.0,7.2,10.6,47.8,11.5
2024-03-07,JFK,10.1,6.7,12.8,3.8,25.6
2024-03-08,JFK,7.4,3.9,18.9,0.0,16.9
2024-03-09,JFK,5.6,4.4,9.4,43.2,27.7
2024-03-10,JFK,7.8,2.8,11.7,0.8,31.3
2024-03-11,JFK,5.9,1.7,11.7,0.0,42.8
2024-03-12,JFK,11.0,5.0,19.4,0.0,21.6
2024-03-13,JFK,10.6,5.0,13.9,0.0,9.7
2024-03-14,JFK,9.9,5.0,18.9,0.0,9.7
2024-03-15,JFK,14.2,9.4,22.2,0.0,18.0
2024-03-16,JFK,10.5,6.1,12.8,0.0,18.0
2024-03-17,JFK,11.7,8.3,17.2,0.0,22.0
2024-03-18,JFK,9.3,3.3,11.7,0.0,23.8
2024-03-19,JFK,4.9,1.7,8.9,0.0,26.3
2024-03-20,JFK,7.3,1.1,11.7,0.8,23.8
2024-03-21,JFK,2.6,-1.0,6.7,0.0,31.0
2024-03-22,JFK,1.2,-2.1,5.0,0.0,15.5
2024-03-23,JFK,7.2,1.7,11.1,79.5,27.0
2024-03-24,JFK,3.6,-0.5,7.8,0.0,25.6
2024-03-25,JFK,5.1,1.1,11.1,0.0,20.5
2024-03-26,JFK,6.3,3.3,9.4,0.0,16.2
2024-03-27,JFK,6.7,4.4,10.0,2.8,8.6
2024-03-28,JFK,8.6,6.7,9.4,24.4,16.6
2024-03-29,JFK,8.6,5.6,13.9,0.0,32.0
2024-03-30,JFK,9.1,5.0,16.1,0.5,26.6
2024-03-31,JFK,12.1,7.2,16.7,0.0,17.3
2024-04-01,JFK,10.4,6.7,11.7,0.3,7.2
2024-04-02,JFK,7.8,5.6,8.9,25.9,16.2
2024-04-03,JFK,6.2,5.0,7.2,31.0,36.7
2024-04-04,JFK,6.1,2.8,11.1,5.3,22.7
2024-04-05,JFK,6.8,3.3,10.0,0.0,24.5
2024-04-06,JFK,8.0,5.6,12.8,0.0,28.4
2024-04-07,JFK,9.1,5.0,14.4,0.0,21.2
2024-04-08,JFK,9.7,4.4,17.2,0.0,11.2
2024-04-09,JFK,13.6,7.2,20.6,0.0,12.2
2024-04-10,JFK,12.3,10.0,20.6,0.0,14.0
2024-04-11,JFK,11.7,10.0,15.0,1.3,22.3
2024-04-12,JFK,13.6,11.7,17.2,5.1,34.2
2024-04-13,JFK,11.7,8.3,12.8,0.0,36.0
2024-04-14,JFK,12.2,6.1,18.3,0.3,24.8
2024-04-15,JFK,16.9,11.1,25.0,0.0,16.9
2024-04-16,JFK,15.9,10.0,22.2,0.0,18.0
2024-04-17,JFK,11.4,7.8,13.9,1.5,16.9
2024-04-18,JFK,8.8,7.2,9.4,3.0,20.5
2024-04-19,JFK,9.1,6.7,12.8,0.0,15.5
2024-04-20,JFK,11.4,8.3,19.4,4.3,19.1
2024-04-21,JFK,9.6,5.0,11.7,0.0,17.3
2024-04-22,JFK,10.3,5.6,16.7,0.0,16.6
2024-04-23,JFK,9.8,5.0,13.9,0.0,17.3
2024-04-24,JFK,12.8,9.4,20.0,0.5,23.4
2024-04-25,JFK,10.1,5.6,11.7,0.0,16.6
2024-04-26,JFK,8.3,2.8,12.8,0.0,13.7
2024-04-27,JFK,9.2,5.6,13.3,0.0,18.4
2024-04-28,JFK,13.2,10.0,20.0,0.8,11.5
2024-04-29,JFK,19.7,14.4,27.8,0.0,14.8
2024-04-30,JFK,15.3,11.1,19.4,0.0,15.8
2024-05-01,JFK,14.2,10.6,21.7,0.0,13.3
2024-05-02,JFK,13.4,10.0,18.9,0.0,14.0
2024-05-03,JFK,14.4,9.4,17.2,0.0,13.3
2024-05-04,JFK,11.7,8.9,16.1,0.0,15.5
2024-05-05,JFK,10.3,9.4,12.2,5.6,16.6
2024-05-06,JFK,14.8,12.2,21.7,1.3,9.4
2024-05-07,JFK,18.6,13.9,25.0,0.0,14.0
2024-05-08,JFK,18.2,14.4,26.7,1.5,18.0
2024-05-09,JFK,20.2,12.2,21.7,0.0,16.9
2024-05-10,JFK,11.7,9.4,12.8,7.4,16.6
2024-05-11,JFK,11.2,8.3,15.6,0.0,18.0
2024-05-12,JFK,10.7,9.4,12.8,1.3,14.4
2024-05-13,JFK,12.3,8.9,17.8,0.0,17.3
2024-05-14,JFK,15.2,11.7,19.4,0.3,15.5
2024-05-15,JFK,15.7,14.4,18.9,6.6,18.4
2024-05-16,JFK,16.4,15.0,20.0,1.8,31.3
2024-05-17,JFK,18.1,14.4,22.8,0.0,15.5
2024-05-18,JFK,17.2,15.0,21.7,0.8,9.7
2024-05-19,JFK,17.5,11.7,23.3,0.0,14.8
2024-05-20,JFK,15.3,11.7,20.0,0.0,10.8
2024-05-21,JFK,17.1,13.3,22.2,0.0,11.9
2024-05-22,JFK,19.7,15.6,24.4,0.0,18.0
2024-05-23,JFK,20.2,16.7,26.1,14.0,11.9
2024-05-24,JFK,22.9,15.0,29.4,0.0,13.7
2024-05-25,JFK,20.8,15.6,25.0,0.0,10.8
2024-05-26,JFK,19.7,17.2,24.4,0.0,11.5
2024-05-27,JFK,19.9,18.3,24.4,14.7,19.4
2024-05-28,JFK,22.1,17.2,27.8,0.0,19.8
2024-05-29,JFK,21.2,16.7,24.4,7.9,16.6
2024-05-30,JFK,18.4,14.4,22.8,3.6,17.6
2024-05-31,JFK,20.0,15.6,25.6,0.0,19.4
2024-06-01,JFK,22.4,16.7,27.8,0.0,16.9
2024-06-02,JFK,21.4,16.7,26.1,0.0,14.0
2024-06-03,JFK,23.1,18.9,28.9,0.5,9.7
2024-06-04,JFK,21.3,17.8,25.6,0.0,11.2
2024-06-05,JFK,20.9,17.2,25.6,1.0,13.7
2024-06-06,JFK,23.2,20.6,28.9,14.7,14.0
2024-06-07,JFK,24.4,19.4,28.3,0.0,15.5
2024-06-08,JFK,22.9,18.3,27.2,0.0,22.3
2024-06-09,JFK,21.9,18.3,25.6,0.0,20.9
2024-06-10,JFK,21.3,17.2,25.0,0.0,20.2
2024-06-11,JFK,19.7,15.6,22.2,0.0,13.3
2024-06-12,JFK,20.2,16.7,23.3,0.0,15.5
2024-06-13,JFK,21.1,17.2,25.6,0.0,16.2
2024-06-14,JFK,22.1,18.9,25.6,21.6,13.3
2024-06-15,JFK,23.0,18.3,28.3,0.0,17.3
2024-06-16,JFK,21.2,17.2,26.7,0.0,15.1
2024-06-17,JFK,21.7,17.8,26.7,0.0,20.9
2024-06-18,JFK,23.2,20.6,26.7,0.0,21.2
2024-06-19,JFK,23.5,19.4,27.8,0.0,19.1
2024-06-20,JFK,23.9,20.0,28.9,0.0,17.6
2024-06-21,JFK,25.7,20.0,32.8,0.0,18.0
2024-06-22,JFK,25.7,22.2,30.6,1.0,10.8
2024-06-23,JFK,24.2,21.1,29.4,0.0,20.2
2024-06-24,JFK,25.2,20.6,29.4,0.0,29.9
2024-06-25,JFK,26.2,21.7,32.8,0.0,22.3
2024-06-26,JFK,24.0,20.0,28.9,6.6,19.1
2024-06-27,JFK,24.3,21.1,30.6,14.5,19.4
2024-06-28,JFK,21.8,17.2,26.7,0.0,15.1
2024-06-29,JFK,21.6,17.8,26.7,0.5,22.0
2024-06-30,JFK,23.0,21.1,28.3,14.5,16.2
2024-07-01,JFK,23.3,17.8,27.8,0.0,24.8
2024-07-02,JFK,23.6,18.3,27.8,0.0,12.6
2024-07-03,JFK,22.3,17.8,26.7,0.0,16.2
2024-07-04,JFK,22.9,20.0,27.8,1.8,15.8
2024-07-05,JFK,24.3,21.7,28.3,0.8,12.2
2024-07-06,JFK,23.9,21.1,27.2,0.3,15.1
2024-07-07,JFK,26.4,22.8,30.6,0.0,9.4
2024-07-08,JFK,26.4,22.2,31.1,0.0,9.4
2024-07-09,JFK,24.2,22.2,27.8,0.0,15.5
2024-07-10,JFK,25.7,23.3,28.9,0.0,29.2
2024-07-11,JFK,25.9,22.2,31.1,0.3,21.6
2024-07-12,JFK,24.9,22.2,27.8,3.3,13.7
2024-07-13,JFK,24.4,22.2,27.8,19.0,12.2
2024-07-14,JFK,26.6,23.9,30.0,0.0,12.2
2024-07-15,JFK,25.7,22.2,28.9,7.6,15.1
2024-07-16,JFK,28.2,25.6,31.7,0.0,15.1
2024-07-17,JFK,27.2,23.3,28.3,18.5,16.6
2024-07-18,JFK,25.7,22.2,30.0,0.0,16.9
2024-07-19,JFK,24.7,20.0,30.0,0.0,14.8
2024-07-20,JFK,23.8,20.0,26.7,0.0,16.2
2024-07-21,JFK,25.6,22.2,30.0,0.0,15.5
2024-07-22,JFK,24.8,22.2,27.8,1.3,13.0
2024-07-23,JFK,24.9,22.8,29.4,0.5,9.4
2024-07-24,JFK,25.3,23.9,28.3,0.0,11.9
2024-07-25,JFK,26.2,23.9,30.6,0.0,15.8
2024-07-26,JFK,25.2,20.0,30.0,0.0,17.6
2024-07-27,JFK,25.4,20.6,29.4,0.0,10.4
2024-07-28,JFK,25.3,21.7,31.7,0.0,13.7
2024-07-29,JFK,24.3,20.0,29.4,1.3,20.9
2024-07-30,JFK,25.4,22.2,28.9,0.0,25.9
2024-07-31,JFK,26.3,23.9,32.8,0.0,19.1
2024-08-01,JFK,28.4,23.9,33.9,0.0,14.8
2024-08-02,JFK,28.2,23.9,32.8,4.6,15.1
2024-08-03,JFK,27.0,23.3,31.1,32.5,17.3
2024-08-04,JFK,24.4,22.2,27.2,4.6,16.2
2024-08-05,JFK,26.6,22.2,31.7,0.0,14.4
2024-08-06,JFK,26.4,22.2,30.6,21.1,14.8
2024-08-07,JFK,21.2,18.9,22.8,1.5,16.9
2024-08-08,JFK,20.2,18.9,23.3,7.1,19.4
2024-08-09,JFK,24.6,22.8,28.3,6.6,31.7
2024-08-10,JFK,26.4,23.3,30.6,0.0,19.4
2024-08-11,JFK,25.3,22.8,27.8,0.0,14.0
2024-08-12,JFK,23.2,17.8,28.3,0.3,14.8
2024-08-13,JFK,23.3,18.3,28.9,0.0,13.3
2024-08-14,JFK,24.8,20.0,31.1,0.0,12.2
2024-08-15,JFK,25.7,20.6,31.1,0.0,13.7
2024-08-16,JFK,25.5,22.2,30.0,0.0,12.2
2024-08-17,JFK,23.7,21.1,26.7,1.3,15.5
2024-08-18,JFK,24.0,21.7,27.2,15.5,19.1
2024-08-19,JFK,24.3,21.1,30.0,7.9,15.5
2024-08-20,JFK,21.4,17.2,24.4,0.0,20.9
2024-08-21,JFK,19.4,14.4,25.0,0.0,20.2
2024-08-22,JFK,20.8,16.1,26.7,0.0,15.1
2024-08-23,JFK,22.7,15.6,28.3,0.0,13.0
2024-08-24,JFK,23.6,17.8,28.9,0.0,13.0
2024-08-25,JFK,23.5,19.4,28.3,0.0,15.8
2024-08-26,JFK,23.4,18.9,27.8,0.8,13.0
2024-08-27,JFK,23.8,19.4,28.9,0.0,12.2
2024-08-28,JFK,26.6,22.2,35.0,0.0,15.1
2024-08-29,JFK,24.9,21.1,27.8,0.0,18.0
2024-08-30,JFK,21.1,16.7,24.4,7.1,16.9
2024-08-31,JFK,22.7,20.6,26.7,0.0,12.6
2024-09-01,JFK,24.1,22.8,27.8,0.0,13.3
2024-09-02,JFK,23.9,17.8,28.3,0.0,23.8
2024-09-03,JFK,19.6,13.9,24.4,0.0,11.9
2024-09-04,JFK,19.7,13.9,25.0,0.0,8.6
2024-09-05,JFK,19.9,13.9,25.6,0.0,12.2
2024-09-06,JFK,20.7,17.2,26.1,0.0,12.6
2024-09-07,JFK,20.9,15.6,23.9,4.6,16.2
2024-09-08,JFK,17.9,13.3,23.3,0.0,21.2
2024-09-09,JFK,19.5,13.9,26.1,0.0,18.0
2024-09-10,JFK,21.8,17.2,27.2,0.0,13.0
2024-09-11,JFK,20.5,15.6,25.6,0.0,9.4
2024-09-12,JFK,19.8,15.0,25.6,0.0,7.9
2024-09-13,JFK,20.6,15.6,26.1,0.0,7.6
2024-09-14,JFK,22.1,17.2,29.4,0.0,7.9
2024-09-15,JFK,21.8,15.6,27.2,0.0,14.8
2024-09-16,JFK,19.3,14.4,25.6,0.0,11.9
2024-09-17,JFK,21.4,18.3,27.2,0.0,11.9
2024-09-18,JFK,21.7,19.4,26.7,0.0,14.8
2024-09-19,JFK,24.2,20.6,30.6,0.0,17.6
2024-09-20,JFK,23.8,19.4,28.9,0.0,21.2
2024-09-21,JFK,21.6,17.8,27.2,0.0,20.2
2024-09-22,JFK,20.2,16.7,25.0,0.0,16.2
2024-09-23,JFK,18.2,15.6,21.7,0.5,13.7
2024-09-24,JFK,18.2,15.6,21.7,0.0,14.4
2024-09-25,JFK,18.2,16.7,20.6,0.3,17.3
2024-09-26,JFK,20.4,18.9,22.8,1.3,15.1
2024-09-27,JFK,21.0,18.9,22.8,0.8,10.4
2024-09-28,JFK,19.1,16.7,20.0,4.6,22.7
2024-09-29,JFK,16.9,16.1,17.8,13.0,12.2
2024-09-30,JFK,18.6,16.1,22.8,0.0,12.6
2024-10-01,JFK,18.0,15.0,22.2,0.0,15.1
2024-10-02,JFK,17.1,13.3,20.6,0.0,9.4
2024-10-03,JFK,18.6,16.1,22.8,0.0,9.4
2024-10-04,JFK,18.4,13.9,23.3,0.0,9.0
2024-10-05,JFK,20.6,15.6,25.6,0.0,15.5
2024-10-06,JFK,17.4,12.8,21.1,0.0,15.1
2024-10-07,JFK,20.6,15.0,26.7,0.0,22.3
2024-10-08,JFK,16.9,12.8,20.6,0.0,15.8
2024-10-09,JFK,17.3,12.2,21.7,0.0,16.2
2024-10-10,JFK,14.3,7.2,18.3,0.0,24.8
2024-10-11,JFK,14.1,5.6,22.2,0.0,17.3
2024-10-12,JFK,19.2,11.1,25.6,0.0,20.5
2024-10-13,JFK,17.6,11.7,22.8,0.0,15.5
2024-10-14,JFK,16.3,9.4,21.7,0.0,24.1
2024-10-15,JFK,11.1,7.8,15.6,0.0,21.2
2024-10-16,JFK,11.7,7.2,16.7,0.0,22.3
2024-10-17,JFK,11.4,6.1,17.2,0.0,19.8
2024-10-18,JFK,14.2,8.9,20.6,0.0,14.8
2024-10-19,JFK,14.1,8.3,19.4,0.0,8.6
2024-10-20,JFK,15.6,10.0,22.8,0.0,11.5
2024-10-21,JFK,16.9,10.6,25.6,0.0,10.8
2024-10-22,JFK,19.8,13.9,26.7,0.0,8.3
2024-10-23,JFK,17.6,13.3,22.2,0.0,18.4
2024-10-24,JFK,18.4,12.2,22.2,0.0,23.0
2024-10-25,JFK,13.3,8.3,17.2,0.0,17.3
2024-10-26,JFK,15.8,11.1,20.6,0.0,25.6
2024-10-27,JFK,12.0,7.2,15.6,0.0,16.2
2024-10-28,JFK,11.7,6.1,16.7,0.0,9.4
2024-10-29,JFK,14.5,10.6,19.4,0.3,19.8
2024-10-30,JFK,17.1,13.3,22.8,0.0,13.0
2024-10-31,JFK,18.2,13.9,25.6,0.0,18.0
2024-11-01,JFK,20.8,13.9,27.8,0.0,22.3
2024-11-02,JFK,15.1,7.8,17.8,0.0,18.7
2024-11-03,JFK,9.4,4.4,13.9,0.0,12.6
2024-11-04,JFK,9.3,3.9,15.6,0.0,12.2
2024-11-05,JFK,14.7,11.7,21.7,0.0,17.3
2024-11-06,JFK,19.1,16.1,23.9,0.0,16.9
2024-11-07,JFK,20.8,12.2,25.0,0.0,19.8
2024-11-08,JFK,15.4,8.9,21.7,0.0,23.8
2024-11-09,JFK,11.8,6.1,13.9,0.0,18.4
2024-11-10,JFK,9.7,3.3,15.6,0.8,14.4
2024-11-11,JFK,16.9,14.4,21.7,2.5,23.0
2024-11-12,JFK,13.4,5.6,16.1,0.0,32.0
2024-11-13,JFK,6.7,2.8,11.1,0.0,19.1
2024-11-14,JFK,5.8,1.1,9.4,0.0,9.4
2024-11-15,JFK,9.3,5.0,15.6,0.0,16.9
2024-11-16,JFK,12.4,6.7,18.9,0.0,25.6
2024-11-17,JFK,12.7,6.7,18.9,0.0,14.0
2024-11-18,JFK,14.4,8.9,21.1,0.0,20.2
2024-11-19,JFK,12.4,7.8,16.1,0.0,13.0
2024-11-20,JFK,13.2,11.1,16.1,0.0,10.4
2024-11-21,JFK,10.7,4.4,12.8,36.1,24.1
2024-11-22,JFK,5.6,3.3,6.7,7.1,31.0
2024-11-23,JFK,6.7,2.8,11.7,0.3,29.5
2024-11-24,JFK,10.4,7.8,13.3,0.0,26.6
2024-11-25,JFK,9.2,5.6,12.8,0.0,16.9
2024-11-26,JFK,12.9,7.8,16.7,8.9,17.6
2024-11-27,JFK,9.2,5.0,12.2,0.0,15.8
2024-11-28,JFK,9.2,6.1,13.3,24.1,20.2
2024-11-29,JFK,6.8,2.2,10.6,0.0,22.3
2024-11-30,JFK,2.7,0.0,5.6,0.0,23.0
2024-12-01,JFK,0.9,-1.6,4.4,0.0,21.6
2024-12-02,JFK,2.0,-1.0,6.1,0.0,18.0
2024-12-03,JFK,3.3,0.0,6.7,0.0,18.7
2024-12-04,JFK,2.5,-1.6,6.7,0.5,22.3
2024-12-05,JFK,4.4,0.0,6.7,5.3,33.1
2024-12-06,JFK,1.3,-0.5,3.3,0.0,28.8
2024-12-07,JFK,2.4,0.6,6.7,0.0,22.0
2024-12-08,JFK,7.2,3.3,14.4,0.0,21.6
2024-12-09,JFK,7.3,1.7,11.7,4.1,10.1
2024-12-10,JFK,9.2,7.2,13.3,3.3,14.0
2024-12-11,JFK,13.6,6.1,16.1,22.4,32.4
2024-12-12,JFK,5.8,-0.5,6.7,0.0,34.2
2024-12-13,JFK,0.2,-2.7,2.8,0.0,18.4
2024-12-14,JFK,-1.0,-3.8,2.8,0.0,9.7
2024-12-15,JFK,0.7,-3.2,6.1,0.3,12.2
2024-12-16,JFK,7.1,3.9,11.7,25.1,18.0
2024-12-17,JFK,11.9,6.7,14.4,2.0,19.1
2024-12-18,JFK,9.0,2.8,12.2,4.6,7.9
2024-12-19,JFK,7.4,3.3,9.4,1.0,21.6
2024-12-20,JFK,3.3,1.7,4.4,1.3,21.6
2024-12-21,JFK,0.3,-6.0,2.2,3.0,32.0
2024-12-22,JFK,-6.0,-9.3,-4.9,0.0,25.6
2024-12-23,JFK,-6.9,-11.0,1.1,0.0,12.2
2024-12-24,JFK,0.9,-0.5,5.0,1.0,16.2
2024-12-25,JFK,1.5,-1.6,3.9,0.0,12.2
2024-12-26,JFK,-0.3,-3.8,5.0,0.0,10.1
2024-12-27,JFK,0.8,-3.2,5.6,0.0,5.8
2024-12-28,JFK,6.6,5.0,10.6,16.5,5.4
2024-12-29,JFK,10.7,9.4,13.9,5.6,17.6
2024-12-30,JFK,12.7,7.2,15.6,7.1,25.9
2024-12-31,JFK,8.6,3.3,12.2,9.7,16.9
2025-01-01,JFK,9.1,5.0,11.7,0.0,26.3
2025-01-02,JFK,5.4,1.7,7.8,0.0,34.6
2025-01-03,JFK,2.8,0.6,5.0,0.0,25.9
2025-01-04,JFK,0.9,-1.0,2.8,0.0,33.5
2025-01-05,JFK,-0.1,-1.6,2.8,0.0,28.1
2025-01-06,JFK,-0.4,-4.3,0.6,1.5,16.6
2025-01-07,JFK,-2.5,-6.6,2.2,0.0,39.6
2025-01-08,JFK,-1.7,-4.3,0.6,0.0,38.2
2025-01-09,JFK,-2.0,-4.3,2.8,0.0,41.0
2025-01-10,JFK,1.1,-1.6,6.7,0.0,22.0
2025-01-11,JFK,1.5,-1.0,3.3,0.8,22.0
2025-01-12,JFK,2.7,-0.5,7.8,0.0,16.6
2025-01-13,JFK,3.1,-1.0,6.1,0.0,18.7
2025-01-14,JFK,1.5,-2.1,3.3,0.0,27.7
2025-01-15,JFK,-1.3,-3.8,2.2,0.0,29.9
2025-01-16,JFK,-1.7,-3.8,0.0,0.0,18.0
2025-01-17,JFK,0.8,-2.7,6.7,0.0,17.3
2025-01-18,JFK,5.2,1.7,8.9,4.3,18.0
2025-01-19,JFK,4.6,-1.6,6.1,6.1,19.8
2025-01-20,JFK,-3.2,-7.1,-1.6,0.0,24.8
2025-01-21,JFK,-7.4,-9.9,-6.6,0.0,18.4
2025-01-22,JFK,-7.8,-10.5,-4.9,0.0,13.3
2025-01-23,JFK,-5.1,-8.8,-1.0,0.0,11.5
2025-01-24,JFK,-2.0,-6.6,1.7,0.0,16.9
2025-01-25,JFK,-2.6,-7.7,0.6,0.0,16.6
2025-01-26,JFK,2.0,-1.6,7.2,0.0,16.6
2025-01-27,JFK,1.8,-1.6,5.6,0.0,21.6
2025-01-28,JFK,4.3,-1.0,7.8,0.0,25.9
2025-01-29,JFK,5.7,1.1,12.8,0.0,32.0
2025-01-30,JFK,1.5,-3.2,4.4,0.0,24.5
2025-01-31,JFK,5.4,4.4,8.9,3.8,11.5
2025-02-01,JFK,5.7,-4.9,10.0,0.3,27.4
2025-02-02,JFK,-3.2,-7.1,3.9,2.3,15.8
2025-02-03,JFK,3.7,0.0,7.8,0.0,13.7
2025-02-04,JFK,7.2,0.6,10.0,0.0,28.8
2025-02-05,JFK,0.9,-1.6,5.6,0.0,15.5
2025-02-06,JFK,2.2,0.6,5.6,6.4,16.6
2025-02-07,JFK,5.1,-0.5,8.9,0.0,26.3
2025-02-08,JFK,0.2,-2.7,2.8,17.0,11.9
2025-02-09,JFK,1.8,1.1,3.3,1.3,18.4
2025-02-10,JFK,2.3,-1.0,3.9,0.0,18.4
2025-02-11,JFK,0.2,-3.2,3.3,3.6,7.2
2025-02-12,JFK,1.6,0.6,3.3,3.3,18.4
2025-02-13,JFK,5.0,3.3,9.4,5.1,22.3
2025-02-14,JFK,3.2,0.0,4.4,0.0,24.8
2025-02-15,JFK,0.7,-2.1,3.3,13.5,14.0
2025-02-16,JFK,4.8,2.2,11.1,27.9,26.3
2025-02-17,JFK,2.9,-1.6,3.9,0.0,40.3
2025-02-18,JFK,-2.3,-5.5,0.0,0.0,32.4
2025-02-19,JFK,-3.4,-6.6,2.2,0.0,23.8
2025-02-20,JFK,-3.1,-6.6,1.1,0.0,24.8
2025-02-21,JFK,-1.6,-4.3,4.4,0.0,36.0
2025-02-22,JFK,-0.9,-4.9,5.0,0.0,21.6
2025-02-23,JFK,3.9,0.6,10.0,0.0,16.9
2025-02-24,JFK,5.7,0.6,10.0,0.0,22.3
2025-02-25,JFK,7.1,3.9,12.8,0.0,11.2
2025-02-26,JFK,10.6,3.9,15.6,0.0,18.4
2025-02-27,JFK,8.8,6.7,11.7,0.0,14.8
2025-02-28,JFK,9.6,5.6,12.8,0.0,23.0
2025-03-01,JFK,9.3,-1.0,19.4,0.0,27.4
2025-03-02,JFK,-0.5,-4.9,3.3,0.0,30.6
2025-03-03,JFK,-0.9,-4.3,4.4,0.0,20.2
2025-03-04,JFK,4.3,-1.0,9.4,0.0,25.9
2025-03-05,JFK,8.8,5.6,12.8,37.8,32.0
2025-03-06,JFK,10.8,3.3,13.9,0.3,29.9
2025-03-07,JFK,6.6,2.8,12.2,0.0,36.7
2025-03-08,JFK,7.9,3.3,9.4,0.0,28.8
2025-03-09,JFK,6.2,1.1,13.9,0.0,23.8
2025-03-10,JFK,10.1,3.9,17.2,0.0,18.4
2025-03-11,JFK,9.7,2.8,16.7,0.0,14.4
2025-03-12,JFK,9.6,5.6,13.9,0.0,16.2
2025-03-13,JFK,7.0,3.3,11.1,0.0,21.2
2025-03-14,JFK,8.2,5.6,12.2,0.0,13.3
2025-03-15,JFK,7.0,6.1,8.9,0.3,13.7
2025-03-16,JFK,10.3,8.9,13.3,1.5,24.8
2025-03-17,JFK,12.5,5.0,15.6,20.8,21.2
2025-03-18,JFK,8.4,2.8,16.1,0.0,19.8
2025-03-19,JFK,9.4,3.3,15.6,0.0,11.2
2025-03-20,JFK,7.2,5.6,10.0,10.4,16.9
2025-03-21,JFK,8.8,4.4,12.2,1.5,32.8
2025-03-22,JFK,9.1,3.3,16.7,0.0,23.4
2025-03-23,JFK,5.6,0.0,8.9,0.0,23.0
2025-03-24,JFK,6.5,4.4,10.0,21.1,18.4
2025-03-25,JFK,10.8,6.7,16.1,0.0,21.6
2025-03-26,JFK,8.8,3.9,12.2,0.3,20.5
2025-03-27,JFK,6.3,1.7,12.2,0.0,22.7
2025-03-28,JFK,10.2,5.6,17.2,0.3,16.9
2025-03-29,JFK,15.3,6.7,27.8,0.3,21.6
2025-03-30,JFK,7.8,6.7,10.0,0.5,16.6
2025-03-31,JFK,11.1,8.9,16.7,13.0,20.2
2025-04-01,JFK,10.8,6.1,13.9,3.0,26.6
2025-04-02,JFK,6.3,2.8,8.9,0.3,20.2
2025-04-03,JFK,9.9,7.2,15.6,2.3,14.4
2025-04-04,JFK,17.4,13.9,21.7,2.3,16.2
2025-04-05,JFK,11.7,7.2,14.4,3.8,22.7
2025-04-06,JFK,9.3,7.2,15.0,0.5,12.2
2025-04-07,JFK,8.2,4.4,11.1,4.3,13.7
2025-04-08,JFK,6.6,2.2,9.4,0.3,29.2
2025-04-09,JFK,4.2,0.0,9.4,0.0,24.1
2025-04-10,JFK,6.6,3.9,10.0,0.0,16.6
2025-04-11,JFK,7.3,4.4,9.4,11.4,18.0
2025-04-12,JFK,4.8,3.3,5.0,14.5,25.9
2025-04-13,JFK,8.1,4.4,15.0,1.0,20.9
2025-04-14,JFK,12.1,6.1,16.7,0.8,13.0
2025-04-15,JFK,12.9,8.3,21.7,0.3,21.2
2025-04-16,JFK,10.3,7.2,11.1,0.0,32.8
2025-04-17,JFK,11.1,6.1,18.9,0.0,21.6
2025-04-18,JFK,11.9,4.4,16.7,0.0,20.2
2025-04-19,JFK,16.3,11.1,25.6,0.0,21.6
2025-04-20,JFK,19.2,11.1,21.7,0.0,24.1
2025-04-21,JFK,11.8,8.3,13.3,0.0,14.8
2025-04-22,JFK,15.2,10.0,23.9,0.0,15.1
2023-04-23,ORD,4.3,2.2,5.6,0.0,11.9
2023-04-24,ORD,5.9,2.2,12.2,0.3,13.7
2023-04-25,ORD,6.2,1.7,7.8,4.1,16.9
2023-04-26,ORD,5.2,-0.5,11.1,0.0,11.5
2023-04-27,ORD,9.3,2.8,19.4,0.0,13.3
2023-04-28,ORD,12.3,7.2,17.2,0.0,11.5
2023-04-29,ORD,10.0,6.1,15.0,4.3,13.0
2023-04-30,ORD,7.2,4.4,8.9,3.0,19.8
2023-05-01,ORD,5.7,4.4,10.0,2.0,27.7
2023-05-02,ORD,9.2,5.6,12.2,0.0,25.9
2023-05-03,ORD,8.8,3.3,15.0,0.0,13.0
2023-05-04,ORD,12.6,5.6,22.2,0.0,12.2
2023-05-05,ORD,18.4,12.8,25.6,0.0,20.9
2023-05-06,ORD,19.5,15.0,25.6,0.3,19.1
2023-05-07,ORD,23.2,14.4,30.6,1.0,17.3
2023-05-08,ORD,13.0,10.6,15.6,4.1,16.2
2023-05-09,ORD,13.9,7.8,21.1,0.0,10.1
2023-05-10,ORD,17.7,9.4,27.2,0.0,8.3
2023-05-11,ORD,20.5,12.8,28.9,0.0,10.1
2023-05-12,ORD,21.3,13.9,25.0,2.0,10.8
2023-05-13,ORD,16.3,13.3,21.1,0.0,16.2
2023-05-14,ORD,15.1,11.1,17.2,0.5,18.0
2023-05-15,ORD,14.2,10.6,20.0,0.0,10.1
2023-05-16,ORD,17.8,10.6,27.2,0.0,16.9
2023-05-17,ORD,12.1,7.2,16.1,0.0,19.8
2023-05-18,ORD,13.6,6.7,23.9,0.0,13.7
2023-05-19,ORD,20.0,12.2,24.4,0.8,16.6
2023-05-20,ORD,15.2,8.3,22.8,0.0,12.6
2023-05-21,ORD,19.3,12.2,27.2,0.0,9.7
2023-05-22,ORD,20.9,12.8,28.3,0.0,10.1
2023-05-23,ORD,22.0,13.9,30.0,0.0,8.3
2023-05-24,ORD,18.6,11.1,19.4,0.0,20.9
2023-05-25,ORD,12.4,7.8,16.7,0.0,19.1
2023-05-26,ORD,13.9,7.2,21.1,0.0,13.0
2023-05-27,ORD,16.4,8.3,23.3,0.0,12.2
2023-05-28,ORD,19.2,11.7,26.7,0.0,13.7
2023-05-29,ORD,20.6,11.7,30.0,0.0,11.2
2023-05-30,ORD,24.1,15.0,32.8,0.0,10.8
2023-05-31,ORD,25.5,20.6,32.8,7.4,9.4
2023-06-01,ORD,25.4,20.0,32.8,22.4,7.6
2023-06-02,ORD,25.6,18.3,32.8,0.0,12.2
2023-06-03,ORD,24.7,17.2,30.6,0.0,16.2
2023-06-04,ORD,22.5,15.0,25.0,0.0,14.8
2023-06-05,ORD,20.7,13.3,28.9,0.0,6.5
2023-06-06,ORD,21.4,16.1,25.0,0.0,13.3
2023-06-07,ORD,18.7,12.8,23.9,0.0,17.6
2023-06-08,ORD,17.4,10.6,23.9,0.0,13.3
2023-06-09,ORD,19.6,12.8,28.3,0.0,9.7
2023-06-10,ORD,23.2,16.7,30.0,0.0,13.7
2023-06-11,ORD,16.7,10.0,17.8,1.3,29.9
2023-06-12,ORD,14.1,9.4,21.1,0.0,15.1
2023-06-13,ORD,16.2,12.8,18.3,13.7,15.5
2023-06-14,ORD,18.5,15.0,25.0,0.0,7.6
2023-06-15,ORD,19.5,11.7,26.7,0.0,18.4
2023-06-16,ORD,14.6,11.1,20.0,0.0,16.2
2023-06-17,ORD,18.7,11.7,27.2,0.0,7.2
2023-06-18,ORD,22.5,15.6,30.0,0.0,13.0
2023-06-19,ORD,24.1,16.1,30.6,0.0,13.7
2023-06-20,ORD,22.8,15.6,28.3,0.0,17.6
2023-06-21,ORD,23.8,16.1,31.1,0.0,16.6
2023-06-22,ORD,24.4,18.9,30.0,0.0,15.8
2023-06-23,ORD,23.9,18.3,30.0,0.0,11.5
2023-06-24,ORD,25.8,18.9,33.9,0.5,10.4
2023-06-25,ORD,25.3,20.0,30.0,19.6,21.6
2023-06-26,ORD,21.4,20.0,23.9,1.0,19.8
2023-06-27,ORD,21.4,17.2,25.6,0.0,14.0
2023-06-28,ORD,21.4,14.4,29.4,0.0,10.8
2023-06-29,ORD,25.7,22.2,31.1,1.5,13.3
2023-06-30,ORD,26.5,22.2,32.8,0.0,9.4
2023-07-01,ORD,25.6,22.2,30.0,11.9,5.0
2023-07-02,ORD,21.7,18.9,22.8,85.1,14.4
2023-07-03,ORD,23.2,17.8,31.1,0.0,10.8
2023-07-04,ORD,26.7,21.1,33.3,0.0,10.4
2023-07-05,ORD,27.8,21.7,32.8,11.7,9.4
2023-07-06,ORD,23.3,18.9,27.8,0.0,13.0
2023-07-07,ORD,22.4,17.8,27.2,0.3,9.7
2023-07-08,ORD,20.7,17.8,24.4,3.6,10.1
2023-07-09,ORD,22.6,16.1,29.4,0.0,8.6
2023-07-10,ORD,24.8,18.3,30.6,0.0,14.4
2023-07-11,ORD,24.4,20.6,30.0,4.6,16.6
2023-07-12,ORD,20.3,17.8,24.4,23.1,14.4
2023-07-13,ORD,20.4,17.2,25.6,0.8,7.9
2023-07-14,ORD,25.2,20.0,32.2,5.3,15.8
2023-07-15,ORD,25.3,21.1,29.4,0.3,14.0
2023-07-16,ORD,23.8,19.4,27.2,0.0,15.5
2023-07-17,ORD,23.2,18.9,26.7,0.0,13.0
2023-07-18,ORD,22.3,17.2,27.2,0.0,8.3
2023-07-19,ORD,23.3,17.2,30.0,0.0,6.8
2023-07-20,ORD,26.0,20.0,30.6,0.0,18.0
2023-07-21,ORD,23.0,17.8,27.8,0.0,10.4
2023-07-22,ORD,23.6,18.3,29.4,0.5,12.6
2023-07-23,ORD,22.3,17.8,28.9,2.5,8.3
2023-07-24,ORD,25.6,20.0,31.7,0.0,6.1
2023-07-25,ORD,26.3,21.1,32.8,0.0,10.8
2023-07-26,ORD,27.3,21.7,32.2,9.7,13.0
2023-07-27,ORD,28.2,22.2,33.3,0.0,6.1
2023-07-28,ORD,28.7,21.1,33.9,34.0,16.6
2023-07-29,ORD,24.6,20.6,28.3,0.0,12.2
2023-07-30,ORD,23.3,19.4,26.7,0.0,11.5
2023-07-31,ORD,22.8,17.8,28.3,0.0,7.2
2023-08-01,ORD,24.5,20.6,29.4,0.0,11.2
2023-08-02,ORD,25.3,20.0,29.4,0.0,12.2
2023-08-03,ORD,25.4,19.4,32.2,0.0,5.8
2023-08-04,ORD,26.2,21.1,30.0,0.0,14.8
2023-08-05,ORD,23.2,20.6,25.0,3.0,15.1
2023-08-06,ORD,21.0,18.9,22.8,0.3,18.7
2023-08-07,ORD,22.2,18.9,27.8,0.0,14.8
2023-08-08,ORD,23.1,17.8,29.4,0.0,11.9
2023-08-09,ORD,22.8,18.9,26.1,0.0,9.0
2023-08-10,ORD,23.3,18.3,30.0,0.0,13.0
2023-08-11,ORD,24.9,21.1,29.4,0.0,15.1
2023-08-12,ORD,25.9,20.0,30.6,0.0,13.7
2023-08-13,ORD,23.9,18.9,27.2,0.0,11.9
2023-08-14,ORD,22.1,17.8,24.4,20.3,13.0
2023-08-15,ORD,20.1,16.7,25.6,5.1,15.8
2023-08-16,ORD,21.2,15.6,27.8,0.0,15.1
2023-08-17,ORD,22.9,17.2,26.7,5.1,20.9
2023-08-18,ORD,20.4,15.0,26.1,0.0,8.6
2023-08-19,ORD,22.1,17.2,28.9,0.0,16.9
2023-08-20,ORD,26.8,21.1,32.8,0.0,12.2
2023-08-21,ORD,24.3,20.6,27.8,0.0,16.6
2023-08-22,ORD,24.9,20.6,32.2,0.0,11.5
2023-08-23,ORD,29.9,25.0,36.7,0.0,19.8
2023-08-24,ORD,32.3,23.9,37.8,0.0,18.4
2023-08-25,ORD,25.8,21.7,27.8,0.0,12.6
2023-08-26,ORD,23.2,17.2,25.0,0.0,22.7
2023-08-27,ORD,20.6,16.1,23.9,0.0,15.5
2023-08-28,ORD,21.2,15.0,27.8,0.0,7.6
2023-08-29,ORD,22.9,17.2,30.6,0.0,18.4
2023-08-30,ORD,19.1,12.8,21.7,0.0,20.2
2023-08-31,ORD,18.6,12.2,26.1,0.0,9.4
2023-09-01,ORD,21.4,14.4,29.4,0.0,10.8
2023-09-02,ORD,24.3,17.8,31.7,0.0,14.8
2023-09-03,ORD,27.4,21.1,34.4,0.0,18.7
2023-09-04,ORD,28.2,21.7,34.4,0.0,14.8
2023-09-05,ORD,28.8,23.3,34.4,0.5,20.5
2023-09-06,ORD,25.1,21.7,28.3,1.3,18.4
2023-09-07,ORD,20.4,17.8,21.7,0.8,15.1
2023-09-08,ORD,18.3,14.4,20.0,0.3,16.9
2023-09-09,ORD,18.3,13.3,24.4,0.0,11.9
2023-09-10,ORD,19.3,12.2,28.3,0.3,6.1
2023-09-11,ORD,19.4,16.1,21.1,19.6,10.1
2023-09-12,ORD,17.3,13.9,22.2,0.0,12.2
2023-09-13,ORD,16.8,12.2,22.2,0.0,10.1
2023-09-14,ORD,17.2,11.7,23.3,0.0,6.5
2023-09-15,ORD,18.6,12.2,26.1,0.0,6.5
2023-09-16,ORD,18.9,15.6,21.1,0.8,5.4
2023-09-17,ORD,16.4,13.9,17.8,40.6,16.6
2023-09-18,ORD,16.3,11.7,22.8,0.0,7.9
2023-09-19,ORD,15.9,14.4,20.0,6.9,12.6
2023-09-20,ORD,21.1,17.2,26.7,0.3,10.4
2023-09-21,ORD,21.6,18.9,27.2,1.3,6.5
2023-09-22,ORD,21.7,18.9,26.7,0.3,9.4
2023-09-23,ORD,22.7,18.3,27.2,0.0,15.1
2023-09-24,ORD,20.3,15.0,26.1,0.0,12.6
2023-09-25,ORD,20.8,17.8,23.9,2.8,13.3
2023-09-26,ORD,19.5,17.2,22.8,9.1,16.2
2023-09-27,ORD,19.4,17.2,22.2,0.5,13.3
2023-09-28,ORD,19.5,16.1,21.7,0.3,12.2
2023-09-29,ORD,19.3,15.0,25.0,0.0,7.6
2023-09-30,ORD,21.4,16.1,28.9,0.0,10.4
2023-10-01,ORD,23.4,17.2,30.6,0.0,6.5
2023-10-02,ORD,23.3,17.8,30.0,0.0,6.8
2023-10-03,ORD,24.1,17.8,30.6,0.0,10.4
2023-10-04,ORD,25.6,20.0,28.9,2.3,17.6
2023-10-05,ORD,21.7,15.6,22.8,5.3,10.1
2023-10-06,ORD,14.3,9.4,16.7,0.5,18.4
2023-10-07,ORD,10.9,7.8,16.1,0.0,18.4
2023-10-08,ORD,10.7,7.2,13.9,0.0,10.8
2023-10-09,ORD,10.7,6.7,15.0,0.0,14.8
2023-10-10,ORD,10.9,5.6,17.8,0.0,13.0
2023-10-11,ORD,12.6,5.6,19.4,4.3,8.6
2023-10-12,ORD,14.2,12.8,16.7,4.6,18.4
2023-10-13,ORD,14.8,13.3,15.6,14.0,21.2
2023-10-14,ORD,13.1,9.4,13.9,14.5,26.6
2023-10-15,ORD,11.2,8.3,15.6,0.3,18.7
2023-10-16,ORD,11.4,6.1,13.3,0.0,14.4
2023-10-17,ORD,10.7,5.0,17.8,0.0,7.2
2023-10-18,ORD,13.1,7.8,20.0,1.0,16.2
2023-10-19,ORD,15.0,12.2,16.1,2.5,13.0
2023-10-20,ORD,13.3,8.9,16.1,0.0,14.4
2023-10-21,ORD,12.3,8.3,18.3,0.5,18.0
2023-10-22,ORD,10.5,5.6,16.1,0.0,10.1
2023-10-23,ORD,11.6,7.2,19.4,0.0,16.6
2023-10-24,ORD,20.4,16.7,28.3,0.0,21.6
2023-10-25,ORD,18.9,16.1,20.6,2.5,10.4
2023-10-26,ORD,19.7,18.3,22.2,2.8,18.7
2023-10-27,ORD,19.7,7.2,22.2,1.8,18.4
2023-10-28,ORD,8.2,3.9,11.1,0.0,18.4
2023-10-29,ORD,7.9,3.9,8.3,0.3,20.2
2023-10-30,ORD,4.1,-0.5,6.7,0.0,14.0
2023-10-31,ORD,0.9,-1.0,3.3,0.8,18.7
2023-11-01,ORD,1.9,-1.6,5.6,0.0,13.3
2023-11-02,ORD,6.5,1.7,13.9,0.0,18.4
2023-11-03,ORD,10.8,8.3,15.0,0.3,15.8
2023-11-04,ORD,10.8,5.0,15.6,0.0,8.6
2023-11-05,ORD,9.1,3.3,16.7,0.0,11.9
2023-11-06,ORD,15.6,12.8,20.6,0.0,24.1
2023-11-07,ORD,11.1,5.0,13.3,0.0,15.8
2023-11-08,ORD,9.9,8.3,13.3,2.0,15.8
2023-11-09,ORD,9.4,4.4,13.3,0.0,16.6
2023-11-10,ORD,6.5,1.7,8.3,0.0,13.3
2023-11-11,ORD,4.2,-1.0,10.6,0.0,6.8
2023-11-12,ORD,8.7,5.6,13.9,0.0,18.4
2023-11-13,ORD,10.6,3.3,17.2,0.0,12.6
2023-11-14,ORD,8.1,0.0,16.1,0.0,9.7
2023-11-15,ORD,11.0,6.1,17.8,0.0,11.5
2023-11-16,ORD,11.9,6.7,18.9,0.0,19.1
2023-11-17,ORD,12.4,1.1,15.6,0.3,15.1
2023-11-18,ORD,4.7,-0.5,11.7,0.0,13.0
2023-11-19,ORD,7.0,1.7,12.2,0.0,10.4
2023-11-20,ORD,7.8,5.6,10.0,3.8,21.6
2023-11-21,ORD,5.9,2.2,6.7,11.2,16.2
2023-11-22,ORD,4.1,1.1,7.8,0.0,14.4
2023-11-23,ORD,4.0,0.0,8.9,0.0,16.6
2023-11-24,ORD,-0.4,-3.8,1.1,0.0,18.4
2023-11-25,ORD,-1.1,-4.3,3.9,0.0,5.4
2023-11-26,ORD,-0.2,-2.1,0.6,4.3,10.8
2023-11-27,ORD,-3.3,-7.7,-1.6,0.0,20.2
2023-11-28,ORD,-7.5,-9.9,-4.3,0.0,16.2
2023-11-29,ORD,-2.8,-6.6,4.4,0.0,16.2
2023-11-30,ORD,4.2,0.0,10.6,0.0,15.5
2023-12-01,ORD,6.6,3.9,6.7,16.8,13.0
2023-12-02,ORD,4.8,3.9,6.1,0.0,10.1
2023-12-03,ORD,4.1,2.2,4.4,7.1,11.5
2023-12-04,ORD,2.8,0.0,5.0,0.0,9.7
2023-12-05,ORD,2.7,0.0,5.0,3.0,14.0
2023-12-06,ORD,1.8,0.0,3.9,0.0,16.9
2023-12-07,ORD,5.0,2.2,10.6,0.0,16.6
2023-12-08,ORD,9.7,7.8,13.3,0.0,23.0
2023-12-09,ORD,10.0,1.7,12.2,6.1,25.2
2023-12-10,ORD,1.7,-1.0,1.7,0.0,15.5
2023-12-11,ORD,-0.7,-2.1,2.2,0.0,11.5
2023-12-12,ORD,1.2,-2.7,3.3,0.0,14.8
2023-12-13,ORD,-0.6,-4.9,5.0,0.0,8.6
2023-12-14,ORD,3.4,0.0,10.6,0.0,11.9
2023-12-15,ORD,6.1,1.7,11.7,0.0,10.4
2023-12-16,ORD,6.9,5.0,7.8,10.4,14.4
2023-12-17,ORD,6.2,2.2,6.7,0.0,15.5
2023-12-18,ORD,0.6,-6.6,2.2,0.0,25.9
2023-12-19,ORD,-4.8,-8.2,0.6,0.0,14.4
2023-12-20,ORD,1.6,-1.0,7.2,0.0,9.0
2023-12-21,ORD,4.5,0.6,8.9,0.3,8.3
2023-12-22,ORD,6.6,6.1,7.2,12.7,8.6
2023-12-23,ORD,7.4,6.1,9.4,0.0,4.0
2023-12-24,ORD,9.8,8.9,12.8,0.0,13.3
2023-12-25,ORD,11.7,10.0,15.0,9.9,19.1
2023-12-26,ORD,6.8,-0.5,10.0,0.3,10.4
2023-12-27,ORD,2.4,-1.0,5.6,0.0,14.4
2023-12-28,ORD,3.1,1.1,5.6,3.3,18.0
2023-12-29,ORD,3.9,-0.5,4.4,3.6,15.5
2023-12-30,ORD,-0.3,-2.7,2.8,0.0,11.2
2023-12-31,ORD,1.1,-0.5,2.2,2.0,16.6
2024-01-01,ORD,-0.3,-2.7,0.0,0.0,16.2
2024-01-02,ORD,-0.9,-3.2,3.9,0.0,19.4
2024-01-03,ORD,0.5,-0.5,2.2,0.0,11.5
2024-01-04,ORD,0.1,-4.3,2.8,0.0,7.9
2024-01-05,ORD,-0.3,-3.2,2.8,0.3,10.8
2024-01-06,ORD,0.3,-0.5,1.1,5.3,6.8
2024-01-07,ORD,0.2,-0.5,1.1,0.5,12.6
2024-01-08,ORD,0.6,-1.0,2.2,2.0,14.4
2024-01-09,ORD,1.4,0.6,2.2,23.6,21.2
2024-01-10,ORD,0.4,-1.0,1.1,0.0,19.4
2024-01-11,ORD,-0.3,-2.7,1.1,0.3,13.3
2024-01-12,ORD,0.1,-1.0,2.2,19.6,21.6
2024-01-13,ORD,-3.0,-17.1,0.6,2.3,26.6
2024-01-14,ORD,-19.2,-23.2,-16.0,0.0,25.9
2024-01-15,ORD,-21.6,-23.2,-16.6,0.0,17.6
2024-01-16,ORD,-18.6,-21.6,-16.0,0.0,25.9
2024-01-17,ORD,-13.8,-16.6,-6.6,0.0,20.9
2024-01-18,ORD,-6.5,-11.0,-2.1,1.5,10.4
2024-01-19,ORD,-10.9,-14.9,-9.9,1.0,22.7
2024-01-20,ORD,-12.1,-15.5,-7.7,0.0,15.8
2024-01-21,ORD,-12.8,-17.1,-6.0,0.0,15.8
2024-01-22,ORD,-3.7,-6.0,1.1,0.8,18.4
2024-01-23,ORD,1.2,0.6,2.8,9.1,6.1
2024-01-24,ORD,1.9,1.1,3.3,4.6,9.4
2024-01-25,ORD,2.5,1.7,3.3,7.1,14.4
2024-01-26,ORD,3.4,2.8,4.4,9.7,9.4
2024-01-27,ORD,3.1,2.2,5.0,0.3,12.2
2024-01-28,ORD,2.9,0.6,3.9,1.0,18.4
2024-01-29,ORD,0.9,-1.0,3.9,0.0,17.6
2024-01-30,ORD,3.4,2.8,5.0,0.0,15.5
2024-01-31,ORD,3.0,2.2,3.3,0.0,16.2
2024-02-01,ORD,4.6,1.7,12.8,0.0,16.6
2024-02-02,ORD,3.3,-0.5,5.6,0.0,16.6
2024-02-03,ORD,1.2,-1.6,5.6,0.0,11.2
2024-02-04,ORD,2.1,-1.6,7.8,0.0,14.8
2024-02-05,ORD,1.3,-1.0,5.0,0.0,16.9
2024-02-06,ORD,2.8,-1.0,8.9,0.0,7.9
2024-02-07,ORD,3.1,-1.0,9.4,0.0,10.4
2024-02-08,ORD,9.9,6.1,15.0,0.5,26.6
2024-02-09,ORD,10.3,2.2,13.3,0.0,21.2
2024-02-10,ORD,3.3,-1.0,5.6,0.0,13.0
2024-02-11,ORD,0.6,-3.8,5.0,0.0,9.0
2024-02-12,ORD,0.9,-3.8,7.8,0.0,9.4
2024-02-13,ORD,2.0,-1.6,4.4,0.0,10.8
2024-02-14,ORD,1.3,-3.2,8.3,0.0,9.4
2024-02-15,ORD,5.0,-1.0,6.7,2.0,21.6
2024-02-16,ORD,-0.8,-7.7,0.6,0.0,14.8
2024-02-17,ORD,-5.7,-10.5,-1.6,0.0,25.9
2024-02-18,ORD,-0.8,-4.3,7.8,0.0,18.7
2024-02-19,ORD,1.8,-4.9,10.0,0.0,6.1
2024-02-20,ORD,5.4,-1.6,13.9,0.0,14.8
2024-02-21,ORD,11.2,7.2,17.2,0.0,15.5
2024-02-22,ORD,11.1,5.6,16.1,0.0,9.4
2024-02-23,ORD,7.5,-2.1,11.1,2.0,23.0
2024-02-24,ORD,-2.2,-6.6,1.7,0.0,15.8
2024-02-25,ORD,4.6,0.0,16.1,0.0,16.9
2024-02-26,ORD,11.5,2.8,21.7,0.0,16.9
2024-02-27,ORD,17.1,11.1,23.3,11.4,21.6
2024-02-28,ORD,3.9,-6.6,11.7,0.5,26.6
2024-02-29,ORD,-2.0,-6.6,7.2,0.0,15.5
2024-03-01,ORD,4.1,-0.5,7.8,0.0,15.1
2024-03-02,ORD,7.6,1.7,15.6,0.0,14.0
2024-03-03,ORD,12.6,6.1,22.8,0.0,29.5
2024-03-04,ORD,16.6,6.7,22.2,1.8,17.6
2024-03-05,ORD,8.8,4.4,7.2,19.0,27.7
2024-03-06,ORD,5.4,2.8,8.3,0.0,21.6
2024-03-07,ORD,5.5,2.2,10.6,0.0,11.5
2024-03-08,ORD,6.8,3.9,7.8,23.1,19.1
2024-03-09,ORD,4.9,0.6,7.2,0.0,20.5
2024-03-10,ORD,2.9,-1.0,8.3,0.0,18.4
2024-03-11,ORD,7.4,0.6,19.4,0.0,23.0
2024-03-12,ORD,14.6,8.3,21.7,0.0,20.5
2024-03-13,ORD,15.1,8.9,20.6,0.0,13.0
2024-03-14,ORD,11.0,4.4,17.8,10.9,20.9
2024-03-15,ORD,6.2,2.8,12.2,0.0,14.4
2024-03-16,ORD,8.0,4.4,14.4,0.0,25.9
2024-03-17,ORD,3.8,-1.6,5.0,0.0,20.5
2024-03-18,ORD,-1.1,-4.3,2.8,0.0,18.0
2024-03-19,ORD,3.4,-1.6,14.4,0.0,23.0
2024-03-20,ORD,4.9,-1.6,6.7,0.0,19.4
2024-03-21,ORD,0.4,-2.7,5.0,0.0,8.3
2024-03-22,ORD,1.6,-0.5,3.9,3.3,16.9
2024-03-23,ORD,1.1,-2.1,3.3,0.0,19.1
2024-03-24,ORD,3.0,0.6,8.9,0.0,23.0
2024-03-25,ORD,10.5,7.8,17.2,11.9,19.1
2024-03-26,ORD,10.4,0.0,12.8,3.6,31.0
2024-03-27,ORD,1.3,-1.6,5.6,0.0,20.5
2024-03-28,ORD,3.6,-1.6,10.6,0.0,11.5
2024-03-29,ORD,5.7,0.0,12.2,0.8,12.2
2024-03-30,ORD,9.0,4.4,16.1,10.2,14.0
2024-03-31,ORD,5.9,3.3,12.2,6.6,16.9
2024-04-01,ORD,6.4,5.6,8.9,11.2,23.0
2024-04-02,ORD,6.2,2.2,7.2,10.2,22.7
2024-04-03,ORD,2.3,1.1,3.9,7.6,22.7
2024-04-04,ORD,3.4,2.2,7.2,1.8,22.0
2024-04-05,ORD,5.4,2.2,9.4,0.0,16.9
2024-04-06,ORD,5.8,0.0,11.7,0.0,12.2
2024-04-07,ORD,6.7,3.9,10.0,9.4,16.9
2024-04-08,ORD,12.8,8.3,21.7,0.0,18.0
2024-04-09,ORD,15.4,9.4,17.2,0.0,13.7
2024-04-10,ORD,13.4,7.2,20.6,0.0,7.9
2024-04-11,ORD,13.1,9.4,15.6,0.3,15.8
2024-04-12,ORD,12.3,9.4,17.8,1.5,21.6
2024-04-13,ORD,13.0,6.7,21.7,0.0,15.5
2024-04-14,ORD,20.8,11.7,27.2,0.0,18.4
2024-04-15,ORD,17.1,8.9,24.4,0.0,12.6
2024-04-16,ORD,17.1,10.6,27.2,2.5,22.3
2024-04-17,ORD,18.6,11.7,20.0,4.8,27.7
2024-04-18,ORD,12.0,8.3,14.4,2.5,11.9
2024-04-19,ORD,9.6,5.0,13.3,0.0,26.3
2024-04-20,ORD,5.9,1.7,7.2,0.0,19.1
2024-04-21,ORD,6.5,0.6,14.4,0.0,13.3
2024-04-22,ORD,11.9,5.0,19.4,0.0,22.0
2024-04-23,ORD,15.1,5.0,17.8,0.0,25.6
2024-04-24,ORD,7.3,1.7,8.3,0.0,21.6
2024-04-25,ORD,6.5,0.6,14.4,0.0,9.7
2024-04-26,ORD,9.6,6.1,17.2,9.7,21.6
2024-04-27,ORD,18.7,15.0,26.1,0.8,25.2
2024-04-28,ORD,19.6,15.0,23.9,9.1,15.8
2024-04-29,ORD,19.1,12.2,21.1,16.8,16.9
2024-04-30,ORD,15.8,10.0,23.3,0.0,12.2
2024-05-01,ORD,20.8,14.4,23.9,0.3,16.9
2024-05-02,ORD,18.7,12.2,27.2,16.0,14.4
2024-05-03,ORD,18.1,11.7,20.6,4.1,12.6
2024-05-04,ORD,17.3,8.3,27.2,5.6,13.7
2024-05-05,ORD,14.9,10.0,17.8,0.0,13.0
2024-05-06,ORD,14.5,8.9,21.1,0.0,14.0
2024-05-07,ORD,18.5,14.4,23.9,19.8,16.2
2024-05-08,ORD,19.3,11.7,26.1,0.0,11.5
2024-05-09,ORD,14.9,9.4,17.2,13.0,18.4
2024-05-10,ORD,12.8,7.8,19.4,2.8,13.7
2024-05-11,ORD,15.4,10.6,21.1,0.0,15.5
2024-05-12,ORD,17.6,9.4,28.3,0.0,15.1
2024-05-13,ORD,22.4,16.7,27.2,3.0,13.7
2024-05-14,ORD,14.5,10.6,16.7,0.8,23.0
2024-05-15,ORD,14.4,11.1,19.4,0.0,19.1
2024-05-16,ORD,16.6,11.1,23.9,12.2,11.5
2024-05-17,ORD,20.3,15.0,27.2,0.0,8.6
2024-05-18,ORD,21.8,15.0,29.4,0.0,9.7
2024-05-19,ORD,23.6,16.7,24.4,0.0,14.8
2024-05-20,ORD,21.7,16.1,30.0,0.0,16.9
2024-05-21,ORD,23.7,16.1,31.7,0.0,24.5
2024-05-22,ORD,23.1,16.1,26.7,0.0,23.8
2024-05-23,ORD,20.6,14.4,27.2,0.0,9.4
2024-05-24,ORD,20.8,17.8,25.0,1.5,16.2
2024-05-25,ORD,19.8,13.3,24.4,0.0,13.3
2024-05-26,ORD,17.4,14.4,22.8,18.8,14.4
2024-05-27,ORD,17.7,14.4,23.3,0.0,18.0
2024-05-28,ORD,17.2,12.2,22.2,5.3,12.6
2024-05-29,ORD,15.6,9.4,21.1,0.0,17.6
2024-05-30,ORD,14.7,7.2,21.1,0.0,11.5
2024-05-31,ORD,17.7,10.0,26.1,0.0,11.5
2024-06-01,ORD,19.0,15.6,20.0,24.1,11.2
2024-06-02,ORD,18.3,15.0,25.0,0.0,10.8
2024-06-03,ORD,21.4,14.4,30.0,0.0,14.8
2024-06-04,ORD,25.9,20.6,29.4,3.3,13.0
2024-06-05,ORD,23.1,20.6,26.1,7.6,15.8
2024-06-06,ORD,22.4,17.8,25.6,0.0,22.7
2024-06-07,ORD,20.8,15.0,25.6,0.0,17.6
2024-06-08,ORD,19.6,12.8,25.0,1.8,10.8
2024-06-09,ORD,18.2,12.8,26.7,0.0,20.9
2024-06-10,ORD,16.2,11.7,20.6,0.3,16.9
2024-06-11,ORD,17.1,10.0,25.6,0.0,9.0
2024-06-12,ORD,24.7,18.9,32.8,0.0,13.0
2024-06-13,ORD,27.5,21.7,32.8,0.3,15.5
2024-06-14,ORD,25.2,15.6,30.0,0.0,14.0
2024-06-15,ORD,21.6,14.4,30.0,0.0,16.2
2024-06-16,ORD,26.9,21.7,35.0,0.3,20.2
2024-06-17,ORD,29.1,25.0,36.1,0.0,19.8
2024-06-18,ORD,29.6,25.6,34.4,0.0,24.8
2024-06-19,ORD,29.3,22.8,33.9,2.3,15.5
2024-06-20,ORD,25.0,17.8,29.4,0.3,13.7
2024-06-21,ORD,24.6,18.9,34.4,0.0,9.7
2024-06-22,ORD,28.0,20.6,33.9,23.1,22.7
2024-06-23,ORD,24.7,20.6,26.7,0.0,15.8
2024-06-24,ORD,24.2,18.3,31.1,0.0,9.0
2024-06-25,ORD,26.4,21.7,29.4,11.4,21.6
2024-06-26,ORD,26.1,17.8,30.6,0.0,15.5
2024-06-27,ORD,20.3,16.1,23.3,0.0,15.8
2024-06-28,ORD,20.0,18.3,23.3,3.8,11.5
2024-06-29,ORD,25.6,21.1,31.1,0.3,16.9
2024-06-30,ORD,20.6,15.0,21.7,0.0,19.4
2024-07-01,ORD,18.5,12.2,23.9,0.0,11.9
2024-07-02,ORD,22.1,19.4,29.4,0.3,18.4
2024-07-03,ORD,26.6,22.8,31.1,2.3,12.2
2024-07-04,ORD,25.2,20.6,28.9,0.0,5.0
2024-07-05,ORD,24.6,20.0,27.8,0.0,18.0
2024-07-06,ORD,22.4,17.8,28.3,0.0,8.6
2024-07-07,ORD,23.3,18.9,30.6,27.2,11.9
2024-07-08,ORD,24.0,20.6,30.0,0.0,12.6
2024-07-09,ORD,24.9,20.6,27.2,9.7,8.3
2024-07-10,ORD,22.9,18.9,28.9,5.8,12.6
2024-07-11,ORD,22.6,18.9,27.2,0.0,11.2
2024-07-12,ORD,23.7,17.8,30.0,0.0,9.7
2024-07-13,ORD,26.0,19.4,32.8,40.6,12.2
2024-07-14,ORD,24.3,19.4,31.1,41.7,14.4
2024-07-15,ORD,26.1,20.6,32.2,13.5,13.0
2024-07-16,ORD,25.2,20.6,29.4,0.0,13.0
2024-07-17,ORD,24.8,17.8,27.8,0.0,17.6
2024-07-18,ORD,20.6,16.1,23.9,0.0,14.8
2024-07-19,ORD,20.8,15.6,26.7,0.0,10.1
2024-07-20,ORD,22.5,17.2,27.2,0.0,6.1
2024-07-21,ORD,23.6,18.9,28.9,0.0,7.2
2024-07-22,ORD,23.4,18.3,28.9,0.0,6.5
2024-07-23,ORD,24.4,19.4,29.4,5.1,10.4
2024-07-24,ORD,22.1,19.4,23.9,0.0,10.8
2024-07-25,ORD,21.5,16.7,25.6,0.0,11.9
2024-07-26,ORD,21.7,16.1,27.2,0.0,9.4
2024-07-27,ORD,23.8,18.9,29.4,0.0,9.7
2024-07-28,ORD,24.7,21.1,29.4,0.8,12.6
2024-07-29,ORD,24.6,21.7,28.9,2.8,10.8
2024-07-30,ORD,25.8,21.1,32.2,0.0,6.8
2024-07-31,ORD,27.2,22.2,33.3,0.0,8.3
2024-08-01,ORD,27.1,20.6,31.1,13.0,7.9
2024-08-02,ORD,24.6,20.6,30.6,0.0,13.0
2024-08-03,ORD,26.9,22.8,32.8,0.0,9.7
2024-08-04,ORD,26.9,21.7,32.8,0.0,7.6
2024-08-05,ORD,27.3,23.3,32.8,0.0,13.0
2024-08-06,ORD,22.2,19.4,23.9,8.6,22.7
2024-08-07,ORD,22.2,17.8,25.6,0.0,17.3
2024-08-08,ORD,22.2,17.8,28.3,0.0,9.0
2024-08-09,ORD,20.7,15.6,22.2,0.0,15.8
2024-08-10,ORD,18.4,13.3,23.9,0.0,16.9
2024-08-11,ORD,20.3,14.4,26.7,0.0,11.9
2024-08-12,ORD,21.7,16.1,27.8,0.0,7.2
2024-08-13,ORD,23.4,17.8,30.0,0.0,7.6
2024-08-14,ORD,24.6,18.9,30.0,0.0,9.7
2024-08-15,ORD,22.9,19.4,24.4,6.4,16.6
2024-08-16,ORD,24.1,19.4,30.6,5.6,14.8
2024-08-17,ORD,23.4,20.6,28.9,4.3,13.3
2024-08-18,ORD,22.2,20.0,26.7,0.3,20.2
2024-08-19,ORD,21.6,17.2,25.0,0.0,21.6
2024-08-20,ORD,19.4,14.4,22.2,0.0,13.0
2024-08-21,ORD,18.4,13.3,24.4,0.0,7.2
2024-08-22,ORD,19.1,12.8,26.7,0.0,5.4
2024-08-23,ORD,21.4,15.0,27.8,0.0,7.9
2024-08-24,ORD,24.6,17.8,32.8,0.0,6.5
2024-08-25,ORD,27.7,23.3,33.9,0.0,15.5
2024-08-26,ORD,29.9,26.1,35.6,0.0,16.9
2024-08-27,ORD,30.9,23.3,37.2,16.3,13.7
2024-08-28,ORD,24.9,21.7,28.9,4.6,13.7
2024-08-29,ORD,24.5,21.7,31.1,0.0,12.2
2024-08-30,ORD,25.1,20.6,28.3,7.1,11.9
2024-08-31,ORD,23.2,16.7,28.9,0.0,9.4
2024-09-01,ORD,22.3,15.6,24.4,0.0,18.4
2024-09-02,ORD,19.1,14.4,24.4,0.0,8.6
2024-09-03,ORD,19.4,14.4,25.6,0.0,9.0
2024-09-04,ORD,21.1,14.4,28.9,0.0,8.6
2024-09-05,ORD,23.9,17.8,30.6,1.0,10.4
2024-09-06,ORD,20.1,12.2,21.1,0.0,18.7
2024-09-07,ORD,14.4,8.9,19.4,0.0,14.4
2024-09-08,ORD,15.0,9.4,22.2,0.0,13.0
2024-09-09,ORD,19.6,13.9,27.2,0.0,14.0
2024-09-10,ORD,21.1,14.4,27.8,0.0,9.4
2024-09-11,ORD,22.6,15.0,30.6,0.0,5.4
2024-09-12,ORD,24.0,17.2,30.6,0.0,11.2
2024-09-13,ORD,24.4,18.9,29.4,0.0,13.7
2024-09-14,ORD,25.0,19.4,31.1,0.0,8.6
2024-09-15,ORD,25.2,19.4,32.2,0.0,8.6
2024-09-16,ORD,24.8,18.3,32.2,0.0,9.4
2024-09-17,ORD,23.4,16.7,29.4,0.0,7.9
2024-09-18,ORD,22.5,16.1,31.1,0.0,5.0
2024-09-19,ORD,24.1,16.7,31.7,0.0,8.3
2024-09-20,ORD,26.0,20.6,32.8,0.5,12.6
2024-09-21,ORD,25.2,17.2,33.3,0.0,8.6
2024-09-22,ORD,23.2,17.8,25.6,20.3,13.7
2024-09-23,ORD,18.1,15.6,19.4,0.5,15.1
2024-09-24,ORD,18.0,16.7,19.4,10.9,9.7
2024-09-25,ORD,18.6,13.9,25.0,0.0,6.8
2024-09-26,ORD,19.2,13.9,25.0,0.0,11.5
2024-09-27,ORD,20.3,18.3,22.2,0.0,33.1
2024-09-28,ORD,20.5,18.3,22.2,0.0,28.4
2024-09-29,ORD,21.1,18.9,23.3,0.3,21.2
2024-09-30,ORD,21.6,17.2,26.1,0.0,9.7
2024-10-01,ORD,19.2,12.8,21.1,0.0,17.6
2024-10-02,ORD,15.2,8.9,22.2,0.0,9.4
2024-10-03,ORD,17.7,12.2,26.7,0.0,10.8
2024-10-04,ORD,17.7,14.4,21.1,0.3,15.1
2024-10-05,ORD,19.3,14.4,29.4,0.0,20.5
2024-10-06,ORD,22.2,12.2,23.9,0.0,19.8
2024-10-07,ORD,14.5,8.9,20.0,0.0,10.8
2024-10-08,ORD,15.2,10.0,23.3,0.0,10.8
2024-10-09,ORD,15.7,10.6,21.1,0.0,11.5
2024-10-10,ORD,16.5,11.7,22.8,0.0,7.2
2024-10-11,ORD,18.6,12.8,28.3,0.0,15.1
2024-10-12,ORD,19.0,15.6,20.0,0.0,20.5
2024-10-13,ORD,15.6,9.4,19.4,0.0,23.4
2024-10-14,ORD,10.8,5.0,13.9,0.5,19.1
2024-10-15,ORD,7.2,5.0,10.6,6.9,22.0
2024-10-16,ORD,7.8,2.8,14.4,0.0,9.4
2024-10-17,ORD,9.7,3.3,17.8,0.0,11.5
2024-10-18,ORD,12.6,5.6,20.6,0.0,10.8
2024-10-19,ORD,14.3,6.7,21.7,0.0,10.1
2024-10-20,ORD,16.7,10.6,26.1,0.0,15.1
2024-10-21,ORD,19.4,12.2,27.2,0.0,12.2
2024-10-22,ORD,18.4,12.8,22.8,0.3,16.2
2024-10-23,ORD,16.8,6.7,18.3,0.0,13.7
2024-10-24,ORD,11.1,4.4,17.8,5.3,10.8
2024-10-25,ORD,13.5,8.9,19.4,16.0,13.0
2024-10-26,ORD,10.8,6.1,15.0,0.0,10.8
2024-10-27,ORD,8.8,2.8,15.0,0.0,7.6
2024-10-28,ORD,11.3,6.1,19.4,0.0,16.9
2024-10-29,ORD,21.8,19.4,27.8,0.0,27.7
2024-10-30,ORD,23.1,20.0,26.7,0.0,28.8
2024-10-31,ORD,18.7,6.1,21.7,0.8,30.6
2024-11-01,ORD,7.6,3.9,12.2,0.0,7.6
2024-11-02,ORD,7.8,3.3,15.0,0.0,10.1
2024-11-03,ORD,11.8,9.4,17.8,0.5,18.4
2024-11-04,ORD,18.2,17.2,20.0,14.7,18.7
2024-11-05,ORD,18.2,15.6,19.4,32.5,22.3
2024-11-06,ORD,12.9,9.4,15.6,0.0,12.6
2024-11-07,ORD,10.6,6.7,15.0,0.0,9.7
2024-11-08,ORD,10.7,6.7,16.7,0.0,13.7
2024-11-09,ORD,10.5,7.2,13.3,5.1,14.0
2024-11-10,ORD,11.8,9.4,17.2,2.0,18.4
2024-11-11,ORD,11.6,5.6,14.4,0.0,20.9
2024-11-12,ORD,7.2,4.4,10.0,0.0,16.6
2024-11-13,ORD,7.2,4.4,11.1,14.5,15.5
2024-11-14,ORD,10.3,8.9,12.2,2.8,11.9
2024-11-15,ORD,9.8,5.6,13.3,0.0,7.2
2024-11-16,ORD,8.4,5.6,11.1,0.0,12.6
2024-11-17,ORD,10.3,7.8,15.0,0.8,11.9
2024-11-18,ORD,11.8,9.4,15.6,10.7,14.4
2024-11-19,ORD,15.3,8.3,17.2,1.5,23.4
2024-11-20,ORD,7.4,0.0,8.9,0.0,21.2
2024-11-21,ORD,0.6,-1.0,3.9,7.1,23.0
2024-11-22,ORD,5.3,2.8,8.9,0.0,20.9
2024-11-23,ORD,5.2,2.8,6.1,0.0,13.3
2024-11-24,ORD,5.2,2.8,11.1,0.0,12.2
2024-11-25,ORD,9.6,1.7,11.1,0.0,14.4
2024-11-26,ORD,1.2,-3.8,3.9,0.0,15.5
2024-11-27,ORD,3.3,1.1,6.7,0.0,10.1
2024-11-28,ORD,-0.1,-3.2,1.7,0.0,19.8
2024-11-29,ORD,-3.9,-7.7,-2.1,0.0,21.2
2024-11-30,ORD,-7.1,-9.9,-3.8,0.0,17.6
2024-12-01,ORD,-6.1,-9.9,-2.7,0.0,13.3
2024-12-02,ORD,-7.0,-9.9,-3.8,0.0,9.4
2024-12-03,ORD,-6.0,-7.1,-0.5,0.0,17.6
2024-12-04,ORD,-1.4,-8.8,3.9,0.0,29.5
2024-12-05,ORD,-6.5,-11.0,-1.6,0.0,21.6
2024-12-06,ORD,-5.4,-9.3,0.0,0.0,15.5
2024-12-07,ORD,0.4,-4.3,10.0,0.0,21.6
2024-12-08,ORD,7.9,3.3,12.8,0.0,15.5
2024-12-09,ORD,9.4,5.6,11.7,0.0,17.3
2024-12-10,ORD,3.1,-1.0,5.6,0.0,15.5
2024-12-11,ORD,-1.6,-11.6,0.0,0.0,22.3
2024-12-12,ORD,-11.6,-15.5,-9.3,0.0,16.9
2024-12-13,ORD,-9.7,-15.5,-2.7,0.0,12.6
2024-12-14,ORD,-1.1,-3.8,3.9,8.4,18.7
2024-12-15,ORD,4.6,3.3,7.2,1.3,9.4
2024-12-16,ORD,7.4,2.8,10.6,0.8,17.6
2024-12-17,ORD,2.8,0.6,3.9,0.0,13.0
2024-12-18,ORD,0.4,-3.8,1.7,0.0,15.5
2024-12-19,ORD,-2.3,-3.8,0.6,2.3,13.0
2024-12-20,ORD,0.2,-6.0,1.7,2.0,22.7
2024-12-21,ORD,-5.8,-9.9,-2.7,0.0,9.4
2024-12-22,ORD,-5.4,-9.9,0.6,0.0,14.0
2024-12-23,ORD,1.5,0.0,3.9,0.0,16.6
2024-12-24,ORD,2.2,-1.0,3.3,0.0,13.0
2024-12-25,ORD,1.4,0.0,3.9,0.0,10.1
2024-12-26,ORD,5.2,3.3,8.9,1.3,10.8
2024-12-27,ORD,8.4,7.2,11.1,6.6,14.8
2024-12-28,ORD,9.9,5.6,10.6,0.0,16.9
2024-12-29,ORD,6.6,2.2,7.8,11.9,16.9
2024-12-30,ORD,2.6,0.0,5.6,0.0,7.9
2024-12-31,ORD,3.8,1.1,5.6,14.5,24.5
2025-01-01,ORD,-0.4,-4.3,1.1,0.0,21.2
2025-01-02,ORD,-2.8,-4.3,0.0,0.3,14.8
2025-01-03,ORD,-4.2,-7.7,-3.8,0.0,19.1
2025-01-04,ORD,-7.6,-11.0,-3.8,0.0,15.1
2025-01-05,ORD,-7.7,-9.3,-5.5,0.0,14.8
2025-01-06,ORD,-4.5,-6.0,-1.0,0.3,24.1
2025-01-07,ORD,-5.8,-9.3,-3.2,0.0,10.8
2025-01-08,ORD,-6.7,-9.9,-3.2,0.0,9.4
2025-01-09,ORD,-6.6,-9.9,-1.6,0.0,13.3
2025-01-10,ORD,-3.9,-6.0,-1.0,3.3,12.6
2025-01-11,ORD,-2.0,-3.2,0.0,0.0,14.4
2025-01-12,ORD,-1.2,-7.1,1.7,0.8,22.3
2025-01-13,ORD,-8.2,-12.7,-7.1,0.0,20.5
2025-01-14,ORD,-9.9,-13.2,-8.8,0.3,14.8
2025-01-15,ORD,-11.7,-14.9,-7.1,0.0,15.5
2025-01-16,ORD,-3.6,-7.7,3.3,0.3,16.9
2025-01-17,ORD,1.6,-3.2,8.3,0.0,21.2
2025-01-18,ORD,1.1,-9.9,4.4,0.0,21.6
2025-01-19,ORD,-11.3,-17.1,-9.9,0.0,20.5
2025-01-20,ORD,-15.8,-18.8,-11.6,0.0,19.1
2025-01-21,ORD,-18.4,-22.1,-16.6,0.0,20.2
2025-01-22,ORD,-13.2,-17.7,-3.8,0.5,20.9
2025-01-23,ORD,-6.4,-13.8,-4.3,0.3,16.2
2025-01-24,ORD,-11.8,-16.6,-4.9,0.0,14.0
2025-01-25,ORD,-2.6,-6.0,5.0,0.0,23.0
2025-01-26,ORD,-3.4,-8.2,-0.5,0.0,13.0
2025-01-27,ORD,-2.7,-7.7,6.7,0.0,24.1
2025-01-28,ORD,3.2,-2.1,8.9,0.0,22.0
2025-01-29,ORD,5.8,0.6,8.3,0.0,17.6
2025-01-30,ORD,3.3,-3.2,10.0,13.0,11.9
2025-01-31,ORD,4.0,0.6,4.4,31.5,26.3
2025-02-01,ORD,-0.1,-1.6,0.6,0.0,22.3
2025-02-02,ORD,2.0,-0.5,6.1,0.0,12.2
2025-02-03,ORD,4.2,0.6,5.6,0.0,17.6
2025-02-04,ORD,-1.8,-5.5,0.6,0.0,22.3
2025-02-05,ORD,-3.1,-4.3,-0.5,1.3,19.1
2025-02-06,ORD,-0.3,-2.7,2.8,0.0,20.9
2025-02-07,ORD,-3.1,-7.1,0.0,0.0,10.4
2025-02-08,ORD,-1.2,-2.7,0.6,0.3,14.8
2025-02-09,ORD,-2.2,-5.5,0.0,0.0,12.6
2025-02-10,ORD,-3.8,-8.2,2.8,0.0,7.6
2025-02-11,ORD,-3.9,-6.0,-2.1,0.0,22.3
2025-02-12,ORD,-4.2,-7.1,-1.6,4.6,19.1
2025-02-13,ORD,-6.5,-14.9,-3.2,0.0,20.5
2025-02-14,ORD,-11.1,-16.0,-3.2,3.8,14.8
2025-02-15,ORD,-1.8,-3.2,0.6,0.5,14.0
2025-02-16,ORD,-2.7,-12.7,-2.7,0.0,24.5
2025-02-17,ORD,-13.1,-17.7,-12.7,0.0,18.7
2025-02-18,ORD,-15.9,-20.5,-9.9,0.0,14.4
2025-02-19,ORD,-13.0,-15.5,-8.2,0.0,14.4
2025-02-20,ORD,-10.9,-15.5,-4.3,0.0,15.5
2025-02-21,ORD,-7.7,-11.6,-2.1,0.0,12.2
2025-02-22,ORD,-5.2,-9.3,1.1,0.0,18.0
2025-02-23,ORD,-0.1,-3.8,6.7,0.0,11.5
2025-02-24,ORD,6.3,3.3,11.7,0.0,19.1
2025-02-25,ORD,8.3,2.2,12.2,0.5,8.6
2025-02-26,ORD,5.7,2.2,10.6,2.0,13.0
2025-02-27,ORD,5.3,2.2,10.0,0.3,16.9
2025-02-28,ORD,6.7,1.1,13.9,0.0,29.2
2025-03-01,ORD,-0.2,-5.5,1.1,0.0,18.0
2025-03-02,ORD,-3.5,-7.7,2.8,0.0,6.5
2025-03-03,ORD,2.2,0.0,8.9,0.0,16.9
2025-03-04,ORD,7.6,6.1,8.9,16.3,19.8
2025-03-05,ORD,6.8,-1.0,10.6,9.4,23.8
2025-03-06,ORD,0.3,-2.7,5.6,0.0,19.4
2025-03-07,ORD,2.1,0.6,4.4,3.6,7.2
2025-03-08,ORD,2.3,-3.2,10.0,0.0,14.4
2025-03-09,ORD,7.1,1.1,14.4,0.0,15.5
2025-03-10,ORD,11.5,4.4,20.0,0.0,18.0
2025-03-11,ORD,10.7,2.2,13.9,0.0,25.9
2025-03-12,ORD,5.3,1.7,10.6,0.0,12.6
2025-03-13,ORD,7.2,0.6,15.6,0.0,11.2
2025-03-14,ORD,14.6,9.4,26.1,3.8,27.4
2025-03-15,ORD,17.1,5.0,18.9,7.9,24.5
2025-03-16,ORD,3.0,-1.0,5.0,5.3,14.4
2025-03-17,ORD,2.6,-3.2,11.7,0.0,20.5
2025-03-18,ORD,11.9,5.6,22.2,0.0,18.4
2025-03-19,ORD,6.8,1.7,8.3,13.7,23.4
2025-03-20,ORD,2.8,-0.5,6.7,5.6,20.2
2025-03-21,ORD,5.5,-0.5,15.6,0.0,24.1
2025-03-22,ORD,7.0,1.1,8.3,0.0,15.1
2025-03-23,ORD,4.5,1.7,11.1,5.6,24.5
2025-03-24,ORD,4.3,0.6,10.0,0.0,24.8
2025-03-25,ORD,5.2,0.6,10.6,0.0,12.2
2025-03-26,ORD,4.3,0.0,12.2,0.0,6.1
2025-03-27,ORD,8.2,5.6,12.2,0.0,12.2
2025-03-28,ORD,15.1,8.9,25.6,0.5,23.4
2025-03-29,ORD,19.1,6.1,21.7,1.5,18.4
2025-03-30,ORD,12.3,5.0,23.9,2.5,20.5
2025-03-31,ORD,5.2,1.1,8.3,0.3,18.4
2025-04-01,ORD,3.2,0.6,7.2,0.0,21.2
2025-04-02,ORD,7.8,4.4,21.7,31.8,23.0
2025-04-03,ORD,11.4,4.4,13.3,0.0,19.4
2025-04-04,ORD,6.9,3.3,9.4,1.5,18.4
2025-04-05,ORD,7.4,3.9,12.2,2.5,17.6
2025-04-06,ORD,5.9,1.7,10.0,0.0,13.3
2025-04-07,ORD,4.4,-2.7,7.8,0.0,25.2
2025-04-08,ORD,0.5,-3.8,7.2,0.0,12.6
2025-04-09,ORD,3.3,1.1,6.7,2.3,16.6
2025-04-10,ORD,4.2,3.3,6.1,0.0,16.9
2025-04-11,ORD,6.1,0.6,11.1,0.0,13.0
2025-04-12,ORD,8.8,2.2,16.7,0.0,10.1
2025-04-13,ORD,13.2,11.1,17.8,0.0,20.2
2025-04-14,ORD,15.4,8.9,17.8,0.0,24.1
2025-04-15,ORD,9.6,3.3,13.3,0.0,23.0
2025-04-16,ORD,6.8,1.7,10.6,0.0,11.9
2025-04-17,ORD,9.4,3.9,17.8,1.3,23.0
2025-04-18,ORD,18.8,15.6,24.4,1.5,25.9
2025-04-19,ORD,13.6,6.7,15.6,0.0,11.2
2025-04-20,ORD,10.4,7.2,15.0,8.9,18.7
2025-04-21,ORD,12.4,7.2,16.1,0.8,24.5
2025-04-22,ORD,12.5,5.0,23.3,0.0,12.6
2023-04-23,SEA,11.6,7.2,12.2,11.7,18.7
2023-04-24,SEA,8.8,7.2,14.4,0.8,12.6
2023-04-25,SEA,9.9,6.7,15.0,0.0,9.0
2023-04-26,SEA,11.5,6.1,19.4,0.0,10.1
2023-04-27,SEA,13.9,10.0,20.0,0.0,18.4
2023-04-28,SEA,15.7,9.4,26.7,0.0,13.0
2023-04-29,SEA,18.1,12.2,24.4,0.0,13.0
2023-04-30,SEA,14.4,8.9,16.1,0.0,13.7
2023-05-01,SEA,11.7,9.4,13.3,0.5,7.9
2023-05-02,SEA,12.7,10.0,21.1,0.3,14.0
2023-05-03,SEA,15.7,10.6,22.8,0.0,8.6
2023-05-04,SEA,13.2,8.9,13.3,1.3,14.4
2023-05-05,SEA,9.4,8.9,10.6,17.8,14.0
2023-05-06,SEA,10.2,8.3,16.7,0.0,9.4
2023-05-07,SEA,11.8,9.4,16.7,0.0,13.0
2023-05-08,SEA,13.1,10.0,18.9,0.3,12.2
2023-05-09,SEA,12.9,8.9,17.8,0.0,13.0
2023-05-10,SEA,14.1,7.2,21.7,0.0,11.5
2023-05-11,SEA,15.6,10.0,23.9,0.0,10.4
2023-05-12,SEA,17.9,11.1,27.8,0.0,12.6
2023-05-13,SEA,21.3,12.8,30.0,0.0,16.9
2023-05-14,SEA,24.1,15.0,31.7,0.0,16.2
2023-05-15,SEA,26.2,14.4,31.1,3.0,13.0
2023-05-16,SEA,18.4,12.8,25.6,0.0,8.6
2023-05-17,SEA,18.8,12.2,26.7,0.0,7.6
2023-05-18,SEA,19.1,12.8,24.4,0.0,9.0
2023-05-19,SEA,16.6,11.7,24.4,0.0,11.2
2023-05-20,SEA,18.4,12.2,25.6,0.3,9.0
2023-05-21,SEA,15.1,11.1,15.6,0.0,11.9
2023-05-22,SEA,12.7,9.4,18.3,0.3,17.3
2023-05-23,SEA,12.6,8.3,18.9,0.0,9.7
2023-05-24,SEA,15.4,12.2,21.7,0.0,11.5
2023-05-25,SEA,17.6,11.7,25.0,0.0,11.2
2023-05-26,SEA,20.1,13.3,27.8,0.0,9.7
2023-05-27,SEA,16.7,10.6,21.1,0.0,13.3
2023-05-28,SEA,13.2,8.9,17.8,0.0,7.9
2023-05-29,SEA,13.1,8.9,20.0,0.0,7.6
2023-05-30,SEA,13.1,8.9,17.2,0.0,11.9
2023-05-31,SEA,12.7,10.0,17.8,0.0,11.5
2023-06-01,SEA,13.7,10.0,20.6,0.0,11.9
2023-06-02,SEA,15.2,10.0,22.2,0.0,7.9
2023-06-03,SEA,15.8,9.4,23.3,0.0,8.6
2023-06-04,SEA,16.2,11.1,21.1,0.0,19.8
2023-06-05,SEA,15.7,9.4,22.8,0.0,20.5
2023-06-06,SEA,18.6,12.8,27.8,0.0,15.8
2023-06-07,SEA,21.9,13.3,30.6,0.0,7.9
2023-06-08,SEA,18.2,11.7,22.8,0.0,14.0
2023-06-09,SEA,14.7,11.1,13.3,4.8,10.4
2023-06-10,SEA,12.1,11.1,16.7,5.8,8.6
2023-06-11,SEA,15.7,12.2,21.7,0.0,12.2
2023-06-12,SEA,19.2,13.9,28.9,0.0,8.3
2023-06-13,SEA,18.2,11.1,18.9,0.0,18.7
2023-06-14,SEA,13.9,11.1,18.9,0.0,14.4
2023-06-15,SEA,13.7,8.3,22.2,0.0,8.6
2023-06-16,SEA,16.9,11.1,22.2,3.3,10.4
2023-06-17,SEA,13.6,10.6,15.0,1.8,11.9
2023-06-18,SEA,12.2,8.3,16.7,4.3,11.9
2023-06-19,SEA,11.3,8.3,16.7,0.3,14.4
2023-06-20,SEA,12.7,10.0,15.6,10.7,12.2
2023-06-21,SEA,13.9,10.6,21.7,0.0,10.1
2023-06-22,SEA,17.1,10.6,25.6,0.0,13.0
2023-06-23,SEA,19.9,12.2,27.2,0.0,10.4
2023-06-24,SEA,16.0,11.1,21.7,0.0,10.4
2023-06-25,SEA,16.8,10.6,26.1,0.0,9.7
2023-06-26,SEA,17.3,11.7,23.3,0.0,11.9
2023-06-27,SEA,16.3,12.2,23.3,0.0,11.2
2023-06-28,SEA,17.7,12.2,26.1,0.0,9.4
2023-06-29,SEA,19.0,12.8,27.2,0.0,9.4
2023-06-30,SEA,20.3,14.4,26.1,0.0,12.2
2023-07-01,SEA,19.6,13.9,26.7,0.0,15.5
2023-07-02,SEA,19.3,13.3,26.7,0.0,15.5
2023-07-03,SEA,20.6,12.8,27.8,0.0,12.2
2023-07-04,SEA,22.6,14.4,31.1,0.0,10.8
2023-07-05,SEA,24.6,16.1,32.8,0.0,9.4
2023-07-06,SEA,23.0,13.9,28.3,0.0,10.8
2023-07-07,SEA,17.8,12.8,23.3,0.0,14.8
2023-07-08,SEA,16.8,12.2,23.3,0.0,10.1
2023-07-09,SEA,17.8,12.2,26.1,0.0,8.3
2023-07-10,SEA,17.4,12.2,22.8,0.0,14.8
2023-07-11,SEA,17.8,12.8,25.0,0.0,9.4
2023-07-12,SEA,17.8,12.2,23.9,0.0,7.2
2023-07-13,SEA,17.8,12.2,26.7,0.0,9.0
2023-07-14,SEA,21.6,14.4,30.6,0.0,11.2
2023-07-15,SEA,23.7,16.1,32.8,0.0,11.2
2023-07-16,SEA,22.0,13.9,28.3,0.0,8.3
2023-07-17,SEA,20.0,15.6,25.0,0.0,19.8
2023-07-18,SEA,19.6,14.4,27.2,0.0,15.8
2023-07-19,SEA,22.2,16.1,31.7,0.0,12.6
2023-07-20,SEA,22.3,15.6,27.8,0.0,11.9
2023-07-21,SEA,18.8,14.4,25.6,0.0,7.9
2023-07-22,SEA,19.7,13.3,27.2,0.0,10.8
2023-07-23,SEA,21.1,15.0,28.9,0.0,11.5
2023-07-24,SEA,19.1,13.9,22.8,2.3,14.4
2023-07-25,SEA,17.2,13.3,23.3,0.0,16.9
2023-07-26,SEA,18.6,14.4,24.4,0.0,16.6
2023-07-27,SEA,19.6,13.3,26.1,0.0,8.6
2023-07-28,SEA,18.6,13.3,26.1,0.0,8.3
2023-07-29,SEA,19.0,13.3,25.0,0.0,9.0
2023-07-30,SEA,18.3,14.4,25.0,0.0,9.4
2023-07-31,SEA,19.5,13.9,25.6,0.0,13.3
2023-08-01,SEA,20.4,14.4,28.3,0.0,12.2
2023-08-02,SEA,21.8,15.6,28.9,0.0,11.2
2023-08-03,SEA,21.4,15.0,28.9,0.0,11.2
2023-08-04,SEA,22.1,15.6,29.4,0.0,11.2
2023-08-05,SEA,21.1,16.7,22.2,0.5,6.5
2023-08-06,SEA,18.9,16.7,24.4,0.0,8.3
2023-08-07,SEA,20.2,16.1,25.0,0.5,6.8
2023-08-08,SEA,19.4,15.6,26.1,0.0,9.0
2023-08-09,SEA,19.9,15.6,25.0,0.0,14.0
2023-08-10,SEA,18.8,15.6,23.3,0.0,9.0
2023-08-11,SEA,19.4,15.0,26.1,0.0,11.2
2023-08-12,SEA,21.6,17.2,27.8,0.0,16.6
2023-08-13,SEA,23.1,17.2,31.7,0.0,16.9
2023-08-14,SEA,26.8,21.7,34.4,0.0,13.7
2023-08-15,SEA,27.7,20.0,35.0,0.0,11.5
2023-08-16,SEA,27.5,19.4,35.0,0.0,8.6
2023-08-17,SEA,25.8,16.7,32.8,0.0,9.0
2023-08-18,SEA,19.2,13.9,23.9,0.0,11.2
2023-08-19,SEA,18.3,11.1,25.0,0.0,13.7
2023-08-20,SEA,20.2,14.4,26.7,0.0,11.5
2023-08-21,SEA,17.9,11.7,23.9,0.0,7.9
2023-08-22,SEA,17.2,12.2,22.2,0.5,12.6
2023-08-23,SEA,17.2,13.9,22.8,1.0,11.2
2023-08-24,SEA,18.3,13.3,25.6,0.0,20.2
2023-08-25,SEA,20.4,16.1,30.0,0.5,15.1
2023-08-26,SEA,22.0,15.0,31.1,0.0,11.5
2023-08-27,SEA,22.1,15.0,28.9,0.0,10.1
2023-08-28,SEA,19.1,16.1,19.4,0.0,10.8
2023-08-29,SEA,16.2,14.4,16.7,3.0,10.4
2023-08-30,SEA,16.8,15.0,23.3,0.3,10.4
2023-08-31,SEA,18.1,15.0,20.6,0.5,12.2
2023-09-01,SEA,18.1,15.6,25.6,0.0,14.8
2023-09-02,SEA,21.2,14.4,30.6,0.0,7.6
2023-09-03,SEA,20.6,13.9,20.6,1.5,18.4
2023-09-04,SEA,14.6,11.7,18.9,1.8,11.9
2023-09-05,SEA,15.2,11.7,21.1,0.0,6.8
2023-09-06,SEA,16.6,11.7,23.3,0.0,9.4
2023-09-07,SEA,16.9,12.8,20.6,0.0,4.0
2023-09-08,SEA,16.1,11.1,23.9,0.0,9.0
2023-09-09,SEA,18.3,13.3,27.2,0.0,9.4
2023-09-10,SEA,19.7,12.2,26.7,0.0,11.5
2023-09-11,SEA,19.2,14.4,22.8,0.0,7.6
2023-09-12,SEA,16.5,12.8,20.6,1.3,9.4
2023-09-13,SEA,16.9,12.2,23.3,0.0,10.4
2023-09-14,SEA,17.8,12.2,25.0,0.0,11.9
2023-09-15,SEA,19.2,12.2,28.9,0.0,7.9
2023-09-16,SEA,19.4,12.8,25.6,0.0,7.2
2023-09-17,SEA,16.2,12.8,21.1,0.0,10.8
2023-09-18,SEA,16.8,12.2,19.4,2.8,14.0
2023-09-19,SEA,14.8,11.7,19.4,0.0,13.3
2023-09-20,SEA,13.8,10.6,17.8,10.4,11.5
2023-09-21,SEA,13.8,8.9,21.1,0.0,9.4
2023-09-22,SEA,16.1,10.6,24.4,0.0,7.6
2023-09-23,SEA,16.8,12.2,17.8,3.8,12.2
2023-09-24,SEA,13.7,11.1,17.8,15.5,10.8
2023-09-25,SEA,14.8,12.8,17.2,20.8,12.2
2023-09-26,SEA,13.5,10.6,18.3,15.2,14.8
2023-09-27,SEA,13.0,11.1,15.6,10.9,19.1
2023-09-28,SEA,13.3,11.1,17.2,3.3,16.6
2023-09-29,SEA,11.8,7.8,15.0,0.0,15.8
2023-09-30,SEA,11.6,8.9,16.7,0.0,8.3
2023-10-01,SEA,11.8,7.2,17.8,0.0,7.2
2023-10-02,SEA,12.6,10.6,13.9,11.4,10.1
2023-10-03,SEA,13.2,11.7,17.8,1.0,9.0
2023-10-04,SEA,14.3,11.7,20.0,0.0,9.7
2023-10-05,SEA,15.4,12.8,19.4,0.0,17.3
2023-10-06,SEA,15.6,11.1,23.9,0.0,12.2
2023-10-07,SEA,17.2,10.6,26.1,0.0,6.5
2023-10-08,SEA,16.6,12.8,20.6,0.0,9.0
2023-10-09,SEA,16.2,11.7,17.2,0.8,11.5
2023-10-10,SEA,13.2,10.0,16.7,9.7,13.7
2023-10-11,SEA,12.2,10.0,16.1,9.9,12.6
2023-10-12,SEA,12.4,8.9,18.3,0.0,10.1
2023-10-13,SEA,16.8,10.0,22.8,3.0,13.7
2023-10-14,SEA,14.4,12.8,16.7,1.0,5.8
2023-10-15,SEA,14.4,12.2,17.2,1.0,7.6
2023-10-16,SEA,13.6,10.6,16.7,14.5,13.0
2023-10-17,SEA,12.3,9.4,15.6,1.5,8.6
2023-10-18,SEA,13.9,10.6,21.7,0.0,11.9
2023-10-19,SEA,16.2,15.6,19.4,0.0,14.4
2023-10-20,SEA,15.3,11.7,16.7,0.0,15.1
2023-10-21,SEA,12.9,11.1,14.4,0.0,8.6
2023-10-22,SEA,11.7,10.0,13.3,0.0,7.6
2023-10-23,SEA,10.9,7.8,11.7,0.0,17.3
2023-10-24,SEA,9.2,6.1,11.1,15.2,17.3
2023-10-25,SEA,7.5,4.4,10.6,4.3,12.6
2023-10-26,SEA,6.7,2.8,11.1,0.0,7.2
2023-10-27,SEA,5.8,1.7,10.0,0.0,11.9
2023-10-28,SEA,5.6,0.6,10.6,0.0,9.4
2023-10-29,SEA,5.8,0.0,12.8,0.0,10.8
2023-10-30,SEA,7.2,2.8,14.4,0.0,13.7
2023-10-31,SEA,6.6,2.2,11.7,0.0,2.9
2023-11-01,SEA,8.5,6.1,12.8,10.4,8.3
2023-11-02,SEA,11.8,10.0,15.6,22.1,19.8
2023-11-03,SEA,11.6,8.9,14.4,8.4,8.3
2023-11-04,SEA,14.1,11.1,17.2,29.0,18.0
2023-11-05,SEA,11.9,7.8,15.6,7.9,13.0
2023-11-06,SEA,10.7,8.3,11.7,26.2,8.6
2023-11-07,SEA,10.3,7.2,12.8,0.0,14.0
2023-11-08,SEA,8.8,5.6,12.2,0.0,6.5
2023-11-09,SEA,6.6,2.8,8.9,3.6,9.4
2023-11-10,SEA,8.0,6.7,10.6,2.5,18.7
2023-11-11,SEA,10.0,7.8,11.7,11.4,25.6
2023-11-12,SEA,9.1,7.8,10.6,6.6,9.0
2023-11-13,SEA,9.2,4.4,11.7,1.3,12.2
2023-11-14,SEA,5.7,1.1,10.0,0.0,10.1
2023-11-15,SEA,4.9,2.8,8.9,0.0,9.4
2023-11-16,SEA,4.5,0.6,9.4,0.0,12.2
2023-11-17,SEA,4.9,0.6,11.1,0.0,7.2
2023-11-18,SEA,6.2,1.7,10.6,6.9,5.0
2023-11-19,SEA,8.6,5.6,10.6,0.0,19.4
2023-11-20,SEA,6.3,2.2,10.0,0.0,9.4
2023-11-21,SEA,7.1,2.8,12.2,4.3,8.6
2023-11-22,SEA,8.8,4.4,9.4,2.8,12.2
2023-11-23,SEA,6.4,1.7,8.3,0.0,12.2
2023-11-24,SEA,3.8,0.0,7.8,0.0,8.6
2023-11-25,SEA,3.1,-1.0,7.8,0.0,8.6
2023-11-26,SEA,3.4,-1.0,8.9,0.0,6.8
2023-11-27,SEA,3.6,-2.1,8.3,0.0,6.5
2023-11-28,SEA,2.1,-2.1,6.1,0.0,2.2
2023-11-29,SEA,1.9,-1.0,3.9,0.0,3.6
2023-11-30,SEA,3.4,1.1,7.8,3.6,9.4
2023-12-01,SEA,5.6,3.9,10.0,16.0,20.5
2023-12-02,SEA,7.5,6.1,9.4,10.9,22.0
2023-12-03,SEA,7.6,6.1,12.2,5.6,15.8
2023-12-04,SEA,8.7,6.1,14.4,34.5,9.7
2023-12-05,SEA,12.9,8.9,15.0,60.7,11.2
2023-12-06,SEA,9.3,7.8,10.0,8.9,6.1
2023-12-07,SEA,7.5,2.8,8.3,10.2,15.1
2023-12-08,SEA,5.1,2.8,6.7,0.0,9.4
2023-12-09,SEA,3.5,1.7,6.7,16.3,7.6
2023-12-10,SEA,7.3,6.7,11.7,3.6,12.2
2023-12-11,SEA,8.5,5.6,8.3,0.0,11.2
2023-12-12,SEA,5.1,1.1,6.7,0.0,6.1
2023-12-13,SEA,3.9,1.1,10.6,0.0,6.5
2023-12-14,SEA,7.7,6.1,8.9,3.6,9.7
2023-12-15,SEA,7.9,3.9,11.1,0.0,6.5
2023-12-16,SEA,6.2,2.2,10.6,0.0,5.4
2023-12-17,SEA,4.4,0.6,9.4,0.0,9.7
2023-12-18,SEA,5.8,3.3,10.0,1.3,6.5
2023-12-19,SEA,8.9,8.3,11.1,3.0,13.3
2023-12-20,SEA,7.9,3.3,10.6,0.0,5.8
2023-12-21,SEA,6.4,5.6,10.0,0.0,6.1
2023-12-22,SEA,6.6,2.8,7.2,17.0,12.6
2023-12-23,SEA,3.9,0.6,7.2,0.0,7.6
2023-12-24,SEA,3.2,-1.0,6.7,0.0,11.2
2023-12-25,SEA,6.2,5.0,8.9,15.0,22.7
2023-12-26,SEA,8.3,6.7,11.7,2.3,14.8
2023-12-27,SEA,11.4,8.3,12.8,2.5,20.5
2023-12-28,SEA,9.7,7.2,13.3,1.5,16.9
2023-12-29,SEA,13.9,11.7,17.2,0.0,20.2
2023-12-30,SEA,11.3,6.1,13.3,2.5,9.0
2023-12-31,SEA,7.4,3.3,10.0,0.0,5.8
2024-01-01,SEA,4.9,1.1,8.3,0.0,4.3
2024-01-02,SEA,5.4,3.3,8.3,6.1,6.1
2024-01-03,SEA,7.2,5.0,10.0,2.5,11.9
2024-01-04,SEA,7.2,5.0,7.8,3.6,9.4
2024-01-05,SEA,6.6,4.4,8.3,5.8,22.0
2024-01-06,SEA,6.1,2.2,6.7,10.7,9.7
2024-01-07,SEA,3.8,2.2,5.0,2.8,3.2
2024-01-08,SEA,3.7,2.8,9.4,18.8,15.8
2024-01-09,SEA,6.6,2.8,8.9,6.9,33.1
2024-01-10,SEA,3.6,1.7,5.0,0.8,12.2
2024-01-11,SEA,3.6,-3.8,7.2,0.0,16.9
2024-01-12,SEA,-4.1,-9.3,-3.8,0.0,22.0
2024-01-13,SEA,-8.1,-9.3,-5.5,0.0,18.4
2024-01-14,SEA,-5.6,-7.1,-0.5,0.0,9.7
2024-01-15,SEA,-2.7,-6.0,3.3,0.0,13.7
2024-01-16,SEA,-1.1,-5.5,2.2,1.8,9.4
2024-01-17,SEA,0.8,-1.0,4.4,7.1,11.9
2024-01-18,SEA,2.4,1.1,3.9,9.7,18.4
2024-01-19,SEA,4.2,2.8,8.3,0.5,13.0
2024-01-20,SEA,5.2,1.7,10.6,6.6,9.0
2024-01-21,SEA,6.7,5.6,8.9,11.7,14.4
2024-01-22,SEA,7.9,6.7,10.6,10.9,12.6
2024-01-23,SEA,9.1,6.1,11.1,0.3,13.3
2024-01-24,SEA,7.8,6.1,10.6,10.2,14.0
2024-01-25,SEA,7.9,5.6,10.6,4.3,13.7
2024-01-26,SEA,8.9,6.7,11.7,9.7,8.3
2024-01-27,SEA,9.8,8.9,13.9,18.3,14.0
2024-01-28,SEA,12.8,10.6,16.1,13.2,11.5
2024-01-29,SEA,14.1,10.6,16.1,0.0,9.0
2024-01-30,SEA,13.0,10.6,16.1,0.5,10.8
2024-01-31,SEA,13.7,10.0,15.6,3.0,13.7
2024-02-01,SEA,11.3,8.3,14.4,2.3,10.8
2024-02-02,SEA,9.8,6.1,12.2,0.0,8.6
2024-02-03,SEA,6.9,2.8,10.6,0.0,5.8
2024-02-04,SEA,6.9,3.9,10.0,0.0,20.2
2024-02-05,SEA,6.1,5.0,7.2,3.6,19.1
2024-02-06,SEA,5.6,5.0,7.8,5.1,5.4
2024-02-07,SEA,6.0,3.9,8.9,0.0,6.8
2024-02-08,SEA,5.9,4.4,8.3,3.3,8.6
2024-02-09,SEA,5.6,2.8,9.4,0.3,6.8
2024-02-10,SEA,5.0,2.2,10.0,0.0,6.8
2024-02-11,SEA,7.6,5.6,11.1,7.4,14.4
2024-02-12,SEA,7.9,6.1,8.3,7.9,12.6
2024-02-13,SEA,6.8,4.4,9.4,0.0,13.3
2024-02-14,SEA,6.1,2.8,9.4,1.3,17.6
2024-02-15,SEA,4.4,1.7,6.7,5.8,14.0
2024-02-16,SEA,5.1,1.1,10.0,0.0,16.9
2024-02-17,SEA,7.7,5.6,12.2,0.0,19.8
2024-02-18,SEA,8.1,5.6,10.0,0.0,9.7
2024-02-19,SEA,7.1,3.9,8.9,1.0,9.7
2024-02-20,SEA,7.6,5.6,12.2,4.1,8.3
2024-02-21,SEA,8.9,7.2,10.6,9.7,12.2
2024-02-22,SEA,8.9,5.6,13.3,0.0,7.9
2024-02-23,SEA,6.9,1.7,11.1,0.0,5.4
2024-02-24,SEA,7.3,5.0,10.0,0.0,13.7
2024-02-25,SEA,8.4,3.3,10.0,4.3,26.6
2024-02-26,SEA,4.8,0.0,6.7,1.3,13.3
2024-02-27,SEA,1.5,-1.6,7.8,1.3,13.7
2024-02-28,SEA,7.6,5.0,10.0,24.1,25.9
2024-02-29,SEA,5.7,1.1,6.1,15.0,17.6
2024-03-01,SEA,2.9,1.7,6.1,3.6,12.2
2024-03-02,SEA,3.8,1.1,6.7,2.3,16.9
2024-03-03,SEA,3.3,1.7,6.1,2.5,18.7
2024-03-04,SEA,3.8,0.6,7.2,5.6,15.8
2024-03-05,SEA,2.7,-0.5,7.2,0.0,11.5
2024-03-06,SEA,2.2,-2.1,7.2,0.0,8.6
2024-03-07,SEA,3.1,-1.0,8.3,0.0,7.6
2024-03-08,SEA,6.1,3.3,12.2,0.0,7.2
2024-03-09,SEA,8.2,5.0,11.7,0.8,19.8
2024-03-10,SEA,8.2,6.1,10.0,5.3,20.2
2024-03-11,SEA,7.2,5.0,9.4,5.1,16.9
2024-03-12,SEA,7.7,3.9,9.4,3.8,21.2
2024-03-13,SEA,5.8,3.9,11.1,0.0,8.3
2024-03-14,SEA,6.9,1.7,13.9,0.0,9.7
2024-03-15,SEA,9.0,4.4,16.7,0.0,18.7
2024-03-16,SEA,11.7,6.7,23.3,0.0,10.1
2024-03-17,SEA,15.0,8.3,21.7,0.0,10.4
2024-03-18,SEA,13.3,6.7,18.9,0.0,10.8
2024-03-19,SEA,11.9,6.1,17.8,0.0,8.3
2024-03-20,SEA,9.5,7.8,10.6,0.8,11.5
2024-03-21,SEA,9.7,7.8,13.3,2.8,9.4
2024-03-22,SEA,10.4,8.3,11.7,5.6,7.9
2024-03-23,SEA,9.9,7.8,11.7,1.8,9.4
2024-03-24,SEA,9.3,7.8,14.4,0.0,10.4
2024-03-25,SEA,9.7,7.8,11.1,0.5,15.8
2024-03-26,SEA,8.8,6.7,12.8,0.0,16.6
2024-03-27,SEA,8.7,6.1,11.7,13.7,14.0
2024-03-28,SEA,7.8,5.6,12.2,5.1,14.0
2024-03-29,SEA,9.3,5.0,15.0,0.8,11.2
2024-03-30,SEA,9.2,4.4,14.4,0.0,13.7
2024-03-31,SEA,9.5,4.4,16.1,0.0,11.2
2024-04-01,SEA,10.7,6.1,16.1,0.0,9.0
2024-04-02,SEA,14.9,7.2,19.4,0.5,16.6
2024-04-03,SEA,9.2,5.6,11.7,0.0,15.5
2024-04-04,SEA,6.6,5.0,7.8,2.3,14.0
2024-04-05,SEA,6.6,5.0,11.1,0.0,12.2
2024-04-06,SEA,7.9,6.1,8.3,0.8,16.6
2024-04-07,SEA,8.0,5.6,12.2,0.5,14.8
2024-04-08,SEA,8.1,5.0,11.7,5.1,20.2
2024-04-09,SEA,9.8,7.8,12.8,1.0,15.8
2024-04-10,SEA,9.8,3.9,14.4,0.0,8.6
2024-04-11,SEA,9.6,5.6,12.8,0.0,10.4
2024-04-12,SEA,10.0,7.2,13.9,0.0,16.6
2024-04-13,SEA,9.7,5.6,17.2,0.0,11.5
2024-04-14,SEA,11.8,6.1,18.3,0.0,13.0
2024-04-15,SEA,10.3,6.7,13.3,0.0,16.2
2024-04-16,SEA,7.8,4.4,12.2,0.0,10.8
2024-04-17,SEA,7.9,2.2,15.0,0.0,13.7
2024-04-18,SEA,10.5,3.9,17.8,0.0,18.0
2024-04-19,SEA,12.9,7.2,20.0,0.0,15.8
2024-04-20,SEA,16.1,7.2,22.2,0.0,21.6
2024-04-21,SEA,9.2,5.6,14.4,0.8,17.3
2024-04-22,SEA,10.6,6.1,16.1,0.0,19.4
2024-04-23,SEA,12.5,6.7,21.1,0.0,10.8
2024-04-24,SEA,11.6,7.8,12.2,0.0,15.1
2024-04-25,SEA,9.9,8.9,11.7,19.6,14.8
2024-04-26,SEA,10.9,9.4,16.1,2.0,11.5
2024-04-27,SEA,10.7,8.3,11.1,2.3,18.4
2024-04-28,SEA,9.6,6.1,11.7,1.0,20.5
2024-04-29,SEA,7.4,3.9,12.2,5.8,11.9
2024-04-30,SEA,7.7,5.0,13.3,0.5,10.1
2024-05-01,SEA,9.1,4.4,14.4,0.0,11.2
2024-05-02,SEA,10.9,5.6,18.9,0.0,12.6
2024-05-03,SEA,13.2,7.8,18.9,0.0,10.1
2024-05-04,SEA,12.2,9.4,12.8,3.0,14.4
2024-05-05,SEA,9.7,8.3,10.6,3.6,20.2
2024-05-06,SEA,9.4,7.2,12.8,0.3,20.9
2024-05-07,SEA,9.2,5.6,15.0,0.3,12.2
2024-05-08,SEA,11.3,5.6,17.8,0.0,14.0
2024-05-09,SEA,14.4,7.2,23.3,0.0,18.0
2024-05-10,SEA,19.3,11.1,28.9,0.0,10.1
2024-05-11,SEA,21.1,12.8,28.3,0.0,7.9
2024-05-12,SEA,18.9,10.6,23.9,0.0,12.2
2024-05-13,SEA,15.5,11.1,17.2,0.0,12.6
2024-05-14,SEA,14.4,9.4,21.7,0.0,14.0
2024-05-15,SEA,16.6,10.6,23.9,0.0,8.6
2024-05-16,SEA,14.6,9.4,17.8,0.5,19.8
2024-05-17,SEA,11.8,7.2,17.2,0.0,17.6
2024-05-18,SEA,10.8,8.3,14.4,6.1,10.1
2024-05-19,SEA,9.8,6.1,16.7,0.0,9.7
2024-05-20,SEA,11.9,7.2,17.8,0.0,10.4
2024-05-21,SEA,11.1,7.8,11.1,16.8,19.8
2024-05-22,SEA,10.4,7.8,15.6,0.0,13.0
2024-05-23,SEA,12.1,8.3,16.1,0.0,13.7
2024-05-24,SEA,11.6,8.9,13.9,1.8,13.0
2024-05-25,SEA,11.1,8.3,16.1,0.8,22.0
2024-05-26,SEA,10.8,8.9,15.0,2.5,13.0
2024-05-27,SEA,13.2,10.6,19.4,0.0,10.8
2024-05-28,SEA,12.8,9.4,15.6,0.8,14.0
2024-05-29,SEA,11.8,8.9,17.2,2.8,14.4
2024-05-30,SEA,11.2,8.9,17.2,0.0,10.4
2024-05-31,SEA,13.6,8.3,22.2,0.0,12.2
2024-06-01,SEA,15.3,12.2,17.2,0.0,11.5
2024-06-02,SEA,14.1,12.2,15.0,16.5,13.7
2024-06-03,SEA,12.8,10.0,15.0,8.6,24.8
2024-06-04,SEA,11.7,9.4,16.7,2.8,19.4
2024-06-05,SEA,13.1,8.9,18.9,0.0,10.8
2024-06-06,SEA,14.9,10.0,22.2,0.0,14.4
2024-06-07,SEA,17.4,11.7,25.0,0.0,14.4
2024-06-08,SEA,19.7,12.2,25.6,0.0,8.3
2024-06-09,SEA,17.2,11.7,21.7,0.0,13.3
2024-06-10,SEA,13.7,10.0,21.1,0.3,10.4
2024-06-11,SEA,16.2,11.1,19.4,0.0,18.7
2024-06-12,SEA,13.7,10.6,19.4,0.0,15.8
2024-06-13,SEA,14.4,9.4,20.0,0.0,12.6
2024-06-14,SEA,14.1,8.9,17.8,0.3,18.4
2024-06-15,SEA,12.2,8.9,15.6,0.0,22.0
2024-06-16,SEA,12.0,8.3,17.8,0.0,10.8
2024-06-17,SEA,12.6,10.0,16.1,1.0,12.2
2024-06-18,SEA,12.9,9.4,19.4,0.0,9.4
2024-06-19,SEA,16.5,9.4,26.1,0.0,14.8
2024-06-20,SEA,20.6,13.3,28.9,0.0,14.0
2024-06-21,SEA,22.1,14.4,30.0,0.0,8.3
2024-06-22,SEA,19.4,13.3,23.9,0.0,14.4
2024-06-23,SEA,16.8,12.2,19.4,0.0,19.4
2024-06-24,SEA,15.1,11.1,21.1,0.0,11.2
2024-06-25,SEA,17.6,12.2,26.7,0.0,13.3
2024-06-26,SEA,18.4,12.8,21.1,0.3,16.9
2024-06-27,SEA,14.7,12.8,18.9,0.5,16.6
2024-06-28,SEA,14.9,12.2,21.7,0.0,9.4
2024-06-29,SEA,18.3,12.8,23.9,0.0,8.3
2024-06-30,SEA,17.9,15.0,24.4,0.0,11.9
2024-07-01,SEA,19.0,15.0,24.4,0.0,6.8
2024-07-02,SEA,16.7,12.2,21.7,0.0,10.1
2024-07-03,SEA,16.3,11.7,24.4,0.0,10.8
2024-07-04,SEA,20.1,13.3,28.3,0.0,14.0
2024-07-05,SEA,22.6,13.9,31.7,0.0,11.5
2024-07-06,SEA,25.1,16.1,32.8,0.0,11.5
2024-07-07,SEA,25.4,16.7,33.9,0.0,10.4
2024-07-08,SEA,27.4,19.4,35.0,0.0,11.5
2024-07-09,SEA,27.1,17.8,36.7,0.0,9.4
2024-07-10,SEA,25.1,16.1,31.1,0.0,12.6
2024-07-11,SEA,21.9,13.9,28.3,0.0,10.8
2024-07-12,SEA,20.6,13.3,28.3,0.0,9.7
2024-07-13,SEA,22.9,15.6,31.1,0.0,10.8
2024-07-14,SEA,23.3,14.4,28.3,0.0,10.8
2024-07-15,SEA,18.1,13.3,26.7,0.0,10.1
2024-07-16,SEA,22.1,14.4,31.1,0.0,10.8
2024-07-17,SEA,23.3,16.1,28.3,0.0,11.2
2024-07-18,SEA,19.8,13.9,28.3,0.0,11.5
2024-07-19,SEA,20.4,13.9,28.9,0.0,10.1
2024-07-20,SEA,22.9,16.7,31.1,0.0,13.7
2024-07-21,SEA,21.4,15.0,25.0,0.0,9.7
2024-07-22,SEA,17.6,13.9,20.0,0.0,13.0
2024-07-23,SEA,17.8,14.4,24.4,0.0,15.1
2024-07-24,SEA,18.4,12.2,25.0,0.0,11.5
2024-07-25,SEA,17.6,13.9,22.8,0.0,11.5
2024-07-26,SEA,18.2,11.1,25.6,0.0,13.7
2024-07-27,SEA,19.1,13.9,25.6,0.0,10.4
2024-07-28,SEA,17.9,13.3,20.6,0.0,13.7
2024-07-29,SEA,17.2,14.4,20.6,3.3,14.8
2024-07-30,SEA,18.2,16.1,24.4,0.8,15.1
2024-07-31,SEA,19.3,15.0,26.7,0.0,10.8
2024-08-01,SEA,21.7,16.7,30.6,0.0,14.8
2024-08-02,SEA,23.6,17.2,30.0,0.0,10.1
2024-08-03,SEA,20.4,13.9,27.8,0.0,9.0
2024-08-04,SEA,20.6,13.9,29.4,0.0,10.4
2024-08-05,SEA,19.6,13.3,25.0,0.0,13.3
2024-08-06,SEA,16.9,13.3,21.1,0.0,10.8
2024-08-07,SEA,17.5,12.2,26.7,0.0,10.4
2024-08-08,SEA,21.7,13.9,30.6,0.0,9.0
2024-08-09,SEA,22.6,16.1,28.9,0.0,6.1
2024-08-10,SEA,19.8,14.4,25.0,0.0,13.3
2024-08-11,SEA,18.0,15.0,21.7,0.0,12.2
2024-08-12,SEA,17.3,13.9,22.8,0.0,14.0
2024-08-13,SEA,17.8,15.0,21.7,0.0,12.2
2024-08-14,SEA,18.5,15.6,25.0,0.0,9.4
2024-08-15,SEA,19.1,14.4,23.3,0.0,12.6
2024-08-16,SEA,18.2,15.0,23.9,0.0,10.1
2024-08-17,SEA,19.3,13.3,26.1,11.9,16.2
2024-08-18,SEA,20.1,15.6,25.6,0.0,10.8
2024-08-19,SEA,18.2,13.3,25.0,0.0,10.8
2024-08-20,SEA,16.9,14.4,20.0,4.3,8.3
2024-08-21,SEA,16.9,14.4,20.6,0.0,9.4
2024-08-22,SEA,17.2,15.0,21.1,2.5,7.2
2024-08-23,SEA,15.6,12.8,15.0,11.2,13.0
2024-08-24,SEA,13.5,12.8,16.7,8.6,18.4
2024-08-25,SEA,16.2,13.3,22.8,0.0,7.9
2024-08-26,SEA,17.6,12.8,21.7,1.5,8.6
2024-08-27,SEA,16.4,12.2,20.0,2.0,14.0
2024-08-28,SEA,15.2,10.0,21.1,0.0,13.3
2024-08-29,SEA,17.0,11.7,26.1,0.0,14.4
2024-08-30,SEA,20.0,14.4,28.3,0.0,11.9
2024-08-31,SEA,21.8,15.6,28.9,0.0,12.2
2024-09-01,SEA,21.8,16.1,27.8,0.0,8.3
2024-09-02,SEA,18.4,15.0,21.1,0.0,11.9
2024-09-03,SEA,17.3,15.0,22.2,0.0,9.4
2024-09-04,SEA,18.1,13.3,25.6,0.0,13.3
2024-09-05,SEA,21.7,15.0,32.2,0.0,9.0
2024-09-06,SEA,23.9,16.1,31.1,0.0,10.8
2024-09-07,SEA,22.6,17.2,25.0,0.0,7.9
2024-09-08,SEA,19.1,14.4,23.9,0.0,11.5
2024-09-09,SEA,17.2,14.4,19.4,0.0,9.0
2024-09-10,SEA,16.2,12.2,21.7,0.0,10.4
2024-09-11,SEA,15.2,11.7,19.4,6.1,7.9
2024-09-12,SEA,15.4,12.8,20.0,0.0,8.6
2024-09-13,SEA,14.8,11.1,17.8,1.0,9.0
2024-09-14,SEA,15.1,13.3,18.9,2.3,10.4
2024-09-15,SEA,13.9,11.7,17.8,0.5,10.8
2024-09-16,SEA,14.4,10.0,20.0,0.0,9.7
2024-09-17,SEA,14.8,11.7,17.2,0.0,9.0
2024-09-18,SEA,15.6,12.8,21.1,0.0,9.0
2024-09-19,SEA,15.3,11.1,20.0,0.0,7.2
2024-09-20,SEA,14.2,11.7,17.8,0.5,7.9
2024-09-21,SEA,14.4,8.3,21.1,0.0,6.8
2024-09-22,SEA,15.8,10.6,21.1,0.0,6.5
2024-09-23,SEA,18.2,15.6,22.8,0.0,9.0
2024-09-24,SEA,18.4,14.4,25.6,0.0,7.2
2024-09-25,SEA,18.0,12.8,18.3,2.5,15.5
2024-09-26,SEA,14.1,10.6,20.0,2.0,12.2
2024-09-27,SEA,15.3,11.1,18.9,0.8,16.6
2024-09-28,SEA,12.9,9.4,16.7,0.0,11.5
2024-09-29,SEA,12.5,9.4,17.2,0.0,10.8
2024-09-30,SEA,13.2,8.9,19.4,0.0,11.9
2024-10-01,SEA,13.2,7.8,20.0,0.0,9.7
2024-10-02,SEA,13.9,10.0,17.2,0.0,13.0
2024-10-03,SEA,12.3,6.7,18.9,0.0,11.2
2024-10-04,SEA,12.3,8.9,16.1,10.7,15.5
2024-10-05,SEA,12.7,9.4,17.8,0.0,11.2
2024-10-06,SEA,12.5,7.8,19.4,0.0,8.3
2024-10-07,SEA,15.2,9.4,23.9,0.0,6.1
2024-10-08,SEA,16.7,12.2,18.9,9.1,13.3
2024-10-09,SEA,14.5,11.7,16.1,0.0,9.4
2024-10-10,SEA,12.1,8.3,15.0,0.0,14.4
2024-10-11,SEA,10.6,8.3,14.4,0.0,6.8
2024-10-12,SEA,11.5,7.2,18.9,0.0,5.0
2024-10-13,SEA,15.1,10.0,22.2,0.0,9.4
2024-10-14,SEA,16.1,12.8,18.9,0.5,9.4
2024-10-15,SEA,13.6,10.6,15.0,0.8,10.8
2024-10-16,SEA,12.8,8.3,16.1,1.0,19.8
2024-10-17,SEA,9.4,7.2,12.8,1.3,9.7
2024-10-18,SEA,8.9,6.7,11.7,1.8,13.0
2024-10-19,SEA,13.9,11.1,18.3,3.3,23.0
2024-10-20,SEA,15.9,10.0,18.9,0.8,15.8
2024-10-21,SEA,11.1,8.9,12.2,5.1,10.8
2024-10-22,SEA,10.1,6.7,13.9,0.0,11.5
2024-10-23,SEA,8.6,6.1,11.7,0.0,6.8
2024-10-24,SEA,9.0,7.2,12.8,0.0,12.2
2024-10-25,SEA,9.2,6.1,15.0,0.5,14.4
2024-10-26,SEA,13.3,11.7,16.1,9.7,15.8
2024-10-27,SEA,12.2,8.3,13.9,17.3,22.0
2024-10-28,SEA,9.8,8.3,12.8,0.3,20.2
2024-10-29,SEA,9.7,6.7,12.2,0.0,11.2
2024-10-30,SEA,8.2,5.6,10.6,5.8,12.6
2024-10-31,SEA,7.3,5.0,10.6,9.4,9.7
2024-11-01,SEA,8.1,7.2,10.6,15.0,15.8
2024-11-02,SEA,9.6,7.2,11.7,3.6,13.0
2024-11-03,SEA,8.5,7.2,11.1,0.3,8.6
2024-11-04,SEA,9.9,6.7,12.8,7.6,22.3
2024-11-05,SEA,8.4,5.6,11.7,0.0,10.1
2024-11-06,SEA,8.1,5.0,12.8,0.0,5.8
2024-11-07,SEA,8.1,3.3,15.0,0.0,5.8
2024-11-08,SEA,11.3,7.2,16.1,0.0,11.2
2024-11-09,SEA,10.8,8.3,11.7,1.5,5.8
2024-11-10,SEA,9.9,8.9,12.8,8.4,9.0
2024-11-11,SEA,10.4,8.3,11.1,18.5,19.4
2024-11-12,SEA,9.2,8.3,11.7,3.0,19.1
2024-11-13,SEA,10.7,8.9,12.8,11.9,17.3
2024-11-14,SEA,9.3,6.1,10.0,5.8,18.4
2024-11-15,SEA,6.6,2.8,8.9,1.5,6.1
2024-11-16,SEA,4.6,2.2,7.8,5.6,13.0
2024-11-17,SEA,7.7,4.4,9.4,0.8,25.6
2024-11-18,SEA,5.3,3.9,6.1,1.8,17.6
2024-11-19,SEA,4.6,2.2,8.9,6.9,24.1
2024-11-20,SEA,8.1,5.6,12.8,2.5,16.9
2024-11-21,SEA,7.9,5.0,10.0,0.3,9.0
2024-11-22,SEA,8.8,6.1,15.0,8.1,20.9
2024-11-23,SEA,8.4,5.0,10.0,0.0,13.7
2024-11-24,SEA,6.7,5.6,7.8,6.6,11.9
2024-11-25,SEA,7.1,6.1,8.9,12.4,7.6
2024-11-26,SEA,6.7,5.0,7.2,0.0,7.6
2024-11-27,SEA,6.1,2.8,7.2,1.3,5.0
2024-11-28,SEA,3.6,0.0,6.1,0.0,5.4
2024-11-29,SEA,2.8,1.1,6.1,0.0,7.9
2024-11-30,SEA,3.4,1.1,6.7,0.0,7.2
2024-12-01,SEA,4.4,0.6,8.9,0.0,8.6
2024-12-02,SEA,2.6,-1.0,13.3,0.0,6.1
2024-12-03,SEA,2.2,-2.1,6.1,0.0,7.6
2024-12-04,SEA,0.0,-1.6,3.3,0.0,6.1
2024-12-05,SEA,2.7,-1.0,10.6,0.0,6.8
2024-12-06,SEA,6.6,2.8,9.4,0.0,7.9
2024-12-07,SEA,9.1,6.7,10.6,14.0,20.5
2024-12-08,SEA,7.3,5.6,8.3,1.0,13.7
2024-12-09,SEA,6.4,2.2,8.9,0.0,9.0
2024-12-10,SEA,3.5,0.0,6.7,0.0,9.0
2024-12-11,SEA,4.3,2.2,11.1,0.0,6.5
2024-12-12,SEA,6.0,2.2,7.8,0.8,9.4
2024-12-13,SEA,6.0,5.0,7.8,13.2,15.5
2024-12-14,SEA,7.7,3.9,10.0,3.0,27.4
2024-12-15,SEA,5.7,3.9,8.3,0.0,16.2
2024-12-16,SEA,6.1,3.9,9.4,5.8,11.5
2024-12-17,SEA,6.4,5.6,13.3,22.4,15.8
2024-12-18,SEA,9.9,7.8,12.8,8.4,22.7
2024-12-19,SEA,9.2,6.7,12.8,5.3,7.2
2024-12-20,SEA,10.6,7.2,15.0,0.0,9.4
2024-12-21,SEA,10.1,6.7,14.4,7.9,14.4
2024-12-22,SEA,7.8,6.1,11.7,7.6,16.9
2024-12-23,SEA,9.4,7.2,12.8,2.0,16.9
2024-12-24,SEA,10.1,4.4,10.6,0.8,18.0
2024-12-25,SEA,6.0,3.3,7.2,21.8,16.6
2024-12-26,SEA,7.5,6.1,10.6,4.1,24.1
2024-12-27,SEA,7.3,6.1,8.9,14.0,12.2
2024-12-28,SEA,8.4,7.2,10.0,4.6,24.1
2024-12-29,SEA,7.4,3.9,8.3,2.8,12.6
2024-12-30,SEA,5.6,3.9,7.2,0.0,16.9
2024-12-31,SEA,5.1,1.7,7.2,0.0,8.6
2025-01-01,SEA,4.8,2.8,6.7,1.0,7.2
2025-01-02,SEA,5.3,3.3,7.2,1.3,10.4
2025-01-03,SEA,6.1,3.9,7.8,12.2,13.7
2025-01-04,SEA,6.2,3.3,8.3,6.1,11.5
2025-01-05,SEA,7.9,6.7,9.4,0.0,12.2
2025-01-06,SEA,7.1,5.0,7.8,0.0,11.9
2025-01-07,SEA,4.8,3.3,6.7,0.3,7.6
2025-01-08,SEA,6.6,5.0,10.0,1.0,9.4
2025-01-09,SEA,6.9,3.3,11.1,0.0,7.6
2025-01-10,SEA,7.4,5.6,8.9,3.6,12.2
2025-01-11,SEA,6.3,2.2,7.8,0.0,7.9
2025-01-12,SEA,4.2,1.7,6.1,0.3,6.8
2025-01-13,SEA,3.2,0.0,5.0,0.0,5.8
2025-01-14,SEA,2.7,1.1,5.0,0.0,7.2
2025-01-15,SEA,3.2,1.7,5.0,0.0,6.1
2025-01-16,SEA,2.8,0.6,6.1,0.8,7.9
2025-01-17,SEA,3.9,0.0,6.1,0.0,7.6
2025-01-18,SEA,1.4,-2.7,6.1,0.0,9.0
2025-01-19,SEA,1.9,-2.1,5.6,0.0,11.5
2025-01-20,SEA,2.8,-2.1,6.1,0.0,10.4
2025-01-21,SEA,1.8,-3.2,6.1,0.0,5.8
2025-01-22,SEA,1.6,-2.7,6.7,0.0,10.8
2025-01-23,SEA,1.8,-3.2,5.6,0.0,7.6
2025-01-24,SEA,4.2,0.0,6.1,0.0,14.8
2025-01-25,SEA,2.7,-1.6,6.7,0.0,19.8
2025-01-26,SEA,1.9,-3.2,6.7,0.0,5.8
2025-01-27,SEA,2.5,-1.6,8.3,0.0,10.1
2025-01-28,SEA,2.3,-3.2,8.3,0.0,5.4
2025-01-29,SEA,2.7,-2.1,8.3,0.0,5.4
2025-01-30,SEA,3.2,0.0,6.1,4.3,13.7
2025-01-31,SEA,6.2,3.9,10.0,18.0,18.7
2025-02-01,SEA,4.3,0.6,4.4,4.3,22.0
2025-02-02,SEA,1.2,-0.5,2.2,5.1,17.3
2025-02-03,SEA,1.1,-0.5,3.9,0.5,12.2
2025-02-04,SEA,1.3,-1.0,5.6,0.0,13.0
2025-02-05,SEA,0.9,-1.6,3.9,2.3,13.3
2025-02-06,SEA,2.1,-1.0,3.9,1.0,18.7
2025-02-07,SEA,0.3,-2.1,3.9,0.0,12.6
2025-02-08,SEA,2.1,0.6,3.3,1.8,5.8
2025-02-09,SEA,2.3,-0.5,4.4,0.0,9.4
2025-02-10,SEA,1.5,-1.6,4.4,0.0,13.7
2025-02-11,SEA,-1.2,-4.9,2.2,0.0,11.9
2025-02-12,SEA,-1.0,-6.6,5.6,0.0,12.2
2025-02-13,SEA,0.9,-1.6,2.2,0.0,18.7
2025-02-14,SEA,1.3,-0.5,4.4,1.0,10.4
2025-02-15,SEA,3.9,2.8,6.1,1.5,9.4
2025-02-16,SEA,5.6,3.9,11.1,4.6,13.7
2025-02-17,SEA,6.7,5.6,8.3,5.6,10.4
2025-02-18,SEA,7.7,5.6,11.7,0.0,8.3
2025-02-19,SEA,8.9,6.7,10.6,3.6,26.3
2025-02-20,SEA,7.4,5.6,9.4,0.8,13.0
2025-02-21,SEA,7.3,3.9,10.0,7.1,8.3
2025-02-22,SEA,8.6,7.2,12.8,20.3,13.0
2025-02-23,SEA,9.6,7.8,11.7,10.7,15.5
2025-02-24,SEA,8.9,6.1,11.1,11.4,17.6
2025-02-25,SEA,8.2,5.0,10.0,6.9,30.2
2025-02-26,SEA,7.1,1.1,15.6,0.0,9.4
2025-02-27,SEA,11.0,3.9,17.2,0.0,10.4
2025-02-28,SEA,9.7,3.9,15.6,0.0,8.6
2025-03-01,SEA,8.9,2.8,16.7,0.0,9.0
2025-03-02,SEA,9.6,6.7,10.6,0.0,7.9
2025-03-03,SEA,8.4,6.1,10.6,0.5,11.5
2025-03-04,SEA,7.2,5.0,9.4,5.3,10.8
2025-03-05,SEA,7.1,3.3,11.7,0.0,13.3
2025-03-06,SEA,6.7,3.3,11.1,0.0,8.6
2025-03-07,SEA,6.2,2.2,10.6,0.0,13.0
2025-03-08,SEA,8.4,5.6,12.8,0.8,12.2
2025-03-09,SEA,10.1,3.3,12.2,10.2,18.4
2025-03-10,SEA,5.1,3.3,7.2,0.5,9.0
2025-03-11,SEA,6.1,3.3,10.6,0.0,9.0
2025-03-12,SEA,7.4,5.0,10.6,9.7,11.5
2025-03-13,SEA,6.0,1.7,8.9,8.9,18.7
2025-03-14,SEA,4.4,1.1,9.4,0.5,10.1
2025-03-15,SEA,6.7,3.9,8.9,20.8,22.3
2025-03-16,SEA,5.2,3.3,10.0,2.8,15.5
2025-03-17,SEA,5.9,1.7,10.6,3.8,14.4
2025-03-18,SEA,4.6,1.1,10.0,0.0,10.8
2025-03-19,SEA,8.1,5.6,12.8,0.0,20.5
2025-03-20,SEA,7.8,5.0,9.4,10.9,21.6
2025-03-21,SEA,8.0,3.9,11.1,5.8,20.5
2025-03-22,SEA,6.8,4.4,11.7,0.5,12.6
2025-03-23,SEA,8.5,6.1,12.2,20.8,19.4
2025-03-24,SEA,11.3,10.0,13.3,1.5,14.4
2025-03-25,SEA,13.8,10.0,22.8,0.0,7.6
2025-03-26,SEA,13.1,9.4,18.3,14.7,13.0
2025-03-27,SEA,12.1,8.3,15.6,1.8,13.3
2025-03-28,SEA,10.2,5.6,11.7,8.9,14.0
2025-03-29,SEA,8.2,5.0,13.3,0.0,10.1
2025-03-30,SEA,9.8,4.4,17.2,1.0,20.2
2025-03-31,SEA,9.7,5.6,11.7,1.3,12.6
2025-04-01,SEA,7.0,5.6,10.6,1.3,10.4
2025-04-02,SEA,7.8,5.0,11.7,1.8,11.5
2025-04-03,SEA,7.8,4.4,13.3,0.0,6.8
2025-04-04,SEA,9.6,3.9,18.3,0.0,7.6
2025-04-05,SEA,13.1,6.1,21.1,0.0,6.1
2025-04-06,SEA,13.6,8.9,13.9,11.9,7.9
2025-04-07,SEA,10.1,7.2,14.4,13.2,15.5
2025-04-08,SEA,8.6,7.2,13.3,12.2,17.3
2025-04-09,SEA,9.1,4.4,15.6,0.0,9.4
2025-04-10,SEA,11.8,7.8,15.0,8.4,13.3
2025-04-11,SEA,9.1,5.6,12.8,0.0,12.2
2025-04-12,SEA,8.4,5.0,12.8,0.8,12.2
2025-04-13,SEA,9.2,2.8,16.1,0.0,13.7
2025-04-14,SEA,11.6,6.1,19.4,0.0,20.5
2025-04-15,SEA,13.1,7.8,18.9,0.0,13.7
2025-04-16,SEA,12.5,7.2,16.1,0.0,17.6
2025-04-17,SEA,12.6,6.1,18.3,0.0,13.3
2025-04-18,SEA,13.3,6.1,21.7,0.0,7.9
2025-04-19,SEA,13.1,8.3,15.0,0.8,12.6
2025-04-20,SEA,10.2,7.2,14.4,9.7,15.1
2025-04-21,SEA,9.1,6.1,13.9,0.0,10.8
2025-04-22,SEA,9.8,4.4,15.6,0.0,11.2
2023-04-23,LAX,17.4,13.9,20.6,0.0,12.6
2023-04-24,LAX,16.2,13.9,19.4,0.0,11.9
2023-04-25,LAX,16.1,13.9,19.4,0.0,14.0
2023-04-26,LAX,15.6,12.2,18.3,0.0,13.7
2023-04-27,LAX,13.9,12.2,17.2,0.0,10.8
2023-04-28,LAX,13.6,12.2,17.2,0.0,12.2
2023-04-29,LAX,14.1,12.2,17.2,0.0,11.5
2023-04-30,LAX,13.9,13.3,17.2,0.0,9.4
2023-05-01,LAX,14.9,12.2,17.8,1.0,15.1
2023-05-02,LAX,14.2,11.7,17.8,0.0,18.4
2023-05-03,LAX,13.9,9.4,17.8,0.0,13.3
2023-05-04,LAX,14.4,11.7,17.8,3.3,13.3
2023-05-05,LAX,15.2,12.8,18.9,2.0,13.3
2023-05-06,LAX,15.2,10.6,18.9,0.0,16.6
2023-05-07,LAX,15.7,12.8,19.4,0.0,13.7
2023-05-08,LAX,16.1,13.9,19.4,0.0,15.5
2023-05-09,LAX,15.2,12.8,18.9,0.0,18.4
2023-05-10,LAX,15.0,11.7,18.9,0.0,13.0
2023-05-11,LAX,15.5,12.2,18.9,0.0,13.3
2023-05-12,LAX,15.3,12.2,20.0,0.0,11.5
2023-05-13,LAX,15.8,13.9,18.9,0.0,9.4
2023-05-14,LAX,16.2,14.4,21.1,0.0,12.2
2023-05-15,LAX,16.3,14.4,18.9,0.0,11.2
2023-05-16,LAX,15.8,13.3,18.9,0.0,13.7
2023-05-17,LAX,14.9,13.3,17.8,0.0,11.5
2023-05-18,LAX,16.1,14.4,21.1,0.0,9.7
2023-05-19,LAX,16.2,15.0,17.8,0.0,9.7
2023-05-20,LAX,16.8,15.0,19.4,0.0,12.6
2023-05-21,LAX,16.2,15.0,19.4,0.0,11.5
2023-05-22,LAX,16.2,15.0,17.8,0.0,9.0
2023-05-23,LAX,15.4,14.4,16.1,0.5,8.6
2023-05-24,LAX,15.7,13.9,18.3,0.0,9.7
2023-05-25,LAX,16.3,15.0,18.3,0.3,14.0
2023-05-26,LAX,16.5,14.4,20.0,0.0,19.4
2023-05-27,LAX,16.3,14.4,19.4,0.0,16.9
2023-05-28,LAX,16.3,15.0,17.8,0.0,11.2
2023-05-29,LAX,16.6,16.1,20.0,0.0,15.1
2023-05-30,LAX,16.7,15.6,18.9,0.0,20.2
2023-05-31,LAX,16.7,15.0,20.0,0.0,13.3
2023-06-01,LAX,16.6,15.6,18.3,0.0,11.9
2023-06-02,LAX,17.3,15.0,20.6,0.0,19.1
2023-06-03,LAX,16.8,14.4,20.6,0.0,13.7
2023-06-04,LAX,16.3,15.0,19.4,0.0,12.2
2023-06-05,LAX,16.0,14.4,18.9,0.0,9.7
2023-06-06,LAX,16.2,13.9,18.3,0.0,10.8
2023-06-07,LAX,16.5,15.0,19.4,0.0,12.6
2023-06-08,LAX,16.9,13.3,20.6,0.0,17.6
2023-06-09,LAX,16.9,14.4,20.0,0.0,14.0
2023-06-10,LAX,17.0,16.1,20.0,0.3,11.2
2023-06-11,LAX,17.1,15.6,20.6,0.0,13.0
2023-06-12,LAX,17.5,15.6,21.1,0.0,16.9
2023-06-13,LAX,17.4,15.6,20.6,0.0,17.3
2023-06-14,LAX,16.6,15.0,18.3,0.0,12.2
2023-06-15,LAX,17.2,16.1,19.4,0.0,11.9
2023-06-16,LAX,17.7,16.1,21.1,0.0,16.6
2023-06-17,LAX,17.8,16.1,20.6,0.0,14.0
2023-06-18,LAX,17.3,16.1,20.0,0.0,12.2
2023-06-19,LAX,17.7,16.1,21.7,0.0,11.9
2023-06-20,LAX,18.2,15.0,21.7,0.0,10.8
2023-06-21,LAX,18.3,15.0,22.2,0.0,12.2
2023-06-22,LAX,17.6,15.0,21.1,0.0,14.8
2023-06-23,LAX,17.1,14.4,21.1,0.0,16.9
2023-06-24,LAX,17.2,13.3,22.2,0.0,14.0
2023-06-25,LAX,17.2,13.9,21.1,0.0,14.4
2023-06-26,LAX,17.1,14.4,20.6,0.0,13.3
2023-06-27,LAX,17.6,15.0,20.6,0.0,13.0
2023-06-28,LAX,17.4,15.0,21.1,0.0,11.5
2023-06-29,LAX,17.8,14.4,21.7,0.0,13.3
2023-06-30,LAX,16.8,13.9,20.6,0.0,11.2
2023-07-01,LAX,17.7,15.6,21.1,0.0,11.2
2023-07-02,LAX,17.3,14.4,20.6,0.0,12.2
2023-07-03,LAX,16.2,14.4,20.6,0.0,11.5
2023-07-04,LAX,16.7,14.4,20.6,0.0,13.0
2023-07-05,LAX,17.1,15.0,20.6,0.0,14.4
2023-07-06,LAX,17.4,15.6,21.1,0.0,11.9
2023-07-07,LAX,17.7,15.6,21.1,0.0,13.3
2023-07-08,LAX,18.1,15.6,21.7,0.0,11.9
2023-07-09,LAX,18.4,15.6,22.2,0.0,13.3
2023-07-10,LAX,18.6,15.6,22.8,0.0,11.9
2023-07-11,LAX,18.3,15.6,21.7,0.0,12.2
2023-07-12,LAX,18.7,15.0,24.4,0.0,13.3
2023-07-13,LAX,20.5,17.2,24.4,0.0,12.2
2023-07-14,LAX,20.3,16.7,25.0,0.0,11.5
2023-07-15,LAX,19.7,16.7,22.8,0.0,11.9
2023-07-16,LAX,19.9,17.8,23.9,0.0,11.5
2023-07-17,LAX,20.2,17.8,24.4,0.0,13.7
2023-07-18,LAX,20.4,17.8,24.4,0.0,14.8
2023-07-19,LAX,20.7,18.3,23.9,0.0,14.0
2023-07-20,LAX,21.0,18.3,24.4,0.0,13.0
2023-07-21,LAX,20.3,17.2,22.8,0.0,12.2
2023-07-22,LAX,19.4,17.2,23.3,0.0,11.5
2023-07-23,LAX,20.6,18.3,27.2,0.0,11.9
2023-07-24,LAX,20.8,18.3,23.3,0.0,14.0
2023-07-25,LAX,20.6,17.8,25.0,0.0,12.2
2023-07-26,LAX,22.8,18.9,27.8,0.0,11.9
2023-07-27,LAX,22.6,19.4,26.7,0.0,11.2
2023-07-28,LAX,22.1,19.4,25.6,0.0,10.4
2023-07-29,LAX,21.8,19.4,26.1,0.0,10.8
2023-07-30,LAX,22.3,19.4,26.7,0.0,10.4
2023-07-31,LAX,23.3,20.6,28.9,0.0,11.2
2023-08-01,LAX,22.6,20.0,26.1,0.0,13.0
2023-08-02,LAX,21.8,18.3,25.0,0.0,13.3
2023-08-03,LAX,20.6,17.2,23.9,0.0,14.0
2023-08-04,LAX,20.6,17.2,24.4,0.0,12.2
2023-08-05,LAX,20.9,17.8,24.4,0.0,10.4
2023-08-06,LAX,20.9,17.8,24.4,0.0,9.7
2023-08-07,LAX,20.9,18.3,25.0,0.0,9.4
2023-08-08,LAX,20.9,17.8,26.1,0.0,10.8
2023-08-09,LAX,20.9,18.9,23.9,0.0,12.6
2023-08-10,LAX,20.8,18.9,26.1,0.0,11.9
2023-08-11,LAX,20.7,19.4,23.9,0.0,15.5
2023-08-12,LAX,21.1,19.4,24.4,0.0,13.0
2023-08-13,LAX,21.1,18.9,23.9,0.0,11.9
2023-08-14,LAX,20.3,18.3,23.3,0.0,14.8
2023-08-15,LAX,19.6,17.8,22.8,0.0,14.4
2023-08-16,LAX,20.1,17.8,23.3,0.5,15.8
2023-08-17,LAX,19.7,17.2,21.7,0.0,14.8
2023-08-18,LAX,19.2,17.2,22.8,0.0,13.7
2023-08-19,LAX,20.0,17.2,23.9,0.0,9.4
2023-08-20,LAX,22.1,18.9,25.0,51.6,13.3
2023-08-21,LAX,20.8,18.3,24.4,13.2,16.9
2023-08-22,LAX,21.1,17.8,24.4,0.0,13.0
2023-08-23,LAX,21.0,17.8,23.3,0.0,12.2
2023-08-24,LAX,19.4,17.8,22.2,0.0,15.1
2023-08-25,LAX,19.2,17.2,22.8,0.0,14.0
2023-08-26,LAX,20.1,17.2,23.9,0.0,13.3
2023-08-27,LAX,20.9,17.8,25.0,0.0,11.2
2023-08-28,LAX,22.7,18.9,29.4,0.0,9.7
2023-08-29,LAX,22.9,18.9,27.8,0.0,10.8
2023-08-30,LAX,23.3,19.4,28.3,0.0,9.0
2023-08-31,LAX,21.6,18.3,24.4,0.0,9.0
2023-09-01,LAX,22.1,19.4,27.2,0.0,13.7
2023-09-02,LAX,21.6,19.4,25.6,0.5,10.8
2023-09-03,LAX,22.2,18.9,25.0,0.0,16.9
2023-09-04,LAX,20.3,16.7,23.3,0.0,11.2
2023-09-05,LAX,19.8,18.3,22.2,0.0,9.7
2023-09-06,LAX,21.1,18.9,24.4,0.0,14.8
2023-09-07,LAX,20.3,17.2,23.9,0.0,10.8
2023-09-08,LAX,21.5,18.3,27.8,0.0,10.1
2023-09-09,LAX,22.8,20.0,27.8,0.0,11.9
2023-09-10,LAX,24.4,20.6,30.6,0.0,11.9
2023-09-11,LAX,22.8,20.0,29.4,0.0,9.0
2023-09-12,LAX,21.4,18.9,24.4,0.0,11.5
2023-09-13,LAX,20.7,18.9,24.4,0.0,13.0
2023-09-14,LAX,20.2,18.9,23.3,0.0,13.0
2023-09-15,LAX,19.9,18.9,22.8,0.0,11.9
2023-09-16,LAX,19.3,18.3,20.6,0.0,11.5
2023-09-17,LAX,19.3,17.8,21.7,0.8,12.6
2023-09-18,LAX,19.7,16.7,26.1,0.0,13.0
2023-09-19,LAX,19.5,16.1,23.9,0.0,10.8
2023-09-20,LAX,19.9,18.3,22.8,0.0,12.2
2023-09-21,LAX,19.3,17.2,21.7,0.0,13.3
2023-09-22,LAX,18.6,16.1,22.2,0.0,10.8
2023-09-23,LAX,19.1,16.7,22.2,0.0,12.6
2023-09-24,LAX,19.1,16.1,22.8,0.0,12.6
2023-09-25,LAX,18.4,15.0,23.3,0.0,11.2
2023-09-26,LAX,18.9,15.0,23.9,0.0,8.6
2023-09-27,LAX,19.5,16.1,23.9,0.0,9.0
2023-09-28,LAX,19.7,17.2,22.8,0.0,10.1
2023-09-29,LAX,19.3,18.3,21.1,0.0,10.4
2023-09-30,LAX,18.5,16.7,20.6,0.0,16.9
2023-10-01,LAX,17.3,14.4,20.6,0.0,11.5
2023-10-02,LAX,16.9,12.2,21.1,0.0,13.3
2023-10-03,LAX,18.4,14.4,25.0,0.0,11.2
2023-10-04,LAX,20.4,15.6,27.2,0.0,10.4
2023-10-05,LAX,22.1,16.7,32.8,0.0,11.9
2023-10-06,LAX,22.1,16.7,28.9,0.0,10.1
2023-10-07,LAX,20.9,16.7,26.1,0.0,7.6
2023-10-08,LAX,18.3,16.1,21.7,0.0,13.0
2023-10-09,LAX,17.9,16.1,20.6,0.0,11.2
2023-10-10,LAX,18.4,15.6,22.8,0.0,10.4
2023-10-11,LAX,18.9,16.7,22.2,0.0,13.3
2023-10-12,LAX,18.9,15.0,23.9,0.0,12.2
2023-10-13,LAX,19.3,15.6,23.9,0.0,9.4
2023-10-14,LAX,18.9,15.6,22.8,0.0,9.4
2023-10-15,LAX,20.2,15.0,26.1,0.0,9.7
2023-10-16,LAX,20.0,15.0,24.4,0.0,10.1
2023-10-17,LAX,19.3,16.7,22.2,0.0,9.7
2023-10-18,LAX,18.6,16.7,21.1,0.0,9.0
2023-10-19,LAX,18.2,16.1,22.2,0.0,11.9
2023-10-20,LAX,19.4,17.2,23.9,0.0,11.5
2023-10-21,LAX,19.9,15.6,25.0,0.0,11.2
2023-10-22,LAX,18.3,13.9,22.8,0.0,11.9
2023-10-23,LAX,18.8,16.7,22.8,0.0,10.8
2023-10-24,LAX,18.5,14.4,22.8,0.0,10.1
2023-10-25,LAX,18.8,17.2,21.7,0.0,14.0
2023-10-26,LAX,18.4,15.6,21.1,0.0,11.5
2023-10-27,LAX,17.6,13.9,22.2,0.0,10.8
2023-10-28,LAX,16.9,12.2,22.2,0.0,10.4
2023-10-29,LAX,17.4,10.6,26.1,0.0,7.9
2023-10-30,LAX,19.2,8.9,26.7,0.0,7.9
2023-10-31,LAX,20.7,13.9,28.3,0.0,7.2
2023-11-01,LAX,21.6,15.0,30.0,0.0,11.9
2023-11-02,LAX,20.1,12.8,26.7,0.0,9.4
2023-11-03,LAX,18.1,12.2,25.0,0.0,9.4
2023-11-04,LAX,16.5,11.1,21.1,0.0,9.4
2023-11-05,LAX,16.6,11.7,22.2,0.0,7.9
2023-11-06,LAX,17.4,14.4,21.7,0.0,9.7
2023-11-07,LAX,17.9,16.1,21.7,0.0,14.8
2023-11-08,LAX,17.8,12.2,25.0,0.0,9.4
2023-11-09,LAX,19.5,10.6,25.6,0.0,8.3
2023-11-10,LAX,17.9,10.0,23.3,0.0,8.3
2023-11-11,LAX,16.8,10.0,25.0,0.0,8.6
2023-11-12,LAX,18.7,12.8,28.9,0.0,9.7
2023-11-13,LAX,17.3,11.7,23.3,0.0,9.4
2023-11-14,LAX,16.7,10.6,25.0,0.0,7.2
2023-11-15,LAX,16.6,13.3,20.6,3.3,11.9
2023-11-16,LAX,16.5,14.4,22.8,0.0,10.4
2023-11-17,LAX,17.3,12.8,22.2,0.0,11.2
2023-11-18,LAX,17.7,15.6,21.1,0.0,10.8
2023-11-19,LAX,18.1,15.0,22.2,0.0,14.4
2023-11-20,LAX,17.1,10.0,22.8,0.0,8.3
2023-11-21,LAX,19.0,10.6,27.8,0.0,7.2
2023-11-22,LAX,20.3,12.8,28.3,0.0,10.4
2023-11-23,LAX,18.0,12.8,21.1,0.0,10.8
2023-11-24,LAX,16.6,13.9,21.7,0.0,10.8
2023-11-25,LAX,15.6,11.7,20.6,0.0,10.1
2023-11-26,LAX,15.6,8.3,22.2,0.0,7.9
2023-11-27,LAX,16.4,10.0,22.8,0.0,9.0
2023-11-28,LAX,16.4,11.7,21.7,0.0,9.4
2023-11-29,LAX,14.4,10.6,18.3,0.0,10.4
2023-11-30,LAX,14.4,10.6,18.3,0.0,10.1
2023-12-01,LAX,15.7,12.8,20.0,0.0,17.6
2023-12-02,LAX,14.7,8.9,21.7,0.0,8.3
2023-12-03,LAX,13.4,9.4,18.9,0.0,6.8
2023-12-04,LAX,15.3,10.6,22.2,0.0,6.5
2023-12-05,LAX,18.3,12.2,28.3,0.0,8.6
2023-12-06,LAX,17.5,12.2,21.1,0.0,10.8
2023-12-07,LAX,15.2,11.7,18.9,0.0,10.4
2023-12-08,LAX,15.7,11.1,20.6,0.0,11.5
2023-12-09,LAX,15.3,9.4,22.8,0.0,5.0
2023-12-10,LAX,16.8,10.6,25.0,0.0,11.5
2023-12-11,LAX,16.0,10.0,22.8,0.0,8.3
2023-12-12,LAX,14.3,10.0,18.9,0.0,9.7
2023-12-13,LAX,14.7,12.2,18.3,0.0,7.9
2023-12-14,LAX,15.2,8.3,23.9,0.0,8.6
2023-12-15,LAX,18.1,11.1,26.7,0.0,9.7
2023-12-16,LAX,18.7,13.3,26.1,0.0,10.4
2023-12-17,LAX,18.0,12.2,23.9,0.0,9.0
2023-12-18,LAX,17.9,13.9,22.2,0.3,9.0
2023-12-19,LAX,16.5,14.4,19.4,2.5,8.6
2023-12-20,LAX,15.9,15.0,17.8,25.7,12.6
2023-12-21,LAX,16.0,14.4,17.8,33.8,13.7
2023-12-22,LAX,16.2,13.9,20.6,12.7,13.0
2023-12-23,LAX,15.2,10.6,18.9,0.0,9.4
2023-12-24,LAX,15.1,12.2,17.8,0.0,7.9
2023-12-25,LAX,14.0,9.4,18.3,0.0,9.0
2023-12-26,LAX,14.3,11.1,18.3,0.0,7.9
2023-12-27,LAX,14.4,11.1,16.7,0.0,9.0
2023-12-28,LAX,13.8,10.0,17.8,0.0,9.0
2023-12-29,LAX,14.1,11.1,18.3,0.0,6.1
2023-12-30,LAX,14.1,12.2,16.7,15.7,13.7
2023-12-31,LAX,13.3,10.6,15.6,0.0,7.9
2024-01-01,LAX,14.0,10.0,19.4,0.0,8.6
2024-01-02,LAX,13.3,8.3,18.3,0.0,10.4
2024-01-03,LAX,13.6,11.1,16.1,5.1,17.3
2024-01-04,LAX,14.1,11.1,18.3,0.0,15.1
2024-01-05,LAX,13.1,7.8,18.3,0.0,9.4
2024-01-06,LAX,12.1,6.7,16.7,0.0,13.3
2024-01-07,LAX,13.1,9.4,15.0,0.0,25.6
2024-01-08,LAX,11.2,7.2,15.0,0.0,10.8
2024-01-09,LAX,10.9,5.6,16.7,0.0,8.3
2024-01-10,LAX,11.1,6.1,16.1,0.0,10.4
2024-01-11,LAX,13.0,10.6,17.8,0.0,18.4
2024-01-12,LAX,11.5,5.0,15.6,0.0,10.8
2024-01-13,LAX,11.2,6.7,15.6,0.0,7.2
2024-01-14,LAX,11.7,6.7,15.6,0.0,8.6
2024-01-15,LAX,12.2,7.8,16.1,0.0,7.6
2024-01-16,LAX,12.7,8.9,16.7,0.0,8.3
2024-01-17,LAX,13.4,12.8,15.0,0.0,6.5
2024-01-18,LAX,14.3,11.7,18.9,0.0,8.6
2024-01-19,LAX,14.2,10.6,19.4,0.0,9.0
2024-01-20,LAX,13.9,12.8,15.0,13.0,13.0
2024-01-21,LAX,13.9,12.8,17.8,1.0,10.1
2024-01-22,LAX,14.1,12.8,15.0,29.2,14.0
2024-01-23,LAX,13.7,10.6,17.8,0.0,10.8
2024-01-24,LAX,14.6,12.2,16.7,0.0,9.4
2024-01-25,LAX,14.6,11.7,16.1,1.3,10.4
2024-01-26,LAX,14.1,10.0,21.1,0.0,6.5
2024-01-27,LAX,16.6,11.7,24.4,0.0,7.2
2024-01-28,LAX,18.2,10.6,25.6,0.0,7.6
2024-01-29,LAX,18.6,12.2,25.6,0.0,9.4
2024-01-30,LAX,15.8,11.1,22.2,0.0,10.4
2024-01-31,LAX,14.4,11.1,17.8,0.0,9.7
2024-02-01,LAX,12.4,9.4,15.0,63.2,18.4
2024-02-02,LAX,12.9,10.0,15.6,0.3,22.7
2024-02-03,LAX,12.1,8.9,14.4,2.3,10.4
2024-02-04,LAX,12.2,10.0,14.4,44.7,21.6
2024-02-05,LAX,13.2,11.7,13.9,65.3,11.9
2024-02-06,LAX,11.8,8.9,12.2,27.4,7.9
2024-02-07,LAX,10.4,7.2,15.0,4.6,19.4
2024-02-08,LAX,11.4,7.8,14.4,0.0,18.7
2024-02-09,LAX,11.8,8.3,15.6,0.3,14.8
2024-02-10,LAX,12.9,10.0,19.4,0.0,13.0
2024-02-11,LAX,12.4,6.7,17.2,0.0,9.7
2024-02-12,LAX,12.4,7.2,18.3,0.0,10.8
2024-02-13,LAX,12.3,6.7,17.8,0.0,10.4
2024-02-14,LAX,13.2,10.0,16.1,0.0,10.8
2024-02-15,LAX,12.9,8.9,16.7,0.0,12.2
2024-02-16,LAX,14.2,12.2,17.2,0.0,10.1
2024-02-17,LAX,13.6,12.2,16.1,0.3,9.7
2024-02-18,LAX,14.3,12.8,17.2,0.0,7.6
2024-02-19,LAX,14.2,12.8,14.4,24.4,14.8
2024-02-20,LAX,13.4,12.2,15.0,14.2,13.0
2024-02-21,LAX,14.1,11.7,16.7,6.4,12.6
2024-02-22,LAX,13.9,10.6,17.2,0.0,10.8
2024-02-23,LAX,15.7,11.1,24.4,0.0,8.3
2024-02-24,LAX,17.1,12.8,24.4,0.0,9.4
2024-02-25,LAX,14.9,12.8,17.8,0.0,10.1
2024-02-26,LAX,13.9,11.7,17.2,1.3,7.9
2024-02-27,LAX,13.9,11.7,16.7,0.0,8.3
2024-02-28,LAX,14.1,10.0,17.8,0.0,9.7
2024-02-29,LAX,14.5,13.3,16.1,0.0,12.6
2024-03-01,LAX,13.8,12.2,16.7,0.3,14.0
2024-03-02,LAX,14.3,11.1,15.6,5.8,19.8
2024-03-03,LAX,12.7,9.4,16.1,1.8,17.3
2024-03-04,LAX,12.8,7.8,17.2,0.0,8.6
2024-03-05,LAX,13.1,8.3,16.7,0.0,11.9
2024-03-06,LAX,12.9,10.0,16.1,17.0,11.9
2024-03-07,LAX,12.7,8.9,16.7,0.8,13.0
2024-03-08,LAX,13.6,9.4,20.6,0.0,12.2
2024-03-09,LAX,14.1,8.9,18.9,0.0,10.1
2024-03-10,LAX,13.8,9.4,17.8,0.0,11.2
2024-03-11,LAX,13.6,9.4,16.7,0.0,14.8
2024-03-12,LAX,13.9,11.1,16.7,0.0,12.6
2024-03-13,LAX,15.3,12.2,18.9,0.0,15.8
2024-03-14,LAX,16.0,11.1,21.1,0.0,15.5
2024-03-15,LAX,16.7,12.8,20.6,0.0,11.9
2024-03-16,LAX,14.9,11.1,18.9,0.0,14.8
2024-03-17,LAX,14.1,10.0,18.9,0.0,12.2
2024-03-18,LAX,14.8,10.6,20.6,0.0,9.7
2024-03-19,LAX,16.1,12.2,20.0,0.0,10.1
2024-03-20,LAX,14.6,12.2,18.3,0.0,9.7
2024-03-21,LAX,15.0,13.3,18.3,0.0,9.4
2024-03-22,LAX,14.7,11.7,18.3,0.0,11.2
2024-03-23,LAX,14.8,11.7,16.7,4.6,28.4
2024-03-24,LAX,13.2,10.0,16.7,1.8,20.5
2024-03-25,LAX,13.4,8.9,17.8,0.0,15.5
2024-03-26,LAX,13.4,10.0,17.2,0.0,12.6
2024-03-27,LAX,13.7,10.0,17.8,0.0,10.8
2024-03-28,LAX,13.6,11.1,16.7,0.0,14.8
2024-03-29,LAX,13.3,10.6,16.7,3.6,15.1
2024-03-30,LAX,12.2,10.0,13.3,47.5,16.6
2024-03-31,LAX,12.0,9.4,16.7,0.3,18.0
2024-04-01,LAX,14.1,11.1,17.2,0.0,14.0
2024-04-02,LAX,15.0,10.0,20.0,0.0,13.0
2024-04-03,LAX,15.5,12.2,19.4,0.0,11.9
2024-04-04,LAX,13.8,10.6,16.1,0.0,19.4
2024-04-05,LAX,11.2,7.2,14.4,2.0,22.7
2024-04-06,LAX,11.4,6.1,16.7,0.0,13.0
2024-04-07,LAX,12.5,7.2,16.7,0.0,11.2
2024-04-08,LAX,13.3,8.3,20.0,0.0,14.0
2024-04-09,LAX,17.6,11.1,25.6,0.0,12.2
2024-04-10,LAX,17.7,12.2,23.3,0.0,12.2
2024-04-11,LAX,14.4,11.7,17.8,0.0,11.2
2024-04-12,LAX,13.1,12.2,16.1,0.0,10.1
2024-04-13,LAX,15.2,8.9,17.2,1.5,18.7
2024-04-14,LAX,10.8,8.3,16.1,9.7,13.3
2024-04-15,LAX,12.7,8.3,16.7,0.0,11.5
2024-04-16,LAX,15.2,10.6,22.2,0.0,10.8
2024-04-17,LAX,15.1,11.1,18.3,0.0,10.1
2024-04-18,LAX,14.4,11.7,20.6,0.0,12.2
2024-04-19,LAX,15.2,12.8,18.3,0.0,13.0
2024-04-20,LAX,15.0,13.3,18.3,0.0,13.0
2024-04-21,LAX,14.6,12.8,17.2,0.0,11.9
2024-04-22,LAX,14.6,13.9,16.1,0.0,9.4
2024-04-23,LAX,15.1,13.3,18.3,0.0,15.8
2024-04-24,LAX,15.1,13.3,17.8,0.0,17.6
2024-04-25,LAX,14.9,12.2,18.3,0.0,16.9
2024-04-26,LAX,15.3,12.8,18.9,0.0,18.4
2024-04-27,LAX,15.3,11.7,19.4,0.0,11.9
2024-04-28,LAX,15.6,11.1,20.0,0.0,11.2
2024-04-29,LAX,16.2,13.3,19.4,0.0,10.1
2024-04-30,LAX,16.6,12.8,20.6,0.0,13.0
2024-05-01,LAX,16.4,14.4,20.0,0.0,12.6
2024-05-02,LAX,16.1,13.3,20.6,0.0,10.8
2024-05-03,LAX,16.5,14.4,20.0,0.0,13.3
2024-05-04,LAX,15.6,13.3,18.3,0.5,16.2
2024-05-05,LAX,14.7,11.7,18.9,2.5,24.8
2024-05-06,LAX,15.7,11.1,18.9,0.0,12.2
2024-05-07,LAX,15.7,12.2,20.0,0.0,9.0
2024-05-08,LAX,16.1,12.8,19.4,0.0,10.8
2024-05-09,LAX,16.7,14.4,21.1,0.0,13.7
2024-05-10,LAX,15.7,13.3,17.2,0.0,13.0
2024-05-11,LAX,14.8,13.3,17.2,0.0,11.5
2024-05-12,LAX,15.7,13.9,19.4,0.0,12.2
2024-05-13,LAX,15.2,13.3,18.3,0.0,10.8
2024-05-14,LAX,15.9,13.9,18.9,0.0,12.2
2024-05-15,LAX,15.3,14.4,18.3,0.0,11.9
2024-05-16,LAX,15.9,13.9,19.4,0.0,14.8
2024-05-17,LAX,15.8,14.4,18.9,0.0,14.8
2024-05-18,LAX,15.7,13.9,18.9,0.0,15.1
2024-05-19,LAX,15.9,13.9,19.4,0.0,15.8
2024-05-20,LAX,15.3,13.9,18.3,0.0,15.5
2024-05-21,LAX,15.4,12.8,18.9,0.0,16.2
2024-05-22,LAX,15.6,13.9,19.4,0.0,11.5
2024-05-23,LAX,16.2,14.4,18.3,0.0,12.2
2024-05-24,LAX,15.7,13.3,18.9,0.0,16.9
2024-05-25,LAX,15.4,12.8,18.9,0.0,13.7
2024-05-26,LAX,15.8,13.9,19.4,0.0,12.2
2024-05-27,LAX,15.7,13.3,19.4,0.0,13.0
2024-05-28,LAX,15.1,13.3,18.3,0.0,10.1
2024-05-29,LAX,15.6,14.4,19.4,0.0,11.5
2024-05-30,LAX,16.3,14.4,20.0,0.0,12.2
2024-05-31,LAX,16.1,14.4,19.4,0.0,12.2
2024-06-01,LAX,16.1,14.4,19.4,0.0,12.6
2024-06-02,LAX,16.4,14.4,20.0,0.0,13.3
2024-06-03,LAX,16.6,14.4,20.0,0.0,10.8
2024-06-04,LAX,17.6,16.1,21.1,0.0,9.4
2024-06-05,LAX,17.8,16.7,21.1,0.0,10.8
2024-06-06,LAX,17.4,14.4,19.4,0.0,11.2
2024-06-07,LAX,16.9,14.4,20.6,0.0,10.1
2024-06-08,LAX,17.7,16.1,20.6,0.0,12.6
2024-06-09,LAX,17.4,15.6,21.1,0.0,13.7
2024-06-10,LAX,17.4,14.4,21.1,0.0,13.0
2024-06-11,LAX,16.1,14.4,18.3,0.0,10.1
2024-06-12,LAX,17.4,15.6,21.1,0.0,13.3
2024-06-13,LAX,17.0,15.0,20.6,0.0,15.8
2024-06-14,LAX,17.6,15.6,22.2,0.0,12.2
2024-06-15,LAX,18.3,15.6,22.8,0.0,10.4
2024-06-16,LAX,19.3,16.1,22.2,0.0,10.8
2024-06-17,LAX,19.1,17.2,22.2,0.0,13.0
2024-06-18,LAX,18.9,17.2,22.8,0.0,11.9
2024-06-19,LAX,19.1,16.1,22.8,0.0,14.8
2024-06-20,LAX,18.4,15.6,21.7,0.0,11.5
2024-06-21,LAX,18.4,15.6,22.2,0.0,13.0
2024-06-22,LAX,19.0,16.1,22.8,0.0,13.0
2024-06-23,LAX,20.1,15.6,26.1,0.0,11.9
2024-06-24,LAX,22.2,18.9,27.2,0.0,13.7
2024-06-25,LAX,20.7,17.2,24.4,0.0,14.8
2024-06-26,LAX,19.3,17.2,22.2,0.0,12.2
2024-06-27,LAX,20.1,17.8,24.4,0.0,12.2
2024-06-28,LAX,19.8,16.1,23.3,0.0,14.0
2024-06-29,LAX,18.7,14.4,22.2,0.0,13.7
2024-06-30,LAX,17.2,15.0,21.1,0.0,11.2
2024-07-01,LAX,18.8,16.1,23.3,0.0,11.9
2024-07-02,LAX,19.4,16.1,23.3,0.0,12.2
2024-07-03,LAX,18.0,15.6,21.1,0.0,13.7
2024-07-04,LAX,18.6,16.7,21.7,0.0,13.3
2024-07-05,LAX,19.1,17.2,22.8,0.0,10.1
2024-07-06,LAX,21.1,18.9,26.7,0.0,10.4
2024-07-07,LAX,21.0,16.7,23.9,0.0,13.0
2024-07-08,LAX,18.9,16.1,22.2,0.0,11.5
2024-07-09,LAX,19.0,16.7,23.3,0.0,10.8
2024-07-10,LAX,19.4,17.2,23.9,0.0,12.2
2024-07-11,LAX,19.9,16.7,24.4,0.0,13.0
2024-07-12,LAX,19.0,17.2,21.7,0.0,12.2
2024-07-13,LAX,19.7,17.8,23.3,0.0,11.2
2024-07-14,LAX,20.1,17.8,23.9,0.0,14.0
2024-07-15,LAX,19.7,17.8,22.8,0.0,14.8
2024-07-16,LAX,20.6,17.8,24.4,0.0,14.8
2024-07-17,LAX,20.8,18.3,24.4,0.0,11.2
2024-07-18,LAX,20.7,17.2,23.3,0.0,13.7
2024-07-19,LAX,19.9,16.7,23.9,0.0,11.2
2024-07-20,LAX,18.6,16.7,22.2,0.0,13.3
2024-07-21,LAX,20.7,18.3,25.0,0.0,12.2
2024-07-22,LAX,21.2,18.3,24.4,0.0,13.3
2024-07-23,LAX,20.7,18.3,23.9,0.0,13.3
2024-07-24,LAX,20.1,17.2,23.9,0.0,16.6
2024-07-25,LAX,20.6,17.2,24.4,0.0,14.0
2024-07-26,LAX,19.4,16.1,22.2,0.0,13.7
2024-07-27,LAX,19.3,16.7,22.8,0.0,13.0
2024-07-28,LAX,19.3,16.7,23.3,0.0,13.3
2024-07-29,LAX,18.3,15.6,22.2,0.0,13.7
2024-07-30,LAX,18.6,15.6,21.7,0.0,13.0
2024-07-31,LAX,18.2,15.6,21.7,0.0,12.6
2024-08-01,LAX,18.2,16.1,21.7,0.0,11.2
2024-08-02,LAX,19.5,17.8,24.4,0.0,12.6
2024-08-03,LAX,20.1,17.2,23.9,0.0,13.7
2024-08-04,LAX,19.5,16.7,22.8,0.0,13.0
2024-08-05,LAX,20.4,17.2,25.0,0.0,11.9
2024-08-06,LAX,21.5,18.3,26.7,0.0,9.4
2024-08-07,LAX,22.2,18.9,27.8,0.0,10.4
2024-08-08,LAX,21.1,17.2,25.0,0.0,13.0
2024-08-09,LAX,19.8,17.2,23.9,0.0,12.2
2024-08-10,LAX,20.1,17.8,26.7,0.0,10.8
2024-08-11,LAX,21.6,18.9,25.6,0.0,10.8
2024-08-12,LAX,21.2,18.9,24.4,0.0,14.4
2024-08-13,LAX,21.3,18.3,25.6,0.0,9.7
2024-08-14,LAX,21.6,18.3,25.0,0.0,11.2
2024-08-15,LAX,21.6,18.3,25.6,0.0,9.7
2024-08-16,LAX,22.7,19.4,27.8,0.0,12.2
2024-08-17,LAX,21.9,19.4,25.0,0.0,12.6
2024-08-18,LAX,21.2,18.9,24.4,0.0,11.5
2024-08-19,LAX,21.7,18.3,26.1,0.0,11.2
2024-08-20,LAX,22.7,18.9,27.8,0.0,11.2
2024-08-21,LAX,22.7,18.3,28.9,0.0,11.5
2024-08-22,LAX,22.1,18.9,25.0,0.0,12.2
2024-08-23,LAX,20.6,17.2,25.0,0.0,12.6
2024-08-24,LAX,20.2,16.1,24.4,0.0,13.0
2024-08-25,LAX,20.6,17.2,25.6,0.0,13.0
2024-08-26,LAX,21.3,17.8,26.1,0.0,11.2
2024-08-27,LAX,20.3,17.2,22.8,0.0,13.7
2024-08-28,LAX,19.6,17.2,22.8,0.0,12.6
2024-08-29,LAX,19.6,17.2,23.3,0.0,14.4
2024-08-30,LAX,18.9,16.7,22.2,0.0,11.9
2024-08-31,LAX,19.6,17.2,23.9,0.0,10.1
2024-09-01,LAX,20.8,18.9,25.0,0.0,9.4
2024-09-02,LAX,21.4,18.9,25.0,0.0,10.1
2024-09-03,LAX,20.9,18.9,25.0,0.0,11.2
2024-09-04,LAX,21.8,18.9,26.7,0.0,13.0
2024-09-05,LAX,24.8,20.6,30.6,0.0,10.1
2024-09-06,LAX,26.1,22.8,38.9,0.0,10.8
2024-09-07,LAX,26.1,22.2,31.7,0.0,10.4
2024-09-08,LAX,25.8,21.7,33.3,0.0,10.4
2024-09-09,LAX,26.9,22.2,30.6,0.0,13.7
2024-09-10,LAX,23.7,17.2,23.9,0.0,14.4
2024-09-11,LAX,19.5,16.1,23.9,0.0,10.8
2024-09-12,LAX,19.7,17.2,23.9,0.0,10.8
2024-09-13,LAX,20.6,18.3,24.4,0.0,13.0
2024-09-14,LAX,20.3,17.2,25.0,0.0,15.5
2024-09-15,LAX,19.6,17.8,22.8,0.0,14.4
2024-09-16,LAX,19.3,16.7,21.7,0.0,21.6
2024-09-17,LAX,18.5,14.4,22.2,0.0,13.3
2024-09-18,LAX,18.6,15.6,22.2,0.0,11.9
2024-09-19,LAX,19.0,17.2,21.7,0.0,11.9
2024-09-20,LAX,18.8,17.2,21.1,0.0,15.8
2024-09-21,LAX,18.8,16.7,22.8,0.0,11.9
2024-09-22,LAX,18.6,16.1,21.1,0.0,12.6
2024-09-23,LAX,17.3,15.6,20.0,0.0,11.9
2024-09-24,LAX,17.7,16.1,20.6,0.0,10.8
2024-09-25,LAX,17.2,16.1,19.4,0.0,11.2
2024-09-26,LAX,17.7,15.6,21.1,0.0,11.4
2024-09-27,LAX,17.1,15.0,19.4,0.0,11.2
2024-09-28,LAX,16.3,14.4,19.4,0.0,11.5
2024-09-29,LAX,16.9,15.0,20.6,0.0,11.2
2024-09-30,LAX,17.8,15.6,22.2,0.0,9.4
2024-10-01,LAX,18.0,15.6,21.7,0.0,11.5
2024-10-02,LAX,18.2,16.1,21.7,0.0,8.3
2024-10-03,LAX,18.7,16.7,25.6,0.0,11.9
2024-10-04,LAX,19.8,17.8,27.8,0.0,10.8
2024-10-05,LAX,18.6,16.7,21.1,0.0,9.4
2024-10-06,LAX,17.6,16.1,21.1,0.0,7.9
2024-10-07,LAX,17.5,15.6,20.6,0.0,9.7
2024-10-08,LAX,16.6,15.0,20.6,0.0,10.1
2024-10-09,LAX,18.0,16.7,20.6,0.0,9.7
2024-10-10,LAX,18.2,16.7,21.7,0.0,10.8
2024-10-11,LAX,17.6,15.0,20.6,0.0,10.8
2024-10-12,LAX,17.9,15.6,21.1,0.0,8.6
2024-10-13,LAX,17.9,15.6,22.2,0.0,8.6
2024-10-14,LAX,18.1,16.7,22.2,0.0,10.8
2024-10-15,LAX,18.4,17.2,21.7,0.0,9.0
2024-10-16,LAX,18.2,17.8,19.4,0.0,8.3
2024-10-17,LAX,18.4,16.7,21.1,0.0,10.4
2024-10-18,LAX,19.1,15.0,28.9,0.0,14.8
2024-10-19,LAX,19.6,12.2,26.1,0.0,8.6
2024-10-20,LAX,19.9,14.4,26.7,0.0,9.7
2024-10-21,LAX,19.4,15.0,23.9,0.0,10.4
2024-10-22,LAX,19.4,15.0,25.0,0.0,8.3
2024-10-23,LAX,19.3,15.0,25.0,0.0,7.6
2024-10-24,LAX,18.0,13.3,22.2,0.0,9.4
2024-10-25,LAX,15.2,13.3,19.4,0.0,9.0
2024-10-26,LAX,16.4,13.3,21.7,0.0,7.6
2024-10-27,LAX,17.8,15.0,25.0,0.0,9.4
2024-10-28,LAX,18.2,13.9,20.0,0.0,12.2
2024-10-29,LAX,16.9,13.9,20.6,0.0,15.5
2024-10-30,LAX,16.6,12.2,23.3,0.0,10.4
2024-10-31,LAX,15.8,10.6,20.6,0.0,9.0
2024-11-01,LAX,15.4,11.1,18.9,0.0,9.4
2024-11-02,LAX,15.4,11.7,18.9,0.3,9.0
2024-11-03,LAX,16.9,12.2,25.6,0.0,18.0
2024-11-04,LAX,18.5,12.8,23.3,0.0,8.3
2024-11-05,LAX,16.3,11.1,20.6,0.0,9.4
2024-11-06,LAX,17.2,12.8,25.6,0.0,7.2
2024-11-07,LAX,17.7,9.4,22.8,0.0,10.8
2024-11-08,LAX,16.3,8.9,22.8,0.0,10.1
2024-11-09,LAX,15.4,9.4,22.2,0.0,7.9
2024-11-10,LAX,15.4,10.0,21.7,0.0,7.9
2024-11-11,LAX,14.6,8.9,18.9,0.0,9.4
2024-11-12,LAX,16.6,13.3,21.7,0.0,13.0
2024-11-13,LAX,17.1,12.2,25.6,0.0,11.5
2024-11-14,LAX,15.7,10.6,21.1,0.0,11.9
2024-11-15,LAX,14.8,12.2,17.2,0.0,22.3
2024-11-16,LAX,14.2,8.9,20.0,0.0,11.9
2024-11-17,LAX,13.9,7.2,20.6,0.0,10.1
2024-11-18,LAX,13.4,8.3,18.3,0.0,10.8
2024-11-19,LAX,14.1,10.0,20.0,0.0,9.4
2024-11-20,LAX,15.2,10.6,23.3,0.0,7.2
2024-11-21,LAX,14.3,8.9,22.8,0.0,7.6
2024-11-22,LAX,13.6,8.3,21.1,0.0,8.6
2024-11-23,LAX,13.5,9.4,16.1,0.0,5.4
2024-11-24,LAX,14.0,11.7,16.1,0.0,12.2
2024-11-25,LAX,14.2,10.6,21.1,0.0,7.2
2024-11-26,LAX,16.0,13.3,18.9,0.0,7.9
2024-11-27,LAX,15.9,13.3,18.3,0.3,10.8
2024-11-28,LAX,15.9,12.8,23.9,0.0,8.3
2024-11-29,LAX,18.2,14.4,23.3,0.0,12.2
2024-11-30,LAX,18.3,12.2,26.1,0.0,9.0
2024-12-01,LAX,16.6,11.7,21.1,0.0,8.6
2024-12-02,LAX,14.7,10.0,20.0,0.0,7.6
2024-12-03,LAX,13.4,10.0,18.3,0.0,6.1
2024-12-04,LAX,13.7,11.7,16.7,0.0,7.9
2024-12-05,LAX,12.9,10.6,17.2,0.0,5.8
2024-12-06,LAX,11.8,8.9,17.2,0.0,6.1
2024-12-07,LAX,16.3,9.4,26.7,0.0,7.6
2024-12-08,LAX,14.3,9.4,18.3,0.0,6.1
2024-12-09,LAX,13.9,11.7,16.7,0.0,9.4
2024-12-10,LAX,15.4,8.9,23.3,0.0,8.6
2024-12-11,LAX,16.2,11.7,22.2,0.0,9.7
2024-12-12,LAX,13.2,6.7,15.6,0.0,7.9
2024-12-13,LAX,13.1,9.4,18.3,0.0,9.7
2024-12-14,LAX,13.2,8.9,17.8,0.0,9.0
2024-12-15,LAX,13.0,8.9,18.3,0.0,8.6
2024-12-16,LAX,12.8,8.3,19.4,0.0,9.0
2024-12-17,LAX,13.9,10.0,22.2,0.0,6.8
2024-12-18,LAX,17.7,10.6,28.3,0.0,6.1
2024-12-19,LAX,16.3,9.4,22.8,0.0,8.6
2024-12-20,LAX,11.7,9.4,13.9,0.0,9.4
2024-12-21,LAX,12.1,9.4,16.7,0.0,9.0
2024-12-22,LAX,13.6,10.0,17.2,0.0,6.5
2024-12-23,LAX,14.2,11.7,18.3,0.0,9.4
2024-12-24,LAX,12.9,10.6,15.6,0.3,9.4
2024-12-25,LAX,14.2,10.6,17.8,0.0,8.3
2024-12-26,LAX,13.4,7.8,18.3,0.0,7.6
2024-12-27,LAX,12.4,9.4,16.1,0.0,7.2
2024-12-28,LAX,14.5,11.7,15.0,0.0,7.2
2024-12-29,LAX,11.6,8.3,14.4,0.0,7.2
2024-12-30,LAX,13.3,11.1,16.7,0.0,9.7
2024-12-31,LAX,12.0,9.4,16.1,0.0,7.2
2025-01-01,LAX,11.8,8.3,15.0,0.0,6.5
2025-01-02,LAX,13.0,8.3,21.7,0.0,7.2
2025-01-03,LAX,11.7,9.4,16.1,0.0,8.3
2025-01-04,LAX,12.9,8.9,16.7,0.0,7.9
2025-01-05,LAX,14.3,7.2,23.9,0.0,6.5
2025-01-06,LAX,15.1,8.3,21.7,0.0,4.7
2025-01-07,LAX,15.3,9.4,22.8,0.0,21.6
2025-01-08,LAX,18.4,11.7,22.8,0.0,16.9
2025-01-09,LAX,15.0,7.8,20.0,0.0,7.9
2025-01-10,LAX,14.2,7.8,21.1,0.0,5.8
2025-01-11,LAX,13.7,7.8,18.9,0.0,8.3
2025-01-12,LAX,14.2,7.8,20.6,0.0,7.9
2025-01-13,LAX,13.0,6.1,20.0,0.0,5.8
2025-01-14,LAX,12.8,5.0,18.9,0.0,7.6
2025-01-15,LAX,13.7,6.7,22.2,0.0,9.0
2025-01-16,LAX,14.2,8.9,19.4,0.0,10.4
2025-01-17,LAX,12.0,7.2,15.6,0.0,9.4
2025-01-18,LAX,12.2,8.9,16.7,0.0,9.0
2025-01-19,LAX,11.4,7.2,15.0,0.0,9.4
2025-01-20,LAX,13.4,10.0,22.2,0.0,8.6
2025-01-21,LAX,14.2,5.0,21.1,0.0,7.9
2025-01-22,LAX,15.9,10.0,23.3,0.0,6.1
2025-01-23,LAX,17.4,8.3,26.7,0.0,7.9
2025-01-24,LAX,17.9,11.7,22.2,0.0,11.9
2025-01-25,LAX,12.9,7.8,16.7,0.0,13.7
2025-01-26,LAX,12.1,9.4,14.4,15.5,14.8
2025-01-27,LAX,10.9,8.3,15.0,8.4,10.8
2025-01-28,LAX,11.2,6.7,16.1,0.0,9.0
2025-01-29,LAX,12.0,8.9,16.1,0.0,9.0
2025-01-30,LAX,12.2,10.0,13.9,0.0,9.0
2025-01-31,LAX,11.5,6.7,15.6,0.0,9.0
2025-02-01,LAX,12.9,8.9,18.9,0.0,8.6
2025-02-02,LAX,14.6,11.7,18.9,0.0,9.4
2025-02-03,LAX,12.1,10.6,15.0,0.0,10.1
2025-02-04,LAX,13.6,9.4,17.8,1.0,9.7
2025-02-05,LAX,13.9,11.7,17.2,8.1,12.2
2025-02-06,LAX,14.8,10.0,16.7,6.6,13.7
2025-02-07,LAX,15.2,10.0,15.6,0.3,16.9
2025-02-08,LAX,12.6,8.9,16.7,0.0,8.6
2025-02-09,LAX,13.3,9.4,18.9,0.0,7.9
2025-02-10,LAX,13.1,7.8,16.7,0.0,10.1
2025-02-11,LAX,12.7,10.0,15.6,0.0,14.4
2025-02-12,LAX,12.0,10.0,13.3,3.0,14.8
2025-02-13,LAX,13.3,12.2,15.6,48.3,18.7
2025-02-14,LAX,14.6,11.7,16.1,0.3,24.1
2025-02-15,LAX,13.6,8.3,18.9,0.0,8.3
2025-02-16,LAX,14.4,9.4,20.6,0.0,7.2
2025-02-17,LAX,13.9,8.3,18.3,0.0,10.8
2025-02-18,LAX,13.8,10.0,18.3,0.0,10.8
2025-02-19,LAX,13.8,10.0,18.3,0.0,8.6
2025-02-20,LAX,13.5,10.0,18.9,0.0,11.2
2025-02-21,LAX,14.9,11.7,23.3,0.0,11.2
2025-02-22,LAX,13.6,8.3,19.4,0.0,9.7
2025-02-23,LAX,14.9,9.4,21.7,0.0,8.6
2025-02-24,LAX,15.6,10.0,20.6,0.0,7.9
2025-02-25,LAX,14.4,11.1,21.1,0.0,9.4
2025-02-26,LAX,14.3,11.1,18.3,0.0,8.6
2025-02-27,LAX,16.1,10.0,30.0,0.0,9.4
2025-02-28,LAX,17.2,12.2,20.6,0.0,13.7
2025-03-01,LAX,14.3,12.8,16.7,0.0,10.4
2025-03-02,LAX,14.4,11.7,17.2,0.0,24.1
2025-03-03,LAX,13.1,10.0,17.2,0.0,18.0
2025-03-04,LAX,13.4,10.0,17.8,0.0,14.8
2025-03-05,LAX,12.2,10.0,14.4,11.4,10.4
2025-03-06,LAX,11.4,8.9,13.3,1.8,28.1
2025-03-07,LAX,10.9,7.8,15.6,0.0,18.4
2025-03-08,LAX,12.1,7.2,16.7,0.0,10.4
2025-03-09,LAX,13.3,8.3,21.7,0.0,9.4
2025-03-10,LAX,13.4,8.9,18.3,0.0,9.4
2025-03-11,LAX,13.3,10.6,15.6,2.5,12.2
2025-03-12,LAX,13.4,11.7,16.1,2.8,14.8
2025-03-13,LAX,12.8,9.4,14.4,10.2,35.3
2025-03-14,LAX,10.2,8.9,11.1,1.0,14.4
2025-03-15,LAX,11.1,6.7,16.1,0.0,11.2
2025-03-16,LAX,12.8,7.8,17.8,0.0,11.9
2025-03-17,LAX,13.3,10.6,16.7,0.8,19.1
2025-03-18,LAX,12.7,8.9,17.2,0.0,20.2
2025-03-19,LAX,15.1,8.3,22.8,0.0,11.2
2025-03-20,LAX,14.9,10.6,19.4,0.0,9.4
2025-03-21,LAX,14.4,10.6,19.4,0.0,10.4
2025-03-22,LAX,14.8,10.6,20.0,0.0,8.6
2025-03-23,LAX,15.2,12.8,18.9,0.0,10.8
2025-03-24,LAX,15.2,12.2,20.0,0.0,12.2
2025-03-25,LAX,13.5,12.2,18.3,0.0,13.3
2025-03-26,LAX,13.5,12.8,16.1,0.0,11.2
2025-03-27,LAX,15.2,13.9,17.8,0.0,16.9
2025-03-28,LAX,15.0,12.8,18.9,0.0,17.6
2025-03-29,LAX,14.3,10.6,17.8,0.0,11.9
2025-03-30,LAX,14.0,11.7,17.2,1.3,11.9
2025-03-31,LAX,14.4,12.8,17.8,1.0,18.4
2025-04-01,LAX,14.2,11.7,17.2,0.0,30.6
2025-04-02,LAX,13.2,10.0,17.2,0.0,24.5
2025-04-03,LAX,12.9,8.9,17.2,0.0,14.8
2025-04-04,LAX,13.2,8.9,17.8,0.0,13.0
2025-04-05,LAX,16.1,9.4,23.9,0.0,15.5
2025-04-06,LAX,17.2,11.1,25.0,0.0,11.5
2025-04-07,LAX,15.3,10.0,20.6,0.0,10.8
2025-04-08,LAX,15.6,11.7,20.0,0.0,9.4
2025-04-09,LAX,16.6,12.2,22.2,0.0,9.7
2025-04-10,LAX,17.2,13.9,21.7,0.0,10.4
2025-04-11,LAX,17.2,13.3,24.4,0.0,9.4
2025-04-12,LAX,16.4,13.3,18.9,0.0,9.4
2025-04-13,LAX,14.9,12.8,18.3,0.0,10.4
2025-04-14,LAX,14.9,12.2,18.3,0.0,13.7
2025-04-15,LAX,14.1,12.8,16.7,0.0,12.6
2025-04-16,LAX,14.9,13.3,20.0,0.0,14.8
2025-04-17,LAX,15.1,13.3,16.7,0.0,13.3
2025-04-18,LAX,14.5,12.2,17.2,0.0,14.4
2025-04-19,LAX,14.6,11.1,18.9,0.0,13.7
2025-04-20,LAX,14.8,11.7,17.8,0.0,13.7
2025-04-21,LAX,15.0,12.2,17.8,0.0,12.2
2025-04-22,LAX,14.5,12.8,17.8,0.0,13.0
2023-04-23,SFO,13.7,10.6,16.1,0.0,31.7
2023-04-24,SFO,12.7,10.0,16.7,0.0,29.9
2023-04-25,SFO,13.5,8.9,25.0,0.0,15.1
2023-04-26,SFO,14.7,10.0,25.0,0.0,15.8
2023-04-27,SFO,15.6,10.0,28.3,0.0,15.5
2023-04-28,SFO,15.3,10.6,19.4,0.0,22.7
2023-04-29,SFO,13.1,10.6,16.7,0.0,21.6
2023-04-30,SFO,12.9,10.6,16.1,0.0,38.5
2023-05-01,SFO,12.8,11.1,15.0,0.3,30.2
2023-05-02,SFO,11.8,10.0,14.4,12.2,13.7
2023-05-03,SFO,12.6,10.6,15.6,5.1,14.4
2023-05-04,SFO,12.3,10.6,15.6,0.3,12.6
2023-05-05,SFO,13.3,11.7,16.1,0.0,11.5
2023-05-06,SFO,13.8,11.7,17.2,0.5,13.7
2023-05-07,SFO,13.8,10.0,18.3,0.0,13.7
2023-05-08,SFO,13.9,11.1,18.3,0.0,18.0
2023-05-09,SFO,14.4,11.7,18.3,0.0,23.4
2023-05-10,SFO,13.9,12.2,16.7,0.0,22.3
2023-05-11,SFO,14.2,12.2,17.2,0.0,24.1
2023-05-12,SFO,14.2,11.7,20.6,0.0,25.9
2023-05-13,SFO,15.2,11.7,27.8,0.0,15.1
2023-05-14,SFO,16.7,11.7,22.2,0.0,13.3
2023-05-15,SFO,16.9,12.8,20.0,0.0,18.0
2023-05-16,SFO,15.5,12.2,22.2,0.0,23.4
2023-05-17,SFO,14.3,11.7,17.8,0.0,23.4
2023-05-18,SFO,14.2,12.2,17.8,0.0,21.6
2023-05-19,SFO,14.7,12.8,17.8,0.0,22.3
2023-05-20,SFO,14.1,12.2,17.2,0.0,22.3
2023-05-21,SFO,14.8,12.2,20.0,0.0,18.0
2023-05-22,SFO,15.1,11.1,21.7,0.0,14.8
2023-05-23,SFO,14.8,12.2,19.4,0.0,19.4
2023-05-24,SFO,14.6,12.2,18.9,0.0,16.6
2023-05-25,SFO,14.5,12.2,18.3,0.0,18.0
2023-05-26,SFO,14.9,12.8,18.9,0.0,18.0
2023-05-27,SFO,15.1,12.2,20.0,0.0,19.8
2023-05-28,SFO,13.9,12.8,16.1,0.0,16.2
2023-05-29,SFO,15.0,12.8,20.0,0.0,19.4
2023-05-30,SFO,15.9,13.3,19.4,0.0,18.4
2023-05-31,SFO,14.6,12.2,18.3,0.0,21.2
2023-06-01,SFO,14.9,12.2,20.0,0.0,17.6
2023-06-02,SFO,14.8,11.1,20.0,0.0,18.0
2023-06-03,SFO,15.2,11.1,21.7,0.0,16.6
2023-06-04,SFO,15.6,11.7,20.6,0.0,20.9
2023-06-05,SFO,15.4,12.2,21.1,0.0,15.5
2023-06-06,SFO,16.9,15.6,20.6,0.3,23.0
2023-06-07,SFO,17.1,14.4,21.1,0.0,18.7
2023-06-08,SFO,17.4,13.9,21.1,0.0,18.7
2023-06-09,SFO,16.3,13.3,18.9,0.0,19.4
2023-06-10,SFO,14.8,12.8,21.1,0.0,17.6
2023-06-11,SFO,15.6,12.8,21.1,0.0,13.3
2023-06-12,SFO,16.4,13.9,21.1,0.0,15.8
2023-06-13,SFO,16.9,13.9,21.1,0.0,16.2
2023-06-14,SFO,16.4,13.9,21.7,0.0,15.5
2023-06-15,SFO,16.8,13.3,23.9,0.0,16.2
2023-06-16,SFO,17.4,13.9,22.8,0.0,16.9
2023-06-17,SFO,17.2,14.4,22.2,0.0,18.4
2023-06-18,SFO,16.7,13.9,20.6,0.0,32.0
2023-06-19,SFO,15.6,12.8,18.9,0.0,39.6
2023-06-20,SFO,15.4,11.7,20.6,0.0,25.6
2023-06-21,SFO,14.9,11.7,20.0,0.0,21.6
2023-06-22,SFO,15.0,12.2,20.6,0.0,16.2
2023-06-23,SFO,16.2,14.4,20.0,0.0,18.7
2023-06-24,SFO,15.8,13.9,19.4,0.0,22.3
2023-06-25,SFO,15.4,12.8,18.3,0.0,20.9
2023-06-26,SFO,14.7,12.8,18.3,0.0,22.7
2023-06-27,SFO,14.1,12.2,18.3,0.0,21.6
2023-06-28,SFO,14.0,12.2,18.3,0.0,21.6
2023-06-29,SFO,15.4,12.2,21.7,0.0,18.7
2023-06-30,SFO,15.7,12.2,21.7,0.0,21.6
2023-07-01,SFO,16.8,12.2,27.2,0.0,15.5
2023-07-02,SFO,21.3,15.6,27.2,0.0,18.7
2023-07-03,SFO,18.9,14.4,22.8,0.0,16.6
2023-07-04,SFO,16.9,13.3,21.7,0.0,17.3
2023-07-05,SFO,16.8,13.3,22.8,0.0,14.4
2023-07-06,SFO,16.7,14.4,20.0,0.0,21.2
2023-07-07,SFO,14.8,12.8,17.2,0.0,26.3
2023-07-08,SFO,15.2,12.8,18.9,0.0,35.3
2023-07-09,SFO,14.3,12.8,17.8,0.0,23.0
2023-07-10,SFO,15.1,12.2,18.9,0.0,24.5
2023-07-11,SFO,15.7,12.2,21.7,0.0,21.6
2023-07-12,SFO,15.2,12.8,18.9,0.0,22.3
2023-07-13,SFO,15.8,12.2,22.8,0.0,23.8
2023-07-14,SFO,16.8,12.8,24.4,0.0,22.0
2023-07-15,SFO,16.6,13.3,26.1,0.0,20.5
2023-07-16,SFO,17.6,13.9,23.9,0.0,20.2
2023-07-17,SFO,18.5,15.6,23.9,0.0,18.0
2023-07-18,SFO,17.4,13.9,21.1,0.0,23.8
2023-07-19,SFO,16.2,13.9,21.1,0.0,19.1
2023-07-20,SFO,16.5,12.8,22.8,0.0,20.2
2023-07-21,SFO,16.8,13.3,22.8,0.0,24.1
2023-07-22,SFO,17.6,12.8,26.1,0.0,21.6
2023-07-23,SFO,17.9,15.6,21.1,0.0,21.6
2023-07-24,SFO,17.1,13.3,21.1,0.0,22.7
2023-07-25,SFO,17.4,13.9,24.4,0.0,24.8
2023-07-26,SFO,17.6,14.4,21.1,0.0,24.1
2023-07-27,SFO,16.7,13.9,20.6,0.0,21.6
2023-07-28,SFO,16.7,13.3,22.2,0.0,22.3
2023-07-29,SFO,17.1,13.3,21.7,0.0,24.5
2023-07-30,SFO,16.8,13.3,23.3,0.0,21.6
2023-07-31,SFO,17.3,13.9,21.1,0.0,20.9
2023-08-01,SFO,17.2,14.4,22.2,0.0,20.2
2023-08-02,SFO,16.8,14.4,19.4,0.0,21.6
2023-08-03,SFO,16.4,14.4,19.4,0.0,23.8
2023-08-04,SFO,16.9,14.4,21.7,0.0,20.9
2023-08-05,SFO,17.3,13.9,23.9,0.0,20.9
2023-08-06,SFO,18.2,13.9,25.0,0.0,19.1
2023-08-07,SFO,19.7,15.0,26.7,0.0,18.7
2023-08-08,SFO,17.7,13.9,23.9,0.0,13.7
2023-08-09,SFO,18.4,14.4,23.9,0.0,16.9
2023-08-10,SFO,18.5,15.0,27.2,0.0,12.2
2023-08-11,SFO,19.6,16.7,25.6,0.0,16.2
2023-08-12,SFO,18.8,15.0,23.9,0.0,17.3
2023-08-13,SFO,18.3,14.4,25.6,0.0,18.4
2023-08-14,SFO,19.0,15.6,23.3,0.0,18.4
2023-08-15,SFO,19.2,15.0,26.7,0.0,20.2
2023-08-16,SFO,19.0,15.6,25.0,0.0,20.9
2023-08-17,SFO,19.1,15.6,23.9,0.0,21.6
2023-08-18,SFO,20.1,17.2,26.7,0.0,14.8
2023-08-19,SFO,19.7,16.7,25.0,0.0,16.9
2023-08-20,SFO,20.1,16.1,31.7,0.0,15.1
2023-08-21,SFO,21.3,17.2,23.9,0.8,19.8
2023-08-22,SFO,21.6,17.8,25.6,0.0,17.3
2023-08-23,SFO,21.3,17.2,31.7,0.0,14.8
2023-08-24,SFO,23.4,17.8,27.8,0.0,15.5
2023-08-25,SFO,19.8,16.1,22.2,0.0,21.2
2023-08-26,SFO,17.5,15.0,20.6,0.0,23.8
2023-08-27,SFO,17.3,14.4,21.1,0.0,21.6
2023-08-28,SFO,18.2,15.0,23.3,0.0,27.7
2023-08-29,SFO,18.6,14.4,24.4,0.0,23.8
2023-08-30,SFO,21.0,16.1,32.8,0.0,14.8
2023-08-31,SFO,19.9,15.0,24.4,0.0,19.1
2023-09-01,SFO,18.5,15.6,21.7,0.0,16.6
2023-09-02,SFO,19.3,17.2,23.3,0.0,10.1
2023-09-03,SFO,19.5,16.1,23.9,0.0,17.3
2023-09-04,SFO,18.3,15.0,21.1,0.0,20.9
2023-09-05,SFO,18.1,14.4,23.9,0.0,16.9
2023-09-06,SFO,17.8,13.9,24.4,0.0,14.0
2023-09-07,SFO,18.1,14.4,21.7,0.0,15.8
2023-09-08,SFO,17.4,13.9,24.4,0.0,16.2
2023-09-09,SFO,17.3,13.9,23.3,0.0,21.2
2023-09-10,SFO,16.8,12.8,23.3,0.0,18.7
2023-09-11,SFO,18.2,15.0,22.2,0.0,20.9
2023-09-12,SFO,18.2,15.6,23.3,0.0,14.0
2023-09-13,SFO,17.7,14.4,23.3,0.0,13.7
2023-09-14,SFO,17.4,14.4,23.3,0.0,12.2
2023-09-15,SFO,18.6,16.1,22.8,0.0,14.8
2023-09-16,SFO,18.7,17.2,22.8,0.0,15.1
2023-09-17,SFO,19.3,16.1,23.9,0.0,13.7
2023-09-18,SFO,19.4,16.1,23.3,0.0,15.5
2023-09-19,SFO,18.4,15.6,22.8,0.0,16.9
2023-09-20,SFO,17.5,14.4,22.8,0.0,10.4
2023-09-21,SFO,17.6,13.9,23.3,0.0,9.7
2023-09-22,SFO,17.7,13.9,21.1,0.0,13.0
2023-09-23,SFO,16.7,12.8,21.1,0.0,15.8
2023-09-24,SFO,16.8,12.8,22.8,0.0,11.2
2023-09-25,SFO,19.1,15.0,25.0,0.0,16.2
2023-09-26,SFO,21.2,17.2,25.0,0.3,19.8
2023-09-27,SFO,19.2,16.1,24.4,0.0,24.1
2023-09-28,SFO,18.1,14.4,23.3,0.0,20.2
2023-09-29,SFO,17.7,15.6,21.1,0.0,24.5
2023-09-30,SFO,17.2,14.4,19.4,0.5,18.0
2023-10-01,SFO,17.3,13.9,23.3,0.0,10.8
2023-10-02,SFO,16.3,12.8,23.3,0.0,16.9
2023-10-03,SFO,16.4,12.8,23.9,0.0,11.9
2023-10-04,SFO,20.9,16.1,32.2,0.0,3.6
2023-10-05,SFO,24.4,18.3,33.3,0.0,7.9
2023-10-06,SFO,24.8,18.9,33.3,0.0,10.1
2023-10-07,SFO,24.6,17.2,32.8,0.0,13.0
2023-10-08,SFO,18.6,14.4,20.6,0.0,22.3
2023-10-09,SFO,16.8,13.9,23.3,0.0,10.8
2023-10-10,SFO,19.2,15.6,22.8,0.0,20.2
2023-10-11,SFO,18.2,15.0,21.7,0.0,24.1
2023-10-12,SFO,17.3,12.8,25.0,0.0,12.6
2023-10-13,SFO,17.7,12.8,23.3,0.0,10.8
2023-10-14,SFO,18.9,16.1,23.3,0.0,10.8
2023-10-15,SFO,18.9,13.9,25.0,0.0,13.7
2023-10-16,SFO,17.2,13.3,24.4,0.0,13.3
2023-10-17,SFO,18.7,15.0,25.0,0.0,16.2
2023-10-18,SFO,18.1,14.4,30.0,0.0,5.8
2023-10-19,SFO,22.5,16.1,31.1,0.0,8.6
2023-10-20,SFO,18.9,15.6,22.8,0.0,10.4
2023-10-21,SFO,17.8,13.9,22.2,0.0,11.5
2023-10-22,SFO,18.3,16.7,21.1,0.0,15.5
2023-10-23,SFO,18.2,15.6,22.2,0.0,13.7
2023-10-24,SFO,16.4,13.9,21.7,0.0,14.8
2023-10-25,SFO,15.9,14.4,20.0,0.0,19.4
2023-10-26,SFO,15.1,10.0,19.4,0.0,16.2
2023-10-27,SFO,13.8,10.0,18.3,0.0,17.6
2023-10-28,SFO,14.4,9.4,21.1,0.0,13.7
2023-10-29,SFO,17.1,10.0,23.3,0.0,11.5
2023-10-30,SFO,15.7,10.0,23.3,0.0,5.4
2023-10-31,SFO,15.8,10.0,23.3,0.0,1.8
2023-11-01,SFO,16.2,10.0,22.8,0.0,5.4
2023-11-02,SFO,17.3,12.2,24.4,0.0,7.6
2023-11-03,SFO,18.7,14.4,26.1,0.0,12.2
2023-11-04,SFO,18.9,15.0,23.9,0.0,12.6
2023-11-05,SFO,17.3,15.0,22.2,1.0,9.0
2023-11-06,SFO,18.8,15.6,21.1,0.3,13.7
2023-11-07,SFO,16.4,13.9,18.9,0.0,17.6
2023-11-08,SFO,15.1,10.0,23.9,0.0,10.1
2023-11-09,SFO,13.9,8.9,18.9,0.0,10.8
2023-11-10,SFO,13.9,9.4,21.7,0.0,7.2
2023-11-11,SFO,15.3,10.6,21.7,0.0,7.2
2023-11-12,SFO,15.4,10.6,21.1,0.0,7.9
2023-11-13,SFO,15.8,11.1,19.4,0.0,6.8
2023-11-14,SFO,16.5,13.3,22.8,0.8,11.9
2023-11-15,SFO,16.9,14.4,20.0,1.5,9.7
2023-11-16,SFO,16.6,14.4,20.6,5.1,5.8
2023-11-17,SFO,16.8,13.9,18.3,7.4,9.0
2023-11-18,SFO,16.9,13.3,18.3,12.2,21.6
2023-11-19,SFO,14.6,10.6,17.2,0.0,16.9
2023-11-20,SFO,15.2,11.1,20.6,0.0,10.8
2023-11-21,SFO,13.9,8.9,17.8,0.0,6.8
2023-11-22,SFO,13.6,8.9,19.4,0.0,4.3
2023-11-23,SFO,15.5,11.1,21.1,0.0,12.2
2023-11-24,SFO,15.2,11.1,17.2,0.0,13.7
2023-11-25,SFO,12.9,8.3,17.8,0.0,10.1
2023-11-26,SFO,12.8,7.8,16.7,0.0,5.0
2023-11-27,SFO,11.9,7.2,18.3,0.0,4.7
2023-11-28,SFO,12.4,7.2,16.7,2.0,4.0
2023-11-29,SFO,13.9,11.7,17.2,5.8,9.7
2023-11-30,SFO,14.3,11.7,17.2,0.0,21.6
2023-12-01,SFO,13.3,9.4,16.7,0.0,14.4
2023-12-02,SFO,14.2,12.8,17.8,1.0,9.0
2023-12-03,SFO,15.2,13.3,18.3,0.0,8.6
2023-12-04,SFO,13.9,10.6,17.2,0.0,6.1
2023-12-05,SFO,13.1,11.1,18.9,0.0,3.2
2023-12-06,SFO,14.3,9.4,17.8,2.8,14.8
2023-12-07,SFO,13.9,9.4,17.2,0.3,13.3
2023-12-08,SFO,11.1,6.7,15.0,0.0,10.8
2023-12-09,SFO,11.4,6.1,16.1,0.0,8.3
2023-12-10,SFO,11.3,7.2,15.0,0.0,3.6
2023-12-11,SFO,11.3,6.7,17.2,0.0,8.3
2023-12-12,SFO,13.7,10.6,16.1,0.0,7.6
2023-12-13,SFO,12.3,8.3,17.2,0.0,4.7
2023-12-14,SFO,12.3,7.8,15.6,0.0,3.6
2023-12-15,SFO,12.5,8.9,17.2,0.0,6.5
2023-12-16,SFO,12.8,7.8,17.8,0.0,5.4
2023-12-17,SFO,13.6,10.6,15.0,1.8,5.8
2023-12-18,SFO,13.3,11.7,17.8,20.3,16.9
2023-12-19,SFO,16.9,15.0,18.3,4.8,16.9
2023-12-20,SFO,14.9,12.8,15.6,33.0,13.7
2023-12-21,SFO,14.3,11.7,16.7,0.0,4.0
2023-12-22,SFO,13.9,11.7,17.2,0.0,15.8
2023-12-23,SFO,12.5,8.3,16.7,0.0,6.8
2023-12-24,SFO,10.7,6.7,13.9,0.0,4.7
2023-12-25,SFO,10.8,7.2,15.6,0.0,6.1
2023-12-26,SFO,11.7,8.9,14.4,0.0,5.4
2023-12-27,SFO,13.8,11.7,16.1,5.3,16.9
2023-12-28,SFO,14.2,13.3,17.2,0.3,4.3
2023-12-29,SFO,15.5,13.3,18.3,24.9,15.5
2023-12-30,SFO,13.7,11.1,16.7,4.8,12.2
2023-12-31,SFO,12.1,9.4,14.4,0.0,4.7
2024-01-01,SFO,12.1,8.9,15.6,0.0,6.1
2024-01-02,SFO,11.8,8.3,17.8,6.6,13.7
2024-01-03,SFO,11.8,9.4,15.0,4.6,19.1
2024-01-04,SFO,11.6,8.3,16.1,0.0,11.2
2024-01-05,SFO,13.6,10.0,16.7,0.0,7.2
2024-01-06,SFO,11.3,7.2,13.9,3.6,18.0
2024-01-07,SFO,9.3,3.9,13.3,0.0,10.1
2024-01-08,SFO,9.2,4.4,12.8,0.0,6.8
2024-01-09,SFO,11.8,9.4,14.4,1.8,19.8
2024-01-10,SFO,10.6,6.7,13.9,5.1,22.7
2024-01-11,SFO,9.8,5.6,12.2,0.0,10.8
2024-01-12,SFO,9.3,5.6,12.2,0.0,7.2
2024-01-13,SFO,10.5,8.3,13.9,15.0,13.7
2024-01-14,SFO,13.2,10.0,15.0,1.0,12.2
2024-01-15,SFO,11.6,10.0,15.0,0.0,6.8
2024-01-16,SFO,11.3,8.9,13.9,13.5,6.8
2024-01-17,SFO,12.4,9.4,15.6,0.0,9.4
2024-01-18,SFO,11.2,8.3,15.6,0.0,3.6
2024-01-19,SFO,12.1,10.0,14.4,6.1,9.0
2024-01-20,SFO,13.4,12.2,15.0,4.3,16.6
2024-01-21,SFO,13.3,11.7,16.7,10.2,14.8
2024-01-22,SFO,14.2,12.2,16.1,14.7,13.3
2024-01-23,SFO,13.2,11.7,15.0,0.0,13.0
2024-01-24,SFO,12.6,11.1,15.6,12.7,12.2
2024-01-25,SFO,13.1,9.4,16.1,0.0,10.8
2024-01-26,SFO,12.4,10.6,15.6,0.0,3.6
2024-01-27,SFO,13.2,10.6,15.6,0.0,5.8
2024-01-28,SFO,14.4,11.7,18.9,0.0,6.1
2024-01-29,SFO,13.8,9.4,18.9,0.0,4.0
2024-01-30,SFO,14.6,12.2,17.8,0.0,11.2
2024-01-31,SFO,15.2,11.7,16.1,29.0,23.0
2024-02-01,SFO,12.1,10.6,15.0,10.4,11.5
2024-02-02,SFO,11.8,8.9,14.4,3.3,11.2
2024-02-03,SFO,10.3,8.9,12.8,14.5,14.4
2024-02-04,SFO,11.6,9.4,16.7,29.7,43.2
2024-02-05,SFO,12.7,10.6,15.6,1.8,16.9
2024-02-06,SFO,10.7,6.7,14.4,0.0,12.6
2024-02-07,SFO,10.8,9.4,12.2,8.6,24.5
2024-02-08,SFO,9.0,4.4,13.3,0.0,9.4
2024-02-09,SFO,9.1,5.0,13.9,0.0,7.9
2024-02-10,SFO,11.3,7.2,16.1,0.0,14.0
2024-02-11,SFO,10.8,6.7,15.0,0.0,9.7
2024-02-12,SFO,10.8,7.8,15.0,0.0,9.0
2024-02-13,SFO,11.3,8.3,13.9,0.0,8.6
2024-02-14,SFO,11.6,9.4,15.0,2.8,14.0
2024-02-15,SFO,11.9,8.9,16.1,0.0,9.4
2024-02-16,SFO,11.6,9.4,14.4,0.0,4.3
2024-02-17,SFO,12.6,10.6,14.4,9.7,13.0
2024-02-18,SFO,12.8,8.3,18.9,8.1,18.4
2024-02-19,SFO,14.4,12.2,17.8,5.8,36.4
2024-02-20,SFO,13.5,10.0,14.4,14.0,10.1
2024-02-21,SFO,10.9,6.7,15.0,0.0,9.4
2024-02-22,SFO,11.7,8.9,15.0,0.0,7.6
2024-02-23,SFO,12.3,7.8,18.3,0.0,5.0
2024-02-24,SFO,14.2,8.9,20.6,0.0,3.6
2024-02-25,SFO,14.5,9.4,18.3,0.0,7.6
2024-02-26,SFO,13.6,11.1,16.7,0.3,14.4
2024-02-27,SFO,12.1,8.3,16.7,0.0,15.1
2024-02-28,SFO,11.6,6.7,18.3,0.0,9.4
2024-02-29,SFO,12.3,10.0,14.4,7.9,18.7
2024-03-01,SFO,11.9,9.4,14.4,24.9,28.8
2024-03-02,SFO,10.8,7.2,12.8,7.9,27.0
2024-03-03,SFO,9.6,7.8,12.2,4.6,11.9
2024-03-04,SFO,10.0,7.8,13.9,0.5,10.8
2024-03-05,SFO,12.1,9.4,15.6,0.0,12.2
2024-03-06,SFO,13.0,10.6,15.0,8.6,12.6
2024-03-07,SFO,11.4,9.4,15.6,0.0,14.8
2024-03-08,SFO,11.7,6.7,18.3,0.0,11.5
2024-03-09,SFO,12.4,9.4,16.1,0.0,11.2
2024-03-10,SFO,11.8,8.3,16.7,1.5,12.6
2024-03-11,SFO,12.3,8.9,15.0,2.0,13.3
2024-03-12,SFO,12.7,10.6,16.1,2.5,22.7
2024-03-13,SFO,11.9,8.3,16.7,0.0,19.4
2024-03-14,SFO,15.4,13.9,18.9,0.0,26.6
2024-03-15,SFO,17.1,14.4,22.8,0.0,17.6
2024-03-16,SFO,16.7,12.2,21.7,0.0,13.0
2024-03-17,SFO,13.8,10.0,18.3,0.0,14.4
2024-03-18,SFO,13.7,10.6,17.8,0.0,19.1
2024-03-19,SFO,12.9,11.1,16.7,0.0,19.4
2024-03-20,SFO,13.0,9.4,17.8,0.0,16.6
2024-03-21,SFO,13.8,11.1,19.4,0.0,12.6
2024-03-22,SFO,14.7,11.1,19.4,4.1,18.4
2024-03-23,SFO,12.6,10.0,15.6,3.0,19.4
2024-03-24,SFO,12.3,10.0,15.6,3.3,31.3
2024-03-25,SFO,12.6,11.1,15.0,0.0,28.8
2024-03-26,SFO,12.6,10.6,15.6,0.0,22.3
2024-03-27,SFO,11.9,8.9,14.4,4.1,14.8
2024-03-28,SFO,13.1,10.0,16.1,4.1,11.9
2024-03-29,SFO,11.3,9.4,12.2,14.7,20.5
2024-03-30,SFO,11.7,8.9,17.2,1.5,11.9
2024-03-31,SFO,13.2,10.0,18.3,0.0,12.6
2024-04-01,SFO,13.7,8.9,21.7,0.0,11.5
2024-04-02,SFO,14.7,10.0,19.4,0.0,16.2
2024-04-03,SFO,12.8,10.6,15.0,0.0,22.0
2024-04-04,SFO,10.7,6.7,12.8,12.7,18.4
2024-04-05,SFO,9.2,6.7,13.9,0.0,27.4
2024-04-06,SFO,11.2,8.3,15.0,0.0,18.7
2024-04-07,SFO,11.9,8.3,15.6,0.0,22.3
2024-04-08,SFO,12.7,8.3,18.9,0.0,17.3
2024-04-09,SFO,13.7,8.9,21.7,0.0,13.7
2024-04-10,SFO,14.1,9.4,22.2,0.0,14.8
2024-04-11,SFO,15.3,10.6,21.7,0.0,21.2
2024-04-12,SFO,13.1,10.6,16.1,0.0,24.1
2024-04-13,SFO,11.7,8.9,13.3,5.6,24.1
2024-04-14,SFO,11.3,9.4,16.1,1.3,20.9
2024-04-15,SFO,12.8,10.0,18.3,0.0,13.0
2024-04-16,SFO,14.1,10.0,22.2,0.0,13.3
2024-04-17,SFO,15.4,11.1,24.4,0.0,14.8
2024-04-18,SFO,15.1,11.1,21.7,0.0,18.0
2024-04-19,SFO,13.5,10.0,18.3,0.0,15.1
2024-04-20,SFO,13.9,10.6,19.4,0.0,19.8
2024-04-21,SFO,15.7,11.7,22.2,0.0,17.6
2024-04-22,SFO,16.2,12.2,22.2,0.0,14.0
2024-04-23,SFO,14.7,13.3,16.7,0.0,20.5
2024-04-24,SFO,14.9,12.2,16.7,0.0,16.6
2024-04-25,SFO,14.0,12.2,17.2,0.0,23.8
2024-04-26,SFO,14.5,11.7,17.2,0.0,37.1
2024-04-27,SFO,13.7,10.6,18.3,0.0,25.9
2024-04-28,SFO,13.4,11.1,17.8,0.0,35.3
2024-04-29,SFO,14.1,10.6,18.9,0.0,30.2
2024-04-30,SFO,13.0,9.4,18.3,0.0,27.4
2024-05-01,SFO,14.6,9.4,22.2,0.0,21.2
2024-05-02,SFO,14.8,11.1,19.4,0.0,32.0
2024-05-03,SFO,14.1,10.6,20.6,0.0,24.8
2024-05-04,SFO,12.7,10.0,13.9,24.1,19.1
2024-05-05,SFO,11.9,8.9,15.6,0.0,27.4
2024-05-06,SFO,12.9,9.4,20.0,0.0,21.6
2024-05-07,SFO,13.6,10.6,17.2,0.0,17.3
2024-05-08,SFO,16.6,11.1,24.4,0.0,16.9
2024-05-09,SFO,21.2,15.6,28.9,0.0,13.0
2024-05-10,SFO,18.8,13.3,26.7,0.0,14.4
2024-05-11,SFO,17.7,12.2,21.1,0.0,19.1
2024-05-12,SFO,14.8,11.1,17.8,0.0,21.2
2024-05-13,SFO,13.4,11.1,18.3,0.0,20.9
2024-05-14,SFO,14.1,11.1,19.4,0.0,16.9
2024-05-15,SFO,14.5,11.7,20.0,0.0,15.5
2024-05-16,SFO,15.6,12.2,21.1,0.0,13.3
2024-05-17,SFO,15.6,12.2,21.1,0.0,15.5
2024-05-18,SFO,15.6,12.2,20.6,0.0,12.6
2024-05-19,SFO,15.1,11.1,20.6,0.0,18.4
2024-05-20,SFO,15.0,11.1,22.2,0.0,16.2
2024-05-21,SFO,15.9,11.1,25.0,0.0,17.3
2024-05-22,SFO,15.8,12.2,20.0,0.0,26.3
2024-05-23,SFO,14.5,11.1,18.9,0.0,28.1
2024-05-24,SFO,12.8,11.1,15.0,0.0,27.0
2024-05-25,SFO,13.4,11.7,16.7,0.0,23.0
2024-05-26,SFO,14.0,10.6,21.1,0.0,17.6
2024-05-27,SFO,14.4,11.1,18.3,0.0,19.1
2024-05-28,SFO,14.7,11.7,20.0,0.0,24.8
2024-05-29,SFO,16.4,11.7,25.0,0.0,23.0
2024-05-30,SFO,16.9,11.7,24.4,0.0,19.1
2024-05-31,SFO,17.3,12.8,22.8,0.0,19.4
2024-06-01,SFO,14.9,12.2,18.3,0.0,31.7
2024-06-02,SFO,14.8,12.2,20.6,0.0,34.2
2024-06-03,SFO,16.3,12.2,20.6,0.0,29.5
2024-06-04,SFO,16.1,11.7,25.6,0.0,23.4
2024-06-05,SFO,18.6,12.8,26.7,0.0,21.6
2024-06-06,SFO,15.5,11.7,18.3,0.0,26.3
2024-06-07,SFO,15.1,11.7,21.7,0.0,14.4
2024-06-08,SFO,15.6,12.2,20.0,0.0,20.9
2024-06-09,SFO,15.4,12.2,18.3,0.0,21.6
2024-06-10,SFO,14.4,11.1,20.0,0.0,19.8
2024-06-11,SFO,15.7,11.1,27.2,0.0,18.7
2024-06-12,SFO,16.3,11.7,21.7,0.0,15.8
2024-06-13,SFO,15.7,11.7,19.4,0.0,15.8
2024-06-14,SFO,14.1,11.1,19.4,0.0,24.8
2024-06-15,SFO,14.9,11.1,20.6,0.0,34.9
2024-06-16,SFO,14.4,10.6,20.0,0.0,34.2
2024-06-17,SFO,15.4,10.6,23.3,0.0,23.4
2024-06-18,SFO,16.9,11.7,22.2,0.0,21.2
2024-06-19,SFO,13.8,10.6,17.2,0.0,23.0
2024-06-20,SFO,12.9,10.6,17.2,0.0,20.5
2024-06-21,SFO,13.3,10.6,18.9,0.0,21.2
2024-06-22,SFO,13.8,10.0,20.6,0.0,17.3
2024-06-23,SFO,15.2,12.2,19.4,0.0,23.8
2024-06-24,SFO,15.5,11.1,23.3,0.0,21.6
2024-06-25,SFO,15.8,11.7,22.2,0.0,22.7
2024-06-26,SFO,14.1,11.7,18.3,0.0,27.0
2024-06-27,SFO,14.7,11.1,18.9,0.0,27.7
2024-06-28,SFO,15.2,11.1,22.8,0.0,18.4
2024-06-29,SFO,15.7,11.7,23.3,0.0,16.2
2024-06-30,SFO,17.8,12.2,21.1,0.0,26.6
2024-07-01,SFO,16.1,12.2,23.3,0.0,20.2
2024-07-02,SFO,19.1,13.9,31.1,0.0,13.0
2024-07-03,SFO,22.5,16.7,30.0,0.0,16.2
2024-07-04,SFO,21.1,13.3,30.6,0.0,18.0
2024-07-05,SFO,18.5,12.8,25.0,0.0,22.7
2024-07-06,SFO,17.7,13.3,24.4,0.0,23.0
2024-07-07,SFO,17.3,13.3,22.2,0.0,22.3
2024-07-08,SFO,16.4,13.3,21.7,0.0,22.7
2024-07-09,SFO,16.4,14.4,22.2,0.0,20.5
2024-07-10,SFO,17.2,13.9,23.3,0.0,18.4
2024-07-11,SFO,18.2,13.3,27.2,0.0,18.7
2024-07-12,SFO,17.3,12.2,21.1,0.0,24.1
2024-07-13,SFO,15.6,12.2,22.2,0.0,17.6
2024-07-14,SFO,16.6,13.3,20.6,0.0,19.1
2024-07-15,SFO,16.2,13.3,21.1,0.0,18.0
2024-07-16,SFO,16.9,13.9,21.1,0.0,21.2
2024-07-17,SFO,15.6,12.8,19.4,0.0,23.8
2024-07-18,SFO,16.0,12.8,21.1,0.0,24.5
2024-07-19,SFO,17.3,12.2,27.2,0.0,21.2
2024-07-20,SFO,17.3,13.3,20.0,0.0,27.0
2024-07-21,SFO,14.9,12.8,17.8,0.0,20.9
2024-07-22,SFO,15.9,12.2,23.9,0.0,16.9
2024-07-23,SFO,17.4,12.8,25.6,0.0,16.9
2024-07-24,SFO,20.2,15.0,26.7,0.0,19.8
2024-07-25,SFO,18.1,13.9,25.0,0.0,21.6
2024-07-26,SFO,15.7,12.2,18.9,0.0,25.2
2024-07-27,SFO,13.8,12.8,15.6,0.0,18.4
2024-07-28,SFO,14.9,12.8,21.1,0.0,17.3
2024-07-29,SFO,14.9,12.8,18.9,0.0,18.7
2024-07-30,SFO,16.3,13.9,20.6,0.0,21.6
2024-07-31,SFO,15.9,12.8,20.0,0.0,20.5
2024-08-01,SFO,14.7,12.2,20.0,0.0,23.4
2024-08-02,SFO,14.8,12.2,20.0,0.0,25.6
2024-08-03,SFO,15.8,12.2,21.1,0.0,25.2
2024-08-04,SFO,14.2,12.2,17.8,0.0,23.0
2024-08-05,SFO,13.8,11.7,17.2,0.0,21.6
2024-08-06,SFO,15.1,11.7,23.3,0.0,18.4
2024-08-07,SFO,15.8,12.2,22.2,0.0,21.6
2024-08-08,SFO,14.0,11.1,18.3,0.0,25.9
2024-08-09,SFO,13.8,10.6,18.3,0.0,22.7
2024-08-10,SFO,14.1,11.7,17.8,0.0,19.4
2024-08-11,SFO,14.4,11.7,17.8,0.0,21.2
2024-08-12,SFO,14.4,11.7,18.9,0.0,21.2
2024-08-13,SFO,15.4,12.2,20.6,0.0,20.2
2024-08-14,SFO,15.4,11.1,20.6,0.0,24.1
2024-08-15,SFO,15.3,11.7,20.0,0.0,28.4
2024-08-16,SFO,15.9,10.6,22.2,0.0,23.8
2024-08-17,SFO,17.9,14.4,22.8,0.0,18.4
2024-08-18,SFO,17.1,13.3,20.6,0.0,22.0
2024-08-19,SFO,15.6,11.1,21.1,0.0,24.5
2024-08-20,SFO,16.9,11.7,24.4,0.0,19.4
2024-08-21,SFO,16.9,13.3,21.7,0.0,22.7
2024-08-22,SFO,16.1,13.9,20.0,0.0,26.3
2024-08-23,SFO,15.9,13.3,19.4,0.0,11.2
2024-08-24,SFO,17.5,14.4,22.2,2.5,16.9
2024-08-25,SFO,18.0,13.3,25.6,0.0,15.1
2024-08-26,SFO,19.1,13.3,28.3,0.0,18.0
2024-08-27,SFO,17.8,12.8,30.0,0.0,14.4
2024-08-28,SFO,18.9,13.3,21.7,0.0,18.0
2024-08-29,SFO,16.6,13.9,21.7,0.0,14.0
2024-08-30,SFO,16.8,14.4,21.7,0.0,20.9
2024-08-31,SFO,17.2,15.0,20.0,0.0,24.8
2024-09-01,SFO,17.0,13.9,22.2,0.0,23.8
2024-09-02,SFO,17.9,14.4,21.7,0.0,22.0
2024-09-03,SFO,17.6,10.6,28.9,0.0,13.7
2024-09-04,SFO,17.8,12.8,22.2,0.0,19.8
2024-09-05,SFO,15.6,11.7,24.4,0.0,18.4
2024-09-06,SFO,15.2,11.7,21.1,0.0,26.6
2024-09-07,SFO,14.3,11.7,18.9,0.0,27.0
2024-09-08,SFO,14.1,10.6,21.7,0.0,20.5
2024-09-09,SFO,14.4,11.7,20.6,0.0,19.8
2024-09-10,SFO,14.8,11.1,19.4,0.0,19.8
2024-09-11,SFO,14.8,11.7,19.4,0.0,32.0
2024-09-12,SFO,15.2,10.6,22.8,0.0,18.7
2024-09-13,SFO,16.2,11.7,22.8,0.0,17.3
2024-09-14,SFO,14.6,11.1,21.1,0.0,14.4
2024-09-15,SFO,14.2,12.2,17.8,0.0,35.3
2024-09-16,SFO,14.7,12.2,19.4,0.0,19.4
2024-09-17,SFO,14.9,12.2,18.3,0.0,16.9
2024-09-18,SFO,16.3,12.8,21.7,0.0,17.6
2024-09-19,SFO,15.2,12.2,18.9,0.0,16.9
2024-09-20,SFO,15.4,12.8,19.4,0.0,16.6
2024-09-21,SFO,15.2,12.2,21.1,0.0,13.3
2024-09-22,SFO,15.3,12.2,21.7,0.0,14.0
2024-09-23,SFO,15.8,11.7,30.0,0.0,9.7
2024-09-24,SFO,21.1,14.4,26.1,0.0,12.6
2024-09-25,SFO,17.0,13.3,21.1,0.0,13.7
2024-09-26,SFO,15.7,13.3,20.6,0.0,17.6
2024-09-27,SFO,17.3,12.8,30.0,0.0,10.8
2024-09-28,SFO,18.3,13.3,18.9,0.0,23.0
2024-09-29,SFO,15.2,13.3,19.4,0.0,14.8
2024-09-30,SFO,17.1,12.2,30.6,0.0,9.4
2024-10-01,SFO,22.3,16.1,34.4,0.0,6.5
2024-10-02,SFO,24.2,18.3,33.3,0.0,9.4
2024-10-03,SFO,22.1,16.1,31.1,0.0,11.9
2024-10-04,SFO,19.0,14.4,27.8,0.0,15.1
2024-10-05,SFO,21.6,16.7,34.4,0.0,7.6
2024-10-06,SFO,25.1,20.0,36.7,0.0,6.8
2024-10-07,SFO,25.2,17.2,30.6,0.0,15.1
2024-10-08,SFO,18.5,13.9,21.7,0.0,24.5
2024-10-09,SFO,15.2,10.6,18.3,0.0,18.4
2024-10-10,SFO,15.7,12.2,18.9,0.0,18.7
2024-10-11,SFO,14.6,11.1,21.7,0.0,13.0
2024-10-12,SFO,16.6,13.3,22.2,0.0,9.7
2024-10-13,SFO,19.4,13.9,23.9,0.0,16.6
2024-10-14,SFO,15.5,13.3,18.3,0.0,18.0
2024-10-15,SFO,16.0,12.2,22.2,0.0,16.6
2024-10-16,SFO,16.9,13.9,20.0,0.0,18.4
2024-10-17,SFO,15.6,12.8,18.9,0.0,28.8
2024-10-18,SFO,17.9,13.9,22.8,0.0,18.4
2024-10-19,SFO,18.4,12.2,26.1,0.0,6.5
2024-10-20,SFO,17.3,11.1,24.4,0.0,7.9
2024-10-21,SFO,15.1,10.6,20.0,0.0,17.3
2024-10-22,SFO,13.6,10.0,18.9,0.0,15.8
2024-10-23,SFO,13.8,9.4,21.7,0.0,11.9
2024-10-24,SFO,16.1,11.1,23.9,0.0,8.3
2024-10-25,SFO,16.2,11.1,23.3,0.0,8.3
2024-10-26,SFO,15.6,10.0,22.2,0.0,10.4
2024-10-27,SFO,16.7,13.3,20.6,0.0,14.0
2024-10-28,SFO,14.8,11.7,17.8,0.0,21.6
2024-10-29,SFO,12.8,8.9,17.8,0.0,14.4
2024-10-30,SFO,12.1,7.8,17.2,0.0,13.3
2024-10-31,SFO,13.7,10.6,18.3,0.3,17.6
2024-11-01,SFO,13.8,9.4,20.0,0.3,13.0
2024-11-02,SFO,15.4,12.8,17.8,0.3,22.7
2024-11-03,SFO,14.6,11.1,20.0,0.0,21.6
2024-11-04,SFO,15.9,11.1,22.8,0.0,14.8
2024-11-05,SFO,15.1,10.6,21.7,0.0,16.9
2024-11-06,SFO,17.3,12.8,19.4,0.0,26.3
2024-11-07,SFO,15.7,10.6,21.1,0.0,7.2
2024-11-08,SFO,14.8,9.4,21.1,0.0,7.6
2024-11-09,SFO,13.8,8.3,20.0,0.0,9.4
2024-11-10,SFO,13.6,8.9,21.1,0.0,7.9
2024-11-11,SFO,15.4,12.2,17.2,5.6,15.5
2024-11-12,SFO,13.4,9.4,17.2,0.0,7.9
2024-11-13,SFO,12.8,7.8,18.3,0.5,12.2
2024-11-14,SFO,14.3,11.1,17.2,0.0,13.7
2024-11-15,SFO,12.5,10.0,15.6,0.0,19.1
2024-11-16,SFO,11.5,6.7,16.1,0.0,10.1
2024-11-17,SFO,10.8,7.2,15.6,0.0,7.9
2024-11-18,SFO,12.5,8.3,15.0,0.0,20.2
2024-11-19,SFO,10.3,6.7,13.9,0.0,7.2
2024-11-20,SFO,13.5,10.6,17.8,7.1,25.9
2024-11-21,SFO,14.5,12.8,18.3,12.7,23.8
2024-11-22,SFO,15.9,12.8,16.7,64.8,21.6
2024-11-23,SFO,14.1,10.0,15.6,0.5,10.1
2024-11-24,SFO,11.3,6.7,17.2,0.0,7.9
2024-11-25,SFO,13.1,11.1,13.9,8.1,10.1
2024-11-26,SFO,12.9,10.6,14.4,2.8,7.2
2024-11-27,SFO,12.4,8.9,16.1,0.0,6.8
2024-11-28,SFO,10.9,6.1,16.1,0.0,7.2
2024-11-29,SFO,10.8,5.0,15.0,0.0,5.8
2024-11-30,SFO,11.1,6.1,16.1,0.0,7.9
2024-12-01,SFO,15.8,10.6,17.8,0.0,4.0
2024-12-02,SFO,13.7,9.4,17.8,0.0,6.8
2024-12-03,SFO,12.9,8.3,19.4,0.0,5.4
2024-12-04,SFO,13.1,8.3,16.7,0.0,7.9
2024-12-05,SFO,12.8,10.0,17.2,0.0,6.1
2024-12-06,SFO,12.8,8.9,19.4,0.0,4.0
2024-12-07,SFO,12.9,8.9,15.6,0.0,4.7
2024-12-08,SFO,13.1,9.4,18.9,0.0,4.3
2024-12-09,SFO,12.8,7.8,17.8,0.0,9.4
2024-12-10,SFO,12.5,7.8,14.4,0.0,7.9
2024-12-11,SFO,10.5,6.7,14.4,0.8,7.9
2024-12-12,SFO,12.9,10.6,15.6,19.6,20.5
2024-12-13,SFO,12.4,11.1,15.0,8.1,18.4
2024-12-14,SFO,13.3,9.4,14.4,40.4,27.7
2024-12-15,SFO,9.9,6.1,12.2,0.0,4.7
2024-12-16,SFO,10.5,7.2,14.4,7.1,7.6
2024-12-17,SFO,11.6,9.4,13.3,0.0,5.0
2024-12-18,SFO,11.1,7.8,13.9,0.0,6.1
2024-12-19,SFO,11.1,7.2,14.4,0.0,11.9
2024-12-20,SFO,10.2,7.2,13.3,0.0,9.4
2024-12-21,SFO,12.6,10.0,15.0,2.8,9.4
2024-12-22,SFO,12.8,12.2,15.0,4.6,7.6
2024-12-23,SFO,13.7,12.8,17.8,0.5,7.9
2024-12-24,SFO,14.2,10.0,18.3,11.2,19.8
2024-12-25,SFO,10.6,7.2,12.8,0.0,7.2
2024-12-26,SFO,12.4,10.6,16.7,6.9,15.1
2024-12-27,SFO,15.3,12.8,16.7,5.3,19.1
2024-12-28,SFO,14.8,13.3,18.3,0.3,10.8
2024-12-29,SFO,15.7,11.1,16.7,7.1,22.0
2024-12-30,SFO,11.4,7.8,15.0,0.0,9.4
2024-12-31,SFO,10.2,6.1,14.4,0.0,6.8
2025-01-01,SFO,9.9,5.6,12.8,0.0,5.8
2025-01-02,SFO,11.3,8.3,15.6,0.0,6.1
2025-01-03,SFO,12.9,10.0,16.1,3.0,11.2
2025-01-04,SFO,11.1,7.8,12.8,0.0,6.1
2025-01-05,SFO,10.8,7.8,15.0,0.0,4.7
2025-01-06,SFO,10.9,8.3,14.4,0.0,6.1
2025-01-07,SFO,13.6,10.0,18.3,0.0,17.6
2025-01-08,SFO,15.7,10.0,18.3,0.0,13.7
2025-01-09,SFO,12.7,7.2,21.7,0.0,4.0
2025-01-10,SFO,14.1,9.4,18.3,0.0,10.4
2025-01-11,SFO,13.4,8.9,18.9,0.0,13.0
2025-01-12,SFO,14.7,10.0,17.8,0.0,10.8
2025-01-13,SFO,12.4,7.8,16.1,0.0,18.4
2025-01-14,SFO,10.6,5.6,16.7,0.0,5.4
2025-01-15,SFO,10.3,5.6,13.9,0.0,2.9
2025-01-16,SFO,10.2,5.6,15.6,0.0,7.6
2025-01-17,SFO,10.2,5.6,13.3,0.0,12.2
2025-01-18,SFO,10.3,8.3,12.8,0.0,7.6
2025-01-19,SFO,9.1,5.6,12.2,0.0,9.7
2025-01-20,SFO,10.0,6.1,16.1,0.0,12.6
2025-01-21,SFO,10.7,4.4,15.6,0.0,3.6
2025-01-22,SFO,9.7,4.4,16.7,0.0,3.6
2025-01-23,SFO,12.6,7.2,19.4,0.0,6.8
2025-01-24,SFO,11.7,6.1,15.6,0.0,10.1
2025-01-25,SFO,11.7,8.9,14.4,0.3,11.5
2025-01-26,SFO,10.7,8.3,13.9,0.0,17.6
2025-01-27,SFO,9.4,3.9,15.6,0.0,7.2
2025-01-28,SFO,9.7,5.0,14.4,0.0,12.2
2025-01-29,SFO,11.1,7.8,12.8,0.0,10.4
2025-01-30,SFO,10.2,8.9,11.7,0.0,6.8
2025-01-31,SFO,9.9,8.9,13.3,2.8,13.7
2025-02-01,SFO,12.9,11.7,16.7,4.3,15.1
2025-02-02,SFO,15.2,13.9,16.1,2.8,20.2
2025-02-03,SFO,14.8,12.8,16.7,1.0,24.5
2025-02-04,SFO,14.1,8.3,16.7,44.5,32.0
2025-02-05,SFO,9.4,5.6,13.3,0.0,9.4
2025-02-06,SFO,10.5,7.2,17.2,17.0,25.9
2025-02-07,SFO,12.5,8.3,14.4,1.5,11.9
2025-02-08,SFO,9.7,5.6,13.9,0.0,12.2
2025-02-09,SFO,9.2,3.9,13.9,0.0,5.8
2025-02-10,SFO,8.8,3.3,13.9,0.0,9.7
2025-02-11,SFO,8.8,4.4,12.2,0.5,15.1
2025-02-12,SFO,9.1,7.2,11.7,9.4,11.5
2025-02-13,SFO,12.8,11.7,15.6,48.3,36.7
2025-02-14,SFO,12.6,8.9,13.9,0.3,25.2
2025-02-15,SFO,9.6,5.6,13.9,0.0,6.5
2025-02-16,SFO,10.8,7.2,15.0,0.0,11.9
2025-02-17,SFO,12.0,8.9,15.0,0.0,18.7
2025-02-18,SFO,10.9,7.2,15.0,0.0,10.1
2025-02-19,SFO,12.2,9.4,17.8,0.5,13.0
2025-02-20,SFO,12.0,7.2,18.3,0.0,9.0
2025-02-21,SFO,12.0,7.2,18.9,0.0,11.2
2025-02-22,SFO,11.3,7.2,17.8,0.0,12.6
2025-02-23,SFO,12.5,9.4,16.7,0.0,11.9
2025-02-24,SFO,13.2,11.1,17.8,0.0,13.7
2025-02-25,SFO,12.9,8.3,17.8,0.0,13.3
2025-02-26,SFO,11.9,7.2,20.6,0.0,5.8
2025-02-27,SFO,14.6,8.9,21.7,0.0,7.9
2025-02-28,SFO,14.9,10.0,21.1,0.0,10.1
2025-03-01,SFO,12.0,8.9,15.0,0.5,17.6
2025-03-02,SFO,11.8,9.4,13.9,3.3,32.4
2025-03-03,SFO,10.7,7.8,13.9,0.0,25.9
2025-03-04,SFO,11.1,9.4,15.6,0.0,10.1
2025-03-05,SFO,12.5,9.4,13.3,0.0,24.8
2025-03-06,SFO,10.3,7.8,14.4,1.0,19.8
2025-03-07,SFO,11.1,7.2,17.8,0.0,16.2
2025-03-08,SFO,10.9,6.1,17.2,0.0,10.4
2025-03-09,SFO,11.0,6.1,16.1,0.0,9.7
2025-03-10,SFO,11.2,7.2,18.9,0.0,7.9
2025-03-11,SFO,12.8,7.8,17.8,0.0,14.0
2025-03-12,SFO,12.9,8.3,16.1,13.0,24.5
2025-03-13,SFO,9.5,7.2,12.2,3.6,19.4
2025-03-14,SFO,9.8,6.1,14.4,11.2,24.8
2025-03-15,SFO,11.7,9.4,16.1,0.0,12.2
2025-03-16,SFO,11.8,8.3,15.6,1.5,22.7
2025-03-17,SFO,11.9,9.4,14.4,3.3,26.3
2025-03-18,SFO,9.9,5.6,15.0,0.0,14.8
2025-03-19,SFO,10.3,5.6,15.6,0.0,12.2
2025-03-20,SFO,11.3,7.8,15.6,0.0,17.6
2025-03-21,SFO,11.5,7.8,16.1,0.0,17.3
2025-03-22,SFO,12.6,10.6,16.1,0.0,24.1
2025-03-23,SFO,12.6,9.4,18.9,0.0,16.9
2025-03-24,SFO,13.9,10.0,24.4,0.0,4.3
2025-03-25,SFO,18.8,12.2,27.8,0.0,11.2
2025-03-26,SFO,15.4,12.2,17.2,0.0,20.9
2025-03-27,SFO,14.3,12.2,17.2,2.0,20.5
2025-03-28,SFO,13.4,10.6,16.1,0.8,15.8
2025-03-29,SFO,11.7,8.3,15.0,0.0,13.7
2025-03-30,SFO,13.1,10.0,18.3,0.3,23.8
2025-03-31,SFO,13.9,9.4,16.1,3.0,23.8
2025-04-01,SFO,11.3,9.4,13.9,8.1,25.6
2025-04-02,SFO,10.7,6.7,15.0,0.0,23.4
2025-04-03,SFO,11.1,6.7,16.1,0.0,16.2
2025-04-04,SFO,12.5,7.2,21.1,0.0,14.0
2025-04-05,SFO,13.8,9.4,20.6,0.0,15.5
2025-04-06,SFO,13.2,8.9,19.4,0.0,14.8
2025-04-07,SFO,14.9,12.2,17.8,0.3,14.4
2025-04-08,SFO,13.8,10.6,18.3,0.0,18.0
2025-04-09,SFO,14.3,10.0,22.8,0.0,14.8
2025-04-10,SFO,14.5,10.0,19.4,0.0,24.8
2025-04-11,SFO,14.5,10.6,17.8,0.0,31.7
2025-04-12,SFO,12.3,9.4,16.1,0.0,23.8
2025-04-13,SFO,12.9,8.3,25.6,0.0,12.2
2025-04-14,SFO,15.1,10.0,19.4,0.0,17.3
2025-04-15,SFO,13.8,10.6,18.3,0.0,15.5
2025-04-16,SFO,13.8,11.7,16.7,0.0,15.5
2025-04-17,SFO,12.9,10.6,16.1,0.0,11.5
2025-04-18,SFO,12.8,10.6,17.8,0.0,15.8
2025-04-19,SFO,12.6,9.4,18.3,0.0,14.8
2025-04-20,SFO,13.0,9.4,17.2,0.0,16.9
2025-04-21,SFO,12.4,8.9,21.1,0.0,15.1
2025-04-22,SFO,13.6,9.4,20.0,0.0,15.5
2023-04-23,ATL,15.8,10.6,21.7,0.0,13.7
2023-04-24,ATL,14.8,10.0,20.6,0.0,14.4
2023-04-25,ATL,15.1,8.3,23.3,0.0,12.6
2023-04-26,ATL,15.6,13.3,16.7,0.0,18.4
2023-04-27,ATL,14.3,12.8,16.7,10.2,14.8
2023-04-28,ATL,18.9,15.6,26.1,0.0,12.6
2023-04-29,ATL,19.2,13.9,23.3,5.3,9.0
2023-04-30,ATL,18.2,11.7,22.8,29.2,23.4
2023-05-01,ATL,15.1,10.0,20.0,0.0,20.9
2023-05-02,ATL,15.6,8.9,22.8,0.0,24.1
2023-05-03,ATL,16.1,8.9,22.2,0.0,20.5
2023-05-04,ATL,16.6,10.0,23.9,0.0,10.1
2023-05-05,ATL,17.1,14.4,17.8,0.3,7.6
2023-05-06,ATL,18.2,15.0,24.4,0.0,11.9
2023-05-07,ATL,21.3,16.1,28.3,0.0,8.6
2023-05-08,ATL,23.7,19.4,30.0,0.0,13.0
2023-05-09,ATL,24.1,20.0,29.4,0.0,12.6
2023-05-10,ATL,24.0,19.4,28.9,0.0,11.5
2023-05-11,ATL,23.4,19.4,27.2,0.0,13.7
2023-05-12,ATL,21.6,19.4,26.1,5.8,9.4
2023-05-13,ATL,22.8,18.3,30.0,0.0,5.8
2023-05-14,ATL,26.2,21.1,32.2,0.0,12.6
2023-05-15,ATL,25.0,21.1,29.4,1.5,12.6
2023-05-16,ATL,24.6,20.0,31.1,7.4,10.8
2023-05-17,ATL,21.7,18.9,27.2,0.0,10.8
2023-05-18,ATL,20.7,17.8,22.2,0.0,18.4
2023-05-19,ATL,18.9,16.1,22.8,0.0,14.4
2023-05-20,ATL,20.9,18.3,25.0,14.2,8.6
2023-05-21,ATL,22.2,18.3,26.7,0.0,11.9
2023-05-22,ATL,20.6,17.2,21.1,10.4,20.5
2023-05-23,ATL,18.9,17.8,22.2,0.3,20.2
2023-05-24,ATL,21.2,18.3,26.7,0.0,14.8
2023-05-25,ATL,21.8,16.7,27.2,0.0,17.3
2023-05-26,ATL,21.4,16.7,25.0,0.0,21.6
2023-05-27,ATL,19.8,15.6,25.0,0.0,25.9
2023-05-28,ATL,19.1,14.4,26.1,0.0,15.8
2023-05-29,ATL,20.2,16.7,23.9,0.0,15.5
2023-05-30,ATL,21.4,16.1,28.3,0.0,14.4
2023-05-31,ATL,22.2,19.4,26.1,0.0,20.9
2023-06-01,ATL,22.4,17.8,28.9,0.0,13.7
2023-06-02,ATL,24.9,20.0,30.6,0.0,13.0
2023-06-03,ATL,25.7,19.4,31.7,0.0,13.7
2023-06-04,ATL,24.1,20.0,27.8,13.2,12.6
2023-06-05,ATL,21.9,17.8,28.9,0.0,7.6
2023-06-06,ATL,25.7,20.0,32.2,0.0,12.6
2023-06-07,ATL,26.0,20.6,32.2,0.0,13.7
2023-06-08,ATL,25.2,21.1,29.4,0.0,14.8
2023-06-09,ATL,23.9,18.9,29.4,0.0,12.6
2023-06-10,ATL,24.3,17.2,30.6,0.0,7.2
2023-06-11,ATL,23.9,19.4,28.9,17.0,13.3
2023-06-12,ATL,22.8,18.9,27.2,4.6,15.5
2023-06-13,ATL,21.7,17.2,26.1,0.0,13.3
2023-06-14,ATL,21.6,19.4,24.4,21.3,11.5
2023-06-15,ATL,22.4,20.0,27.8,0.0,12.6
2023-06-16,ATL,25.2,21.7,31.1,0.0,14.4
2023-06-17,ATL,26.3,20.6,32.2,0.0,10.4
2023-06-18,ATL,26.2,20.6,30.0,0.0,7.9
2023-06-19,ATL,23.4,19.4,25.6,25.4,12.2
2023-06-20,ATL,24.1,21.1,29.4,0.8,9.4
2023-06-21,ATL,21.9,18.9,24.4,9.4,20.2
2023-06-22,ATL,21.2,18.3,27.2,1.3,11.5
2023-06-23,ATL,24.1,20.6,29.4,0.0,10.8
2023-06-24,ATL,25.2,19.4,31.1,0.0,13.0
2023-06-25,ATL,27.1,20.0,33.3,17.0,13.0
2023-06-26,ATL,24.1,19.4,32.8,0.0,13.7
2023-06-27,ATL,27.3,22.2,31.7,0.0,15.5
2023-06-28,ATL,27.1,21.1,32.2,0.0,10.4
2023-06-29,ATL,27.9,22.2,33.3,0.0,8.6
2023-06-30,ATL,26.3,22.2,32.2,1.3,8.3
2023-07-01,ATL,27.2,22.8,35.6,0.0,12.2
2023-07-02,ATL,27.5,22.8,33.9,15.5,9.0
2023-07-03,ATL,26.2,22.2,31.7,0.3,9.4
2023-07-04,ATL,26.1,22.8,33.3,0.0,5.0
2023-07-05,ATL,27.1,23.9,31.1,0.0,9.0
2023-07-06,ATL,27.8,22.8,33.9,0.0,11.5
2023-07-07,ATL,27.3,23.3,33.3,0.0,10.4
2023-07-08,ATL,27.5,22.2,33.3,0.0,13.3
2023-07-09,ATL,27.3,21.7,32.8,4.8,14.8
2023-07-10,ATL,25.2,21.1,30.6,18.5,13.3
2023-07-11,ATL,26.7,21.7,32.2,0.0,9.7
2023-07-12,ATL,27.9,23.3,33.3,0.0,7.9
2023-07-13,ATL,28.2,23.3,33.3,0.0,10.8
2023-07-14,ATL,27.9,23.9,33.9,0.0,9.0
2023-07-15,ATL,28.7,25.0,33.9,0.0,13.7
2023-07-16,ATL,28.1,22.8,34.4,0.0,14.4
2023-07-17,ATL,27.4,21.7,32.8,0.0,9.0
2023-07-18,ATL,28.0,22.8,33.9,0.0,9.7
2023-07-19,ATL,28.6,24.4,34.4,0.0,11.5
2023-07-20,ATL,29.8,23.3,35.6,0.0,14.4
2023-07-21,ATL,27.1,22.2,34.4,3.3,15.5
2023-07-22,ATL,24.4,21.7,30.6,1.3,12.2
2023-07-23,ATL,27.2,22.2,33.3,0.0,9.0
2023-07-24,ATL,27.8,22.2,33.9,0.0,11.2
2023-07-25,ATL,28.2,21.7,35.0,0.0,10.4
2023-07-26,ATL,29.7,24.4,35.6,0.0,7.6
2023-07-27,ATL,29.7,23.9,36.1,0.0,6.1
2023-07-28,ATL,29.7,25.0,34.4,0.3,7.6
2023-07-29,ATL,29.2,25.0,36.7,0.0,10.1
2023-07-30,ATL,29.5,23.9,34.4,0.0,13.7
2023-07-31,ATL,28.7,23.3,36.1,0.0,12.6
2023-08-01,ATL,29.3,22.8,35.6,0.0,13.7
2023-08-02,ATL,27.9,23.3,32.8,0.0,12.2
2023-08-03,ATL,26.8,22.8,33.3,5.8,11.9
2023-08-04,ATL,25.7,22.8,32.8,0.0,12.6
2023-08-05,ATL,28.1,23.3,35.6,0.0,7.6
2023-08-06,ATL,28.3,21.7,35.6,27.2,10.1
2023-08-07,ATL,25.2,21.7,33.9,6.6,13.7
2023-08-08,ATL,24.8,22.2,31.1,0.0,12.2
2023-08-09,ATL,25.1,20.6,31.7,0.8,11.2
2023-08-10,ATL,25.8,20.6,30.6,4.1,13.7
2023-08-11,ATL,26.6,22.2,32.2,16.5,10.4
2023-08-12,ATL,26.9,22.8,34.4,20.8,12.2
2023-08-13,ATL,26.2,22.2,34.4,0.0,9.0
2023-08-14,ATL,29.2,24.4,35.6,0.3,10.8
2023-08-15,ATL,27.3,22.8,32.2,16.0,10.8
2023-08-16,ATL,24.6,19.4,30.0,0.0,10.8
2023-08-17,ATL,25.2,20.0,30.6,0.0,9.4
2023-08-18,ATL,26.0,20.6,32.2,0.0,11.9
2023-08-19,ATL,27.4,23.3,31.7,0.0,9.4
2023-08-20,ATL,27.3,22.2,33.3,0.0,10.4
2023-08-21,ATL,29.3,23.9,35.6,0.0,7.2
2023-08-22,ATL,30.1,24.4,35.6,0.0,10.1
2023-08-23,ATL,30.3,27.2,33.9,0.0,13.7
2023-08-24,ATL,29.4,24.4,35.6,0.0,6.5
2023-08-25,ATL,31.0,26.7,36.7,0.0,13.7
2023-08-26,ATL,31.3,25.0,37.2,0.0,13.3
2023-08-27,ATL,30.3,25.0,36.1,0.0,10.4
2023-08-28,ATL,27.4,22.8,33.9,21.3,12.6
2023-08-29,ATL,25.9,22.8,32.2,2.0,11.5
2023-08-30,ATL,24.8,21.7,29.4,11.7,15.8
2023-08-31,ATL,24.6,20.0,31.1,0.0,10.8
2023-09-01,ATL,25.8,22.8,29.4,0.0,18.4
2023-09-02,ATL,24.1,20.0,28.3,0.0,11.2
2023-09-03,ATL,24.7,19.4,30.6,0.0,5.8
2023-09-04,ATL,26.4,20.6,32.8,0.0,4.7
2023-09-05,ATL,26.7,22.2,32.2,0.0,5.8
2023-09-06,ATL,27.3,22.8,32.8,0.0,9.0
2023-09-07,ATL,28.2,23.3,33.3,0.0,12.6
2023-09-08,ATL,25.1,18.9,30.0,0.0,9.7
2023-09-09,ATL,24.9,20.6,30.0,0.0,11.9
2023-09-10,ATL,24.7,19.4,31.7,0.0,9.4
2023-09-11,ATL,26.7,21.1,33.9,0.0,7.9
2023-09-12,ATL,26.8,22.2,33.9,0.0,10.1
2023-09-13,ATL,25.0,21.7,29.4,4.8,9.4
2023-09-14,ATL,23.8,21.1,27.2,2.3,11.9
2023-09-15,ATL,22.1,20.0,23.3,0.8,15.1
2023-09-16,ATL,20.3,18.9,21.7,11.7,9.4
2023-09-17,ATL,21.9,18.9,27.8,13.2,11.2
2023-09-18,ATL,21.4,16.1,27.2,0.0,11.5
2023-09-19,ATL,22.1,16.7,28.3,0.0,6.1
2023-09-20,ATL,22.3,17.8,27.2,0.0,9.7
2023-09-21,ATL,23.1,18.9,28.3,0.0,14.4
2023-09-22,ATL,22.8,18.9,27.8,0.0,11.2
2023-09-23,ATL,23.2,16.1,30.0,0.0,13.3
2023-09-24,ATL,22.2,15.6,30.0,0.0,11.2
2023-09-25,ATL,23.7,16.7,31.7,0.0,9.0
2023-09-26,ATL,24.9,21.7,28.9,0.0,12.6
2023-09-27,ATL,22.4,18.3,23.9,0.0,18.4
2023-09-28,ATL,19.9,16.1,25.6,0.0,13.7
2023-09-29,ATL,22.4,17.2,30.0,0.0,7.9
2023-09-30,ATL,24.6,18.3,30.6,0.0,4.7
2023-10-01,ATL,23.3,18.9,28.3,0.0,12.2
2023-10-02,ATL,23.3,18.3,28.9,0.0,13.3
2023-10-03,ATL,23.2,18.3,28.9,0.0,11.5
2023-10-04,ATL,23.0,18.3,28.9,0.0,10.1
2023-10-05,ATL,22.6,17.2,27.8,0.0,10.4
2023-10-06,ATL,22.7,18.9,26.1,0.3,11.5
2023-10-07,ATL,18.5,11.7,22.2,0.0,24.1
2023-10-08,ATL,14.3,8.3,20.6,0.0,13.7
2023-10-09,ATL,15.8,8.3,23.9,0.0,10.8
2023-10-10,ATL,19.3,12.2,28.3,0.0,13.3
2023-10-11,ATL,20.3,15.6,23.3,17.8,6.8
2023-10-12,ATL,16.9,15.0,20.6,14.0,24.5
2023-10-13,ATL,17.3,15.6,19.4,3.6,15.8
2023-10-14,ATL,19.3,15.6,24.4,0.3,15.1
2023-10-15,ATL,15.9,10.6,18.3,0.0,20.5
2023-10-16,ATL,11.8,7.8,15.6,0.0,20.5
2023-10-17,ATL,12.4,7.2,20.0,0.0,9.7
2023-10-18,ATL,14.6,8.3,21.7,0.0,5.4
2023-10-19,ATL,15.8,10.6,22.2,0.0,5.8
2023-10-20,ATL,17.3,13.9,24.4,9.4,16.9
2023-10-21,ATL,16.8,10.0,24.4,0.0,13.7
2023-10-22,ATL,19.7,14.4,26.1,0.0,15.5
2023-10-23,ATL,17.3,11.7,22.8,0.0,12.2
2023-10-24,ATL,16.4,10.0,23.3,0.0,13.0
2023-10-25,ATL,17.5,11.7,24.4,0.0,11.5
2023-10-26,ATL,20.3,16.1,26.1,0.0,10.8
2023-10-27,ATL,20.3,15.6,26.1,0.0,5.8
2023-10-28,ATL,20.7,15.0,27.8,0.0,3.6
2023-10-29,ATL,21.6,16.1,28.3,0.0,6.1
2023-10-30,ATL,21.4,11.7,29.4,0.0,15.1
2023-10-31,ATL,12.9,7.2,17.8,0.0,22.7
2023-11-01,ATL,7.7,1.1,12.8,0.0,18.7
2023-11-02,ATL,7.1,1.7,13.9,0.0,10.4
2023-11-03,ATL,9.5,2.8,18.9,0.0,7.9
2023-11-04,ATL,13.7,5.6,22.8,0.0,8.3
2023-11-05,ATL,15.1,8.9,23.9,0.0,13.0
2023-11-06,ATL,16.9,9.4,25.6,0.0,7.9
2023-11-07,ATL,18.5,11.7,27.2,0.0,9.4
2023-11-08,ATL,19.7,12.2,26.7,0.0,7.2
2023-11-09,ATL,20.2,15.6,25.6,0.0,9.4
2023-11-10,ATL,18.3,13.9,19.4,1.3,8.3
2023-11-11,ATL,12.2,10.6,13.3,16.3,19.8
2023-11-12,ATL,11.5,10.0,15.0,0.0,15.8
2023-11-13,ATL,14.3,10.6,19.4,0.0,10.8
2023-11-14,ATL,15.7,11.1,20.6,0.0,14.8
2023-11-15,ATL,14.4,11.7,17.2,0.0,19.4
2023-11-16,ATL,15.7,12.2,21.1,0.0,17.6
2023-11-17,ATL,17.2,14.4,22.2,0.0,9.4
2023-11-18,ATL,18.1,12.2,23.3,0.0,16.2
2023-11-19,ATL,14.6,8.3,21.1,0.0,12.2
2023-11-20,ATL,15.6,12.2,19.4,0.0,15.5
2023-11-21,ATL,17.2,14.4,19.4,31.2,18.4
2023-11-22,ATL,13.1,7.8,15.0,0.0,22.0
2023-11-23,ATL,8.9,4.4,14.4,0.0,8.6
2023-11-24,ATL,11.4,6.7,17.8,0.0,8.6
2023-11-25,ATL,10.7,6.7,15.6,0.0,15.8
2023-11-26,ATL,9.2,6.7,10.0,2.3,12.6
2023-11-27,ATL,7.9,3.9,11.1,0.0,20.2
2023-11-28,ATL,5.8,1.7,11.7,0.0,18.4
2023-11-29,ATL,4.4,-2.1,13.3,0.0,8.3
2023-11-30,ATL,8.3,1.7,15.0,0.0,6.1
2023-12-01,ATL,11.3,8.3,18.9,3.8,10.1
2023-12-02,ATL,16.7,14.4,19.4,0.0,9.0
2023-12-03,ATL,18.5,11.1,20.6,2.5,13.0
2023-12-04,ATL,13.3,7.2,20.6,0.0,14.8
2023-12-05,ATL,10.2,4.4,16.1,0.0,14.4
2023-12-06,ATL,9.2,3.9,12.2,0.0,18.7
2023-12-07,ATL,6.7,0.0,15.0,0.0,6.1
2023-12-08,ATL,9.2,2.8,17.2,0.0,6.8
2023-12-09,ATL,14.4,11.1,20.6,7.1,7.9
2023-12-10,ATL,15.4,3.3,18.3,29.5,19.8
2023-12-11,ATL,5.0,0.6,10.6,0.0,18.0
2023-12-12,ATL,5.6,0.6,13.3,0.0,8.6
2023-12-13,ATL,8.1,1.7,15.0,0.0,6.1
2023-12-14,ATL,10.4,5.6,15.0,0.0,16.2
2023-12-15,ATL,7.8,1.7,15.6,0.0,13.7
2023-12-16,ATL,9.4,5.0,14.4,0.0,19.4
2023-12-17,ATL,10.2,8.9,12.2,0.3,22.0
2023-12-18,ATL,9.6,2.8,14.4,0.0,29.2
2023-12-19,ATL,3.7,-1.6,8.3,0.0,13.7
2023-12-20,ATL,4.2,-1.6,11.7,0.0,6.1
2023-12-21,ATL,6.5,0.0,13.9,0.0,2.9
2023-12-22,ATL,9.6,4.4,14.4,0.0,4.7
2023-12-23,ATL,11.6,6.7,19.4,0.0,6.5
2023-12-24,ATL,12.8,7.8,18.3,0.3,15.1
2023-12-25,ATL,15.4,13.9,17.2,43.2,18.0
2023-12-26,ATL,16.4,11.7,17.2,6.9,12.2
2023-12-27,ATL,11.9,8.3,14.4,0.0,12.2
2023-12-28,ATL,9.2,3.9,13.3,0.0,13.0
2023-12-29,ATL,4.7,1.1,7.2,0.0,15.1
2023-12-30,ATL,5.4,1.1,9.4,0.0,13.7
2023-12-31,ATL,4.9,-0.5,13.9,0.0,10.1
2024-01-01,ATL,7.1,1.1,10.0,0.0,17.6
2024-01-02,ATL,4.1,-1.0,12.2,0.0,9.7
2024-01-03,ATL,4.1,-0.5,8.3,0.8,8.3
2024-01-04,ATL,5.1,1.1,11.7,0.0,15.5
2024-01-05,ATL,4.7,0.0,11.7,4.3,18.0
2024-01-06,ATL,6.8,3.9,10.6,17.8,15.1
2024-01-07,ATL,7.7,2.2,10.6,0.0,16.9
2024-01-08,ATL,5.1,0.6,11.1,11.2,20.2
2024-01-09,ATL,8.7,4.4,12.2,69.9,23.8
2024-01-10,ATL,6.2,2.8,10.6,0.0,17.3
2024-01-11,ATL,7.5,1.7,16.7,0.0,9.4
2024-01-12,ATL,8.6,5.6,13.3,5.6,14.8
2024-01-13,ATL,5.8,-0.5,10.0,0.0,18.4
2024-01-14,ATL,5.2,-1.0,14.4,0.0,11.2
2024-01-15,ATL,9.7,5.6,16.1,0.0,7.6
2024-01-16,ATL,3.5,-7.7,7.8,10.2,25.2
2024-01-17,ATL,-4.8,-10.5,3.9,0.0,13.7
2024-01-18,ATL,1.6,-4.3,10.6,0.0,9.4
2024-01-19,ATL,6.9,-2.7,8.9,0.5,26.6
2024-01-20,ATL,-3.3,-8.2,0.0,0.0,25.2
2024-01-21,ATL,-4.4,-9.9,5.0,0.0,7.6
2024-01-22,ATL,2.1,-2.7,10.0,0.0,14.8
2024-01-23,ATL,7.4,5.0,11.1,1.3,16.2
2024-01-24,ATL,11.4,8.9,17.2,2.3,12.2
2024-01-25,ATL,18.1,16.1,22.2,27.9,12.6
2024-01-26,ATL,17.4,15.6,20.6,0.0,5.0
2024-01-27,ATL,16.8,13.9,18.9,11.7,13.0
2024-01-28,ATL,10.7,6.7,13.3,0.0,27.7
2024-01-29,ATL,7.6,3.9,12.2,0.0,23.0
2024-01-30,ATL,6.7,0.6,16.1,0.0,10.8
2024-01-31,ATL,9.8,4.4,13.3,0.0,19.1
2024-02-01,ATL,7.5,0.6,17.2,0.0,9.7
2024-02-02,ATL,11.8,5.0,21.1,0.0,12.2
2024-02-03,ATL,11.9,7.8,16.7,0.0,18.4
2024-02-04,ATL,8.4,5.6,10.0,13.0,32.0
2024-02-05,ATL,8.1,5.6,15.0,1.8,19.8
2024-02-06,ATL,10.6,4.4,18.3,0.0,8.3
2024-02-07,ATL,9.1,2.8,15.0,0.0,8.3
2024-02-08,ATL,8.9,3.9,13.3,0.0,9.4
2024-02-09,ATL,11.9,8.3,17.2,0.0,7.2
2024-02-10,ATL,15.5,13.3,18.9,1.5,9.0
2024-02-11,ATL,16.9,15.6,20.0,15.0,11.2
2024-02-12,ATL,15.5,9.4,16.1,57.2,17.3
2024-02-13,ATL,9.6,5.0,13.9,0.0,23.4
2024-02-14,ATL,9.6,2.8,18.9,0.0,8.6
2024-02-15,ATL,12.5,5.0,20.6,0.0,8.6
2024-02-16,ATL,14.2,10.0,18.3,0.0,10.4
2024-02-17,ATL,9.8,2.2,13.9,0.3,25.6
2024-02-18,ATL,3.9,-0.5,11.7,0.0,13.0
2024-02-19,ATL,8.3,3.9,16.7,0.0,10.8
2024-02-20,ATL,9.6,2.8,16.7,0.0,4.0
2024-02-21,ATL,10.5,3.3,18.9,0.0,7.2
2024-02-22,ATL,13.4,6.7,21.1,0.0,14.0
2024-02-23,ATL,16.5,12.2,20.0,4.6,22.3
2024-02-24,ATL,12.9,6.1,18.9,0.0,21.6
2024-02-25,ATL,9.2,1.1,17.8,0.0,7.9
2024-02-26,ATL,14.2,6.7,22.8,0.0,13.7
2024-02-27,ATL,17.6,13.3,22.8,0.0,18.7
2024-02-28,ATL,19.8,6.7,23.9,5.6,28.8
2024-02-29,ATL,7.6,3.3,11.7,0.0,14.8
2024-03-01,ATL,7.1,4.4,9.4,28.2,22.0
2024-03-02,ATL,9.1,5.6,16.7,0.0,7.2
2024-03-03,ATL,14.0,9.4,21.1,0.0,7.9
2024-03-04,ATL,15.7,13.9,17.2,0.0,10.1
2024-03-05,ATL,14.6,12.8,16.1,25.9,13.7
2024-03-06,ATL,15.4,13.3,18.3,59.9,12.2
2024-03-07,ATL,16.7,11.7,24.4,0.0,9.4
2024-03-08,ATL,17.2,15.0,18.9,36.8,18.4
2024-03-09,ATL,16.2,11.1,20.6,16.5,18.0
2024-03-10,ATL,11.7,6.1,16.1,0.0,28.1
2024-03-11,ATL,10.3,3.3,19.4,0.0,10.8
2024-03-12,ATL,14.1,6.7,23.3,0.0,9.4
2024-03-13,ATL,16.3,8.3,23.9,0.0,6.5
2024-03-14,ATL,18.7,11.1,27.2,0.0,7.6
2024-03-15,ATL,19.6,16.1,22.2,9.1,13.7
2024-03-16,ATL,18.1,13.9,23.9,0.0,13.0
2024-03-17,ATL,15.3,11.7,19.4,0.5,13.0
2024-03-18,ATL,12.0,4.4,16.1,0.0,22.7
2024-03-19,ATL,7.2,0.6,15.6,0.0,16.2
2024-03-20,ATL,12.8,5.6,23.3,0.0,12.2
2024-03-21,ATL,17.7,10.6,25.0,0.0,6.1
2024-03-22,ATL,16.4,13.3,18.3,6.4,19.1
2024-03-23,ATL,15.5,10.0,20.6,1.0,23.8
2024-03-24,ATL,12.1,6.1,18.3,0.0,16.9
2024-03-25,ATL,12.6,8.3,17.8,0.0,24.5
2024-03-26,ATL,15.2,11.7,16.7,18.3,18.4
2024-03-27,ATL,15.6,11.7,23.3,0.0,14.8
2024-03-28,ATL,15.1,10.0,20.0,0.0,21.6
2024-03-29,ATL,14.3,6.1,22.2,0.0,9.0
2024-03-30,ATL,17.3,9.4,25.0,0.0,13.0
2024-03-31,ATL,19.6,13.3,26.7,0.0,13.0
2024-04-01,ATL,20.7,18.3,25.6,0.0,15.5
2024-04-02,ATL,22.2,17.8,27.2,67.6,17.3
2024-04-03,ATL,18.0,10.0,20.0,19.0,23.0
2024-04-04,ATL,12.1,6.7,18.3,0.0,22.0
2024-04-05,ATL,11.8,6.1,17.8,0.0,16.6
2024-04-06,ATL,11.4,4.4,18.9,0.0,11.2
2024-04-07,ATL,14.0,7.2,23.3,0.0,7.6
2024-04-08,ATL,18.4,12.8,24.4,0.0,10.1
2024-04-09,ATL,17.1,14.4,18.9,17.5,10.4
2024-04-10,ATL,18.0,15.6,22.8,6.6,15.5
2024-04-11,ATL,19.5,12.8,23.9,5.3,24.5
2024-04-12,ATL,15.1,10.6,20.6,0.0,26.3
2024-04-13,ATL,16.5,8.9,25.0,0.0,15.1
2024-04-14,ATL,20.4,12.2,29.4,0.0,11.5
2024-04-15,ATL,22.4,15.0,28.9,0.0,12.6
2024-04-16,ATL,22.1,16.1,28.9,0.0,7.9
2024-04-17,ATL,22.5,18.9,26.7,2.0,10.8
2024-04-18,ATL,22.2,16.1,29.4,0.0,6.8
2024-04-19,ATL,24.1,19.4,30.0,0.0,12.2
2024-04-20,ATL,22.6,13.9,26.1,12.7,15.8
2024-04-21,ATL,14.0,10.0,15.6,13.2,17.6
2024-04-22,ATL,12.6,6.7,19.4,0.0,11.2
2024-04-23,ATL,14.8,7.8,22.2,0.0,11.2
2024-04-24,ATL,17.7,12.2,24.4,0.0,13.0
2024-04-25,ATL,19.9,13.3,26.7,0.0,5.8
2024-04-26,ATL,22.2,16.1,27.8,0.0,14.4
2024-04-27,ATL,19.6,16.1,25.0,0.0,14.4
2024-04-28,ATL,20.7,15.6,26.1,0.0,13.0
2024-04-29,ATL,20.4,15.0,26.1,0.0,11.5
2024-04-30,ATL,20.9,17.8,25.6,1.5,9.4
2024-05-01,ATL,23.1,16.1,29.4,0.0,5.8
2024-05-02,ATL,24.3,17.8,30.0,0.0,7.2
2024-05-03,ATL,25.9,21.1,30.6,0.0,10.4
2024-05-04,ATL,23.0,17.8,26.7,0.8,9.4
2024-05-05,ATL,23.5,18.9,30.6,0.0,10.4
2024-05-06,ATL,23.7,19.4,30.0,0.3,10.8
2024-05-07,ATL,24.3,20.0,28.9,0.0,12.6
2024-05-08,ATL,25.4,22.2,30.6,0.0,14.0
2024-05-09,ATL,23.2,18.9,25.6,17.3,15.8
2024-05-10,ATL,22.7,17.2,27.8,4.3,19.4
2024-05-11,ATL,19.3,12.8,24.4,0.0,11.2
2024-05-12,ATL,20.3,15.0,27.2,0.0,9.4
2024-05-13,ATL,19.1,17.2,19.4,0.8,9.7
2024-05-14,ATL,19.8,17.2,25.6,0.5,9.7
2024-05-15,ATL,22.7,18.9,27.2,0.0,17.6
2024-05-16,ATL,22.7,16.7,29.4,0.0,12.6
2024-05-17,ATL,22.1,20.0,22.8,0.5,8.3
2024-05-18,ATL,21.5,18.9,25.0,2.3,9.4
2024-05-19,ATL,21.4,18.3,28.3,0.0,12.6
2024-05-20,ATL,23.1,17.8,29.4,0.0,9.7
2024-05-21,ATL,24.9,19.4,30.0,0.0,7.9
2024-05-22,ATL,24.9,19.4,30.6,0.0,8.6
2024-05-23,ATL,25.9,21.1,31.1,0.0,9.7
2024-05-24,ATL,26.4,21.7,32.2,0.0,7.2
2024-05-25,ATL,24.2,20.0,29.4,13.7,9.7
2024-05-26,ATL,26.4,21.7,31.7,0.0,14.4
2024-05-27,ATL,25.1,18.3,30.6,34.5,16.6
2024-05-28,ATL,25.4,20.6,30.0,0.0,15.5
2024-05-29,ATL,24.3,17.8,30.0,0.0,16.9
2024-05-30,ATL,23.2,17.2,28.9,0.0,12.2
2024-05-31,ATL,23.2,17.2,28.3,0.0,13.7
2024-06-01,ATL,22.3,18.3,25.6,0.0,15.1
2024-06-02,ATL,23.6,19.4,29.4,1.5,12.2
2024-06-03,ATL,25.4,20.6,31.7,0.0,9.7
2024-06-04,ATL,25.7,21.1,30.0,0.0,11.5
2024-06-05,ATL,25.7,22.2,30.0,4.3,12.2
2024-06-06,ATL,24.8,21.1,29.4,2.5,13.0
2024-06-07,ATL,26.2,21.1,31.1,0.0,14.8
2024-06-08,ATL,24.6,17.2,30.6,0.0,7.6
2024-06-09,ATL,26.9,21.1,33.9,0.0,14.0
2024-06-10,ATL,25.9,20.6,29.4,10.2,13.3
2024-06-11,ATL,24.3,17.8,30.6,0.0,11.5
2024-06-12,ATL,26.0,21.7,31.7,0.0,13.0
2024-06-13,ATL,27.4,22.2,32.2,0.0,10.8
2024-06-14,ATL,28.7,22.2,35.0,0.0,6.5
2024-06-15,ATL,30.7,24.4,36.1,0.5,7.2
2024-06-16,ATL,29.3,23.9,35.6,0.0,9.4
2024-06-17,ATL,28.8,23.9,33.9,0.0,12.2
2024-06-18,ATL,27.9,22.8,32.8,0.0,19.1
2024-06-19,ATL,26.4,21.7,31.7,0.0,20.5
2024-06-20,ATL,27.3,22.8,32.2,0.0,17.3
2024-06-21,ATL,27.8,21.7,33.9,0.0,11.5
2024-06-22,ATL,29.4,23.3,36.7,0.0,7.6
2024-06-23,ATL,31.4,25.0,36.7,0.0,11.9
2024-06-24,ATL,30.8,23.9,36.1,5.3,14.4
2024-06-25,ATL,29.8,22.2,36.7,0.0,6.5
2024-06-26,ATL,31.6,23.9,37.8,0.0,9.7
2024-06-27,ATL,27.6,23.9,32.8,0.0,9.4
2024-06-28,ATL,27.6,23.9,32.8,3.3,11.9
2024-06-29,ATL,26.8,24.4,32.8,16.5,9.4
2024-06-30,ATL,29.1,25.0,36.1,0.0,14.0
2024-07-01,ATL,30.7,26.1,36.1,0.0,13.7
2024-07-02,ATL,28.3,24.4,32.2,0.0,19.1
2024-07-03,ATL,28.1,25.0,33.3,0.0,11.2
2024-07-04,ATL,29.4,24.4,36.1,0.3,8.6
2024-07-05,ATL,28.9,24.4,34.4,36.3,7.2
2024-07-06,ATL,27.0,24.4,33.9,0.5,8.6
2024-07-07,ATL,27.6,23.3,32.2,44.5,9.7
2024-07-08,ATL,26.9,23.3,32.8,0.0,8.3
2024-07-09,ATL,27.2,23.9,33.3,7.4,10.1
2024-07-10,ATL,26.3,22.8,31.1,0.0,16.6
2024-07-11,ATL,26.5,21.1,32.8,0.0,10.4
2024-07-12,ATL,28.9,23.9,34.4,0.0,6.5
2024-07-13,ATL,30.2,24.4,36.1,0.0,6.1
2024-07-14,ATL,31.0,25.0,36.1,0.0,7.9
2024-07-15,ATL,29.7,23.9,35.6,0.0,9.7
2024-07-16,ATL,26.9,23.3,32.8,0.0,11.5
2024-07-17,ATL,27.8,23.9,33.3,1.5,14.0
2024-07-18,ATL,26.3,23.3,33.3,2.3,11.2
2024-07-19,ATL,25.5,22.8,30.6,9.9,8.6
2024-07-20,ATL,24.6,21.1,28.3,35.3,8.3
2024-07-21,ATL,25.8,22.2,31.7,1.0,10.8
2024-07-22,ATL,24.9,22.2,30.6,0.0,9.7
2024-07-23,ATL,26.8,23.9,32.2,27.9,12.2
2024-07-24,ATL,25.1,21.7,31.1,38.6,6.1
2024-07-25,ATL,25.0,23.3,30.6,19.0,10.8
2024-07-26,ATL,26.0,22.8,32.8,9.9,10.1
2024-07-27,ATL,25.1,22.8,29.4,0.0,11.2
2024-07-28,ATL,25.4,22.8,26.7,88.1,9.4
2024-07-29,ATL,24.7,21.7,30.6,16.5,8.6
2024-07-30,ATL,26.0,21.7,33.3,16.5,12.2
2024-07-31,ATL,26.0,22.8,33.9,0.5,10.8
2024-08-01,ATL,28.5,23.3,34.4,0.0,12.6
2024-08-02,ATL,29.9,25.0,33.9,1.0,14.0
2024-08-03,ATL,27.7,23.3,32.8,0.0,9.7
2024-08-04,ATL,27.6,23.3,32.8,0.0,8.3
2024-08-05,ATL,28.0,23.9,33.3,0.0,20.9
2024-08-06,ATL,28.2,25.0,33.9,0.0,17.3
2024-08-07,ATL,29.4,23.3,35.6,0.0,13.7
2024-08-08,ATL,30.4,25.0,35.6,0.0,15.1
2024-08-09,ATL,29.7,24.4,35.0,0.0,14.0
2024-08-10,ATL,28.6,22.8,33.9,0.0,12.2
2024-08-11,ATL,27.3,20.6,33.3,0.0,11.9
2024-08-12,ATL,27.3,21.1,33.3,0.0,11.9
2024-08-13,ATL,28.0,21.7,33.9,0.0,13.3
2024-08-14,ATL,28.0,24.4,33.3,0.0,11.9
2024-08-15,ATL,27.4,23.3,32.2,0.0,10.4
2024-08-16,ATL,27.6,22.2,32.8,9.9,11.5
2024-08-17,ATL,27.2,21.7,35.0,2.8,11.2
2024-08-18,ATL,25.3,22.2,32.8,5.8,10.8
2024-08-19,ATL,25.8,21.1,31.7,0.0,16.2
2024-08-20,ATL,25.9,21.1,31.7,0.0,12.2
2024-08-21,ATL,23.8,19.4,29.4,0.0,14.8
2024-08-22,ATL,24.7,20.6,29.4,0.0,16.6
2024-08-23,ATL,24.0,18.3,29.4,0.0,15.5
2024-08-24,ATL,24.4,18.9,31.1,0.0,13.7
2024-08-25,ATL,25.8,20.6,32.2,0.0,11.2
2024-08-26,ATL,26.7,21.1,33.3,0.0,10.4
2024-08-27,ATL,27.9,21.7,34.4,0.0,4.7
2024-08-28,ATL,28.9,23.3,36.1,0.0,3.6
2024-08-29,ATL,30.3,24.4,36.7,0.0,9.4
2024-08-30,ATL,29.2,23.9,35.6,0.8,6.1
2024-08-31,ATL,27.7,23.3,34.4,0.0,9.7
2024-09-01,ATL,27.9,23.3,35.6,0.0,11.5
2024-09-02,ATL,27.2,22.2,34.4,17.8,11.9
2024-09-03,ATL,26.1,21.7,29.4,0.0,19.8
2024-09-04,ATL,23.4,18.3,29.4,0.0,21.6
2024-09-05,ATL,24.3,20.6,28.9,0.0,19.1
2024-09-06,ATL,23.6,21.1,26.7,0.5,14.0
2024-09-07,ATL,24.1,20.0,30.6,0.3,13.7
2024-09-08,ATL,22.9,17.8,28.9,0.0,15.1
2024-09-09,ATL,23.7,19.4,29.4,0.0,10.8
2024-09-10,ATL,24.2,18.3,30.0,0.0,12.2
2024-09-11,ATL,22.8,19.4,25.6,2.3,18.7
2024-09-12,ATL,20.8,19.4,23.3,5.8,23.8
2024-09-13,ATL,21.3,20.0,23.9,0.8,19.8
2024-09-14,ATL,22.1,20.6,23.3,1.8,23.8
2024-09-15,ATL,22.7,21.1,26.1,0.0,24.8
2024-09-16,ATL,23.6,19.4,28.3,0.0,18.7
2024-09-17,ATL,21.9,16.7,28.9,0.0,15.8
2024-09-18,ATL,23.0,19.4,28.9,0.0,6.8
2024-09-19,ATL,24.8,20.0,31.7,0.0,5.8
2024-09-20,ATL,26.4,21.1,33.3,0.0,4.7
2024-09-21,ATL,27.4,21.1,34.4,0.0,4.7
2024-09-22,ATL,28.3,22.2,36.1,0.0,12.2
2024-09-23,ATL,28.3,22.8,35.6,0.0,9.0
2024-09-24,ATL,28.2,23.3,33.9,0.0,10.1
2024-09-25,ATL,24.4,18.9,30.0,86.9,13.0
2024-09-26,ATL,20.6,18.9,23.3,109.7,13.3
2024-09-27,ATL,21.9,18.9,23.9,85.9,26.6
2024-09-28,ATL,21.6,18.3,25.6,0.0,16.2
2024-09-29,ATL,21.7,18.9,26.7,0.5,8.6
2024-09-30,ATL,22.4,18.9,27.2,0.0,8.6
2024-10-01,ATL,22.5,19.4,28.3,0.0,12.6
2024-10-02,ATL,23.7,18.9,30.0,0.0,8.3
2024-10-03,ATL,24.7,20.0,29.4,0.0,9.7
2024-10-04,ATL,23.7,21.1,26.1,0.0,9.4
2024-10-05,ATL,24.3,20.6,30.0,0.0,9.7
2024-10-06,ATL,24.3,19.4,30.0,0.0,8.3
2024-10-07,ATL,24.2,18.3,30.6,0.0,12.2
2024-10-08,ATL,21.0,13.9,27.2,0.0,13.7
2024-10-09,ATL,22.0,17.8,26.7,0.0,13.0
2024-10-10,ATL,21.1,16.7,25.6,0.0,12.6
2024-10-11,ATL,18.8,12.8,24.4,0.0,7.9
2024-10-12,ATL,19.1,11.7,26.1,0.0,8.6
2024-10-13,ATL,20.6,13.9,28.9,0.0,11.9
2024-10-14,ATL,20.9,11.7,22.8,0.0,18.4
2024-10-15,ATL,13.9,8.3,20.0,0.0,15.5
2024-10-16,ATL,11.4,6.1,17.2,0.0,19.1
2024-10-17,ATL,11.5,5.0,18.9,0.0,7.9
2024-10-18,ATL,14.0,8.3,20.6,0.0,11.2
2024-10-19,ATL,15.4,9.4,22.8,0.0,13.0
2024-10-20,ATL,17.8,11.1,25.6,0.0,9.4
2024-10-21,ATL,19.4,11.7,26.7,0.0,7.9
2024-10-22,ATL,19.3,12.8,26.1,0.0,7.2
2024-10-23,ATL,20.8,13.9,27.8,0.0,7.2
2024-10-24,ATL,21.2,15.6,28.3,0.0,13.0
2024-10-25,ATL,20.6,12.2,28.3,0.0,5.4
2024-10-26,ATL,23.0,16.7,30.6,0.0,10.8
2024-10-27,ATL,19.7,14.4,24.4,0.0,15.1
2024-10-28,ATL,16.1,13.9,20.6,0.0,13.3
2024-10-29,ATL,17.6,12.8,24.4,0.0,13.3
2024-10-30,ATL,20.1,16.7,26.7,0.0,14.4
2024-10-31,ATL,20.9,16.7,26.7,0.0,10.4
2024-11-01,ATL,20.3,17.8,23.9,0.0,8.6
2024-11-02,ATL,20.0,16.1,26.7,0.0,5.4
2024-11-03,ATL,18.9,15.6,19.4,0.0,16.9
2024-11-04,ATL,16.2,15.0,17.2,0.0,19.4
2024-11-05,ATL,18.9,16.1,25.6,0.0,15.8
2024-11-06,ATL,21.2,19.4,23.3,0.0,14.0
2024-11-07,ATL,21.3,19.4,22.8,0.0,13.0
2024-11-08,ATL,21.9,18.9,26.7,0.0,6.8
2024-11-09,ATL,20.6,17.2,23.9,0.0,14.0
2024-11-10,ATL,16.4,13.3,18.3,1.8,16.9
2024-11-11,ATL,17.1,13.9,24.4,0.0,7.6
2024-11-12,ATL,17.6,11.1,25.0,0.0,10.4
2024-11-13,ATL,15.7,11.1,18.9,1.0,22.7
2024-11-14,ATL,12.1,10.0,13.3,24.6,14.0
2024-11-15,ATL,13.2,8.9,18.9,0.0,16.6
2024-11-16,ATL,13.1,7.2,22.2,0.0,3.6
2024-11-17,ATL,14.7,7.8,22.8,0.0,3.2
2024-11-18,ATL,16.5,10.6,23.9,0.0,8.3
2024-11-19,ATL,16.3,15.0,17.8,41.4,13.3
2024-11-20,ATL,18.8,8.9,23.3,11.7,19.1
2024-11-21,ATL,10.0,5.0,15.6,0.0,23.0
2024-11-22,ATL,7.7,3.3,12.2,0.0,21.2
2024-11-23,ATL,8.1,2.8,16.1,0.0,15.1
2024-11-24,ATL,10.7,4.4,21.1,0.0,9.4
2024-11-25,ATL,14.1,7.8,22.2,0.0,9.7
2024-11-26,ATL,16.1,7.8,17.8,3.8,15.1
2024-11-27,ATL,11.2,5.6,18.3,0.0,7.2
2024-11-28,ATL,15.4,6.1,19.4,1.3,22.3
2024-11-29,ATL,6.9,2.2,10.6,0.0,19.4
2024-11-30,ATL,4.0,-0.5,10.0,0.0,13.0
2024-12-01,ATL,5.5,-0.5,12.8,0.0,10.8
2024-12-02,ATL,5.3,0.0,10.6,0.0,14.0
2024-12-03,ATL,3.3,-1.0,7.2,0.0,14.4
2024-12-04,ATL,3.2,-2.7,12.2,0.0,10.8
2024-12-05,ATL,10.6,-0.5,14.4,0.0,24.5
2024-12-06,ATL,1.1,-4.3,7.8,0.0,15.1
2024-12-07,ATL,4.3,-1.0,14.4,0.0,9.7
2024-12-08,ATL,8.7,2.8,16.7,0.0,7.2
2024-12-09,ATL,12.6,9.4,18.3,8.6,11.2
2024-12-10,ATL,18.2,17.2,20.0,35.6,12.2
2024-12-11,ATL,12.6,3.3,17.8,10.9,23.0
2024-12-12,ATL,5.2,0.0,11.7,0.0,10.1
2024-12-13,ATL,8.0,2.8,15.0,0.0,9.7
2024-12-14,ATL,10.5,6.1,15.0,0.0,20.5
2024-12-15,ATL,8.6,6.1,10.6,0.8,17.6
2024-12-16,ATL,10.4,7.2,19.4,0.0,8.6
2024-12-17,ATL,15.5,10.0,23.3,0.0,7.6
2024-12-18,ATL,15.8,11.1,22.8,0.0,8.3
2024-12-19,ATL,11.9,5.6,15.0,0.0,15.1
2024-12-20,ATL,7.8,2.2,15.0,0.0,22.7
2024-12-21,ATL,3.9,0.0,8.3,0.0,18.0
2024-12-22,ATL,3.1,-1.0,9.4,0.0,10.1
2024-12-23,ATL,4.0,-0.5,10.0,0.0,14.0
2024-12-24,ATL,6.1,0.0,15.6,0.0,7.9
2024-12-25,ATL,8.7,2.8,15.6,0.0,11.9
2024-12-26,ATL,8.4,6.1,11.1,0.8,18.0
2024-12-27,ATL,7.7,6.1,10.6,9.9,19.1
2024-12-28,ATL,9.4,8.3,12.8,12.7,14.8
2024-12-29,ATL,14.8,10.0,18.3,21.8,18.0
2024-12-30,ATL,12.4,7.8,19.4,0.0,9.4
2024-12-31,ATL,14.7,9.4,22.2,0.0,24.1
2025-01-01,ATL,8.9,2.8,12.2,0.0,21.2
2025-01-02,ATL,4.4,-1.0,11.1,0.0,14.0
2025-01-03,ATL,6.7,2.2,13.3,0.0,20.5
2025-01-04,ATL,4.1,-0.5,8.9,0.0,14.0
2025-01-05,ATL,5.6,0.6,11.7,4.3,12.2
2025-01-06,ATL,8.2,-1.0,15.6,11.2,28.4
2025-01-07,ATL,0.6,-2.1,5.6,0.0,22.0
2025-01-08,ATL,-0.7,-4.3,4.4,0.0,23.0
2025-01-09,ATL,-0.6,-5.5,6.7,0.0,14.4
2025-01-10,ATL,0.6,-1.0,1.7,26.7,12.6
2025-01-11,ATL,0.8,-2.1,1.1,0.0,16.9
2025-01-12,ATL,0.3,-4.3,7.2,0.0,5.8
2025-01-13,ATL,6.1,2.8,13.3,0.3,10.8
2025-01-14,ATL,4.8,-1.0,10.6,0.0,14.8
2025-01-15,ATL,5.1,1.1,11.1,0.0,14.4
2025-01-16,ATL,6.3,0.6,14.4,0.0,14.8
2025-01-17,ATL,8.0,1.1,15.6,0.0,9.4
2025-01-18,ATL,10.4,6.1,15.6,17.8,10.8
2025-01-19,ATL,8.2,-2.1,12.8,0.0,23.0
2025-01-20,ATL,-3.2,-7.7,0.0,0.0,20.2
2025-01-21,ATL,-4.5,-6.6,-1.0,1.8,15.5
2025-01-22,ATL,-4.4,-9.9,2.2,0.0,8.6
2025-01-23,ATL,-0.4,-3.8,5.0,0.0,7.9
2025-01-24,ATL,1.8,-3.8,10.6,0.0,10.8
2025-01-25,ATL,3.2,-3.2,11.1,0.0,7.6
2025-01-26,ATL,5.6,-0.5,13.3,0.0,5.4
2025-01-27,ATL,9.0,5.0,10.0,9.1,8.6
2025-01-28,ATL,6.8,0.6,15.0,0.0,15.5
2025-01-29,ATL,11.2,5.0,20.6,0.0,16.6
2025-01-30,ATL,13.3,6.7,21.1,0.0,9.4
2025-01-31,ATL,15.4,10.6,17.2,10.2,17.3
2025-02-01,ATL,11.7,6.7,18.3,0.0,11.5
2025-02-02,ATL,12.4,6.7,20.6,0.0,8.3
2025-02-03,ATL,14.2,6.7,23.3,0.0,8.6
2025-02-04,ATL,18.4,13.3,25.0,0.0,13.7
2025-02-05,ATL,17.8,11.7,23.3,0.0,7.2
2025-02-06,ATL,18.4,15.6,22.2,0.0,10.8
2025-02-07,ATL,19.7,16.7,25.0,1.5,10.8
2025-02-08,ATL,19.7,16.7,23.9,0.0,14.4
2025-02-09,ATL,19.8,13.9,22.8,2.5,16.6
2025-02-10,ATL,13.3,8.3,15.6,0.0,15.5
2025-02-11,ATL,9.1,4.4,11.1,8.4,20.2
2025-02-12,ATL,4.7,3.9,6.1,65.5,17.6
2025-02-13,ATL,9.1,2.8,16.1,26.9,17.3
2025-02-14,ATL,6.0,-1.6,14.4,0.0,14.8
2025-02-15,ATL,8.6,5.6,11.1,2.0,13.7
2025-02-16,ATL,12.2,2.8,17.8,22.4,27.7
2025-02-17,ATL,3.9,-1.0,10.0,0.0,20.5
2025-02-18,ATL,5.6,-0.5,14.4,0.0,6.5
2025-02-19,ATL,7.4,1.1,7.8,2.5,13.0
2025-02-20,ATL,0.4,-4.9,1.7,0.0,26.6
2025-02-21,ATL,-1.2,-7.1,8.9,0.0,10.4
2025-02-22,ATL,5.1,-1.6,11.7,0.0,8.3
2025-02-23,ATL,5.7,-0.5,12.8,0.0,8.3
2025-02-24,ATL,10.8,5.6,20.6,0.0,7.6
2025-02-25,ATL,14.9,7.2,23.9,0.0,12.2
2025-02-26,ATL,16.4,8.3,26.1,0.0,9.4
2025-02-27,ATL,17.9,11.1,24.4,0.0,18.0
2025-02-28,ATL,14.2,7.2,22.8,0.0,13.0
2025-03-01,ATL,16.0,7.8,23.9,0.0,23.4
2025-03-02,ATL,8.4,2.2,13.9,0.0,13.0
2025-03-03,ATL,9.2,2.2,17.8,0.0,9.0
2025-03-04,ATL,12.8,6.7,22.2,0.0,21.6
2025-03-05,ATL,14.2,5.0,18.3,26.7,24.5
2025-03-06,ATL,7.1,2.8,13.3,0.0,25.9
2025-03-07,ATL,10.2,3.3,20.0,0.0,11.5
2025-03-08,ATL,17.3,13.3,24.4,0.0,19.4
2025-03-09,ATL,12.4,8.3,14.4,9.4,15.8
2025-03-10,ATL,9.2,7.2,12.8,14.2,14.0
2025-03-11,ATL,12.9,5.6,24.4,0.0,11.9
2025-03-12,ATL,17.0,8.9,24.4,0.0,10.4
2025-03-13,ATL,17.3,12.8,23.3,0.0,11.2
2025-03-14,ATL,17.9,12.8,23.9,0.0,12.2
2025-03-15,ATL,19.6,15.6,25.6,2.0,25.6
2025-03-16,ATL,20.4,9.4,23.3,11.2,22.0
2025-03-17,ATL,11.4,5.6,17.2,0.0,23.8
2025-03-18,ATL,13.8,5.6,25.0,0.0,10.1
2025-03-19,ATL,17.5,8.3,26.1,0.0,15.1
2025-03-20,ATL,15.2,5.6,19.4,0.5,26.3
2025-03-21,ATL,8.8,2.2,18.9,0.0,13.0
2025-03-22,ATL,14.4,7.2,23.3,0.0,16.9
2025-03-23,ATL,16.4,8.3,25.0,0.0,11.9
2025-03-24,ATL,16.9,11.7,18.9,3.6,14.8
2025-03-25,ATL,15.9,7.8,26.7,0.0,15.8
2025-03-26,ATL,17.8,10.6,23.9,0.0,14.8
2025-03-27,ATL,16.9,10.0,23.9,0.0,7.9
2025-03-28,ATL,19.1,11.7,27.2,0.0,9.7
2025-03-29,ATL,20.1,17.2,23.3,0.0,14.8
2025-03-30,ATL,19.7,16.1,24.4,0.3,14.0
2025-03-31,ATL,19.6,15.0,21.1,8.6,13.7
2025-04-01,ATL,16.5,7.8,25.6,0.0,9.7
2025-04-02,ATL,21.8,17.8,28.9,0.0,16.9
2025-04-03,ATL,24.2,19.4,28.9,0.0,15.8
2025-04-04,ATL,24.4,18.9,30.6,0.0,13.3
2025-04-05,ATL,24.9,19.4,30.6,0.0,18.0
2025-04-06,ATL,21.2,16.7,23.3,48.3,13.7
2025-04-07,ATL,18.1,8.9,20.0,25.4,17.6
2025-04-08,ATL,11.9,6.7,18.3,0.0,19.4
2025-04-09,ATL,12.3,5.6,20.0,0.0,13.3
2025-04-10,ATL,16.6,9.4,25.0,7.9,13.3
2025-04-11,ATL,14.8,10.0,20.0,0.3,19.1
2025-04-12,ATL,11.8,6.1,18.9,0.0,19.8
2025-04-13,ATL,13.6,5.6,22.8,0.0,7.2
2025-04-14,ATL,19.6,13.3,28.9,0.0,15.5
2025-04-15,ATL,20.3,11.7,22.8,0.0,23.0
2025-04-16,ATL,15.4,8.3,22.8,0.0,14.4
2025-04-17,ATL,18.2,10.6,25.6,0.0,9.4
2025-04-18,ATL,20.4,12.2,28.9,0.0,11.9
2025-04-19,ATL,23.1,15.6,30.0,0.0,9.0
2025-04-20,ATL,23.2,18.3,28.3,0.0,10.1
2025-04-21,ATL,22.8,16.7,28.3,0.0,11.2
2025-04-22,ATL,21.8,18.9,23.9,0.3,9.4
2023-04-23,DFW,10.7,8.3,14.4,,18.2
2023-04-24,DFW,14.4,7.2,20.6,,12.8
2023-04-25,DFW,17.9,15.0,21.7,,15.5
2023-04-26,DFW,15.3,12.8,18.9,,16.8
2023-04-27,DFW,16.8,14.4,20.0,,17.4
2023-04-28,DFW,15.9,10.6,21.7,,17.9
2023-04-29,DFW,16.5,11.7,22.2,0.0,29.2
2023-04-30,DFW,20.1,10.0,27.8,0.0,14.1
2023-05-01,DFW,19.1,12.8,25.0,0.0,11.6
2023-05-02,DFW,21.0,13.9,27.8,0.0,9.2
2023-05-03,DFW,22.7,18.3,27.8,0.0,10.8
2023-05-04,DFW,22.6,17.2,28.3,,17.3
2023-05-05,DFW,27.6,20.6,34.4,0.0,19.6
2023-05-06,DFW,26.4,20.6,30.6,,22.0
2023-05-07,DFW,24.5,20.0,30.6,,23.5
2023-05-08,DFW,25.7,21.7,31.1,,18.6
2023-05-09,DFW,24.9,21.1,28.9,0.0,18.0
2023-05-10,DFW,21.9,20.0,23.9,,7.8
2023-05-11,DFW,24.3,18.3,30.6,,15.7
2023-05-12,DFW,27.0,24.4,31.7,0.0,24.1
2023-05-13,DFW,25.3,21.1,28.9,,13.9
2023-05-14,DFW,22.4,21.1,23.9,,8.1
2023-05-15,DFW,24.0,20.0,28.9,,9.8
2023-05-16,DFW,22.6,19.4,26.1,0.9,15.8
2023-05-17,DFW,22.8,16.7,28.3,0.0,8.4
2023-05-18,DFW,24.6,18.3,31.1,0.0,10.4
2023-05-19,DFW,25.4,21.7,32.8,24.0,14.6
2023-05-20,DFW,21.1,17.2,25.0,0.0,21.1
2023-05-21,DFW,20.3,16.7,23.9,0.0,7.5
2023-05-22,DFW,22.4,16.1,28.3,0.0,8.0
2023-05-23,DFW,24.5,20.6,28.9,0.0,13.5
2023-05-24,DFW,24.8,19.4,30.0,2.5,11.6
2023-05-25,DFW,24.6,20.0,28.3,0.0,10.4
2023-05-26,DFW,25.5,20.0,30.0,0.0,10.1
2023-05-27,DFW,25.1,21.1,29.4,0.0,10.6
2023-05-28,DFW,23.8,20.0,29.4,,12.0
2023-05-29,DFW,25.0,20.6,32.2,0.0,11.7
2023-05-30,DFW,24.0,19.4,31.7,,9.5
2023-05-31,DFW,26.1,20.0,31.7,0.0,9.1
2023-06-01,DFW,26.8,21.7,31.7,0.0,12.3
2023-06-02,DFW,27.6,21.7,32.2,0.0,13.1
2023-06-03,DFW,25.8,19.4,32.8,0.0,12.2
2023-06-04,DFW,25.0,19.4,31.1,0.0,11.4
2023-06-05,DFW,25.0,20.0,30.0,,11.7
2023-06-06,DFW,25.9,21.1,31.7,,8.2
2023-06-07,DFW,26.1,20.6,33.3,,6.3
2023-06-08,DFW,26.3,21.1,32.8,0.0,9.8
2023-06-09,DFW,28.4,21.1,35.0,0.0,8.5
2023-06-10,DFW,29.5,24.4,34.4,0.0,18.5
2023-06-11,DFW,28.2,22.2,37.2,,13.2
2023-06-12,DFW,25.3,20.6,30.0,,16.0
2023-06-13,DFW,23.5,21.1,26.1,,12.7
2023-06-14,DFW,27.5,23.9,32.8,0.0,9.7
2023-06-15,DFW,29.3,24.4,33.9,0.0,14.5
2023-06-16,DFW,27.9,22.2,35.0,0.0,19.1
2023-06-17,DFW,29.1,23.3,35.0,0.0,14.3
2023-06-18,DFW,28.6,23.9,33.9,0.0,11.5
2023-06-19,DFW,30.3,23.9,36.7,0.0,16.1
2023-06-20,DFW,31.5,27.2,36.7,0.0,16.8
2023-06-21,DFW,29.6,26.7,33.3,,16.3
2023-06-22,DFW,28.8,25.6,31.7,,13.3
2023-06-23,DFW,28.0,25.6,33.3,,14.6
2023-06-24,DFW,31.1,24.4,37.2,0.0,20.6
2023-06-25,DFW,32.8,27.8,37.8,0.0,24.0
2023-06-26,DFW,33.1,27.8,37.8,0.0,19.6
2023-06-27,DFW,32.8,26.7,38.9,0.0,20.4
2023-06-28,DFW,32.4,26.7,37.8,0.0,22.6
2023-06-29,DFW,32.3,26.7,38.3,0.0,20.3
2023-06-30,DFW,31.5,26.7,36.1,0.0,22.2
2023-07-01,DFW,28.9,26.7,31.1,0.0,15.6
2023-07-02,DFW,28.2,23.9,32.8,0.0,12.5
2023-07-03,DFW,30.8,24.4,37.2,0.0,16.7
2023-07-04,DFW,30.2,23.9,36.7,0.0,17.6
2023-07-05,DFW,31.7,26.7,36.1,0.0,17.8
2023-07-06,DFW,31.3,27.2,36.1,0.0,15.8
2023-07-07,DFW,30.3,25.6,35.0,0.0,21.6
2023-07-08,DFW,31.2,27.2,36.1,,16.3
2023-07-09,DFW,28.1,23.3,32.2,,15.6
2023-07-10,DFW,30.1,25.6,35.6,0.0,13.0
2023-07-11,DFW,30.4,25.6,36.1,,18.8
2023-07-12,DFW,33.7,27.8,40.6,0.0,22.4
2023-07-13,DFW,33.4,27.8,39.4,,24.2
2023-07-14,DFW,34.3,29.4,39.4,0.0,22.1
2023-07-15,DFW,32.5,28.3,37.2,0.0,18.6
2023-07-16,DFW,28.2,23.9,31.1,,13.4
2023-07-17,DFW,32.3,23.3,41.1,0.0,14.2
2023-07-18,DFW,35.2,28.3,42.2,0.0,24.5
2023-07-19,DFW,34.2,28.3,40.0,0.0,23.9
2023-07-20,DFW,33.6,28.3,38.9,0.0,18.0
2023-07-21,DFW,32.8,27.8,38.3,0.0,15.1
2023-07-22,DFW,29.3,25.6,33.9,0.0,18.3
2023-07-23,DFW,29.8,23.3,36.7,0.0,7.1
2023-07-24,DFW,31.8,24.4,38.9,0.0,13.6
2023-07-25,DFW,33.2,26.1,39.4,0.0,16.8
2023-07-26,DFW,33.0,27.8,38.3,0.0,20.5
2023-07-27,DFW,33.1,27.8,38.3,0.0,18.7
2023-07-28,DFW,32.9,27.2,38.3,0.0,17.7
2023-07-29,DFW,33.1,27.2,38.9,0.0,12.4
2023-07-30,DFW,33.4,26.1,39.4,0.0,10.7
2023-07-31,DFW,34.4,27.2,40.0,0.0,11.7
2023-08-01,DFW,34.8,27.8,41.7,0.0,13.0
2023-08-02,DFW,35.2,29.4,41.1,0.0,16.7
2023-08-03,DFW,35.0,30.0,40.6,0.0,20.6
2023-08-04,DFW,34.9,29.4,40.0,0.0,18.4
2023-08-05,DFW,35.3,30.0,41.1,0.0,17.3
2023-08-06,DFW,34.5,29.4,39.4,0.0,15.8
2023-08-07,DFW,34.7,30.0,39.4,0.0,15.9
2023-08-08,DFW,34.4,30.6,39.4,,22.1
2023-08-09,DFW,34.6,28.3,41.7,0.0,29.1
2023-08-10,DFW,34.9,29.4,41.1,0.0,15.8
2023-08-11,DFW,35.5,28.9,41.1,0.0,24.9
2023-08-12,DFW,35.0,28.3,41.1,0.0,24.8
2023-08-13,DFW,34.9,28.9,41.1,0.0,21.4
2023-08-14,DFW,33.1,27.8,37.2,0.0,21.1
2023-08-15,DFW,29.2,24.4,34.4,0.0,15.8
2023-08-16,DFW,28.6,22.2,35.6,0.0,9.1
2023-08-17,DFW,33.3,24.4,42.2,0.0,14.2
2023-08-18,DFW,36.0,28.3,42.8,0.0,13.8
2023-08-19,DFW,35.8,29.4,41.1,0.0,15.0
2023-08-20,DFW,36.6,29.4,42.2,0.0,12.0
2023-08-21,DFW,34.9,27.8,41.1,0.0,14.5
2023-08-22,DFW,34.4,28.3,39.4,0.0,14.4
2023-08-23,DFW,34.0,28.3,38.9,0.0,11.3
2023-08-24,DFW,35.3,29.4,41.1,0.0,8.7
2023-08-25,DFW,35.9,30.0,42.2,0.0,9.4
2023-08-26,DFW,36.3,30.0,42.2,0.0,9.3
2023-08-27,DFW,32.1,27.2,37.8,,18.3
2023-08-28,DFW,30.0,26.1,34.4,0.0,18.3
2023-08-29,DFW,30.1,23.9,36.7,0.0,12.4
2023-08-30,DFW,30.9,25.0,36.1,0.0,14.8
2023-08-31,DFW,30.6,24.4,36.7,0.0,8.7
2023-09-01,DFW,30.8,25.0,36.7,0.0,15.5
2023-09-02,DFW,29.5,21.7,36.1,0.0,8.2
2023-09-03,DFW,29.4,25.0,37.2,,12.1
2023-09-04,DFW,31.1,25.6,37.2,0.0,19.0
2023-09-05,DFW,32.8,27.2,39.4,0.0,21.6
2023-09-06,DFW,33.8,28.9,39.4,0.0,12.1
2023-09-07,DFW,34.8,27.2,41.7,0.0,8.1
2023-09-08,DFW,35.3,27.8,42.8,0.8,16.5
2023-09-09,DFW,29.5,25.0,35.6,,17.8
2023-09-10,DFW,27.9,22.8,33.9,0.0,11.9
2023-09-11,DFW,27.1,23.3,31.7,,14.8
2023-09-12,DFW,24.4,22.2,27.8,,17.0
2023-09-13,DFW,24.2,21.1,28.3,,9.3
2023-09-14,DFW,22.6,21.7,24.4,,12.6
2023-09-15,DFW,24.0,21.1,27.8,,9.5
2023-09-16,DFW,25.4,20.6,30.6,0.0,5.7
2023-09-17,DFW,26.4,20.6,32.8,0.0,8.1
2023-09-18,DFW,27.6,20.6,33.9,0.0,10.4
2023-09-19,DFW,28.5,23.9,35.6,,24.2
2023-09-20,DFW,27.9,21.1,33.9,6.1,23.0
2023-09-21,DFW,29.1,25.0,35.0,0.0,19.0
2023-09-22,DFW,30.5,26.7,36.1,0.0,19.8
2023-09-23,DFW,31.5,26.1,37.2,0.0,20.5
2023-09-24,DFW,31.2,24.4,38.3,,20.2
2023-09-25,DFW,27.3,22.8,33.3,0.0,11.9
2023-09-26,DFW,28.2,22.8,34.4,0.0,9.0
2023-09-27,DFW,28.7,22.8,35.0,0.0,8.1
2023-09-28,DFW,29.2,22.8,36.1,0.0,9.8
2023-09-29,DFW,29.4,22.8,35.6,0.0,15.3
2023-09-30,DFW,28.7,23.3,34.4,0.0,13.9
2023-10-01,DFW,27.3,21.7,33.9,0.0,9.0
2023-10-02,DFW,27.1,22.2,32.8,0.0,9.6
2023-10-03,DFW,27.2,21.7,32.8,0.0,16.0
2023-10-04,DFW,28.4,21.7,34.4,19.6,22.3
2023-10-05,DFW,23.8,21.1,28.3,,14.6
2023-10-06,DFW,23.9,18.3,30.6,0.0,15.0
2023-10-07,DFW,17.5,13.9,21.7,0.0,18.2
2023-10-08,DFW,19.0,11.7,26.1,0.0,8.9
2023-10-09,DFW,23.3,15.6,31.7,0.0,16.6
2023-10-10,DFW,23.6,17.2,28.9,0.0,19.3
2023-10-11,DFW,21.5,18.9,24.4,0.0,21.8
2023-10-12,DFW,21.3,17.8,26.7,0.0,25.8
2023-10-13,DFW,23.0,19.4,26.1,0.0,24.4
2023-10-14,DFW,17.0,12.2,21.7,0.0,23.4
2023-10-15,DFW,15.0,10.6,19.4,0.0,22.6
2023-10-16,DFW,13.6,9.4,19.4,0.0,15.9
2023-10-17,DFW,15.3,7.8,23.3,0.0,7.4
2023-10-18,DFW,20.0,12.8,27.8,0.0,20.1
2023-10-19,DFW,22.0,14.4,30.6,0.0,11.0
2023-10-20,DFW,23.8,16.1,33.9,0.0,10.5
2023-10-21,DFW,24.2,15.6,32.8,0.0,10.8
2023-10-22,DFW,24.0,18.9,28.9,0.0,12.2
2023-10-23,DFW,24.2,21.1,27.2,,19.2
2023-10-24,DFW,22.5,21.7,23.3,,15.9
2023-10-25,DFW,22.9,20.0,26.1,,18.5
2023-10-26,DFW,23.0,20.0,28.3,,16.3
2023-10-27,DFW,24.2,18.3,31.1,0.3,21.6
2023-10-28,DFW,15.5,13.9,17.2,,15.7
2023-10-29,DFW,7.9,4.4,13.9,,28.0
2023-10-30,DFW,6.3,3.3,9.4,,30.4
2023-10-31,DFW,8.3,1.1,16.1,0.0,15.6
2023-11-01,DFW,7.0,1.1,13.3,0.0,9.5
2023-11-02,DFW,10.1,3.3,17.8,0.0,12.9
2023-11-03,DFW,14.8,7.2,22.2,0.0,17.3
2023-11-04,DFW,17.6,11.1,23.3,0.0,16.1
2023-11-05,DFW,20.4,15.0,26.7,0.0,15.6
2023-11-06,DFW,22.6,18.3,28.3,0.0,25.8
2023-11-07,DFW,23.3,17.8,29.4,0.0,23.2
2023-11-08,DFW,24.3,20.0,30.0,0.0,24.6
2023-11-09,DFW,15.7,11.1,22.8,,20.8
2023-11-10,DFW,12.9,10.6,16.1,,17.1
2023-11-11,DFW,15.0,12.2,18.3,0.0,10.5
2023-11-12,DFW,15.1,10.6,18.3,0.0,4.6
2023-11-13,DFW,14.6,10.6,18.9,0.0,9.7
2023-11-14,DFW,15.6,10.6,21.1,0.0,5.6
2023-11-15,DFW,16.0,10.6,22.8,0.0,4.2
2023-11-16,DFW,13.9,11.1,16.1,,14.0
2023-11-17,DFW,15.2,13.9,16.7,,13.2
2023-11-18,DFW,16.4,12.2,21.1,,8.9
2023-11-19,DFW,15.6,12.2,17.8,,16.5
2023-11-20,DFW,18.9,12.8,23.9,,26.0
2023-11-21,DFW,11.9,8.3,15.6,0.0,30.7
2023-11-22,DFW,9.5,3.9,16.7,0.0,13.8
2023-11-23,DFW,10.3,5.0,17.2,0.0,12.1
2023-11-24,DFW,10.5,5.0,17.8,0.0,6.1
2023-11-25,DFW,10.7,5.6,15.6,,10.8
2023-11-26,DFW,6.7,1.7,11.1,,23.4
2023-11-27,DFW,6.5,0.6,11.7,0.0,7.3
2023-11-28,DFW,9.9,3.9,16.7,0.0,9.6
2023-11-29,DFW,11.3,3.9,17.8,0.0,15.3
2023-11-30,DFW,14.7,12.2,17.2,,13.5
2023-12-01,DFW,10.4,6.1,15.6,0.0,14.3
2023-12-02,DFW,11.1,3.9,18.3,0.0,7.8
2023-12-03,DFW,13.8,3.3,22.8,0.0,17.9
2023-12-04,DFW,11.6,6.7,17.2,0.0,10.0
2023-12-05,DFW,12.3,4.4,21.1,0.0,7.1
2023-12-06,DFW,11.7,6.1,18.9,0.0,10.1
2023-12-07,DFW,15.2,9.4,21.1,0.0,25.6
2023-12-08,DFW,20.3,16.7,26.1,0.0,26.2
2023-12-09,DFW,13.8,8.3,18.9,0.0,24.1
2023-12-10,DFW,6.8,1.7,11.7,0.0,15.6
2023-12-11,DFW,9.5,2.2,18.3,0.0,11.7
2023-12-12,DFW,11.2,4.4,18.3,0.0,11.1
2023-12-13,DFW,12.0,8.3,16.7,0.0,13.1
2023-12-14,DFW,12.3,6.7,17.2,0.0,13.6
2023-12-15,DFW,12.4,8.9,15.6,,15.8
2023-12-16,DFW,9.8,5.6,15.0,0.0,17.0
2023-12-17,DFW,11.7,2.8,22.2,0.0,7.9
2023-12-18,DFW,10.8,6.7,16.7,0.0,15.1
2023-12-19,DFW,9.1,3.9,15.0,0.0,14.0
2023-12-20,DFW,13.1,7.2,19.4,0.0,15.4
2023-12-21,DFW,14.5,13.9,15.6,,14.2
2023-12-22,DFW,16.2,13.9,20.0,3.9,11.6
2023-12-23,DFW,16.7,15.6,17.8,,15.4
2023-12-24,DFW,15.5,8.9,18.3,,21.7
2023-12-25,DFW,6.8,3.3,10.0,0.0,24.3
2023-12-26,DFW,6.8,0.0,13.3,0.0,16.3
2023-12-27,DFW,7.4,4.4,10.6,0.0,19.6
2023-12-28,DFW,5.4,2.2,10.0,0.0,16.4
2023-12-29,DFW,6.9,1.1,13.3,0.0,20.5
2023-12-30,DFW,9.1,0.6,18.3,0.0,9.4
2023-12-31,DFW,10.1,3.9,18.9,0.0,10.8
2024-01-01,DFW,3.8,0.6,7.8,0.0,17.6
2024-01-02,DFW,4.9,1.1,9.4,,5.5
2024-01-03,DFW,8.1,5.6,12.8,,6.7
2024-01-04,DFW,8.6,2.8,14.4,,13.5
2024-01-05,DFW,8.8,7.2,11.1,,13.7
2024-01-06,DFW,7.2,5.0,9.4,0.0,16.3
2024-01-07,DFW,8.4,0.6,15.6,0.0,18.2
2024-01-08,DFW,10.9,5.0,13.9,,28.9
2024-01-09,DFW,5.0,1.7,10.0,0.0,31.2
2024-01-10,DFW,9.1,0.6,19.4,0.0,21.5
2024-01-11,DFW,12.6,3.3,21.7,0.0,16.5
2024-01-12,DFW,4.8,-1.7,17.2,,25.1
2024-01-13,DFW,3.8,-4.4,17.2,0.0,23.4
2024-01-14,DFW,-9.3,-10.6,-5.0,,25.7
2024-01-15,DFW,-8.6,-11.7,-3.9,,24.6
2024-01-16,DFW,-7.3,-11.1,-2.8,0.0,20.0
2024-01-17,DFW,-1.2,-8.3,6.1,0.0,21.1
2024-01-18,DFW,8.2,3.3,15.0,0.0,22.6
2024-01-19,DFW,-0.1,-3.3,6.1,0.0,25.6
2024-01-20,DFW,-2.4,-7.2,2.8,0.0,13.2
2024-01-21,DFW,1.7,0.0,4.4,,20.6
2024-01-22,DFW,2.3,0.0,4.4,,10.2
2024-01-23,DFW,7.2,3.9,10.0,,10.2
2024-01-24,DFW,9.2,7.2,11.1,,11.0
2024-01-25,DFW,10.1,7.8,12.8,,9.4
2024-01-26,DFW,10.2,9.4,11.1,,14.2
2024-01-27,DFW,8.0,3.3,10.6,,22.8
2024-01-28,DFW,8.5,1.1,17.2,0.0,9.7
2024-01-29,DFW,13.3,4.4,23.3,0.0,12.0
2024-01-30,DFW,15.9,7.8,24.4,0.0,8.7
2024-01-31,DFW,15.2,6.7,23.9,0.0,7.4
2024-02-01,DFW,15.9,8.3,22.8,0.0,17.2
2024-02-02,DFW,16.2,12.8,18.9,,20.3
2024-02-03,DFW,14.3,11.1,20.0,17.3,15.1
2024-02-04,DFW,12.5,10.0,16.7,,22.3
2024-02-05,DFW,12.2,9.4,16.7,0.0,24.8
2024-02-06,DFW,11.6,5.0,18.9,0.0,9.0
2024-02-07,DFW,14.5,8.3,18.9,0.0,19.5
2024-02-08,DFW,17.0,13.9,20.6,0.0,18.9
2024-02-09,DFW,16.5,11.1,22.8,0.0,10.7
2024-02-10,DFW,13.0,11.7,15.0,,9.7
2024-02-11,DFW,8.4,5.0,11.7,,23.7
2024-02-12,DFW,7.8,3.9,13.3,,25.5
2024-02-13,DFW,9.5,1.7,16.7,0.0,11.5
2024-02-14,DFW,13.3,6.1,20.0,0.0,19.4
2024-02-15,DFW,15.2,10.0,21.1,0.0,11.1
2024-02-16,DFW,15.0,6.1,21.7,0.0,27.1
2024-02-17,DFW,3.8,1.1,6.7,0.0,29.0
2024-02-18,DFW,4.8,-1.7,11.7,0.0,10.1
2024-02-19,DFW,11.1,2.8,20.0,0.0,18.6
2024-02-20,DFW,16.3,6.1,27.2,0.0,14.1
2024-02-21,DFW,20.0,13.3,26.7,0.0,27.7
2024-02-22,DFW,20.9,16.7,27.2,0.0,23.6
2024-02-23,DFW,17.0,10.6,22.8,0.0,19.2
2024-02-24,DFW,17.6,8.3,25.0,0.0,13.5
2024-02-25,DFW,20.7,13.3,29.4,0.0,23.0
2024-02-26,DFW,23.7,14.4,33.9,0.0,22.8
2024-02-27,DFW,22.4,18.9,25.6,0.0,25.4
2024-02-28,DFW,8.0,4.4,22.8,0.0,29.1
2024-02-29,DFW,7.4,5.0,11.7,,13.0
2024-03-01,DFW,12.0,5.0,20.6,0.0,13.8
2024-03-02,DFW,18.8,10.6,28.3,0.0,20.5
2024-03-03,DFW,21.2,16.7,27.2,0.0,28.1
2024-03-04,DFW,22.9,19.4,28.3,0.0,21.2
2024-03-05,DFW,20.2,15.0,26.1,0.0,12.1
2024-03-06,DFW,18.3,11.1,23.9,,14.1
2024-03-07,DFW,17.5,15.0,19.4,,16.4
2024-03-08,DFW,15.3,7.2,21.1,,20.4
2024-03-09,DFW,10.0,6.1,15.6,0.0,24.2
2024-03-10,DFW,11.4,5.0,17.8,0.0,5.6
2024-03-11,DFW,14.4,8.9,21.1,,12.8
2024-03-12,DFW,18.0,12.8,23.3,0.0,20.9
2024-03-13,DFW,21.8,17.2,26.1,0.0,26.5
2024-03-14,DFW,23.6,22.2,26.7,,22.6
2024-03-15,DFW,16.3,13.3,23.3,,20.9
2024-03-16,DFW,14.9,13.3,16.7,,11.9
2024-03-17,DFW,15.2,12.2,18.3,0.6,19.3
2024-03-18,DFW,11.6,7.8,14.4,0.0,15.9
2024-03-19,DFW,12.1,5.6,18.9,0.0,10.4
2024-03-20,DFW,16.1,11.1,22.8,0.0,15.4
2024-03-21,DFW,15.7,13.9,17.8,,13.7
2024-03-22,DFW,15.7,12.8,20.0,,12.5
2024-03-23,DFW,14.4,8.9,19.4,0.0,14.4
2024-03-24,DFW,17.0,14.4,19.4,0.0,29.6
2024-03-25,DFW,16.5,8.9,22.8,,22.0
2024-03-26,DFW,9.1,3.9,15.0,0.0,18.2
2024-03-27,DFW,11.9,6.7,18.9,0.0,10.7
2024-03-28,DFW,14.6,6.7,22.8,0.0,13.4
2024-03-29,DFW,19.4,15.0,24.4,0.0,31.7
2024-03-30,DFW,21.0,17.2,25.6,0.0,24.4
2024-03-31,DFW,21.9,18.9,25.0,0.0,22.4
2024-04-01,DFW,23.3,19.4,26.7,,22.3
2024-04-02,DFW,15.9,13.3,20.6,,26.5
2024-04-03,DFW,16.1,10.0,22.8,0.0,19.4
2024-04-04,DFW,19.2,9.4,28.3,0.0,7.4
2024-04-05,DFW,21.7,13.9,29.4,0.0,13.2
2024-04-06,DFW,21.2,17.2,23.9,0.0,29.2
2024-04-07,DFW,21.2,15.6,26.1,0.5,18.9
2024-04-08,DFW,20.3,12.8,27.2,,14.6
2024-04-09,DFW,17.8,16.1,20.6,,20.0
2024-04-10,DFW,16.3,13.9,17.8,,22.0
2024-04-11,DFW,16.7,9.4,23.3,0.0,18.0
2024-04-12,DFW,19.0,10.0,26.7,0.0,14.4
2024-04-13,DFW,22.0,16.7,27.8,0.0,27.6
2024-04-14,DFW,22.7,18.3,27.2,0.0,25.0
2024-04-15,DFW,22.9,20.6,26.1,,24.3
2024-04-16,DFW,24.7,21.1,30.6,,21.9
2024-04-17,DFW,25.2,21.7,29.4,0.0,17.8
2024-04-18,DFW,24.5,20.0,29.4,0.0,20.7
2024-04-19,DFW,17.5,15.0,20.6,0.0,20.8
2024-04-20,DFW,12.7,9.4,17.2,,21.1
2024-04-21,DFW,14.1,10.6,18.3,,17.3
2024-04-22,DFW,15.6,8.3,21.1,0.0,11.9
2024-04-23,DFW,19.5,13.9,24.4,0.0,26.1
2024-04-24,DFW,23.0,18.9,27.2,0.0,13.8
2024-04-25,DFW,23.5,21.1,25.6,,22.0
2024-04-26,DFW,23.1,21.1,25.0,,30.2
2024-04-27,DFW,24.4,20.6,27.2,,27.9
2024-04-28,DFW,21.4,16.7,25.0,,21.3
2024-04-29,DFW,22.5,18.3,29.4,,8.9
2024-04-30,DFW,24.0,20.0,27.8,0.0,19.0
2024-05-01,DFW,24.5,20.6,27.2,,19.6
2024-05-02,DFW,22.7,18.3,26.1,,17.7
2024-05-03,DFW,23.9,20.0,27.8,,15.5
2024-05-04,DFW,23.0,20.0,27.2,2.8,15.5
2024-05-05,DFW,22.5,18.9,26.7,,9.2
2024-05-06,DFW,24.8,21.7,28.3,,23.4
2024-05-07,DFW,27.4,22.8,32.2,0.0,18.8
2024-05-08,DFW,28.8,24.4,35.0,,23.8
2024-05-09,DFW,23.3,18.9,28.3,,15.4
2024-05-10,DFW,22.8,17.8,28.3,0.0,17.9
2024-05-11,DFW,22.3,18.3,26.7,,11.1
2024-05-12,DFW,19.0,18.3,20.0,,11.2
2024-05-13,DFW,22.8,18.3,29.4,0.0,10.5
2024-05-14,DFW,23.9,17.8,29.4,0.0,13.3
2024-05-15,DFW,25.8,18.3,32.2,0.0,14.8
2024-05-16,DFW,21.5,18.9,26.1,,19.3
2024-05-17,DFW,23.3,17.2,28.9,0.0,11.7
2024-05-18,DFW,26.3,20.6,32.8,0.0,12.5
2024-05-19,DFW,27.7,22.2,32.2,0.0,18.9
2024-05-20,DFW,27.9,22.8,32.2,0.0,24.4
2024-05-21,DFW,27.8,24.4,31.1,,26.0
2024-05-22,DFW,25.8,22.2,28.9,,19.1
2024-05-23,DFW,26.2,21.7,32.2,,20.3
2024-05-24,DFW,27.3,22.8,32.8,,24.0
2024-05-25,DFW,26.9,21.1,33.3,0.0,15.7
2024-05-26,DFW,30.7,25.0,36.1,,27.3
2024-05-27,DFW,29.1,24.4,35.0,,11.5
2024-05-28,DFW,23.5,17.8,27.8,36.7,23.4
2024-05-29,DFW,25.4,21.1,30.6,,11.2
2024-05-30,DFW,22.4,19.4,25.6,,12.9
2024-05-31,DFW,23.5,18.9,29.4,22.9,14.4
2024-06-01,DFW,23.3,18.9,26.1,,11.1
2024-06-02,DFW,23.4,20.6,30.6,,13.3
2024-06-03,DFW,24.2,21.1,28.9,6.4,17.5
2024-06-04,DFW,27.4,20.6,33.3,,23.9
2024-06-05,DFW,26.1,20.0,32.2,,15.6
2024-06-06,DFW,28.2,21.7,35.0,0.0,6.6
2024-06-07,DFW,29.5,23.9,34.4,0.0,14.7
2024-06-08,DFW,30.5,25.6,36.1,0.0,22.8
2024-06-09,DFW,29.4,24.4,34.4,0.0,16.1
2024-06-10,DFW,26.7,24.4,28.9,0.0,15.3
2024-06-11,DFW,25.3,23.3,27.8,,10.0
2024-06-12,DFW,27.6,22.8,32.2,0.0,9.1
2024-06-13,DFW,28.5,23.3,33.9,0.0,10.5
2024-06-14,DFW,29.4,23.9,35.0,0.0,9.3
2024-06-15,DFW,29.1,23.9,33.9,0.0,13.2
2024-06-16,DFW,29.7,25.6,33.9,0.0,21.5
2024-06-17,DFW,29.8,25.6,34.4,0.0,27.3
2024-06-18,DFW,28.7,24.4,33.3,0.0,26.0
2024-06-19,DFW,27.4,23.9,31.1,0.0,14.6
2024-06-20,DFW,29.0,25.6,33.3,0.0,14.7
2024-06-21,DFW,29.5,25.0,33.3,0.0,12.9
2024-06-22,DFW,30.2,25.6,35.0,0.0,15.4
2024-06-23,DFW,31.2,26.1,35.6,0.0,14.5
2024-06-24,DFW,31.4,26.1,36.1,0.0,16.0
2024-06-25,DFW,31.4,26.1,35.6,0.0,19.1
2024-06-26,DFW,32.4,27.8,36.7,0.0,19.4
2024-06-27,DFW,31.2,26.7,35.6,0.0,13.3
2024-06-28,DFW,32.2,26.7,37.2,0.0,20.2
2024-06-29,DFW,32.0,27.8,36.7,0.0,20.7
2024-06-30,DFW,32.6,27.8,37.2,0.0,16.9
2024-07-01,DFW,32.9,28.3,37.2,0.0,16.5
2024-07-02,DFW,32.8,27.8,37.8,0.0,21.5
2024-07-03,DFW,32.5,27.8,37.8,0.0,19.1
2024-07-04,DFW,32.3,27.8,36.7,0.0,18.3
2024-07-05,DFW,28.1,23.3,31.7,,15.6
2024-07-06,DFW,28.3,22.2,35.0,0.0,11.3
2024-07-07,DFW,29.9,26.1,35.6,0.0,14.4
2024-07-08,DFW,26.0,23.9,29.4,,17.8
2024-07-09,DFW,28.0,22.2,33.9,0.0,13.2
2024-07-10,DFW,30.1,24.4,37.2,0.0,10.3
2024-07-11,DFW,30.7,25.0,36.1,0.0,11.5
2024-07-12,DFW,30.3,25.0,35.6,0.0,15.6
2024-07-13,DFW,29.4,24.4,35.0,0.0,18.2
2024-07-14,DFW,30.7,25.0,36.7,0.0,19.9
2024-07-15,DFW,31.6,25.6,37.2,0.0,21.2
2024-07-16,DFW,32.5,27.2,37.8,0.0,21.5
2024-07-17,DFW,29.5,26.1,31.1,,14.7
2024-07-18,DFW,28.0,23.9,31.7,2.8,11.4
2024-07-19,DFW,28.3,23.3,33.3,0.0,9.9
2024-07-20,DFW,28.2,22.2,34.4,0.0,10.1
2024-07-21,DFW,26.2,22.2,29.4,,13.0
2024-07-22,DFW,26.3,23.9,31.1,0.0,10.5
2024-07-23,DFW,26.0,22.8,30.6,,9.1
2024-07-24,DFW,27.6,22.8,33.3,0.0,7.7
2024-07-25,DFW,28.3,23.9,32.8,0.0,11.3
2024-07-26,DFW,26.1,23.3,30.6,0.0,9.6
2024-07-27,DFW,27.5,22.8,32.8,,13.8
2024-07-28,DFW,28.6,23.9,33.9,0.0,23.3
2024-07-29,DFW,30.4,26.1,35.6,0.0,24.7
2024-07-30,DFW,30.8,25.6,35.6,0.0,25.9
2024-07-31,DFW,30.9,26.1,36.1,0.0,26.6
2024-08-01,DFW,31.0,24.4,37.8,0.0,22.9
2024-08-02,DFW,31.9,25.6,38.3,0.0,11.3
2024-08-03,DFW,31.1,24.4,36.7,,11.4
2024-08-04,DFW,30.8,25.0,35.6,0.0,9.7
2024-08-05,DFW,30.2,25.0,35.0,0.0,7.8
2024-08-06,DFW,31.6,25.6,37.8,0.0,8.9
2024-08-07,DFW,32.9,26.1,38.3,0.0,11.6
2024-08-08,DFW,33.4,27.2,38.9,0.0,10.5
2024-08-09,DFW,29.6,25.6,32.2,,14.2
2024-08-10,DFW,29.9,24.4,35.0,0.0,10.6
2024-08-11,DFW,30.9,27.2,35.0,0.0,17.4
2024-08-12,DFW,31.6,26.7,36.7,0.0,18.1
2024-08-13,DFW,32.3,27.2,37.2,0.0,17.8
2024-08-14,DFW,32.6,27.8,37.2,0.0,19.0
2024-08-15,DFW,32.9,27.8,38.3,0.0,18.9
2024-08-16,DFW,33.5,28.3,38.3,0.0,15.8
2024-08-17,DFW,33.1,27.8,37.8,0.0,16.8
2024-08-18,DFW,33.6,27.2,39.4,0.0,13.5
2024-08-19,DFW,34.5,28.3,41.1,0.0,12.7
2024-08-20,DFW,33.0,28.3,38.9,0.0,11.2
2024-08-21,DFW,30.6,26.1,35.6,0.0,19.5
2024-08-22,DFW,31.2,26.1,37.2,0.0,18.7
2024-08-23,DFW,32.4,27.8,38.9,0.0,23.3
2024-08-24,DFW,31.3,26.7,36.1,0.0,20.7
2024-08-25,DFW,31.4,26.7,36.1,0.0,12.8
2024-08-26,DFW,30.8,26.1,35.0,0.0,11.0
2024-08-27,DFW,29.7,25.6,35.0,,9.7
2024-08-28,DFW,29.7,25.0,35.6,0.0,11.5
2024-08-29,DFW,29.2,25.6,33.3,,14.9
2024-08-30,DFW,28.1,23.9,32.8,0.0,10.4
2024-08-31,DFW,29.3,24.4,34.4,1.5,11.6
2024-09-01,DFW,28.3,24.4,33.9,,11.6
2024-09-02,DFW,27.7,24.4,31.7,,14.8
2024-09-03,DFW,24.1,21.7,28.3,,13.1
2024-09-04,DFW,23.1,20.0,25.6,,12.8
2024-09-05,DFW,26.5,22.8,31.7,0.0,14.3
2024-09-06,DFW,26.7,22.8,32.2,0.5,16.8
2024-09-07,DFW,24.9,19.4,29.4,0.0,22.1
2024-09-08,DFW,22.8,17.2,28.3,0.0,14.7
2024-09-09,DFW,23.1,15.0,29.4,0.0,9.7
2024-09-10,DFW,24.6,17.8,31.1,0.0,8.1
2024-09-11,DFW,25.1,22.2,28.3,0.6,16.0
2024-09-12,DFW,24.4,21.0,29.4,0.0,12.3
2024-09-13,DFW,27.4,21.1,33.3,0.0,9.8
2024-09-14,DFW,29.2,24.4,33.9,0.0,11.2
2024-09-15,DFW,28.3,23.3,33.3,0.0,17.7
2024-09-16,DFW,27.4,22.2,32.8,0.0,11.4
2024-09-17,DFW,27.2,22.8,31.7,0.0,12.8
2024-09-18,DFW,28.7,23.3,35.6,0.0,15.4
2024-09-19,DFW,30.5,26.0,35.6,0.0,15.4
2024-09-20,DFW,30.5,25.0,35.0,0.0,15.1
2024-09-21,DFW,30.5,25.0,35.0,0.0,16.9
2024-09-22,DFW,29.8,24.4,34.4,0.0,16.6
2024-09-23,DFW,23.6,20.6,28.9,20.7,15.5
2024-09-24,DFW,26.1,21.7,31.7,0.0,5.3
2024-09-25,DFW,24.0,20.6,28.3,0.2,18.9
2024-09-26,DFW,23.8,18.9,28.3,0.0,11.7
2024-09-27,DFW,24.2,18.3,28.9,0.0,14.1
2024-09-28,DFW,24.5,17.8,30.6,0.0,15.0
2024-09-29,DFW,24.4,17.8,30.0,0.0,11.0
2024-09-30,DFW,26.1,18.9,32.8,0.0,5.6
2024-10-01,DFW,27.3,21.7,33.3,0.0,14.2
2024-10-02,DFW,26.2,20.6,31.7,0.0,9.8
2024-10-03,DFW,27.4,22.2,33.9,0.0,12.1
2024-10-04,DFW,26.6,20.6,31.7,0.0,12.9
2024-10-05,DFW,26.4,20.0,32.2,0.0,8.6
2024-10-06,DFW,26.8,21.7,31.1,0.0,9.6
2024-10-07,DFW,26.0,20.6,31.1,0.0,11.8
2024-10-08,DFW,24.7,20.0,28.9,0.0,11.9
2024-10-09,DFW,24.5,19.4,30.0,0.0,12.1
2024-10-10,DFW,25.7,20.6,31.7,0.0,16.1
2024-10-11,DFW,26.1,20.6,32.2,0.0,16.6
2024-10-12,DFW,27.1,21.7,33.9,0.0,17.0
2024-10-13,DFW,26.9,20.0,35.0,0.0,14.7
2024-10-14,DFW,23.6,18.9,27.8,0.0,16.2
2024-10-15,DFW,24.4,17.8,33.9,0.0,17.3
2024-10-16,DFW,16.3,11.7,21.7,0.0,21.9
2024-10-17,DFW,15.8,9.4,21.7,0.0,16.3
2024-10-18,DFW,18.3,11.7,25.0,0.0,18.5
2024-10-19,DFW,20.3,15.6,25.0,0.0,15.6
2024-10-20,DFW,20.6,13.9,26.1,0.0,11.7
2024-10-21,DFW,21.5,15.0,27.2,0.0,16.4
2024-10-22,DFW,24.6,20.0,31.1,0.0,17.8
2024-10-23,DFW,26.0,20.0,32.2,0.0,14.7
2024-10-24,DFW,25.5,20.0,30.0,0.0,18.9
2024-10-25,DFW,25.5,20.6,30.6,0.0,16.9
2024-10-26,DFW,24.1,20.6,27.8,0.0,11.1
2024-10-27,DFW,23.4,17.8,28.9,0.0,10.6
2024-10-28,DFW,25.9,22.2,30.0,0.0,22.3
2024-10-29,DFW,26.1,23.3,30.0,0.5,31.7
2024-10-30,DFW,26.5,23.3,30.6,0.0,29.1
2024-10-31,DFW,20.1,15.0,26.1,0.7,19.0
2024-11-01,DFW,18.9,15.6,22.2,0.0,11.9
2024-11-02,DFW,22.2,20.0,25.6,0.0,18.2
2024-11-03,DFW,23.9,22.8,26.7,0.3,22.8
2024-11-04,DFW,23.0,17.8,28.9,,22.5
2024-11-05,DFW,17.2,15.0,20.0,0.0,15.2
2024-11-06,DFW,16.9,10.6,22.8,0.0,11.8
2024-11-07,DFW,18.7,15.0,21.1,0.3,18.6
2024-11-08,DFW,19.8,16.7,21.7,,19.0
2024-11-09,DFW,16.4,10.0,22.2,0.0,8.5
2024-11-10,DFW,18.3,10.6,27.2,0.0,5.3
2024-11-11,DFW,17.8,11.7,25.0,0.0,8.0
2024-11-12,DFW,17.4,11.7,23.9,0.0,9.3
2024-11-13,DFW,18.4,13.9,25.0,0.0,20.2
2024-11-14,DFW,15.3,8.3,22.2,0.0,6.1
2024-11-15,DFW,14.8,8.3,22.2,0.0,8.0
2024-11-16,DFW,16.9,10.6,24.4,0.0,17.9
2024-11-17,DFW,21.2,17.8,25.6,1.6,14.4
2024-11-18,DFW,20.4,15.6,23.3,,27.7
2024-11-19,DFW,17.3,11.7,23.3,0.0,14.8
2024-11-20,DFW,12.8,7.8,18.3,,21.0
2024-11-21,DFW,12.4,3.9,21.1,0.0,9.3
2024-11-22,DFW,12.2,6.7,18.9,0.0,5.7
2024-11-23,DFW,15.1,6.1,23.3,0.0,14.3
2024-11-24,DFW,20.2,14.4,26.1,0.0,25.1
2024-11-25,DFW,13.0,7.8,20.0,0.0,24.2
2024-11-26,DFW,9.3,3.3,15.6,0.0,11.0
2024-11-27,DFW,17.2,11.1,27.8,0.0,25.1
2024-11-28,DFW,8.7,6.7,11.7,0.0,23.3
2024-11-29,DFW,6.6,1.1,12.2,0.0,7.3
2024-11-30,DFW,8.3,2.8,15.6,0.0,11.8
2024-12-01,DFW,9.5,2.8,17.8,0.0,7.2
2024-12-02,DFW,10.3,3.9,18.3,0.0,8.2
2024-12-03,DFW,9.4,2.2,16.1,0.0,9.7
2024-12-04,DFW,11.2,10.0,12.2,,7.2
2024-12-05,DFW,9.8,3.9,12.8,0.0,19.1
2024-12-06,DFW,5.7,0.0,10.6,,8.8
2024-12-07,DFW,7.4,6.7,8.3,,9.9
2024-12-08,DFW,9.7,7.2,13.9,,14.6
2024-12-09,DFW,13.0,7.8,22.2,0.0,14.0
2024-12-10,DFW,8.3,5.6,11.1,0.0,24.3
2024-12-11,DFW,8.1,1.7,16.1,0.0,11.7
2024-12-12,DFW,10.3,3.3,16.1,0.0,21.5
2024-12-13,DFW,12.5,11.1,14.4,,20.0
2024-12-14,DFW,17.0,11.1,22.8,,13.2
2024-12-15,DFW,17.2,10.0,24.4,,11.1
2024-12-16,DFW,20.1,13.3,25.0,35.4,17.6
2024-12-17,DFW,17.2,11.1,23.9,,11.5
2024-12-18,DFW,12.5,6.1,19.4,,22.9
2024-12-19,DFW,9.2,2.8,16.7,0.0,7.8
2024-12-20,DFW,8.6,5.0,13.9,0.0,15.8
2024-12-21,DFW,6.1,0.6,12.2,0.0,10.3
2024-12-22,DFW,10.2,3.3,16.7,0.0,17.5
2024-12-23,DFW,15.8,12.8,19.4,0.0,21.6
2024-12-24,DFW,15.6,11.7,17.2,,17.5
2024-12-25,DFW,11.7,10.6,12.8,,8.8
2024-12-26,DFW,13.2,12.2,14.4,,13.6
2024-12-27,DFW,14.0,7.8,22.2,0.0,14.0
2024-12-28,DFW,14.7,12.2,16.7,,13.3
2024-12-29,DFW,13.4,8.9,21.1,0.0,11.0
2024-12-30,DFW,16.9,10.0,27.8,0.0,20.1
2024-12-31,DFW,11.0,6.7,15.6,0.0,18.0
2025-01-01,DFW,6.4,2.8,10.0,0.0,11.2
2025-01-02,DFW,8.5,2.8,15.6,0.0,9.2
2025-01-03,DFW,11.6,5.0,17.2,0.0,8.3
2025-01-04,DFW,15.5,12.8,19.4,0.0,22.0
2025-01-05,DFW,8.5,-3.3,19.4,0.2,38.2
2025-01-06,DFW,-1.3,-6.1,4.4,0.0,25.1
2025-01-07,DFW,-0.4,-3.9,3.9,0.0,17.1
2025-01-08,DFW,0.4,-2.8,4.4,0.0,13.5
2025-01-09,DFW,0.8,-0.6,2.2,35.2,9.2
2025-01-10,DFW,1.0,-0.6,3.3,1.8,19.8
2025-01-11,DFW,4.2,-4.4,12.2,0.0,18.8
2025-01-12,DFW,6.4,1.1,11.1,0.0,18.9
2025-01-13,DFW,4.5,-1.7,10.6,0.0,14.6
2025-01-14,DFW,5.9,-1.1,13.3,0.0,4.1
2025-01-15,DFW,7.5,0.6,16.1,0.0,7.9
2025-01-16,DFW,8.5,1.7,16.7,0.0,10.5
2025-01-17,DFW,11.9,5.6,17.2,1.3,24.9
2025-01-18,DFW,6.1,-1.7,15.0,0.0,31.8
2025-01-19,DFW,-2.7,-5.6,1.1,0.0,24.7
2025-01-20,DFW,-2.3,-5.6,0.6,0.0,15.8
2025-01-21,DFW,-2.6,-6.1,0.6,0.0,17.5
2025-01-22,DFW,1.9,-4.4,10.6,0.0,20.6
2025-01-23,DFW,3.7,-2.2,10.0,0.0,15.9
2025-01-24,DFW,5.3,-4.4,14.4,0.0,18.1
2025-01-25,DFW,8.9,2.8,14.4,0.0,23.1
2025-01-26,DFW,8.0,5.6,10.0,0.0,13.1
2025-01-27,DFW,6.0,0.0,11.1,0.0,11.6
2025-01-28,DFW,11.6,8.9,15.0,0.0,6.3
2025-01-29,DFW,13.4,11.1,16.1,61.7,8.7
2025-01-30,DFW,15.6,12.2,20.6,38.0,17.1
2025-01-31,DFW,13.1,8.9,18.9,0.0,22.6
2025-02-01,DFW,12.6,3.3,21.1,0.0,12.7
2025-02-02,DFW,17.0,8.9,25.6,0.0,19.6
2025-02-03,DFW,20.3,13.9,28.3,0.0,21.9
2025-02-04,DFW,14.5,9.4,19.4,0.3,16.6
2025-02-05,DFW,14.1,8.3,22.8,0.0,12.8
2025-02-06,DFW,20.6,10.6,28.3,0.0,19.7
2025-02-07,DFW,15.0,9.4,22.2,0.0,11.6
2025-02-08,DFW,19.5,9.4,30.0,0.0,28.0
2025-02-09,DFW,7.9,6.1,10.0,0.3,18.5
2025-02-10,DFW,5.5,4.4,6.1,5.4,12.1
2025-02-11,DFW,6.1,5.6,7.2,6.0,14.6
2025-02-12,DFW,4.0,-1.1,6.7,19.7,23.6
2025-02-13,DFW,-0.9,-5.6,2.8,0.0,20.1
2025-02-14,DFW,6.7,2.2,11.7,0.3,14.5
2025-02-15,DFW,10.6,2.2,22.2,0.0,22.8
2025-02-16,DFW,2.6,-1.1,7.8,0.0,22.5
2025-02-17,DFW,6.0,-1.1,13.3,0.0,15.3
2025-02-18,DFW,4.8,-6.7,10.6,1.5,25.9
2025-02-19,DFW,-7.6,-10.6,-2.8,0.0,31.8
2025-02-20,DFW,-5.9,-11.1,-0.6,0.0,21.1
2025-02-21,DFW,-2.3,-5.6,0.6,0.0,11.0
2025-02-22,DFW,3.9,-2.8,10.6,0.0,4.2
2025-02-23,DFW,9.9,4.4,17.8,2.1,7.5
2025-02-24,DFW,12.7,5.0,22.2,0.0,13.0
2025-02-25,DFW,16.5,7.2,26.1,0.0,13.7
2025-02-26,DFW,19.3,13.9,26.7,0.0,20.0
2025-02-27,DFW,15.8,11.1,21.1,0.3,15.8
2025-02-28,DFW,15.3,5.6,23.9,0.0,11.4
2025-03-01,DFW,17.6,9.4,26.1,0.0,10.3
2025-03-02,DFW,17.7,12.8,24.4,5.5,24.3
2025-03-03,DFW,16.1,12.8,20.0,0.0,22.0
2025-03-04,DFW,16.2,10.0,21.7,16.1,40.1
2025-03-05,DFW,10.8,6.1,16.1,0.0,26.6
2025-03-06,DFW,12.5,5.6,18.3,0.0,15.9
2025-03-07,DFW,19.7,15.0,27.8,0.0,15.6
2025-03-08,DFW,10.3,6.7,17.8,6.0,22.4
2025-03-09,DFW,8.6,6.1,13.9,0.8,17.8
2025-03-10,DFW,13.4,2.8,23.3,0.0,11.4
2025-03-11,DFW,18.3,8.3,26.7,0.0,20.7
2025-03-12,DFW,21.0,13.9,28.9,0.0,22.8
2025-03-13,DFW,21.6,13.3,29.4,0.0,14.6
2025-03-14,DFW,23.8,17.8,30.0,0.0,29.5
2025-03-15,DFW,17.8,13.3,21.7,0.0,23.6
2025-03-16,DFW,13.5,5.6,20.6,0.0,10.7
2025-03-17,DFW,19.1,10.0,27.8,0.0,23.3
2025-03-18,DFW,21.3,14.4,27.8,0.0,36.0
2025-03-19,DFW,16.8,10.6,21.1,,38.7
2025-03-20,DFW,11.6,5.6,17.8,,17.8
2025-03-21,DFW,15.8,7.2,25.0,,21.6
2025-03-22,DFW,20.0,11.1,27.2,0.0,21.3
2025-03-23,DFW,21.8,17.2,27.2,0.0,26.6
2025-03-24,DFW,18.4,10.0,26.1,0.0,11.0
2025-03-25,DFW,22.2,13.9,32.2,7.9,10.0
2025-03-26,DFW,21.9,18.9,26.1,0.0,17.6
2025-03-27,DFW,19.4,15.6,26.7,0.0,16.5
2025-03-28,DFW,18.8,16.1,21.7,11.1,17.1
2025-03-29,DFW,22.0,17.2,27.8,0.0,21.4
2025-03-30,DFW,21.8,16.1,28.3,0.8,23.7
2025-03-31,DFW,16.0,10.6,22.2,0.0,17.6
2025-04-01,DFW,19.5,11.7,26.7,0.0,23.6
2025-04-02,DFW,23.1,18.3,26.1,18.8,20.4
2025-04-03,DFW,16.4,13.9,20.6,26.1,22.0
2025-04-04,DFW,13.9,12.8,14.4,24.2,18.9
2025-04-05,DFW,11.1,8.9,13.9,25.5,29.3
2025-04-06,DFW,6.8,5.0,8.3,0.9,24.2
2025-04-07,DFW,11.9,5.0,19.4,0.0,11.3
2025-04-08,DFW,15.5,6.1,23.3,0.0,11.8
2025-04-09,DFW,20.3,12.8,28.3,0.0,22.4
2025-04-10,DFW,21.2,13.3,28.9,0.0,10.1
2025-04-11,DFW,20.9,12.8,26.7,0.0,10.5
2025-04-12,DFW,21.3,13.9,28.3,0.0,18.3
2025-04-13,DFW,25.4,17.8,33.3,0.0,32.1
2025-04-14,DFW,23.8,17.8,30.6,0.0,23.6
2025-04-15,DFW,19.4,13.9,23.9,0.0,16.8
2025-04-16,DFW,21.0,13.3,27.8,0.0,19.5
2025-04-17,DFW,24.0,19.4,28.3,0.0,30.4
2025-04-18,DFW,24.7,20.6,29.4,0.0,32.6
2025-04-19,DFW,22.5,18.3,25.6,4.9,23.3
2025-04-20,DFW,21.4,17.2,25.0,,21.7
2025-04-21,DFW,19.9,11.7,26.7,,5.6
2025-04-22,DFW,22.9,15.0,30.6,0.0,10.9
2023-04-23,DEN,2.9,-3.8,13.9,0.0,10.4
2023-04-24,DEN,9.0,1.1,18.3,0.0,11.2
2023-04-25,DEN,10.7,3.3,17.8,7.9,18.4
2023-04-26,DEN,6.6,3.9,13.3,0.0,12.6
2023-04-27,DEN,12.0,3.9,20.0,4.1,26.3
2023-04-28,DEN,6.3,1.1,14.4,0.0,23.4
2023-04-29,DEN,11.9,5.0,22.8,0.0,15.8
2023-04-30,DEN,12.1,1.7,20.0,0.0,11.2
2023-05-01,DEN,12.3,3.3,22.8,0.0,13.0
2023-05-02,DEN,14.1,6.1,22.8,0.0,20.5
2023-05-03,DEN,16.3,6.1,26.1,0.0,12.2
2023-05-04,DEN,17.1,8.9,25.0,0.5,16.2
2023-05-05,DEN,14.4,5.6,25.0,0.0,16.9
2023-05-06,DEN,13.1,4.4,22.2,0.0,13.3
2023-05-07,DEN,14.8,5.0,22.2,0.0,11.2
2023-05-08,DEN,13.9,3.9,23.3,1.3,19.1
2023-05-09,DEN,15.1,6.1,25.6,0.0,20.9
2023-05-10,DEN,14.3,9.4,18.3,16.5,15.5
2023-05-11,DEN,9.7,8.3,10.0,74.2,23.0
2023-05-12,DEN,10.4,7.8,15.0,21.1,27.7
2023-05-13,DEN,11.5,7.2,16.1,0.8,17.6
2023-05-14,DEN,11.2,8.9,16.1,3.6,18.0
2023-05-15,DEN,10.8,8.3,15.0,0.3,9.7
2023-05-16,DEN,15.8,8.9,25.6,1.3,15.1
2023-05-17,DEN,17.4,11.1,25.6,0.0,13.7
2023-05-18,DEN,15.5,10.6,19.4,4.8,12.2
2023-05-19,DEN,11.3,10.0,13.3,0.0,10.4
2023-05-20,DEN,13.3,7.8,21.1,0.0,10.8
2023-05-21,DEN,16.3,9.4,23.3,0.0,14.4
2023-05-22,DEN,16.7,10.6,23.3,0.0,13.0
2023-05-23,DEN,17.5,11.1,25.0,0.0,13.7
2023-05-24,DEN,16.3,11.1,22.8,0.5,12.6
2023-05-25,DEN,15.7,8.3,24.4,1.5,14.0
2023-05-26,DEN,15.3,10.0,24.4,11.4,15.5
2023-05-27,DEN,15.8,9.4,25.0,2.5,13.7
2023-05-28,DEN,16.4,8.9,25.0,0.0,12.6
2023-05-29,DEN,18.7,11.1,27.8,0.0,12.6
2023-05-30,DEN,17.6,11.1,26.7,0.0,16.9
2023-05-31,DEN,17.7,9.4,26.1,0.3,14.8
2023-06-01,DEN,15.2,8.9,21.7,1.3,13.0
2023-06-02,DEN,16.0,10.6,21.1,2.3,14.0
2023-06-03,DEN,13.8,11.1,16.1,7.9,7.6
2023-06-04,DEN,13.1,11.1,15.0,34.5,11.5
2023-06-05,DEN,15.2,11.1,21.1,0.0,14.4
2023-06-06,DEN,16.3,10.6,25.0,0.0,13.0
2023-06-07,DEN,17.4,10.0,24.4,0.0,13.7
2023-06-08,DEN,18.2,12.2,25.6,5.6,11.5
2023-06-09,DEN,19.0,11.7,26.1,1.5,15.5
2023-06-10,DEN,16.9,10.6,23.9,0.0,11.2
2023-06-11,DEN,14.8,10.0,18.3,2.0,10.8
2023-06-12,DEN,13.8,10.6,18.3,6.4,15.5
2023-06-13,DEN,12.1,9.4,18.9,1.8,10.4
2023-06-14,DEN,16.1,8.3,25.0,0.0,13.3
2023-06-15,DEN,18.6,12.8,24.4,7.1,14.0
2023-06-16,DEN,14.1,10.6,15.6,14.5,12.2
2023-06-17,DEN,13.9,8.3,22.2,0.0,8.3
2023-06-18,DEN,18.9,11.1,28.3,0.0,18.4
2023-06-19,DEN,22.7,14.4,30.6,0.0,21.2
2023-06-20,DEN,22.1,15.0,29.4,0.0,13.3
2023-06-21,DEN,20.3,11.7,28.3,47.0,19.8
2023-06-22,DEN,18.4,13.9,23.9,4.1,22.0
2023-06-23,DEN,18.7,12.2,28.9,0.0,15.1
2023-06-24,DEN,20.6,10.0,27.8,0.0,16.2
2023-06-25,DEN,18.6,10.0,26.7,0.0,14.4
2023-06-26,DEN,20.6,11.7,30.0,0.0,16.6
2023-06-27,DEN,24.2,15.0,33.3,0.0,18.4
2023-06-28,DEN,22.4,16.1,28.3,0.0,13.7
2023-06-29,DEN,21.5,13.9,27.2,16.3,21.6
2023-06-30,DEN,15.8,12.2,21.1,2.8,13.0
2023-07-01,DEN,18.7,12.2,27.8,0.0,9.4
2023-07-02,DEN,21.7,14.4,30.0,0.0,12.6
2023-07-03,DEN,22.3,15.0,30.0,0.3,15.1
2023-07-04,DEN,21.6,12.2,25.6,19.6,18.4
2023-07-05,DEN,16.1,12.2,21.7,0.3,13.3
2023-07-06,DEN,17.4,13.9,26.1,0.5,14.4
2023-07-07,DEN,18.5,13.3,23.9,3.0,13.7
2023-07-08,DEN,18.6,13.3,26.7,0.0,21.6
2023-07-09,DEN,19.3,13.9,26.7,0.0,14.0
2023-07-10,DEN,22.8,16.1,33.3,0.0,13.7
2023-07-11,DEN,25.6,17.8,33.9,0.0,13.7
2023-07-12,DEN,24.8,16.7,31.7,0.0,13.7
2023-07-13,DEN,24.9,16.1,33.9,0.0,15.5
2023-07-14,DEN,23.6,16.7,27.2,0.0,16.9
2023-07-15,DEN,21.3,13.9,30.6,0.0,15.1
2023-07-16,DEN,22.8,16.7,30.6,0.0,15.8
2023-07-17,DEN,25.8,16.7,36.1,0.0,14.4
2023-07-18,DEN,27.9,20.0,36.1,0.0,16.9
2023-07-19,DEN,25.4,18.9,32.2,0.0,16.9
2023-07-20,DEN,21.1,14.4,26.1,5.1,19.4
2023-07-21,DEN,18.8,11.1,28.9,1.5,9.4
2023-07-22,DEN,22.0,13.9,32.2,0.0,13.0
2023-07-23,DEN,25.2,13.9,36.1,0.0,18.0
2023-07-24,DEN,26.6,17.2,36.7,2.3,16.9
2023-07-25,DEN,26.9,18.3,36.7,3.3,15.1
2023-07-26,DEN,25.6,18.3,34.4,2.8,14.8
2023-07-27,DEN,24.9,17.2,35.0,0.0,17.6
2023-07-28,DEN,24.2,15.6,34.4,7.1,17.6
2023-07-29,DEN,23.2,16.1,32.8,0.0,16.2
2023-07-30,DEN,25.2,15.6,34.4,0.0,11.2
2023-07-31,DEN,25.0,17.2,32.2,7.6,13.0
2023-08-01,DEN,22.6,16.7,31.7,0.0,13.3
2023-08-02,DEN,22.3,16.1,30.0,1.3,11.5
2023-08-03,DEN,22.2,16.1,30.0,15.2,12.2
2023-08-04,DEN,21.8,15.0,31.7,0.0,8.6
2023-08-05,DEN,22.8,13.9,30.6,0.0,12.2
2023-08-06,DEN,17.8,13.9,21.1,0.0,9.0
2023-08-07,DEN,19.2,12.2,28.3,2.3,14.8
2023-08-08,DEN,19.4,12.2,28.9,0.0,15.1
2023-08-09,DEN,20.4,11.7,28.3,0.0,11.5
2023-08-10,DEN,23.1,16.1,33.3,0.0,18.0
2023-08-11,DEN,24.8,16.7,32.8,0.0,16.6
2023-08-12,DEN,23.5,19.4,30.6,0.0,16.9
2023-08-13,DEN,21.2,13.9,23.9,0.0,18.4
2023-08-14,DEN,18.1,9.4,26.1,0.0,12.2
2023-08-15,DEN,21.2,12.2,33.3,0.0,13.0
2023-08-16,DEN,26.9,19.4,37.2,0.0,19.4
2023-08-17,DEN,25.3,14.4,34.4,0.0,22.3
2023-08-18,DEN,28.2,20.6,36.1,0.0,18.4
2023-08-19,DEN,25.9,17.8,35.0,2.5,18.4
2023-08-20,DEN,23.2,15.6,35.0,0.0,18.4
2023-08-21,DEN,28.8,22.2,37.2,0.0,31.7
2023-08-22,DEN,28.9,22.8,35.6,0.0,24.1
2023-08-23,DEN,27.3,17.8,34.4,0.0,13.3
2023-08-24,DEN,26.3,18.9,33.9,0.3,15.8
2023-08-25,DEN,21.1,15.0,21.1,0.8,15.5
2023-08-26,DEN,17.9,13.3,27.2,0.0,11.5
2023-08-27,DEN,22.0,14.4,32.8,1.3,14.0
2023-08-28,DEN,19.7,12.8,28.3,0.0,16.2
2023-08-29,DEN,19.2,12.2,28.3,0.0,13.7
2023-08-30,DEN,23.6,14.4,36.1,0.0,18.4
2023-08-31,DEN,26.3,16.7,35.6,0.0,15.5
2023-09-01,DEN,26.9,18.9,37.2,0.0,17.3
2023-09-02,DEN,27.3,19.4,35.0,0.0,9.7
2023-09-03,DEN,25.4,17.2,32.8,0.8,15.5
2023-09-04,DEN,22.5,12.8,33.9,0.0,23.0
2023-09-05,DEN,20.9,8.9,25.6,0.0,18.0
2023-09-06,DEN,19.6,11.7,31.1,0.0,16.6
2023-09-07,DEN,23.1,14.4,33.3,0.0,13.7
2023-09-08,DEN,22.1,10.6,33.3,0.0,12.2
2023-09-09,DEN,23.8,13.9,31.1,0.0,14.8
2023-09-10,DEN,17.4,12.8,20.6,4.6,11.9
2023-09-11,DEN,14.8,10.0,21.7,0.8,9.4
2023-09-12,DEN,16.1,9.4,26.1,0.0,12.2
2023-09-13,DEN,18.2,10.0,27.8,0.0,12.6
2023-09-14,DEN,16.7,11.1,25.0,10.2,16.6
2023-09-15,DEN,13.2,8.9,18.3,0.8,9.7
2023-09-16,DEN,14.7,6.7,25.0,0.0,11.2
2023-09-17,DEN,18.8,10.0,29.4,0.0,13.0
2023-09-18,DEN,21.2,13.9,28.9,0.0,16.6
2023-09-19,DEN,20.8,13.3,28.3,0.0,15.5
2023-09-20,DEN,19.3,12.2,27.8,0.0,17.3
2023-09-21,DEN,18.7,10.0,27.2,0.0,13.0
2023-09-22,DEN,18.7,11.1,28.9,0.0,13.7
2023-09-23,DEN,16.4,6.1,26.1,0.0,16.9
2023-09-24,DEN,15.5,4.4,26.7,0.0,13.0
2023-09-25,DEN,18.1,9.4,28.9,0.0,10.8
2023-09-26,DEN,18.9,10.6,28.3,0.0,12.6
2023-09-27,DEN,20.2,11.7,31.1,0.0,18.4
2023-09-28,DEN,22.3,13.9,31.1,0.0,18.7
2023-09-29,DEN,19.2,5.6,28.3,0.0,16.9
2023-09-30,DEN,19.7,10.0,32.8,0.0,21.2
2023-10-01,DEN,22.3,14.4,30.0,0.0,31.0
2023-10-02,DEN,20.3,10.0,29.4,0.0,19.4
2023-10-03,DEN,14.1,5.6,21.7,0.0,15.8
2023-10-04,DEN,13.5,6.1,21.7,0.0,13.7
2023-10-05,DEN,12.9,4.4,21.1,0.0,13.3
2023-10-06,DEN,9.4,2.2,13.3,0.0,12.6
2023-10-07,DEN,10.3,3.3,22.8,0.0,12.2
2023-10-08,DEN,15.4,6.7,25.6,0.0,13.3
2023-10-09,DEN,15.5,6.1,26.7,0.0,11.5
2023-10-10,DEN,16.8,8.9,26.7,0.0,14.0
2023-10-11,DEN,16.9,7.2,24.4,0.3,17.3
2023-10-12,DEN,10.5,3.3,15.6,0.0,23.0
2023-10-13,DEN,6.9,-1.6,12.8,0.0,23.0
2023-10-14,DEN,4.1,-1.6,12.2,0.0,10.1
2023-10-15,DEN,8.2,0.6,19.4,0.0,13.7
2023-10-16,DEN,12.6,4.4,23.9,0.0,13.0
2023-10-17,DEN,17.3,8.3,29.4,0.0,15.8
2023-10-18,DEN,16.1,4.4,22.2,0.0,13.3
2023-10-19,DEN,15.6,6.7,26.7,0.0,11.5
2023-10-20,DEN,18.7,7.8,30.0,0.0,14.8
2023-10-21,DEN,16.0,5.6,27.8,0.0,14.0
2023-10-22,DEN,15.3,6.1,23.3,0.0,15.5
2023-10-23,DEN,15.8,5.6,27.2,0.0,12.6
2023-10-24,DEN,13.8,5.6,21.1,0.0,9.4
2023-10-25,DEN,11.4,3.9,20.6,0.0,11.5
2023-10-26,DEN,7.7,-1.0,9.4,0.0,11.5
2023-10-27,DEN,1.3,-4.3,10.0,0.0,21.2
2023-10-28,DEN,-1.9,-6.0,-0.5,9.9,10.8
2023-10-29,DEN,-5.3,-8.2,-1.0,3.0,10.8
2023-10-30,DEN,-3.8,-11.6,7.2,0.0,11.9
2023-10-31,DEN,0.3,-8.2,10.6,0.0,12.6
2023-11-01,DEN,6.9,-0.5,17.2,0.0,10.8
2023-11-02,DEN,9.5,-0.5,21.1,0.0,15.5
2023-11-03,DEN,13.6,5.6,20.6,0.0,13.0
2023-11-04,DEN,10.1,0.0,18.3,0.0,15.5
2023-11-05,DEN,13.7,7.8,25.6,0.0,17.3
2023-11-06,DEN,13.9,3.9,23.9,0.0,14.8
2023-11-07,DEN,14.6,5.0,24.4,0.0,18.7
2023-11-08,DEN,6.2,0.0,8.3,0.0,13.7
2023-11-09,DEN,3.6,-2.7,10.0,0.0,13.7
2023-11-10,DEN,2.6,-4.3,12.8,0.0,13.3
2023-11-11,DEN,5.7,-4.3,16.7,0.0,15.5
2023-11-12,DEN,9.0,1.7,17.2,0.0,19.4
2023-11-13,DEN,8.2,0.0,18.3,0.0,12.6
2023-11-14,DEN,11.3,2.8,21.1,0.0,12.2
2023-11-15,DEN,10.4,0.6,20.6,0.0,16.2
2023-11-16,DEN,12.5,1.7,21.1,0.0,17.6
2023-11-17,DEN,7.8,-0.5,18.3,0.0,10.8
2023-11-18,DEN,7.1,0.0,15.6,0.0,11.2
2023-11-19,DEN,7.4,-2.7,15.0,0.0,11.2
2023-11-20,DEN,5.9,0.6,7.2,0.3,32.0
2023-11-21,DEN,4.3,-3.2,13.3,0.0,13.0
2023-11-22,DEN,9.4,1.7,20.0,0.0,13.0
2023-11-23,DEN,4.3,-5.5,6.7,0.3,15.8
2023-11-24,DEN,-5.3,-8.8,-3.8,1.8,17.6
2023-11-25,DEN,-8.6,-11.0,-6.0,2.3,13.3
2023-11-26,DEN,-4.9,-9.9,3.9,0.0,14.4
2023-11-27,DEN,-3.7,-12.1,6.1,0.0,14.4
2023-11-28,DEN,3.4,-3.8,13.9,0.0,14.8
2023-11-29,DEN,4.0,-5.5,15.0,0.0,13.3
2023-11-30,DEN,0.2,-6.6,4.4,0.0,12.2
2023-12-01,DEN,-2.7,-6.6,5.0,0.0,10.8
2023-12-02,DEN,-0.4,-7.7,6.1,0.0,20.5
2023-12-03,DEN,1.1,-4.3,4.4,0.0,16.2
2023-12-04,DEN,4.0,-4.9,15.6,0.0,20.2
2023-12-05,DEN,5.8,-2.1,19.4,0.0,15.1
2023-12-06,DEN,9.7,2.2,21.7,0.0,13.0
2023-12-07,DEN,9.7,-3.2,17.2,0.0,25.9
2023-12-08,DEN,3.1,-3.8,5.0,1.0,14.0
2023-12-09,DEN,-1.7,-7.1,3.3,0.0,17.3
2023-12-10,DEN,0.4,-6.0,11.7,0.0,21.6
2023-12-11,DEN,5.2,-2.1,11.7,0.0,13.7
2023-12-12,DEN,0.1,-3.8,1.1,0.0,7.9
2023-12-13,DEN,-0.3,-4.3,5.0,1.8,6.1
2023-12-14,DEN,-0.4,-6.0,3.3,0.0,8.3
2023-12-15,DEN,1.8,-4.9,11.1,0.0,15.1
2023-12-16,DEN,4.4,-4.9,17.2,0.0,14.4
2023-12-17,DEN,8.8,-4.9,15.6,0.0,14.8
2023-12-18,DEN,2.4,-5.5,14.4,0.0,13.3
2023-12-19,DEN,9.9,2.8,19.4,0.0,16.2
2023-12-20,DEN,8.2,3.3,15.0,0.0,11.9
2023-12-21,DEN,7.8,0.0,15.0,0.0,12.6
2023-12-22,DEN,5.9,-2.7,15.0,0.0,15.1
2023-12-23,DEN,5.3,0.0,11.7,0.0,13.3
2023-12-24,DEN,-0.3,-7.1,0.0,0.0,25.2
2023-12-25,DEN,-6.3,-13.2,0.0,0.0,13.3
2023-12-26,DEN,-1.1,-3.8,5.0,0.3,33.8
2023-12-27,DEN,4.5,-7.1,8.9,0.0,20.2
2023-12-28,DEN,-1.5,-9.9,7.8,0.0,13.7
2023-12-29,DEN,2.4,-3.2,11.1,0.0,15.8
2023-12-30,DEN,3.7,-3.2,14.4,0.0,15.1
2023-12-31,DEN,0.4,-5.5,5.6,0.0,9.0
2024-01-01,DEN,0.8,-7.1,12.8,0.0,11.2
2024-01-02,DEN,2.1,-4.9,9.4,0.0,10.8
2024-01-03,DEN,0.2,-8.8,8.3,0.0,16.6
2024-01-04,DEN,-3.2,-6.0,0.6,0.0,9.7
2024-01-05,DEN,-1.7,-5.5,5.6,0.0,10.8
2024-01-06,DEN,-1.1,-7.7,5.0,0.0,13.7
2024-01-07,DEN,-3.6,-8.8,1.7,0.0,12.6
2024-01-08,DEN,-4.7,-14.3,-1.6,0.5,29.9
2024-01-09,DEN,-6.7,-18.8,6.1,0.0,16.6
2024-01-10,DEN,1.1,-6.6,4.4,0.0,27.0
2024-01-11,DEN,-4.8,-18.2,-1.0,0.0,18.4
2024-01-12,DEN,-8.4,-17.7,1.1,0.0,27.7
2024-01-13,DEN,-17.7,-24.9,-17.7,2.3,14.4
2024-01-14,DEN,-21.0,-23.2,-14.3,0.0,7.6
2024-01-15,DEN,-19.2,-28.2,-16.6,2.3,15.1
2024-01-16,DEN,-15.1,-28.2,3.3,0.0,16.2
2024-01-17,DEN,-0.5,-5.5,8.3,0.0,14.4
2024-01-18,DEN,1.3,-12.1,9.4,0.0,20.9
2024-01-19,DEN,-7.7,-12.1,1.1,0.0,10.8
2024-01-20,DEN,-3.9,-8.8,5.0,0.0,6.1
2024-01-21,DEN,3.6,-4.3,12.8,0.0,12.2
2024-01-22,DEN,3.9,-2.7,12.8,0.0,10.8
2024-01-23,DEN,3.8,-3.2,11.7,0.0,13.7
2024-01-24,DEN,3.6,-3.2,11.1,0.0,11.5
2024-01-25,DEN,3.2,-4.3,10.6,1.0,11.2
2024-01-26,DEN,2.6,-0.5,6.1,1.0,9.7
2024-01-27,DEN,2.6,-4.3,9.4,0.0,15.5
2024-01-28,DEN,4.3,-1.6,15.6,0.0,15.1
2024-01-29,DEN,6.3,-0.5,15.6,0.0,12.6
2024-01-30,DEN,5.7,-2.1,16.1,0.0,11.5
2024-01-31,DEN,6.4,-3.2,16.1,0.0,9.7
2024-02-01,DEN,8.6,1.1,16.7,0.0,13.7
2024-02-02,DEN,5.4,-2.1,14.4,1.0,13.7
2024-02-03,DEN,3.3,0.0,4.4,18.3,10.4
2024-02-04,DEN,-0.2,-5.5,3.3,0.0,9.0
2024-02-05,DEN,-0.3,-6.6,7.2,0.0,10.4
2024-02-06,DEN,3.2,-2.7,11.7,0.0,7.9
2024-02-07,DEN,6.9,-1.6,13.3,0.0,19.8
2024-02-08,DEN,5.2,-3.8,11.1,1.0,17.3
2024-02-09,DEN,0.6,-3.8,6.7,1.5,13.7
2024-02-10,DEN,-0.8,-4.9,0.0,4.3,19.8
2024-02-11,DEN,-3.9,-9.3,1.1,0.0,11.2
2024-02-12,DEN,0.1,-4.9,11.1,0.0,13.0
2024-02-13,DEN,4.1,-4.9,11.7,0.0,17.6
2024-02-14,DEN,3.6,-4.3,12.2,0.0,17.6
2024-02-15,DEN,-0.1,-6.0,7.8,0.0,12.2
2024-02-16,DEN,-2.3,-9.3,-2.1,3.6,18.7
2024-02-17,DEN,-7.4,-13.8,0.0,0.5,10.8
2024-02-18,DEN,-0.1,-4.9,10.6,0.0,15.1
2024-02-19,DEN,6.7,-0.5,13.3,0.0,17.6
2024-02-20,DEN,8.5,0.0,18.9,0.0,14.8
2024-02-21,DEN,8.5,-2.1,18.3,0.0,16.2
2024-02-22,DEN,3.0,-1.0,6.1,4.3,10.1
2024-02-23,DEN,3.5,-4.3,10.6,0.0,12.2
2024-02-24,DEN,5.2,-4.3,17.2,0.0,23.0
2024-02-25,DEN,10.9,1.1,18.3,0.0,22.3
2024-02-26,DEN,12.2,5.6,18.3,0.0,33.8
2024-02-27,DEN,4.2,-8.8,7.2,2.5,16.6
2024-02-28,DEN,-2.1,-11.0,12.8,0.0,13.3
2024-02-29,DEN,6.0,-3.8,17.8,0.0,12.6
2024-03-01,DEN,10.4,0.6,18.9,0.0,16.9
2024-03-02,DEN,10.4,-1.6,20.6,0.0,22.3
2024-03-03,DEN,8.1,-5.5,11.7,0.8,17.3
2024-03-04,DEN,0.6,-7.1,10.0,0.0,19.8
2024-03-05,DEN,0.9,-9.3,10.0,0.0,18.7
2024-03-06,DEN,5.6,-3.8,16.1,0.0,13.0
2024-03-07,DEN,3.8,-3.2,6.1,0.3,13.7
2024-03-08,DEN,-2.6,-4.9,0.0,0.8,12.2
2024-03-09,DEN,0.2,-5.5,12.2,0.0,13.3
2024-03-10,DEN,7.5,-2.1,18.9,0.0,12.6
2024-03-11,DEN,9.0,0.6,16.7,0.0,13.7
2024-03-12,DEN,8.2,-2.7,16.7,0.0,12.2
2024-03-13,DEN,8.3,2.2,12.2,20.3,17.6
2024-03-14,DEN,1.8,-0.5,2.8,16.8,22.3
2024-03-15,DEN,1.1,-1.0,7.2,0.0,18.4
2024-03-16,DEN,3.6,-1.0,10.0,0.0,15.1
2024-03-17,DEN,5.2,1.1,8.3,0.0,11.5
2024-03-18,DEN,5.4,-4.3,15.0,0.0,11.9
2024-03-19,DEN,8.6,1.7,17.2,0.0,11.2
2024-03-20,DEN,8.4,0.6,15.6,0.0,12.2
2024-03-21,DEN,9.4,0.0,19.4,0.0,14.4
2024-03-22,DEN,9.6,0.0,18.3,0.0,16.9
2024-03-23,DEN,9.6,1.1,20.0,0.0,15.1
2024-03-24,DEN,5.8,-6.6,14.4,2.8,22.0
2024-03-25,DEN,-4.4,-9.3,-2.7,0.3,17.3
2024-03-26,DEN,-3.4,-12.1,6.7,0.0,8.6
2024-03-27,DEN,3.3,-2.7,12.8,0.0,13.3
2024-03-28,DEN,7.4,-1.0,19.4,0.0,12.2
2024-03-29,DEN,7.1,0.6,11.7,0.0,15.8
2024-03-30,DEN,7.6,1.1,18.9,0.0,16.2
2024-03-31,DEN,8.3,-0.5,17.2,0.0,16.6
2024-04-01,DEN,6.4,0.0,11.1,8.9,14.8
2024-04-02,DEN,5.3,-0.5,16.1,0.0,17.6
2024-04-03,DEN,11.7,2.8,21.7,0.0,14.8
2024-04-04,DEN,13.7,4.4,23.9,0.0,20.2
2024-04-05,DEN,15.0,7.8,23.9,0.0,25.6
2024-04-06,DEN,10.6,2.2,12.8,0.8,28.1
2024-04-07,DEN,7.1,2.8,14.4,0.0,26.3
2024-04-08,DEN,6.6,-4.3,13.3,0.0,11.2
2024-04-09,DEN,6.3,-3.8,17.2,0.0,10.1
2024-04-10,DEN,9.2,2.2,15.0,0.0,15.1
2024-04-11,DEN,7.1,-0.5,16.1,0.0,12.6
2024-04-12,DEN,12.8,2.2,25.0,0.0,18.0
2024-04-13,DEN,17.9,7.8,25.6,0.0,15.1
2024-04-14,DEN,17.1,7.2,26.7,0.0,22.7
2024-04-15,DEN,16.7,3.9,25.0,0.0,25.6
2024-04-16,DEN,12.3,5.6,19.4,9.7,25.2
2024-04-17,DEN,14.6,2.2,22.8,0.0,18.7
2024-04-18,DEN,2.9,-0.5,2.2,0.3,16.9
2024-04-19,DEN,2.0,-1.0,5.0,8.9,14.8
2024-04-20,DEN,-0.2,-1.0,2.2,7.1,13.7
2024-04-21,DEN,3.7,-0.5,17.8,0.0,15.5
2024-04-22,DEN,15.1,8.3,24.4,0.0,20.2
2024-04-23,DEN,12.7,5.0,17.2,0.0,16.2
2024-04-24,DEN,14.4,5.6,25.6,0.0,15.1
2024-04-25,DEN,14.5,8.3,22.2,3.6,15.8
2024-04-26,DEN,12.9,7.8,19.4,6.1,16.6
2024-04-27,DEN,6.2,1.1,7.8,38.1,13.7
2024-04-28,DEN,6.3,2.2,16.7,0.0,9.7
2024-04-29,DEN,10.7,2.2,20.0,0.0,10.8
2024-04-30,DEN,13.2,6.1,21.1,0.0,18.4
2024-05-01,DEN,12.5,3.9,21.7,0.0,24.8
2024-05-02,DEN,8.6,-1.0,16.1,0.0,17.6
2024-05-03,DEN,12.9,1.7,23.9,0.0,28.1
2024-05-04,DEN,7.5,-0.5,17.8,0.0,21.6
2024-05-05,DEN,13.8,4.4,24.4,0.0,30.2
2024-05-06,DEN,15.4,7.8,17.8,0.0,37.8
2024-05-07,DEN,10.4,5.6,14.4,0.0,38.5
2024-05-08,DEN,8.9,3.3,15.6,0.0,20.5
2024-05-09,DEN,8.7,4.4,12.8,0.0,15.8
2024-05-10,DEN,9.0,3.3,14.4,0.0,7.9
2024-05-11,DEN,10.1,2.8,20.0,0.0,12.2
2024-05-12,DEN,11.2,8.3,16.7,16.8,14.0
2024-05-13,DEN,13.7,6.7,22.2,0.0,12.2
2024-05-14,DEN,17.1,10.0,25.6,0.0,15.5
2024-05-15,DEN,14.0,7.8,19.4,1.5,12.2
2024-05-16,DEN,14.7,8.3,23.3,0.0,10.8
2024-05-17,DEN,18.8,12.2,27.8,0.0,17.3
2024-05-18,DEN,18.2,11.1,23.3,0.0,24.8
2024-05-19,DEN,18.8,8.3,27.2,0.0,16.2
2024-05-20,DEN,13.7,5.6,21.1,14.2,18.4
2024-05-21,DEN,10.1,5.6,16.1,4.8,15.5
2024-05-22,DEN,11.1,2.2,22.2,0.0,19.8
2024-05-23,DEN,16.9,6.7,26.7,0.0,24.1
2024-05-24,DEN,12.2,1.1,21.1,0.0,17.6
2024-05-25,DEN,16.3,7.2,22.8,0.0,14.8
2024-05-26,DEN,15.9,10.6,22.2,0.0,22.0
2024-05-27,DEN,17.4,7.8,25.0,0.0,11.2
2024-05-28,DEN,17.4,8.9,26.1,0.0,14.8
2024-05-29,DEN,19.7,10.0,28.3,0.0,18.7
2024-05-30,DEN,18.7,9.4,25.6,5.8,19.1
2024-05-31,DEN,14.8,8.9,23.3,0.0,12.2
2024-06-01,DEN,19.4,10.6,29.4,0.0,15.1
2024-06-02,DEN,20.7,11.7,30.6,0.0,15.5
2024-06-03,DEN,20.6,10.0,31.1,0.0,16.2
2024-06-04,DEN,23.7,15.6,28.3,0.0,18.0
2024-06-05,DEN,23.3,10.6,32.8,0.0,19.8
2024-06-06,DEN,23.2,11.1,31.7,0.0,14.0
2024-06-07,DEN,25.6,15.0,35.0,0.0,23.0
2024-06-08,DEN,22.8,11.1,31.1,0.0,15.5
2024-06-09,DEN,18.8,12.2,30.6,4.1,19.1
2024-06-10,DEN,19.8,12.8,29.4,0.0,14.0
2024-06-11,DEN,21.2,13.3,31.1,0.0,15.8
2024-06-12,DEN,26.0,15.6,36.1,0.0,16.9
2024-06-13,DEN,26.4,16.7,36.1,0.0,22.3
2024-06-14,DEN,22.7,14.4,28.3,0.0,12.6
2024-06-15,DEN,23.4,14.4,33.9,0.0,14.0
2024-06-16,DEN,23.6,15.0,32.2,0.0,21.2
2024-06-17,DEN,22.2,11.7,37.2,0.0,14.4
2024-06-18,DEN,20.8,11.7,22.8,0.0,21.6
2024-06-19,DEN,17.0,10.0,23.3,0.0,24.5
2024-06-20,DEN,22.1,15.0,33.3,1.3,20.5
2024-06-21,DEN,20.8,16.1,29.4,0.0,12.6
2024-06-22,DEN,23.4,10.6,33.9,0.0,15.1
2024-06-23,DEN,26.4,18.3,36.7,0.0,13.7
2024-06-24,DEN,28.4,18.9,36.7,0.0,18.4
2024-06-25,DEN,27.6,20.0,37.8,0.0,15.5
2024-06-26,DEN,26.1,16.7,35.0,0.5,14.0
2024-06-27,DEN,23.4,16.1,34.4,0.0,20.9
2024-06-28,DEN,26.7,15.6,35.6,0.0,22.3
2024-06-29,DEN,21.9,15.6,30.6,3.3,17.3
2024-06-30,DEN,23.7,18.3,33.3,0.0,20.9
2024-07-01,DEN,25.0,18.9,31.7,0.0,17.6
2024-07-02,DEN,22.5,14.4,31.1,1.8,12.2
2024-07-03,DEN,24.2,14.4,33.9,0.0,21.6
2024-07-04,DEN,21.3,11.7,28.3,0.0,10.8
2024-07-05,DEN,20.1,11.1,27.2,0.0,16.6
2024-07-06,DEN,23.3,17.8,32.8,0.0,22.0
2024-07-07,DEN,20.6,11.7,25.6,3.6,18.0
2024-07-08,DEN,17.9,11.7,28.3,0.0,11.9
2024-07-09,DEN,22.6,12.2,32.2,0.0,14.8
2024-07-10,DEN,24.5,16.1,33.9,0.0,14.0
2024-07-11,DEN,26.6,15.6,36.7,0.0,12.6
2024-07-12,DEN,28.7,16.7,38.9,0.0,16.9
2024-07-13,DEN,28.1,17.8,37.2,0.0,12.2
2024-07-14,DEN,29.9,21.1,38.3,0.0,19.1
2024-07-15,DEN,27.6,17.2,36.7,5.1,18.4
2024-07-16,DEN,22.4,13.9,32.2,0.3,15.1
2024-07-17,DEN,22.6,14.4,31.7,0.0,16.9
2024-07-18,DEN,21.3,12.8,33.3,0.0,15.5
2024-07-19,DEN,25.3,16.1,33.9,0.0,16.6
2024-07-20,DEN,22.2,13.9,30.6,11.9,16.2
2024-07-21,DEN,20.2,13.9,26.1,5.1,14.8
2024-07-22,DEN,19.6,13.9,28.9,0.0,13.3
2024-07-23,DEN,22.5,15.0,31.7,0.0,13.7
2024-07-24,DEN,25.1,15.0,35.0,0.0,14.8
2024-07-25,DEN,28.0,18.3,36.1,0.0,26.3
2024-07-26,DEN,26.6,18.3,33.9,0.0,15.5
2024-07-27,DEN,24.5,14.4,35.0,0.0,15.1
2024-07-28,DEN,24.7,15.6,35.6,0.3,15.5
2024-07-29,DEN,26.4,14.4,37.2,0.0,13.0
2024-07-30,DEN,28.5,18.9,37.8,0.0,12.2
2024-07-31,DEN,27.9,18.9,36.1,0.0,12.6
2024-08-01,DEN,26.6,16.1,37.2,0.0,16.9
2024-08-02,DEN,28.8,17.2,38.3,0.0,16.6
2024-08-03,DEN,26.7,19.4,35.6,0.0,15.8
2024-08-04,DEN,28.1,19.4,38.9,0.0,19.8
2024-08-05,DEN,28.6,18.9,34.4,5.3,22.3
2024-08-06,DEN,23.9,17.2,35.0,0.0,19.1
2024-08-07,DEN,25.1,16.7,33.9,0.0,15.8
2024-08-08,DEN,17.9,13.9,20.0,0.8,18.7
2024-08-09,DEN,16.5,13.9,21.1,0.0,13.0
2024-08-10,DEN,17.7,11.1,28.9,0.0,15.5
2024-08-11,DEN,20.9,13.3,32.8,0.0,18.4
2024-08-12,DEN,22.5,16.1,31.7,2.3,15.8
2024-08-13,DEN,21.9,16.1,31.1,6.4,11.9
2024-08-14,DEN,21.1,14.4,31.7,0.0,13.0
2024-08-15,DEN,21.9,15.0,30.6,0.0,10.4
2024-08-16,DEN,22.6,13.9,33.9,0.0,11.5
2024-08-17,DEN,27.6,19.4,36.7,0.0,14.8
2024-08-18,DEN,27.0,16.7,35.0,0.0,14.4
2024-08-19,DEN,25.9,17.2,32.8,6.1,15.1
2024-08-20,DEN,23.6,16.7,35.0,0.0,15.8
2024-08-21,DEN,26.6,19.4,35.6,0.0,15.8
2024-08-22,DEN,25.3,17.8,31.7,1.3,16.9
2024-08-23,DEN,21.4,14.4,32.2,0.5,14.0
2024-08-24,DEN,24.6,16.1,33.3,0.0,16.6
2024-08-25,DEN,25.4,17.2,34.4,0.0,19.8
2024-08-26,DEN,22.6,14.4,31.1,0.5,14.0
2024-08-27,DEN,22.1,13.3,30.0,0.0,14.8
2024-08-28,DEN,24.2,16.1,33.3,0.3,14.8
2024-08-29,DEN,24.2,15.6,30.0,0.0,17.3
2024-08-30,DEN,21.1,10.0,30.6,0.0,16.6
2024-08-31,DEN,23.4,15.0,32.8,0.0,13.7
2024-09-01,DEN,22.6,13.3,31.1,0.0,18.4
2024-09-02,DEN,23.3,15.6,33.9,0.0,16.9
2024-09-03,DEN,24.8,16.1,34.4,0.0,15.1
2024-09-04,DEN,24.0,13.9,29.4,1.8,19.1
2024-09-05,DEN,16.7,12.8,23.3,5.8,13.0
2024-09-06,DEN,18.8,12.2,28.3,0.0,13.7
2024-09-07,DEN,21.1,13.3,31.7,0.0,11.5
2024-09-08,DEN,22.6,13.9,32.2,0.0,14.4
2024-09-09,DEN,24.2,15.6,33.3,0.0,14.4
2024-09-10,DEN,24.1,15.6,32.2,0.0,16.2
2024-09-11,DEN,23.0,13.9,30.0,0.0,15.8
2024-09-12,DEN,22.3,12.8,33.9,0.0,26.6
2024-09-13,DEN,21.6,12.8,28.3,0.0,11.5
2024-09-14,DEN,20.8,11.1,31.1,0.0,13.7
2024-09-15,DEN,21.7,13.9,32.2,0.0,11.9
2024-09-16,DEN,20.1,8.9,28.9,0.0,19.8
2024-09-17,DEN,22.6,13.3,30.6,0.0,22.3
2024-09-18,DEN,18.3,8.3,29.4,0.0,10.8
2024-09-19,DEN,19.2,6.7,28.9,0.0,16.9
2024-09-20,DEN,21.9,15.0,31.1,0.0,13.7
2024-09-21,DEN,18.6,9.4,21.1,3.0,14.8
2024-09-22,DEN,10.9,7.2,16.1,20.8,12.2
2024-09-23,DEN,15.1,8.3,26.7,0.0,13.3
2024-09-24,DEN,18.1,10.6,25.6,0.0,11.2
2024-09-25,DEN,19.4,11.7,30.0,0.0,15.8
2024-09-26,DEN,22.7,15.0,33.9,0.0,12.6
2024-09-27,DEN,22.6,15.6,29.4,0.0,13.7
2024-09-28,DEN,21.9,13.9,31.7,0.0,19.1
2024-09-29,DEN,23.0,16.1,33.3,0.0,19.1
2024-09-30,DEN,22.6,8.3,29.4,0.0,19.1
2024-10-01,DEN,13.4,3.9,24.4,0.0,12.6
2024-10-02,DEN,20.0,11.1,31.7,0.0,12.6
2024-10-03,DEN,17.7,7.2,21.1,0.0,18.0
2024-10-04,DEN,14.4,6.1,30.6,0.0,14.8
2024-10-05,DEN,22.1,8.3,30.6,0.0,20.9
2024-10-06,DEN,15.7,6.7,25.6,0.0,14.0
2024-10-07,DEN,18.4,11.1,27.8,0.0,14.8
2024-10-08,DEN,18.2,11.1,28.3,0.0,14.8
2024-10-09,DEN,18.4,11.1,28.3,0.0,13.7
2024-10-10,DEN,20.4,10.6,29.4,0.0,13.7
2024-10-11,DEN,17.2,10.0,22.8,0.0,11.9
2024-10-12,DEN,17.5,10.6,27.2,0.0,15.1
2024-10-13,DEN,15.2,7.2,21.7,0.0,12.6
2024-10-14,DEN,15.4,6.1,28.3,0.0,10.4
2024-10-15,DEN,17.6,7.8,24.4,0.0,17.6
2024-10-16,DEN,14.8,5.0,27.8,0.0,13.7
2024-10-17,DEN,18.2,11.7,23.9,0.0,27.7
2024-10-18,DEN,11.7,5.0,13.9,2.3,16.9
2024-10-19,DEN,8.4,5.0,18.9,0.0,13.0
2024-10-20,DEN,12.1,5.0,25.6,0.0,16.9
2024-10-21,DEN,13.8,7.2,20.0,0.5,22.3
2024-10-22,DEN,15.1,8.9,24.4,0.0,12.2
2024-10-23,DEN,14.8,5.6,25.0,0.0,16.9
2024-10-24,DEN,15.2,3.9,23.3,0.0,20.9
2024-10-25,DEN,9.3,0.0,18.9,0.0,13.7
2024-10-26,DEN,11.7,1.7,25.0,0.0,11.9
2024-10-27,DEN,14.9,3.3,26.1,0.0,14.4
2024-10-28,DEN,18.2,8.3,27.8,0.0,16.9
2024-10-29,DEN,12.4,-0.5,16.1,0.0,15.8
2024-10-30,DEN,4.1,-1.6,7.2,0.0,12.2
2024-10-31,DEN,4.6,-4.3,16.1,0.0,14.0
2024-11-01,DEN,6.6,-2.1,16.7,0.0,19.1
2024-11-02,DEN,7.3,-0.5,19.4,0.0,14.4
2024-11-03,DEN,8.8,2.2,14.4,0.8,17.3
2024-11-04,DEN,4.2,-2.7,7.8,0.3,15.5
2024-11-05,DEN,4.2,-2.1,12.8,2.8,17.3
2024-11-06,DEN,-1.2,-3.8,-1.0,7.1,17.3
2024-11-07,DEN,-2.7,-4.9,1.1,5.6,9.7
2024-11-08,DEN,-0.4,-1.0,0.6,21.6,16.9
2024-11-09,DEN,0.9,0.0,5.6,7.6,19.8
2024-11-10,DEN,4.8,1.7,8.9,0.0,22.3
2024-11-11,DEN,4.9,1.1,7.8,0.0,13.7
2024-11-12,DEN,3.6,-3.8,9.4,0.3,12.2
2024-11-13,DEN,2.9,-1.6,4.4,0.0,12.2
2024-11-14,DEN,3.3,-3.2,11.7,0.0,13.0
2024-11-15,DEN,4.2,-2.1,12.8,0.0,15.8
2024-11-16,DEN,6.4,-0.5,10.0,0.0,13.7
2024-11-17,DEN,3.4,-3.2,12.2,0.0,16.6
2024-11-18,DEN,3.9,-2.7,15.0,0.0,19.4
2024-11-19,DEN,2.1,-5.5,4.4,0.0,23.0
2024-11-20,DEN,0.3,-9.3,10.0,0.0,13.0
2024-11-21,DEN,3.1,-3.8,10.6,0.0,9.4
2024-11-22,DEN,8.1,0.0,15.6,0.0,13.3
2024-11-23,DEN,10.6,3.3,21.7,0.0,14.8
2024-11-24,DEN,8.9,-0.5,18.3,0.0,16.2
2024-11-25,DEN,1.8,-4.9,8.9,0.0,13.7
2024-11-26,DEN,3.3,-2.7,12.8,0.8,11.5
2024-11-27,DEN,1.9,-8.2,2.8,3.6,16.2
2024-11-28,DEN,-3.9,-10.5,1.1,0.0,15.5
2024-11-29,DEN,-2.0,-8.2,9.4,0.0,13.3
2024-11-30,DEN,2.7,-7.7,10.6,0.0,13.3
2024-12-01,DEN,2.8,-6.0,10.6,0.0,9.4
2024-12-02,DEN,1.6,-4.9,11.7,0.0,13.0
2024-12-03,DEN,7.2,-1.0,18.3,0.0,15.1
2024-12-04,DEN,6.4,-1.6,14.4,0.0,10.8
2024-12-05,DEN,2.9,-3.2,9.4,0.0,9.0
2024-12-06,DEN,5.3,-2.1,15.0,0.0,15.5
2024-12-07,DEN,5.5,-0.5,16.7,0.0,14.4
2024-12-08,DEN,7.1,-1.6,14.4,0.0,18.7
2024-12-09,DEN,-0.6,-6.6,1.7,0.0,14.0
2024-12-10,DEN,-3.6,-11.6,3.3,0.0,16.9
2024-12-11,DEN,2.6,-5.5,12.2,0.0,15.8
2024-12-12,DEN,3.1,-6.0,12.2,0.0,13.3
2024-12-13,DEN,2.3,-4.3,10.6,0.0,19.1
2024-12-14,DEN,5.2,-2.1,15.6,0.0,17.6
2024-12-15,DEN,6.2,-3.2,12.8,0.0,22.0
2024-12-16,DEN,1.5,-7.7,9.4,0.0,16.2
2024-12-17,DEN,2.4,-4.3,11.7,0.0,15.1
2024-12-18,DEN,1.3,-7.7,12.8,0.0,17.6
2024-12-19,DEN,8.8,-4.9,15.6,0.0,15.5
2024-12-20,DEN,3.8,-4.9,20.0,0.0,12.6
2024-12-21,DEN,8.3,-1.0,18.9,0.0,13.7
2024-12-22,DEN,10.1,6.1,18.3,0.0,11.5
2024-12-23,DEN,7.1,2.2,11.1,0.0,9.4
2024-12-24,DEN,5.5,-0.5,11.7,0.0,15.8
2024-12-25,DEN,3.0,-1.6,8.9,0.0,12.2
2024-12-26,DEN,2.4,-5.5,9.4,0.0,13.0
2024-12-27,DEN,4.4,-0.5,9.4,0.0,18.4
2024-12-28,DEN,3.1,-4.3,10.6,0.0,14.0
2024-12-29,DEN,5.4,-2.7,16.1,0.0,17.6
2024-12-30,DEN,6.2,-7.7,9.4,0.0,26.3
2024-12-31,DEN,-3.4,-11.0,2.2,1.0,13.3
2025-01-01,DEN,-4.4,-11.6,5.0,0.0,15.1
2025-01-02,DEN,0.1,-7.7,10.0,0.0,11.5
2025-01-03,DEN,-1.6,-7.7,10.0,0.0,7.2
2025-01-04,DEN,-4.6,-9.3,-4.3,0.5,10.1
2025-01-05,DEN,-7.7,-11.6,-2.7,0.0,7.6
2025-01-06,DEN,-4.4,-8.8,2.8,0.3,15.5
2025-01-07,DEN,-4.7,-11.0,-3.8,4.6,14.0
2025-01-08,DEN,-6.5,-14.3,4.4,0.0,15.8
2025-01-09,DEN,-3.4,-9.3,-0.5,0.0,30.6
2025-01-10,DEN,-5.1,-9.9,5.0,0.0,19.4
2025-01-11,DEN,2.8,-4.9,7.2,0.0,17.3
2025-01-12,DEN,-1.8,-7.1,3.9,0.0,10.8
2025-01-13,DEN,-3.7,-9.9,2.8,0.0,16.2
2025-01-14,DEN,-4.1,-12.7,3.9,0.0,14.4
2025-01-15,DEN,-1.0,-6.6,9.4,0.0,15.5
2025-01-16,DEN,2.6,-4.3,16.1,0.0,11.9
2025-01-17,DEN,4.6,-8.2,10.6,0.8,24.5
2025-01-18,DEN,-8.9,-23.2,-8.2,1.0,16.2
2025-01-19,DEN,-16.2,-23.8,-7.1,0.5,15.1
2025-01-20,DEN,-15.3,-25.5,-12.1,0.8,14.8
2025-01-21,DEN,-10.7,-18.8,5.6,0.0,26.3
2025-01-22,DEN,-2.4,-8.8,-0.5,0.0,22.7
2025-01-23,DEN,-6.3,-11.0,-1.6,0.0,11.2
2025-01-24,DEN,-0.8,-4.9,10.6,0.0,15.8
2025-01-25,DEN,-4.8,-8.8,-2.7,4.1,15.5
2025-01-26,DEN,-8.1,-12.1,-4.9,0.0,12.2
2025-01-27,DEN,-3.9,-12.1,10.6,0.0,12.2
2025-01-28,DEN,0.2,-7.1,9.4,0.0,12.2
2025-01-29,DEN,1.6,-4.3,9.4,0.0,11.5
2025-01-30,DEN,2.6,-2.1,8.9,0.8,13.7
2025-01-31,DEN,3.9,-3.2,14.4,0.0,22.3
2025-02-01,DEN,7.9,0.0,13.3,0.0,12.2
2025-02-02,DEN,7.3,0.6,19.4,0.0,14.4
2025-02-03,DEN,12.1,-6.6,20.0,0.0,18.4
2025-02-04,DEN,-4.3,-6.6,2.2,0.0,7.2
2025-02-05,DEN,2.3,-8.8,18.3,0.0,23.0
2025-02-06,DEN,5.4,-3.8,9.4,0.0,21.6
2025-02-07,DEN,3.4,-5.5,17.2,0.0,14.4
2025-02-08,DEN,0.8,-7.1,5.6,0.0,22.7
2025-02-09,DEN,-1.3,-7.7,3.9,0.0,15.8
2025-02-10,DEN,-4.3,-12.7,1.7,0.0,20.5
2025-02-11,DEN,-11.2,-14.9,-9.3,0.5,17.6
2025-02-12,DEN,-14.4,-19.9,-12.1,0.5,11.2
2025-02-13,DEN,-10.2,-19.3,8.3,0.0,12.2
2025-02-14,DEN,0.1,-6.6,14.4,0.3,13.0
2025-02-15,DEN,-1.2,-16.6,0.6,2.8,14.8
2025-02-16,DEN,-9.2,-16.6,2.8,0.0,15.1
2025-02-17,DEN,-5.3,-14.9,-2.1,0.3,14.0
2025-02-18,DEN,-12.4,-18.8,-11.0,0.5,13.0
2025-02-19,DEN,-15.4,-21.6,-6.0,0.0,10.4
2025-02-20,DEN,-10.6,-15.5,-3.2,0.0,8.6
2025-02-21,DEN,-2.8,-6.0,5.0,0.8,11.9
2025-02-22,DEN,1.9,-6.0,15.0,0.0,14.4
2025-02-23,DEN,8.3,1.1,19.4,0.0,19.1
2025-02-24,DEN,12.7,1.7,19.4,0.0,14.8
2025-02-25,DEN,12.2,3.9,21.1,0.0,28.1
2025-02-26,DEN,5.2,-4.9,10.0,0.0,13.0
2025-02-27,DEN,4.8,-4.3,17.8,0.0,16.2
2025-02-28,DEN,10.0,-2.7,17.8,0.0,18.7
2025-03-01,DEN,6.8,-1.0,17.8,0.0,16.2
2025-03-02,DEN,7.3,-1.0,19.4,0.0,10.8
2025-03-03,DEN,10.3,1.7,18.3,4.1,25.9
2025-03-04,DEN,4.4,-6.0,8.3,0.0,35.3
2025-03-05,DEN,0.2,-8.2,11.1,0.0,17.6
2025-03-06,DEN,4.9,-1.6,12.2,0.0,15.1
2025-03-07,DEN,0.2,-4.3,0.6,0.0,15.1
2025-03-08,DEN,0.5,-4.9,11.1,0.0,14.0
2025-03-09,DEN,6.7,-2.7,20.0,0.0,16.9
2025-03-10,DEN,12.1,1.7,22.2,0.0,15.5
2025-03-11,DEN,11.3,-0.5,20.6,0.0,13.3
2025-03-12,DEN,11.3,0.0,18.9,0.0,12.2
2025-03-13,DEN,10.3,1.7,19.4,0.0,13.7
2025-03-14,DEN,7.8,-3.2,12.2,1.5,24.1
2025-03-15,DEN,1.1,-7.1,7.2,0.0,9.4
2025-03-16,DEN,5.0,-1.0,17.8,0.0,19.8
2025-03-17,DEN,13.6,0.6,23.3,0.0,25.9
2025-03-18,DEN,13.3,-2.7,18.3,0.8,35.3
2025-03-19,DEN,0.2,-5.5,6.1,0.0,27.4
2025-03-20,DEN,3.0,-3.2,15.0,0.0,23.4
2025-03-21,DEN,7.1,-1.6,13.3,0.0,14.8
2025-03-22,DEN,8.2,-2.1,17.2,0.0,25.2
2025-03-23,DEN,6.2,-4.3,16.7,0.0,11.9
2025-03-24,DEN,12.6,3.9,21.1,0.0,28.8
2025-03-25,DEN,13.7,4.4,21.1,0.0,11.2
2025-03-26,DEN,12.2,3.3,23.9,0.0,13.7
2025-03-27,DEN,15.7,7.8,24.4,0.0,18.0
2025-03-28,DEN,16.5,7.8,25.0,1.3,19.1
2025-03-29,DEN,11.3,0.0,15.0,24.4,16.9
2025-03-30,DEN,3.6,0.6,10.0,0.0,13.0
2025-03-31,DEN,6.2,-0.5,16.7,0.0,14.4
2025-04-01,DEN,6.7,-1.6,11.1,2.0,16.9
2025-04-02,DEN,3.3,-2.1,10.6,0.0,16.9
2025-04-03,DEN,1.7,-2.7,4.4,3.3,11.5
2025-04-04,DEN,0.2,-2.7,3.3,0.0,18.7
2025-04-05,DEN,-1.1,-3.2,5.6,0.0,8.3
2025-04-06,DEN,3.9,-2.7,15.0,0.0,14.8
2025-04-07,DEN,9.8,0.6,20.0,0.0,11.9
2025-04-08,DEN,13.2,6.7,23.3,0.0,15.5
2025-04-09,DEN,14.6,4.4,22.8,0.0,24.1
2025-04-10,DEN,12.4,0.6,20.6,0.0,10.8
2025-04-11,DEN,14.4,5.0,26.7,0.0,16.6
2025-04-12,DEN,19.3,11.1,30.0,0.0,19.4
2025-04-13,DEN,16.4,2.2,20.0,0.8,22.0
2025-04-14,DEN,5.9,-0.5,13.9,1.3,9.4
2025-04-15,DEN,8.4,-2.1,22.2,0.0,12.2
2025-04-16,DEN,16.5,8.9,26.1,0.0,14.8
2025-04-17,DEN,15.7,-0.5,25.0,0.0,29.2
2025-04-18,DEN,0.8,-1.6,2.2,3.8,16.6
2025-04-19,DEN,0.5,-5.5,8.9,0.0,12.6
2025-04-20,DEN,6.2,-3.8,17.2,0.0,15.8
2025-04-21,DEN,13.6,4.4,23.3,0.0,23.0
2025-04-22,DEN,13.3,1.1,23.3,0.0,15.5
